<?xml version="1.0" encoding="UTF-8"?>
<TrainingCenterDatabase xsi:schemaLocation="http://www.garmin.com/xmlschemas/TrainingCenterDatabase/v2 http://www.garmin.com/xmlschemas/TrainingCenterDatabasev2.xsd" xmlns:ns5="http://www.garmin.com/xmlschemas/ActivityGoals/v1" xmlns:ns3="http://www.garmin.com/xmlschemas/ActivityExtension/v2" xmlns:ns2="http://www.garmin.com/xmlschemas/UserProfile/v2" xmlns="http://www.garmin.com/xmlschemas/TrainingCenterDatabase/v2" xmlns:xsi="http://www.w3.org/2001/XMLSchema-instance">
<Activities>
<Activity Sport="Biking">
<Id>2024-07-18T23:16:44Z</Id>
<Lap StartTime="2024-07-18T23:16:44Z">
<TotalTimeSeconds>252</TotalTimeSeconds><DistanceMeters>1050.95</DistanceMeters><Track>
<Trackpoint><Time>2024-07-18T23:16:44Z</Time><Position><LatitudeDegrees>30.52084267</LatitudeDegrees><LongitudeDegrees>104.04838433</LongitudeDegrees></Position><AltitudeMeters>438</AltitudeMeters><HeartRateBpm><Value>0</Value></HeartRateBpm></Trackpoint>
<Trackpoint><Time>2024-07-18T23:16:45Z</Time><Position><LatitudeDegrees>30.52084399</LatitudeDegrees><LongitudeDegrees>104.04838666</LongitudeDegrees></Position><AltitudeMeters>438</AltitudeMeters><HeartRateBpm><Value>0</Value></HeartRateBpm></Trackpoint>
<Trackpoint><Time>2024-07-18T23:16:46Z</Time><Position><LatitudeDegrees>30.52084698</LatitudeDegrees><LongitudeDegrees>104.04839265</LongitudeDegrees></Position><AltitudeMeters>438</AltitudeMeters><HeartRateBpm><Value>0</Value></HeartRateBpm></Trackpoint>
<Trackpoint><Time>2024-07-18T23:16:47Z</Time><Position><LatitudeDegrees>30.5208503</LatitudeDegrees><LongitudeDegrees>104.04840031</LongitudeDegrees></Position><AltitudeMeters>438</AltitudeMeters><HeartRateBpm><Value>85</Value></HeartRateBpm></Trackpoint>
<Trackpoint><Time>2024-07-18T23:16:48Z</Time><Position><LatitudeDegrees>30.5208523</LatitudeDegrees><LongitudeDegrees>104.04840964</LongitudeDegrees></Position><AltitudeMeters>438</AltitudeMeters><HeartRateBpm><Value>85</Value></HeartRateBpm></Trackpoint>
<Trackpoint><Time>2024-07-18T23:16:49Z</Time><Position><LatitudeDegrees>30.52085296</LatitudeDegrees><LongitudeDegrees>104.04842163</LongitudeDegrees></Position><AltitudeMeters>438</AltitudeMeters><HeartRateBpm><Value>85</Value></HeartRateBpm></Trackpoint>
<Trackpoint><Time>2024-07-18T23:16:50Z</Time><Position><LatitudeDegrees>30.5208523</LatitudeDegrees><LongitudeDegrees>104.04843796</LongitudeDegrees></Position><AltitudeMeters>438</AltitudeMeters><HeartRateBpm><Value>85</Value></HeartRateBpm></Trackpoint>
<Trackpoint><Time>2024-07-18T23:16:51Z</Time><Position><LatitudeDegrees>30.52085065</LatitudeDegrees><LongitudeDegrees>104.04845828</LongitudeDegrees></Position><AltitudeMeters>438</AltitudeMeters><HeartRateBpm><Value>85</Value></HeartRateBpm></Trackpoint>
<Trackpoint><Time>2024-07-18T23:16:52Z</Time><Position><LatitudeDegrees>30.52084931</LatitudeDegrees><LongitudeDegrees>104.04848227</LongitudeDegrees></Position><AltitudeMeters>438</AltitudeMeters><HeartRateBpm><Value>84</Value></HeartRateBpm></Trackpoint>
<Trackpoint><Time>2024-07-18T23:16:53Z</Time><Position><LatitudeDegrees>30.52084799</LatitudeDegrees><LongitudeDegrees>104.04850526</LongitudeDegrees></Position><AltitudeMeters>438</AltitudeMeters><HeartRateBpm><Value>84</Value></HeartRateBpm></Trackpoint>
<Trackpoint><Time>2024-07-18T23:16:54Z</Time><Position><LatitudeDegrees>30.52084599</LatitudeDegrees><LongitudeDegrees>104.04852626</LongitudeDegrees></Position><AltitudeMeters>438</AltitudeMeters><HeartRateBpm><Value>84</Value></HeartRateBpm></Trackpoint>
<Trackpoint><Time>2024-07-18T23:16:55Z</Time><Position><LatitudeDegrees>30.520841</LatitudeDegrees><LongitudeDegrees>104.04854826</LongitudeDegrees></Position><AltitudeMeters>438</AltitudeMeters><HeartRateBpm><Value>84</Value></HeartRateBpm></Trackpoint>
<Trackpoint><Time>2024-07-18T23:16:56Z</Time><Position><LatitudeDegrees>30.52083668</LatitudeDegrees><LongitudeDegrees>104.04857359</LongitudeDegrees></Position><AltitudeMeters>438</AltitudeMeters><HeartRateBpm><Value>84</Value></HeartRateBpm></Trackpoint>
<Trackpoint><Time>2024-07-18T23:16:57Z</Time><Position><LatitudeDegrees>30.52083833</LatitudeDegrees><LongitudeDegrees>104.04860159</LongitudeDegrees></Position><AltitudeMeters>438</AltitudeMeters><HeartRateBpm><Value>84</Value></HeartRateBpm></Trackpoint>
<Trackpoint><Time>2024-07-18T23:16:58Z</Time><Position><LatitudeDegrees>30.52084967</LatitudeDegrees><LongitudeDegrees>104.04862524</LongitudeDegrees></Position><AltitudeMeters>438</AltitudeMeters><HeartRateBpm><Value>84</Value></HeartRateBpm></Trackpoint>
<Trackpoint><Time>2024-07-18T23:16:59Z</Time><Position><LatitudeDegrees>30.52087033</LatitudeDegrees><LongitudeDegrees>104.04864358</LongitudeDegrees></Position><AltitudeMeters>438</AltitudeMeters><HeartRateBpm><Value>85</Value></HeartRateBpm></Trackpoint>
<Trackpoint><Time>2024-07-18T23:17:00Z</Time><Position><LatitudeDegrees>30.52100099</LatitudeDegrees><LongitudeDegrees>104.04868858</LongitudeDegrees></Position><AltitudeMeters>438</AltitudeMeters><HeartRateBpm><Value>85</Value></HeartRateBpm></Trackpoint>
<Trackpoint><Time>2024-07-18T23:17:01Z</Time><Position><LatitudeDegrees>30.52101499</LatitudeDegrees><LongitudeDegrees>104.04868825</LongitudeDegrees></Position><AltitudeMeters>438</AltitudeMeters><HeartRateBpm><Value>86</Value></HeartRateBpm></Trackpoint>
<Trackpoint><Time>2024-07-18T23:17:03Z</Time><Position><LatitudeDegrees>30.52104132</LatitudeDegrees><LongitudeDegrees>104.04869092</LongitudeDegrees></Position><AltitudeMeters>437</AltitudeMeters><HeartRateBpm><Value>87</Value></HeartRateBpm></Trackpoint>
<Trackpoint><Time>2024-07-18T23:17:05Z</Time><Position><LatitudeDegrees>30.52120932</LatitudeDegrees><LongitudeDegrees>104.04870624</LongitudeDegrees></Position><AltitudeMeters>437</AltitudeMeters><HeartRateBpm><Value>90</Value></HeartRateBpm></Trackpoint>
<Trackpoint><Time>2024-07-18T23:17:07Z</Time><Position><LatitudeDegrees>30.52131398</LatitudeDegrees><LongitudeDegrees>104.04872023</LongitudeDegrees></Position><AltitudeMeters>437</AltitudeMeters><HeartRateBpm><Value>92</Value></HeartRateBpm></Trackpoint>
<Trackpoint><Time>2024-07-18T23:17:08Z</Time><Position><LatitudeDegrees>30.52132665</LatitudeDegrees><LongitudeDegrees>104.04871991</LongitudeDegrees></Position><AltitudeMeters>437</AltitudeMeters><HeartRateBpm><Value>94</Value></HeartRateBpm></Trackpoint>
<Trackpoint><Time>2024-07-18T23:17:09Z</Time><Position><LatitudeDegrees>30.5213533</LatitudeDegrees><LongitudeDegrees>104.04871958</LongitudeDegrees></Position><AltitudeMeters>437</AltitudeMeters><HeartRateBpm><Value>94</Value></HeartRateBpm></Trackpoint>
<Trackpoint><Time>2024-07-18T23:17:10Z</Time><Position><LatitudeDegrees>30.52139063</LatitudeDegrees><LongitudeDegrees>104.04871925</LongitudeDegrees></Position><AltitudeMeters>437</AltitudeMeters><HeartRateBpm><Value>94</Value></HeartRateBpm></Trackpoint>
<Trackpoint><Time>2024-07-18T23:17:11Z</Time><Position><LatitudeDegrees>30.52143295</LatitudeDegrees><LongitudeDegrees>104.04872024</LongitudeDegrees></Position><AltitudeMeters>437</AltitudeMeters><HeartRateBpm><Value>94</Value></HeartRateBpm></Trackpoint>
<Trackpoint><Time>2024-07-18T23:17:12Z</Time><Position><LatitudeDegrees>30.52147628</LatitudeDegrees><LongitudeDegrees>104.04872158</LongitudeDegrees></Position><AltitudeMeters>437</AltitudeMeters><HeartRateBpm><Value>95</Value></HeartRateBpm></Trackpoint>
<Trackpoint><Time>2024-07-18T23:17:13Z</Time><Position><LatitudeDegrees>30.52152028</LatitudeDegrees><LongitudeDegrees>104.04872323</LongitudeDegrees></Position><AltitudeMeters>437</AltitudeMeters><HeartRateBpm><Value>95</Value></HeartRateBpm></Trackpoint>
<Trackpoint><Time>2024-07-18T23:17:15Z</Time><Position><LatitudeDegrees>30.52170627</LatitudeDegrees><LongitudeDegrees>104.04872456</LongitudeDegrees></Position><AltitudeMeters>437</AltitudeMeters><HeartRateBpm><Value>96</Value></HeartRateBpm></Trackpoint>
<Trackpoint><Time>2024-07-18T23:17:17Z</Time><Position><LatitudeDegrees>30.52180693</LatitudeDegrees><LongitudeDegrees>104.04872223</LongitudeDegrees></Position><AltitudeMeters>437</AltitudeMeters><HeartRateBpm><Value>97</Value></HeartRateBpm></Trackpoint>
<Trackpoint><Time>2024-07-18T23:17:19Z</Time><Position><LatitudeDegrees>30.52190093</LatitudeDegrees><LongitudeDegrees>104.04872822</LongitudeDegrees></Position><AltitudeMeters>437</AltitudeMeters><HeartRateBpm><Value>100</Value></HeartRateBpm></Trackpoint>
<Trackpoint><Time>2024-07-18T23:17:20Z</Time><Position><LatitudeDegrees>30.52191225</LatitudeDegrees><LongitudeDegrees>104.04872757</LongitudeDegrees></Position><AltitudeMeters>437</AltitudeMeters><HeartRateBpm><Value>100</Value></HeartRateBpm></Trackpoint>
<Trackpoint><Time>2024-07-18T23:17:21Z</Time><Position><LatitudeDegrees>30.52193859</LatitudeDegrees><LongitudeDegrees>104.04872657</LongitudeDegrees></Position><AltitudeMeters>437</AltitudeMeters><HeartRateBpm><Value>100</Value></HeartRateBpm></Trackpoint>
<Trackpoint><Time>2024-07-18T23:17:22Z</Time><Position><LatitudeDegrees>30.52197458</LatitudeDegrees><LongitudeDegrees>104.04872591</LongitudeDegrees></Position><AltitudeMeters>437</AltitudeMeters><HeartRateBpm><Value>99</Value></HeartRateBpm></Trackpoint>
<Trackpoint><Time>2024-07-18T23:17:23Z</Time><Position><LatitudeDegrees>30.52201523</LatitudeDegrees><LongitudeDegrees>104.04872623</LongitudeDegrees></Position><AltitudeMeters>437</AltitudeMeters><HeartRateBpm><Value>98</Value></HeartRateBpm></Trackpoint>
<Trackpoint><Time>2024-07-18T23:17:25Z</Time><Position><LatitudeDegrees>30.52220023</LatitudeDegrees><LongitudeDegrees>104.04873823</LongitudeDegrees></Position><AltitudeMeters>437</AltitudeMeters><HeartRateBpm><Value>99</Value></HeartRateBpm></Trackpoint>
<Trackpoint><Time>2024-07-18T23:17:27Z</Time><Position><LatitudeDegrees>30.52229922</LatitudeDegrees><LongitudeDegrees>104.04874722</LongitudeDegrees></Position><AltitudeMeters>437</AltitudeMeters><HeartRateBpm><Value>99</Value></HeartRateBpm></Trackpoint>
<Trackpoint><Time>2024-07-18T23:17:28Z</Time><Position><LatitudeDegrees>30.52231221</LatitudeDegrees><LongitudeDegrees>104.04874755</LongitudeDegrees></Position><AltitudeMeters>437</AltitudeMeters><HeartRateBpm><Value>99</Value></HeartRateBpm></Trackpoint>
<Trackpoint><Time>2024-07-18T23:17:29Z</Time><Position><LatitudeDegrees>30.52233955</LatitudeDegrees><LongitudeDegrees>104.04874988</LongitudeDegrees></Position><AltitudeMeters>437</AltitudeMeters><HeartRateBpm><Value>99</Value></HeartRateBpm></Trackpoint>
<Trackpoint><Time>2024-07-18T23:17:30Z</Time><Position><LatitudeDegrees>30.52237721</LatitudeDegrees><LongitudeDegrees>104.04875187</LongitudeDegrees></Position><AltitudeMeters>437</AltitudeMeters><HeartRateBpm><Value>99</Value></HeartRateBpm></Trackpoint>
<Trackpoint><Time>2024-07-18T23:17:31Z</Time><Position><LatitudeDegrees>30.52242054</LatitudeDegrees><LongitudeDegrees>104.0487532</LongitudeDegrees></Position><AltitudeMeters>437</AltitudeMeters><HeartRateBpm><Value>99</Value></HeartRateBpm></Trackpoint>
<Trackpoint><Time>2024-07-18T23:17:32Z</Time><Position><LatitudeDegrees>30.52246754</LatitudeDegrees><LongitudeDegrees>104.04875487</LongitudeDegrees></Position><AltitudeMeters>437</AltitudeMeters><HeartRateBpm><Value>99</Value></HeartRateBpm></Trackpoint>
<Trackpoint><Time>2024-07-18T23:17:33Z</Time><Position><LatitudeDegrees>30.52251719</LatitudeDegrees><LongitudeDegrees>104.0487552</LongitudeDegrees></Position><AltitudeMeters>437</AltitudeMeters><HeartRateBpm><Value>99</Value></HeartRateBpm></Trackpoint>
<Trackpoint><Time>2024-07-18T23:17:34Z</Time><Position><LatitudeDegrees>30.52256786</LatitudeDegrees><LongitudeDegrees>104.04875787</LongitudeDegrees></Position><AltitudeMeters>437</AltitudeMeters><HeartRateBpm><Value>98</Value></HeartRateBpm></Trackpoint>
<Trackpoint><Time>2024-07-18T23:17:36Z</Time><Position><LatitudeDegrees>30.52277485</LatitudeDegrees><LongitudeDegrees>104.04877819</LongitudeDegrees></Position><AltitudeMeters>437</AltitudeMeters><HeartRateBpm><Value>98</Value></HeartRateBpm></Trackpoint>
<Trackpoint><Time>2024-07-18T23:17:37Z</Time><Position><LatitudeDegrees>30.52278718</LatitudeDegrees><LongitudeDegrees>104.04877885</LongitudeDegrees></Position><AltitudeMeters>437</AltitudeMeters><HeartRateBpm><Value>97</Value></HeartRateBpm></Trackpoint>
<Trackpoint><Time>2024-07-18T23:17:39Z</Time><Position><LatitudeDegrees>30.52293885</LatitudeDegrees><LongitudeDegrees>104.04879152</LongitudeDegrees></Position><AltitudeMeters>437</AltitudeMeters><HeartRateBpm><Value>97</Value></HeartRateBpm></Trackpoint>
<Trackpoint><Time>2024-07-18T23:17:40Z</Time><Position><LatitudeDegrees>30.52295217</LatitudeDegrees><LongitudeDegrees>104.04879285</LongitudeDegrees></Position><AltitudeMeters>437</AltitudeMeters><HeartRateBpm><Value>98</Value></HeartRateBpm></Trackpoint>
<Trackpoint><Time>2024-07-18T23:17:41Z</Time><Position><LatitudeDegrees>30.52298051</LatitudeDegrees><LongitudeDegrees>104.04879384</LongitudeDegrees></Position><AltitudeMeters>437</AltitudeMeters><HeartRateBpm><Value>99</Value></HeartRateBpm></Trackpoint>
<Trackpoint><Time>2024-07-18T23:17:43Z</Time><Position><LatitudeDegrees>30.52315984</LatitudeDegrees><LongitudeDegrees>104.04881817</LongitudeDegrees></Position><AltitudeMeters>437</AltitudeMeters><HeartRateBpm><Value>100</Value></HeartRateBpm></Trackpoint>
<Trackpoint><Time>2024-07-18T23:17:45Z</Time><Position><LatitudeDegrees>30.52327484</LatitudeDegrees><LongitudeDegrees>104.04882016</LongitudeDegrees></Position><AltitudeMeters>436</AltitudeMeters><HeartRateBpm><Value>103</Value></HeartRateBpm></Trackpoint>
<Trackpoint><Time>2024-07-18T23:17:47Z</Time><Position><LatitudeDegrees>30.52338116</LatitudeDegrees><LongitudeDegrees>104.04882649</LongitudeDegrees></Position><AltitudeMeters>436</AltitudeMeters><HeartRateBpm><Value>106</Value></HeartRateBpm></Trackpoint>
<Trackpoint><Time>2024-07-18T23:17:48Z</Time><Position><LatitudeDegrees>30.52339449</LatitudeDegrees><LongitudeDegrees>104.04882649</LongitudeDegrees></Position><AltitudeMeters>436</AltitudeMeters><HeartRateBpm><Value>108</Value></HeartRateBpm></Trackpoint>
<Trackpoint><Time>2024-07-18T23:17:49Z</Time><Position><LatitudeDegrees>30.52354515</LatitudeDegrees><LongitudeDegrees>104.04883814</LongitudeDegrees></Position><AltitudeMeters>437</AltitudeMeters><HeartRateBpm><Value>109</Value></HeartRateBpm></Trackpoint>
<Trackpoint><Time>2024-07-18T23:17:51Z</Time><Position><LatitudeDegrees>30.52355881</LatitudeDegrees><LongitudeDegrees>104.04883914</LongitudeDegrees></Position><AltitudeMeters>437</AltitudeMeters><HeartRateBpm><Value>109</Value></HeartRateBpm></Trackpoint>
<Trackpoint><Time>2024-07-18T23:17:53Z</Time><Position><LatitudeDegrees>30.52370513</LatitudeDegrees><LongitudeDegrees>104.04885813</LongitudeDegrees></Position><AltitudeMeters>437</AltitudeMeters><HeartRateBpm><Value>110</Value></HeartRateBpm></Trackpoint>
<Trackpoint><Time>2024-07-18T23:17:54Z</Time><Position><LatitudeDegrees>30.5237188</LatitudeDegrees><LongitudeDegrees>104.04885547</LongitudeDegrees></Position><AltitudeMeters>438</AltitudeMeters><HeartRateBpm><Value>110</Value></HeartRateBpm></Trackpoint>
<Trackpoint><Time>2024-07-18T23:17:55Z</Time><Position><LatitudeDegrees>30.52374547</LatitudeDegrees><LongitudeDegrees>104.04885214</LongitudeDegrees></Position><AltitudeMeters>438</AltitudeMeters><HeartRateBpm><Value>111</Value></HeartRateBpm></Trackpoint>
<Trackpoint><Time>2024-07-18T23:17:56Z</Time><Position><LatitudeDegrees>30.5237828</LatitudeDegrees><LongitudeDegrees>104.04884714</LongitudeDegrees></Position><AltitudeMeters>438</AltitudeMeters><HeartRateBpm><Value>111</Value></HeartRateBpm></Trackpoint>
<Trackpoint><Time>2024-07-18T23:17:57Z</Time><Position><LatitudeDegrees>30.52382646</LatitudeDegrees><LongitudeDegrees>104.04884348</LongitudeDegrees></Position><AltitudeMeters>438</AltitudeMeters><HeartRateBpm><Value>111</Value></HeartRateBpm></Trackpoint>
<Trackpoint><Time>2024-07-18T23:17:58Z</Time><Position><LatitudeDegrees>30.52387312</LatitudeDegrees><LongitudeDegrees>104.04884149</LongitudeDegrees></Position><AltitudeMeters>438</AltitudeMeters><HeartRateBpm><Value>111</Value></HeartRateBpm></Trackpoint>
<Trackpoint><Time>2024-07-18T23:17:59Z</Time><Position><LatitudeDegrees>30.52392045</LatitudeDegrees><LongitudeDegrees>104.04883982</LongitudeDegrees></Position><AltitudeMeters>438</AltitudeMeters><HeartRateBpm><Value>110</Value></HeartRateBpm></Trackpoint>
<Trackpoint><Time>2024-07-18T23:18:00Z</Time><Position><LatitudeDegrees>30.52396945</LatitudeDegrees><LongitudeDegrees>104.04884015</LongitudeDegrees></Position><AltitudeMeters>438</AltitudeMeters><HeartRateBpm><Value>110</Value></HeartRateBpm></Trackpoint>
<Trackpoint><Time>2024-07-18T23:18:01Z</Time><Position><LatitudeDegrees>30.52401678</LatitudeDegrees><LongitudeDegrees>104.04884148</LongitudeDegrees></Position><AltitudeMeters>438</AltitudeMeters><HeartRateBpm><Value>110</Value></HeartRateBpm></Trackpoint>
<Trackpoint><Time>2024-07-18T23:18:03Z</Time><Position><LatitudeDegrees>30.52419111</LatitudeDegrees><LongitudeDegrees>104.0488528</LongitudeDegrees></Position><AltitudeMeters>437</AltitudeMeters><HeartRateBpm><Value>111</Value></HeartRateBpm></Trackpoint>
<Trackpoint><Time>2024-07-18T23:18:04Z</Time><Position><LatitudeDegrees>30.52420044</LatitudeDegrees><LongitudeDegrees>104.04885313</LongitudeDegrees></Position><AltitudeMeters>437</AltitudeMeters><HeartRateBpm><Value>111</Value></HeartRateBpm></Trackpoint>
<Trackpoint><Time>2024-07-18T23:18:05Z</Time><Position><LatitudeDegrees>30.52421944</LatitudeDegrees><LongitudeDegrees>104.04885248</LongitudeDegrees></Position><AltitudeMeters>437</AltitudeMeters><HeartRateBpm><Value>111</Value></HeartRateBpm></Trackpoint>
<Trackpoint><Time>2024-07-18T23:18:06Z</Time><Position><LatitudeDegrees>30.52424877</LatitudeDegrees><LongitudeDegrees>104.04884848</LongitudeDegrees></Position><AltitudeMeters>437</AltitudeMeters><HeartRateBpm><Value>112</Value></HeartRateBpm></Trackpoint>
<Trackpoint><Time>2024-07-18T23:18:07Z</Time><Position><LatitudeDegrees>30.52428409</LatitudeDegrees><LongitudeDegrees>104.04884782</LongitudeDegrees></Position><AltitudeMeters>437</AltitudeMeters><HeartRateBpm><Value>112</Value></HeartRateBpm></Trackpoint>
<Trackpoint><Time>2024-07-18T23:18:08Z</Time><Position><LatitudeDegrees>30.52432343</LatitudeDegrees><LongitudeDegrees>104.04884814</LongitudeDegrees></Position><AltitudeMeters>437</AltitudeMeters><HeartRateBpm><Value>112</Value></HeartRateBpm></Trackpoint>
<Trackpoint><Time>2024-07-18T23:18:09Z</Time><Position><LatitudeDegrees>30.52436508</LatitudeDegrees><LongitudeDegrees>104.04884981</LongitudeDegrees></Position><AltitudeMeters>437</AltitudeMeters><HeartRateBpm><Value>112</Value></HeartRateBpm></Trackpoint>
<Trackpoint><Time>2024-07-18T23:18:11Z</Time><Position><LatitudeDegrees>30.52454642</LatitudeDegrees><LongitudeDegrees>104.04886413</LongitudeDegrees></Position><AltitudeMeters>437</AltitudeMeters><HeartRateBpm><Value>111</Value></HeartRateBpm></Trackpoint>
<Trackpoint><Time>2024-07-18T23:18:13Z</Time><Position><LatitudeDegrees>30.52464842</LatitudeDegrees><LongitudeDegrees>104.04888846</LongitudeDegrees></Position><AltitudeMeters>437</AltitudeMeters><HeartRateBpm><Value>113</Value></HeartRateBpm></Trackpoint>
<Trackpoint><Time>2024-07-18T23:18:14Z</Time><Position><LatitudeDegrees>30.52466007</LatitudeDegrees><LongitudeDegrees>104.04889279</LongitudeDegrees></Position><AltitudeMeters>437</AltitudeMeters><HeartRateBpm><Value>114</Value></HeartRateBpm></Trackpoint>
<Trackpoint><Time>2024-07-18T23:18:15Z</Time><Position><LatitudeDegrees>30.5246844</LatitudeDegrees><LongitudeDegrees>104.04890311</LongitudeDegrees></Position><AltitudeMeters>437</AltitudeMeters><HeartRateBpm><Value>114</Value></HeartRateBpm></Trackpoint>
<Trackpoint><Time>2024-07-18T23:18:16Z</Time><Position><LatitudeDegrees>30.5247174</LatitudeDegrees><LongitudeDegrees>104.04892078</LongitudeDegrees></Position><AltitudeMeters>437</AltitudeMeters><HeartRateBpm><Value>115</Value></HeartRateBpm></Trackpoint>
<Trackpoint><Time>2024-07-18T23:18:17Z</Time><Position><LatitudeDegrees>30.52475506</LatitudeDegrees><LongitudeDegrees>104.04894377</LongitudeDegrees></Position><AltitudeMeters>436</AltitudeMeters><HeartRateBpm><Value>115</Value></HeartRateBpm></Trackpoint>
<Trackpoint><Time>2024-07-18T23:18:19Z</Time><Position><LatitudeDegrees>30.52491572</LatitudeDegrees><LongitudeDegrees>104.04907443</LongitudeDegrees></Position><AltitudeMeters>436</AltitudeMeters><HeartRateBpm><Value>116</Value></HeartRateBpm></Trackpoint>
<Trackpoint><Time>2024-07-18T23:18:20Z</Time><Position><LatitudeDegrees>30.52492471</LatitudeDegrees><LongitudeDegrees>104.04908543</LongitudeDegrees></Position><AltitudeMeters>436</AltitudeMeters><HeartRateBpm><Value>116</Value></HeartRateBpm></Trackpoint>
<Trackpoint><Time>2024-07-18T23:18:21Z</Time><Position><LatitudeDegrees>30.52494404</LatitudeDegrees><LongitudeDegrees>104.04910842</LongitudeDegrees></Position><AltitudeMeters>436</AltitudeMeters><HeartRateBpm><Value>116</Value></HeartRateBpm></Trackpoint>
<Trackpoint><Time>2024-07-18T23:18:22Z</Time><Position><LatitudeDegrees>30.52496938</LatitudeDegrees><LongitudeDegrees>104.04914241</LongitudeDegrees></Position><AltitudeMeters>436</AltitudeMeters><HeartRateBpm><Value>116</Value></HeartRateBpm></Trackpoint>
<Trackpoint><Time>2024-07-18T23:18:24Z</Time><Position><LatitudeDegrees>30.52510303</LatitudeDegrees><LongitudeDegrees>104.04931174</LongitudeDegrees></Position><AltitudeMeters>436</AltitudeMeters><HeartRateBpm><Value>117</Value></HeartRateBpm></Trackpoint>
<Trackpoint><Time>2024-07-18T23:18:25Z</Time><Position><LatitudeDegrees>30.52511236</LatitudeDegrees><LongitudeDegrees>104.04932407</LongitudeDegrees></Position><AltitudeMeters>436</AltitudeMeters><HeartRateBpm><Value>118</Value></HeartRateBpm></Trackpoint>
<Trackpoint><Time>2024-07-18T23:18:26Z</Time><Position><LatitudeDegrees>30.52513169</LatitudeDegrees><LongitudeDegrees>104.04934973</LongitudeDegrees></Position><AltitudeMeters>436</AltitudeMeters><HeartRateBpm><Value>119</Value></HeartRateBpm></Trackpoint>
<Trackpoint><Time>2024-07-18T23:18:27Z</Time><Position><LatitudeDegrees>30.52515936</LatitudeDegrees><LongitudeDegrees>104.04938339</LongitudeDegrees></Position><AltitudeMeters>436</AltitudeMeters><HeartRateBpm><Value>119</Value></HeartRateBpm></Trackpoint>
<Trackpoint><Time>2024-07-18T23:18:29Z</Time><Position><LatitudeDegrees>30.52530201</LatitudeDegrees><LongitudeDegrees>104.04956005</LongitudeDegrees></Position><AltitudeMeters>436</AltitudeMeters><HeartRateBpm><Value>121</Value></HeartRateBpm></Trackpoint>
<Trackpoint><Time>2024-07-18T23:18:30Z</Time><Position><LatitudeDegrees>30.52538635</LatitudeDegrees><LongitudeDegrees>104.04965539</LongitudeDegrees></Position><AltitudeMeters>436</AltitudeMeters><HeartRateBpm><Value>121</Value></HeartRateBpm></Trackpoint>
<Trackpoint><Time>2024-07-18T23:18:31Z</Time><Position><LatitudeDegrees>30.52539634</LatitudeDegrees><LongitudeDegrees>104.04966871</LongitudeDegrees></Position><AltitudeMeters>436</AltitudeMeters><HeartRateBpm><Value>121</Value></HeartRateBpm></Trackpoint>
<Trackpoint><Time>2024-07-18T23:18:33Z</Time><Position><LatitudeDegrees>30.52541599</LatitudeDegrees><LongitudeDegrees>104.04969538</LongitudeDegrees></Position><AltitudeMeters>436</AltitudeMeters><HeartRateBpm><Value>121</Value></HeartRateBpm></Trackpoint>
<Trackpoint><Time>2024-07-18T23:18:35Z</Time><Position><LatitudeDegrees>30.52554466</LatitudeDegrees><LongitudeDegrees>104.0498637</LongitudeDegrees></Position><AltitudeMeters>436</AltitudeMeters><HeartRateBpm><Value>122</Value></HeartRateBpm></Trackpoint>
<Trackpoint><Time>2024-07-18T23:18:36Z</Time><Position><LatitudeDegrees>30.52555398</LatitudeDegrees><LongitudeDegrees>104.04987737</LongitudeDegrees></Position><AltitudeMeters>436</AltitudeMeters><HeartRateBpm><Value>122</Value></HeartRateBpm></Trackpoint>
<Trackpoint><Time>2024-07-18T23:18:37Z</Time><Position><LatitudeDegrees>30.52557365</LatitudeDegrees><LongitudeDegrees>104.04990369</LongitudeDegrees></Position><AltitudeMeters>437</AltitudeMeters><HeartRateBpm><Value>122</Value></HeartRateBpm></Trackpoint>
<Trackpoint><Time>2024-07-18T23:18:39Z</Time><Position><LatitudeDegrees>30.52569532</LatitudeDegrees><LongitudeDegrees>104.05005702</LongitudeDegrees></Position><AltitudeMeters>437</AltitudeMeters><HeartRateBpm><Value>123</Value></HeartRateBpm></Trackpoint>
<Trackpoint><Time>2024-07-18T23:18:40Z</Time><Position><LatitudeDegrees>30.52570397</LatitudeDegrees><LongitudeDegrees>104.05006736</LongitudeDegrees></Position><AltitudeMeters>437</AltitudeMeters><HeartRateBpm><Value>123</Value></HeartRateBpm></Trackpoint>
<Trackpoint><Time>2024-07-18T23:18:42Z</Time><Position><LatitudeDegrees>30.52580163</LatitudeDegrees><LongitudeDegrees>104.05018502</LongitudeDegrees></Position><AltitudeMeters>437</AltitudeMeters><HeartRateBpm><Value>123</Value></HeartRateBpm></Trackpoint>
<Trackpoint><Time>2024-07-18T23:18:43Z</Time><Position><LatitudeDegrees>30.52581029</LatitudeDegrees><LongitudeDegrees>104.05019501</LongitudeDegrees></Position><AltitudeMeters>437</AltitudeMeters><HeartRateBpm><Value>123</Value></HeartRateBpm></Trackpoint>
<Trackpoint><Time>2024-07-18T23:18:44Z</Time><Position><LatitudeDegrees>30.52582895</LatitudeDegrees><LongitudeDegrees>104.05021668</LongitudeDegrees></Position><AltitudeMeters>437</AltitudeMeters><HeartRateBpm><Value>122</Value></HeartRateBpm></Trackpoint>
<Trackpoint><Time>2024-07-18T23:18:45Z</Time><Position><LatitudeDegrees>30.52585262</LatitudeDegrees><LongitudeDegrees>104.05024667</LongitudeDegrees></Position><AltitudeMeters>437</AltitudeMeters><HeartRateBpm><Value>122</Value></HeartRateBpm></Trackpoint>
<Trackpoint><Time>2024-07-18T23:18:46Z</Time><Position><LatitudeDegrees>30.52588094</LatitudeDegrees><LongitudeDegrees>104.05028399</LongitudeDegrees></Position><AltitudeMeters>437</AltitudeMeters><HeartRateBpm><Value>121</Value></HeartRateBpm></Trackpoint>
<Trackpoint><Time>2024-07-18T23:18:47Z</Time><Position><LatitudeDegrees>30.52591294</LatitudeDegrees><LongitudeDegrees>104.05032466</LongitudeDegrees></Position><AltitudeMeters>437</AltitudeMeters><HeartRateBpm><Value>121</Value></HeartRateBpm></Trackpoint>
<Trackpoint><Time>2024-07-18T23:18:48Z</Time><Position><LatitudeDegrees>30.5259466</LatitudeDegrees><LongitudeDegrees>104.05036798</LongitudeDegrees></Position><AltitudeMeters>437</AltitudeMeters><HeartRateBpm><Value>121</Value></HeartRateBpm></Trackpoint>
<Trackpoint><Time>2024-07-18T23:18:50Z</Time><Position><LatitudeDegrees>30.52608459</LatitudeDegrees><LongitudeDegrees>104.05054832</LongitudeDegrees></Position><AltitudeMeters>437</AltitudeMeters><HeartRateBpm><Value>120</Value></HeartRateBpm></Trackpoint>
<Trackpoint><Time>2024-07-18T23:18:51Z</Time><Position><LatitudeDegrees>30.52609359</LatitudeDegrees><LongitudeDegrees>104.05055865</LongitudeDegrees></Position><AltitudeMeters>437</AltitudeMeters><HeartRateBpm><Value>120</Value></HeartRateBpm></Trackpoint>
<Trackpoint><Time>2024-07-18T23:18:52Z</Time><Position><LatitudeDegrees>30.52617926</LatitudeDegrees><LongitudeDegrees>104.05068631</LongitudeDegrees></Position><AltitudeMeters>437</AltitudeMeters><HeartRateBpm><Value>120</Value></HeartRateBpm></Trackpoint>
<Trackpoint><Time>2024-07-18T23:18:53Z</Time><Position><LatitudeDegrees>30.52618459</LatitudeDegrees><LongitudeDegrees>104.0506993</LongitudeDegrees></Position><AltitudeMeters>437</AltitudeMeters><HeartRateBpm><Value>121</Value></HeartRateBpm></Trackpoint>
<Trackpoint><Time>2024-07-18T23:18:55Z</Time><Position><LatitudeDegrees>30.52619625</LatitudeDegrees><LongitudeDegrees>104.05072763</LongitudeDegrees></Position><AltitudeMeters>437</AltitudeMeters><HeartRateBpm><Value>121</Value></HeartRateBpm></Trackpoint>
<Trackpoint><Time>2024-07-18T23:18:56Z</Time><Position><LatitudeDegrees>30.5262089</LatitudeDegrees><LongitudeDegrees>104.05076729</LongitudeDegrees></Position><AltitudeMeters>437</AltitudeMeters><HeartRateBpm><Value>122</Value></HeartRateBpm></Trackpoint>
<Trackpoint><Time>2024-07-18T23:18:57Z</Time><Position><LatitudeDegrees>30.5262159</LatitudeDegrees><LongitudeDegrees>104.05081629</LongitudeDegrees></Position><AltitudeMeters>437</AltitudeMeters><HeartRateBpm><Value>122</Value></HeartRateBpm></Trackpoint>
<Trackpoint><Time>2024-07-18T23:18:58Z</Time><Position><LatitudeDegrees>30.52621889</LatitudeDegrees><LongitudeDegrees>104.05087095</LongitudeDegrees></Position><AltitudeMeters>437</AltitudeMeters><HeartRateBpm><Value>123</Value></HeartRateBpm></Trackpoint>
<Trackpoint><Time>2024-07-18T23:18:59Z</Time><Position><LatitudeDegrees>30.52621922</LatitudeDegrees><LongitudeDegrees>104.05092928</LongitudeDegrees></Position><AltitudeMeters>437</AltitudeMeters><HeartRateBpm><Value>123</Value></HeartRateBpm></Trackpoint>
<Trackpoint><Time>2024-07-18T23:19:00Z</Time><Position><LatitudeDegrees>30.52621655</LatitudeDegrees><LongitudeDegrees>104.05098893</LongitudeDegrees></Position><AltitudeMeters>437</AltitudeMeters><HeartRateBpm><Value>123</Value></HeartRateBpm></Trackpoint>
<Trackpoint><Time>2024-07-18T23:19:01Z</Time><Position><LatitudeDegrees>30.52620955</LatitudeDegrees><LongitudeDegrees>104.05105027</LongitudeDegrees></Position><AltitudeMeters>437</AltitudeMeters><HeartRateBpm><Value>123</Value></HeartRateBpm></Trackpoint>
<Trackpoint><Time>2024-07-18T23:19:02Z</Time><Position><LatitudeDegrees>30.52620089</LatitudeDegrees><LongitudeDegrees>104.05111427</LongitudeDegrees></Position><AltitudeMeters>437</AltitudeMeters><HeartRateBpm><Value>122</Value></HeartRateBpm></Trackpoint>
<Trackpoint><Time>2024-07-18T23:19:03Z</Time><Position><LatitudeDegrees>30.52619256</LatitudeDegrees><LongitudeDegrees>104.05118093</LongitudeDegrees></Position><AltitudeMeters>437</AltitudeMeters><HeartRateBpm><Value>122</Value></HeartRateBpm></Trackpoint>
<Trackpoint><Time>2024-07-18T23:19:04Z</Time><Position><LatitudeDegrees>30.52618457</LatitudeDegrees><LongitudeDegrees>104.05124859</LongitudeDegrees></Position><AltitudeMeters>437</AltitudeMeters><HeartRateBpm><Value>122</Value></HeartRateBpm></Trackpoint>
<Trackpoint><Time>2024-07-18T23:19:05Z</Time><Position><LatitudeDegrees>30.52617457</LatitudeDegrees><LongitudeDegrees>104.05131525</LongitudeDegrees></Position><AltitudeMeters>437</AltitudeMeters><HeartRateBpm><Value>122</Value></HeartRateBpm></Trackpoint>
<Trackpoint><Time>2024-07-18T23:19:06Z</Time><Position><LatitudeDegrees>30.52614158</LatitudeDegrees><LongitudeDegrees>104.05159558</LongitudeDegrees></Position><AltitudeMeters>436</AltitudeMeters><HeartRateBpm><Value>122</Value></HeartRateBpm></Trackpoint>
<Trackpoint><Time>2024-07-18T23:19:08Z</Time><Position><LatitudeDegrees>30.52613925</LatitudeDegrees><LongitudeDegrees>104.05161257</LongitudeDegrees></Position><AltitudeMeters>436</AltitudeMeters><HeartRateBpm><Value>121</Value></HeartRateBpm></Trackpoint>
<Trackpoint><Time>2024-07-18T23:19:09Z</Time><Position><LatitudeDegrees>30.52611659</LatitudeDegrees><LongitudeDegrees>104.0518009</LongitudeDegrees></Position><AltitudeMeters>436</AltitudeMeters><HeartRateBpm><Value>120</Value></HeartRateBpm></Trackpoint>
<Trackpoint><Time>2024-07-18T23:19:11Z</Time><Position><LatitudeDegrees>30.52611426</LatitudeDegrees><LongitudeDegrees>104.0518169</LongitudeDegrees></Position><AltitudeMeters>436</AltitudeMeters><HeartRateBpm><Value>120</Value></HeartRateBpm></Trackpoint>
<Trackpoint><Time>2024-07-18T23:19:13Z</Time><Position><LatitudeDegrees>30.5260876</LatitudeDegrees><LongitudeDegrees>104.05200656</LongitudeDegrees></Position><AltitudeMeters>436</AltitudeMeters><HeartRateBpm><Value>121</Value></HeartRateBpm></Trackpoint>
<Trackpoint><Time>2024-07-18T23:19:14Z</Time><Position><LatitudeDegrees>30.52608493</LatitudeDegrees><LongitudeDegrees>104.05202355</LongitudeDegrees></Position><AltitudeMeters>436</AltitudeMeters><HeartRateBpm><Value>121</Value></HeartRateBpm></Trackpoint>
<Trackpoint><Time>2024-07-18T23:19:15Z</Time><Position><LatitudeDegrees>30.52608061</LatitudeDegrees><LongitudeDegrees>104.05205888</LongitudeDegrees></Position><AltitudeMeters>436</AltitudeMeters><HeartRateBpm><Value>121</Value></HeartRateBpm></Trackpoint>
<Trackpoint><Time>2024-07-18T23:19:16Z</Time><Position><LatitudeDegrees>30.52607494</LatitudeDegrees><LongitudeDegrees>104.05210621</LongitudeDegrees></Position><AltitudeMeters>437</AltitudeMeters><HeartRateBpm><Value>121</Value></HeartRateBpm></Trackpoint>
<Trackpoint><Time>2024-07-18T23:19:18Z</Time><Position><LatitudeDegrees>30.52603928</LatitudeDegrees><LongitudeDegrees>104.05235153</LongitudeDegrees></Position><AltitudeMeters>437</AltitudeMeters><HeartRateBpm><Value>123</Value></HeartRateBpm></Trackpoint>
<Trackpoint><Time>2024-07-18T23:19:19Z</Time><Position><LatitudeDegrees>30.52603895</LatitudeDegrees><LongitudeDegrees>104.05236886</LongitudeDegrees></Position><AltitudeMeters>437</AltitudeMeters><HeartRateBpm><Value>123</Value></HeartRateBpm></Trackpoint>
<Trackpoint><Time>2024-07-18T23:19:21Z</Time><Position><LatitudeDegrees>30.5260163</LatitudeDegrees><LongitudeDegrees>104.05255785</LongitudeDegrees></Position><AltitudeMeters>437</AltitudeMeters><HeartRateBpm><Value>122</Value></HeartRateBpm></Trackpoint>
<Trackpoint><Time>2024-07-18T23:19:22Z</Time><Position><LatitudeDegrees>30.52601196</LatitudeDegrees><LongitudeDegrees>104.05257419</LongitudeDegrees></Position><AltitudeMeters>437</AltitudeMeters><HeartRateBpm><Value>122</Value></HeartRateBpm></Trackpoint>
<Trackpoint><Time>2024-07-18T23:19:23Z</Time><Position><LatitudeDegrees>30.52600496</LatitudeDegrees><LongitudeDegrees>104.05260918</LongitudeDegrees></Position><AltitudeMeters>437</AltitudeMeters><HeartRateBpm><Value>122</Value></HeartRateBpm></Trackpoint>
<Trackpoint><Time>2024-07-18T23:19:24Z</Time><Position><LatitudeDegrees>30.52599597</LatitudeDegrees><LongitudeDegrees>104.05265784</LongitudeDegrees></Position><AltitudeMeters>437</AltitudeMeters><HeartRateBpm><Value>122</Value></HeartRateBpm></Trackpoint>
<Trackpoint><Time>2024-07-18T23:19:25Z</Time><Position><LatitudeDegrees>30.52598731</LatitudeDegrees><LongitudeDegrees>104.05271451</LongitudeDegrees></Position><AltitudeMeters>437</AltitudeMeters><HeartRateBpm><Value>122</Value></HeartRateBpm></Trackpoint>
<Trackpoint><Time>2024-07-18T23:19:26Z</Time><Position><LatitudeDegrees>30.52597665</LatitudeDegrees><LongitudeDegrees>104.05277617</LongitudeDegrees></Position><AltitudeMeters>437</AltitudeMeters><HeartRateBpm><Value>123</Value></HeartRateBpm></Trackpoint>
<Trackpoint><Time>2024-07-18T23:19:27Z</Time><Position><LatitudeDegrees>30.52596465</LatitudeDegrees><LongitudeDegrees>104.05284016</LongitudeDegrees></Position><AltitudeMeters>437</AltitudeMeters><HeartRateBpm><Value>123</Value></HeartRateBpm></Trackpoint>
<Trackpoint><Time>2024-07-18T23:19:28Z</Time><Position><LatitudeDegrees>30.52595065</LatitudeDegrees><LongitudeDegrees>104.05290316</LongitudeDegrees></Position><AltitudeMeters>437</AltitudeMeters><HeartRateBpm><Value>125</Value></HeartRateBpm></Trackpoint>
<Trackpoint><Time>2024-07-18T23:19:29Z</Time><Position><LatitudeDegrees>30.52593499</LatitudeDegrees><LongitudeDegrees>104.05296448</LongitudeDegrees></Position><AltitudeMeters>437</AltitudeMeters><HeartRateBpm><Value>125</Value></HeartRateBpm></Trackpoint>
<Trackpoint><Time>2024-07-18T23:19:30Z</Time><Position><LatitudeDegrees>30.525923</LatitudeDegrees><LongitudeDegrees>104.05302614</LongitudeDegrees></Position><AltitudeMeters>437</AltitudeMeters><HeartRateBpm><Value>125</Value></HeartRateBpm></Trackpoint>
<Trackpoint><Time>2024-07-18T23:19:31Z</Time><Position><LatitudeDegrees>30.52591301</LatitudeDegrees><LongitudeDegrees>104.05308647</LongitudeDegrees></Position><AltitudeMeters>437</AltitudeMeters><HeartRateBpm><Value>124</Value></HeartRateBpm></Trackpoint>
<Trackpoint><Time>2024-07-18T23:19:32Z</Time><Position><LatitudeDegrees>30.52590435</LatitudeDegrees><LongitudeDegrees>104.05314247</LongitudeDegrees></Position><AltitudeMeters>437</AltitudeMeters><HeartRateBpm><Value>123</Value></HeartRateBpm></Trackpoint>
<Trackpoint><Time>2024-07-18T23:19:33Z</Time><Position><LatitudeDegrees>30.52589335</LatitudeDegrees><LongitudeDegrees>104.05319513</LongitudeDegrees></Position><AltitudeMeters>437</AltitudeMeters><HeartRateBpm><Value>123</Value></HeartRateBpm></Trackpoint>
<Trackpoint><Time>2024-07-18T23:19:35Z</Time><Position><LatitudeDegrees>30.52587569</LatitudeDegrees><LongitudeDegrees>104.05340679</LongitudeDegrees></Position><AltitudeMeters>437</AltitudeMeters><HeartRateBpm><Value>124</Value></HeartRateBpm></Trackpoint>
<Trackpoint><Time>2024-07-18T23:19:36Z</Time><Position><LatitudeDegrees>30.52587901</LatitudeDegrees><LongitudeDegrees>104.05341912</LongitudeDegrees></Position><AltitudeMeters>437</AltitudeMeters><HeartRateBpm><Value>125</Value></HeartRateBpm></Trackpoint>
<Trackpoint><Time>2024-07-18T23:19:37Z</Time><Position><LatitudeDegrees>30.52588735</LatitudeDegrees><LongitudeDegrees>104.05344311</LongitudeDegrees></Position><AltitudeMeters>436</AltitudeMeters><HeartRateBpm><Value>125</Value></HeartRateBpm></Trackpoint>
<Trackpoint><Time>2024-07-18T23:19:38Z</Time><Position><LatitudeDegrees>30.52589668</LatitudeDegrees><LongitudeDegrees>104.05347611</LongitudeDegrees></Position><AltitudeMeters>436</AltitudeMeters><HeartRateBpm><Value>125</Value></HeartRateBpm></Trackpoint>
<Trackpoint><Time>2024-07-18T23:19:40Z</Time><Position><LatitudeDegrees>30.52592567</LatitudeDegrees><LongitudeDegrees>104.05364144</LongitudeDegrees></Position><AltitudeMeters>436</AltitudeMeters><HeartRateBpm><Value>125</Value></HeartRateBpm></Trackpoint>
<Trackpoint><Time>2024-07-18T23:19:41Z</Time><Position><LatitudeDegrees>30.52592435</LatitudeDegrees><LongitudeDegrees>104.05365044</LongitudeDegrees></Position><AltitudeMeters>436</AltitudeMeters><HeartRateBpm><Value>125</Value></HeartRateBpm></Trackpoint>
<Trackpoint><Time>2024-07-18T23:19:43Z</Time><Position><LatitudeDegrees>30.52589702</LatitudeDegrees><LongitudeDegrees>104.05373677</LongitudeDegrees></Position><AltitudeMeters>436</AltitudeMeters><HeartRateBpm><Value>125</Value></HeartRateBpm></Trackpoint>
<Trackpoint><Time>2024-07-18T23:19:44Z</Time><Position><LatitudeDegrees>30.52589203</LatitudeDegrees><LongitudeDegrees>104.05373876</LongitudeDegrees></Position><AltitudeMeters>436</AltitudeMeters><HeartRateBpm><Value>125</Value></HeartRateBpm></Trackpoint>
<Trackpoint><Time>2024-07-18T23:19:45Z</Time><Position><LatitudeDegrees>30.52588303</LatitudeDegrees><LongitudeDegrees>104.05374109</LongitudeDegrees></Position><AltitudeMeters>436</AltitudeMeters><HeartRateBpm><Value>125</Value></HeartRateBpm></Trackpoint>
<Trackpoint><Time>2024-07-18T23:19:46Z</Time><Position><LatitudeDegrees>30.52582638</LatitudeDegrees><LongitudeDegrees>104.05374342</LongitudeDegrees></Position><AltitudeMeters>436</AltitudeMeters><HeartRateBpm><Value>122</Value></HeartRateBpm></Trackpoint>
<Trackpoint><Time>2024-07-18T23:19:47Z</Time><Position><LatitudeDegrees>30.52582039</LatitudeDegrees><LongitudeDegrees>104.05374375</LongitudeDegrees></Position><AltitudeMeters>436</AltitudeMeters><HeartRateBpm><Value>122</Value></HeartRateBpm></Trackpoint>
<Trackpoint><Time>2024-07-18T23:19:48Z</Time><Position><LatitudeDegrees>30.52581072</LatitudeDegrees><LongitudeDegrees>104.05374508</LongitudeDegrees></Position><AltitudeMeters>436</AltitudeMeters><HeartRateBpm><Value>122</Value></HeartRateBpm></Trackpoint>
<Trackpoint><Time>2024-07-18T23:19:50Z</Time><Position><LatitudeDegrees>30.52579906</LatitudeDegrees><LongitudeDegrees>104.05374673</LongitudeDegrees></Position><AltitudeMeters>436</AltitudeMeters><HeartRateBpm><Value>122</Value></HeartRateBpm></Trackpoint>
<Trackpoint><Time>2024-07-18T23:19:51Z</Time><Position><LatitudeDegrees>30.5257864</LatitudeDegrees><LongitudeDegrees>104.05374873</LongitudeDegrees></Position><AltitudeMeters>436</AltitudeMeters><HeartRateBpm><Value>121</Value></HeartRateBpm></Trackpoint>
<Trackpoint><Time>2024-07-18T23:19:53Z</Time><Position><LatitudeDegrees>30.52573241</LatitudeDegrees><LongitudeDegrees>104.05375839</LongitudeDegrees></Position><AltitudeMeters>436</AltitudeMeters><HeartRateBpm><Value>119</Value></HeartRateBpm></Trackpoint>
<Trackpoint><Time>2024-07-18T23:19:54Z</Time><Position><LatitudeDegrees>30.52572874</LatitudeDegrees><LongitudeDegrees>104.05375839</LongitudeDegrees></Position><AltitudeMeters>436</AltitudeMeters><HeartRateBpm><Value>118</Value></HeartRateBpm></Trackpoint>
<Trackpoint><Time>2024-07-18T23:19:55Z</Time><Position><LatitudeDegrees>30.52569275</LatitudeDegrees><LongitudeDegrees>104.05376339</LongitudeDegrees></Position><AltitudeMeters>436</AltitudeMeters><HeartRateBpm><Value>118</Value></HeartRateBpm></Trackpoint>
<Trackpoint><Time>2024-07-18T23:19:56Z</Time><Position><LatitudeDegrees>30.52568976</LatitudeDegrees><LongitudeDegrees>104.05376438</LongitudeDegrees></Position><AltitudeMeters>436</AltitudeMeters><HeartRateBpm><Value>118</Value></HeartRateBpm></Trackpoint>
<Trackpoint><Time>2024-07-18T23:19:58Z</Time><Position><LatitudeDegrees>30.52568343</LatitudeDegrees><LongitudeDegrees>104.05376637</LongitudeDegrees></Position><AltitudeMeters>436</AltitudeMeters><HeartRateBpm><Value>118</Value></HeartRateBpm></Trackpoint>
<Trackpoint><Time>2024-07-18T23:19:59Z</Time><Position><LatitudeDegrees>30.52567509</LatitudeDegrees><LongitudeDegrees>104.05376904</LongitudeDegrees></Position><AltitudeMeters>436</AltitudeMeters><HeartRateBpm><Value>118</Value></HeartRateBpm></Trackpoint>
<Trackpoint><Time>2024-07-18T23:20:00Z</Time><Position><LatitudeDegrees>30.5256661</LatitudeDegrees><LongitudeDegrees>104.05377204</LongitudeDegrees></Position><AltitudeMeters>436</AltitudeMeters><HeartRateBpm><Value>117</Value></HeartRateBpm></Trackpoint>
<Trackpoint><Time>2024-07-18T23:20:01Z</Time><Position><LatitudeDegrees>30.52565677</LatitudeDegrees><LongitudeDegrees>104.05377604</LongitudeDegrees></Position><AltitudeMeters>436</AltitudeMeters><HeartRateBpm><Value>117</Value></HeartRateBpm></Trackpoint>
<Trackpoint><Time>2024-07-18T23:20:03Z</Time><Position><LatitudeDegrees>30.52562478</LatitudeDegrees><LongitudeDegrees>104.05379836</LongitudeDegrees></Position><AltitudeMeters>436</AltitudeMeters><HeartRateBpm><Value>116</Value></HeartRateBpm></Trackpoint>
<Trackpoint><Time>2024-07-18T23:20:04Z</Time><Position><LatitudeDegrees>30.52562178</LatitudeDegrees><LongitudeDegrees>104.05380036</LongitudeDegrees></Position><AltitudeMeters>436</AltitudeMeters><HeartRateBpm><Value>116</Value></HeartRateBpm></Trackpoint>
<Trackpoint><Time>2024-07-18T23:20:05Z</Time><Position><LatitudeDegrees>30.52561512</LatitudeDegrees><LongitudeDegrees>104.05380402</LongitudeDegrees></Position><AltitudeMeters>436</AltitudeMeters><HeartRateBpm><Value>116</Value></HeartRateBpm></Trackpoint>
<Trackpoint><Time>2024-07-18T23:20:06Z</Time><Position><LatitudeDegrees>30.52560513</LatitudeDegrees><LongitudeDegrees>104.05380868</LongitudeDegrees></Position><AltitudeMeters>436</AltitudeMeters><HeartRateBpm><Value>116</Value></HeartRateBpm></Trackpoint>
<Trackpoint><Time>2024-07-18T23:20:07Z</Time><Position><LatitudeDegrees>30.52559381</LatitudeDegrees><LongitudeDegrees>104.05381467</LongitudeDegrees></Position><AltitudeMeters>436</AltitudeMeters><HeartRateBpm><Value>116</Value></HeartRateBpm></Trackpoint>
<Trackpoint><Time>2024-07-18T23:20:09Z</Time><Position><LatitudeDegrees>30.52554714</LatitudeDegrees><LongitudeDegrees>104.05384333</LongitudeDegrees></Position><AltitudeMeters>436</AltitudeMeters><HeartRateBpm><Value>116</Value></HeartRateBpm></Trackpoint>
<Trackpoint><Time>2024-07-18T23:20:10Z</Time><Position><LatitudeDegrees>30.52554449</LatitudeDegrees><LongitudeDegrees>104.053845</LongitudeDegrees></Position><AltitudeMeters>436</AltitudeMeters><HeartRateBpm><Value>116</Value></HeartRateBpm></Trackpoint>
<Trackpoint><Time>2024-07-18T23:20:11Z</Time><Position><LatitudeDegrees>30.5255395</LatitudeDegrees><LongitudeDegrees>104.05384966</LongitudeDegrees></Position><AltitudeMeters>436</AltitudeMeters><HeartRateBpm><Value>116</Value></HeartRateBpm></Trackpoint>
<Trackpoint><Time>2024-07-18T23:20:12Z</Time><Position><LatitudeDegrees>30.52553283</LatitudeDegrees><LongitudeDegrees>104.05385632</LongitudeDegrees></Position><AltitudeMeters>437</AltitudeMeters><HeartRateBpm><Value>115</Value></HeartRateBpm></Trackpoint>
<Trackpoint><Time>2024-07-18T23:20:13Z</Time><Position><LatitudeDegrees>30.52552651</LatitudeDegrees><LongitudeDegrees>104.05386399</LongitudeDegrees></Position><AltitudeMeters>437</AltitudeMeters><HeartRateBpm><Value>114</Value></HeartRateBpm></Trackpoint>
<Trackpoint><Time>2024-07-18T23:20:15Z</Time><Position><LatitudeDegrees>30.52549817</LatitudeDegrees><LongitudeDegrees>104.05389632</LongitudeDegrees></Position><AltitudeMeters>438</AltitudeMeters><HeartRateBpm><Value>112</Value></HeartRateBpm></Trackpoint>
<Trackpoint><Time>2024-07-18T23:20:17Z</Time><Position><LatitudeDegrees>30.52548051</LatitudeDegrees><LongitudeDegrees>104.05390664</LongitudeDegrees></Position><AltitudeMeters>438</AltitudeMeters><HeartRateBpm><Value>110</Value></HeartRateBpm></Trackpoint>
<Trackpoint><Time>2024-07-18T23:20:19Z</Time><Position><LatitudeDegrees>30.52545752</LatitudeDegrees><LongitudeDegrees>104.05391598</LongitudeDegrees></Position><AltitudeMeters>437</AltitudeMeters><HeartRateBpm><Value>109</Value></HeartRateBpm></Trackpoint>
<Trackpoint><Time>2024-07-18T23:20:20Z</Time><Position><LatitudeDegrees>30.52545552</LatitudeDegrees><LongitudeDegrees>104.05391797</LongitudeDegrees></Position><AltitudeMeters>437</AltitudeMeters><HeartRateBpm><Value>109</Value></HeartRateBpm></Trackpoint>
<Trackpoint><Time>2024-07-18T23:20:21Z</Time><Position><LatitudeDegrees>30.52545285</LatitudeDegrees><LongitudeDegrees>104.05392129</LongitudeDegrees></Position><AltitudeMeters>437</AltitudeMeters><HeartRateBpm><Value>109</Value></HeartRateBpm></Trackpoint>
<Trackpoint><Time>2024-07-18T23:20:22Z</Time><Position><LatitudeDegrees>30.52545053</LatitudeDegrees><LongitudeDegrees>104.05392396</LongitudeDegrees></Position><AltitudeMeters>437</AltitudeMeters><HeartRateBpm><Value>109</Value></HeartRateBpm></Trackpoint>
<Trackpoint><Time>2024-07-18T23:20:23Z</Time><Position><LatitudeDegrees>30.52544919</LatitudeDegrees><LongitudeDegrees>104.05392561</LongitudeDegrees></Position><AltitudeMeters>437</AltitudeMeters><HeartRateBpm><Value>109</Value></HeartRateBpm></Trackpoint>
<Trackpoint><Time>2024-07-18T23:20:25Z</Time><Position><LatitudeDegrees>30.52544553</LatitudeDegrees><LongitudeDegrees>104.05392961</LongitudeDegrees></Position><AltitudeMeters>437</AltitudeMeters><HeartRateBpm><Value>108</Value></HeartRateBpm></Trackpoint>
<Trackpoint><Time>2024-07-18T23:20:26Z</Time><Position><LatitudeDegrees>30.5254452</LatitudeDegrees><LongitudeDegrees>104.05392961</LongitudeDegrees></Position><AltitudeMeters>437</AltitudeMeters><HeartRateBpm><Value>108</Value></HeartRateBpm></Trackpoint>
</Track></Lap>
<Lap StartTime="2024-07-18T23:20:56Z">
<TotalTimeSeconds>369</TotalTimeSeconds><DistanceMeters>1681.25</DistanceMeters><Track>
<Trackpoint><Time>2024-07-18T23:20:56Z</Time><Position><LatitudeDegrees>30.52540954</LatitudeDegrees><LongitudeDegrees>104.0539656</LongitudeDegrees></Position><AltitudeMeters>437</AltitudeMeters><HeartRateBpm><Value>106</Value></HeartRateBpm></Trackpoint>
<Trackpoint><Time>2024-07-18T23:20:57Z</Time><Position><LatitudeDegrees>30.52540221</LatitudeDegrees><LongitudeDegrees>104.05397394</LongitudeDegrees></Position><AltitudeMeters>437</AltitudeMeters><HeartRateBpm><Value>106</Value></HeartRateBpm></Trackpoint>
<Trackpoint><Time>2024-07-18T23:20:58Z</Time><Position><LatitudeDegrees>30.52538821</LatitudeDegrees><LongitudeDegrees>104.05398926</LongitudeDegrees></Position><AltitudeMeters>437</AltitudeMeters><HeartRateBpm><Value>106</Value></HeartRateBpm></Trackpoint>
<Trackpoint><Time>2024-07-18T23:20:58Z</Time><Position><LatitudeDegrees>30.52536922</LatitudeDegrees><LongitudeDegrees>104.05400859</LongitudeDegrees></Position><AltitudeMeters>437</AltitudeMeters><HeartRateBpm><Value>106</Value></HeartRateBpm></Trackpoint>
<Trackpoint><Time>2024-07-18T23:20:59Z</Time><Position><LatitudeDegrees>30.52525357</LatitudeDegrees><LongitudeDegrees>104.05410058</LongitudeDegrees></Position><AltitudeMeters>437</AltitudeMeters><HeartRateBpm><Value>105</Value></HeartRateBpm></Trackpoint>
<Trackpoint><Time>2024-07-18T23:21:01Z</Time><Position><LatitudeDegrees>30.52524323</LatitudeDegrees><LongitudeDegrees>104.05410325</LongitudeDegrees></Position><AltitudeMeters>437</AltitudeMeters><HeartRateBpm><Value>105</Value></HeartRateBpm></Trackpoint>
<Trackpoint><Time>2024-07-18T23:21:02Z</Time><Position><LatitudeDegrees>30.52522391</LatitudeDegrees><LongitudeDegrees>104.05410625</LongitudeDegrees></Position><AltitudeMeters>436</AltitudeMeters><HeartRateBpm><Value>105</Value></HeartRateBpm></Trackpoint>
<Trackpoint><Time>2024-07-18T23:21:03Z</Time><Position><LatitudeDegrees>30.52519758</LatitudeDegrees><LongitudeDegrees>104.05410758</LongitudeDegrees></Position><AltitudeMeters>436</AltitudeMeters><HeartRateBpm><Value>106</Value></HeartRateBpm></Trackpoint>
<Trackpoint><Time>2024-07-18T23:21:04Z</Time><Position><LatitudeDegrees>30.52516724</LatitudeDegrees><LongitudeDegrees>104.05410824</LongitudeDegrees></Position><AltitudeMeters>436</AltitudeMeters><HeartRateBpm><Value>106</Value></HeartRateBpm></Trackpoint>
<Trackpoint><Time>2024-07-18T23:21:06Z</Time><Position><LatitudeDegrees>30.52501325</LatitudeDegrees><LongitudeDegrees>104.05414556</LongitudeDegrees></Position><AltitudeMeters>436</AltitudeMeters><HeartRateBpm><Value>107</Value></HeartRateBpm></Trackpoint>
<Trackpoint><Time>2024-07-18T23:21:07Z</Time><Position><LatitudeDegrees>30.52500426</LatitudeDegrees><LongitudeDegrees>104.05415456</LongitudeDegrees></Position><AltitudeMeters>436</AltitudeMeters><HeartRateBpm><Value>107</Value></HeartRateBpm></Trackpoint>
<Trackpoint><Time>2024-07-18T23:21:08Z</Time><Position><LatitudeDegrees>30.52498793</LatitudeDegrees><LongitudeDegrees>104.05417155</LongitudeDegrees></Position><AltitudeMeters>436</AltitudeMeters><HeartRateBpm><Value>108</Value></HeartRateBpm></Trackpoint>
<Trackpoint><Time>2024-07-18T23:21:09Z</Time><Position><LatitudeDegrees>30.5249646</LatitudeDegrees><LongitudeDegrees>104.05419654</LongitudeDegrees></Position><AltitudeMeters>436</AltitudeMeters><HeartRateBpm><Value>108</Value></HeartRateBpm></Trackpoint>
<Trackpoint><Time>2024-07-18T23:21:10Z</Time><Position><LatitudeDegrees>30.52493727</LatitudeDegrees><LongitudeDegrees>104.05422554</LongitudeDegrees></Position><AltitudeMeters>436</AltitudeMeters><HeartRateBpm><Value>108</Value></HeartRateBpm></Trackpoint>
<Trackpoint><Time>2024-07-18T23:21:12Z</Time><Position><LatitudeDegrees>30.52480394</LatitudeDegrees><LongitudeDegrees>104.05438553</LongitudeDegrees></Position><AltitudeMeters>436</AltitudeMeters><HeartRateBpm><Value>108</Value></HeartRateBpm></Trackpoint>
<Trackpoint><Time>2024-07-18T23:21:14Z</Time><Position><LatitudeDegrees>30.52470762</LatitudeDegrees><LongitudeDegrees>104.05451387</LongitudeDegrees></Position><AltitudeMeters>435</AltitudeMeters><HeartRateBpm><Value>109</Value></HeartRateBpm></Trackpoint>
<Trackpoint><Time>2024-07-18T23:21:15Z</Time><Position><LatitudeDegrees>30.52469528</LatitudeDegrees><LongitudeDegrees>104.05453053</LongitudeDegrees></Position><AltitudeMeters>435</AltitudeMeters><HeartRateBpm><Value>109</Value></HeartRateBpm></Trackpoint>
<Trackpoint><Time>2024-07-18T23:21:16Z</Time><Position><LatitudeDegrees>30.52466863</LatitudeDegrees><LongitudeDegrees>104.05456419</LongitudeDegrees></Position><AltitudeMeters>435</AltitudeMeters><HeartRateBpm><Value>109</Value></HeartRateBpm></Trackpoint>
<Trackpoint><Time>2024-07-18T23:21:17Z</Time><Position><LatitudeDegrees>30.52463663</LatitudeDegrees><LongitudeDegrees>104.05461251</LongitudeDegrees></Position><AltitudeMeters>435</AltitudeMeters><HeartRateBpm><Value>108</Value></HeartRateBpm></Trackpoint>
<Trackpoint><Time>2024-07-18T23:21:18Z</Time><Position><LatitudeDegrees>30.52460397</LatitudeDegrees><LongitudeDegrees>104.05467085</LongitudeDegrees></Position><AltitudeMeters>435</AltitudeMeters><HeartRateBpm><Value>108</Value></HeartRateBpm></Trackpoint>
<Trackpoint><Time>2024-07-18T23:21:19Z</Time><Position><LatitudeDegrees>30.52457231</LatitudeDegrees><LongitudeDegrees>104.05473484</LongitudeDegrees></Position><AltitudeMeters>435</AltitudeMeters><HeartRateBpm><Value>108</Value></HeartRateBpm></Trackpoint>
<Trackpoint><Time>2024-07-18T23:21:20Z</Time><Position><LatitudeDegrees>30.52454965</LatitudeDegrees><LongitudeDegrees>104.05480283</LongitudeDegrees></Position><AltitudeMeters>435</AltitudeMeters><HeartRateBpm><Value>108</Value></HeartRateBpm></Trackpoint>
<Trackpoint><Time>2024-07-18T23:21:21Z</Time><Position><LatitudeDegrees>30.52453599</LatitudeDegrees><LongitudeDegrees>104.05487216</LongitudeDegrees></Position><AltitudeMeters>435</AltitudeMeters><HeartRateBpm><Value>108</Value></HeartRateBpm></Trackpoint>
<Trackpoint><Time>2024-07-18T23:21:22Z</Time><Position><LatitudeDegrees>30.52452366</LatitudeDegrees><LongitudeDegrees>104.05494348</LongitudeDegrees></Position><AltitudeMeters>435</AltitudeMeters><HeartRateBpm><Value>108</Value></HeartRateBpm></Trackpoint>
<Trackpoint><Time>2024-07-18T23:21:23Z</Time><Position><LatitudeDegrees>30.52452033</LatitudeDegrees><LongitudeDegrees>104.05500948</LongitudeDegrees></Position><AltitudeMeters>435</AltitudeMeters><HeartRateBpm><Value>109</Value></HeartRateBpm></Trackpoint>
<Trackpoint><Time>2024-07-18T23:21:24Z</Time><Position><LatitudeDegrees>30.52451</LatitudeDegrees><LongitudeDegrees>104.05507415</LongitudeDegrees></Position><AltitudeMeters>435</AltitudeMeters><HeartRateBpm><Value>109</Value></HeartRateBpm></Trackpoint>
<Trackpoint><Time>2024-07-18T23:21:26Z</Time><Position><LatitudeDegrees>30.52444501</LatitudeDegrees><LongitudeDegrees>104.05532047</LongitudeDegrees></Position><AltitudeMeters>434</AltitudeMeters><HeartRateBpm><Value>107</Value></HeartRateBpm></Trackpoint>
<Trackpoint><Time>2024-07-18T23:21:28Z</Time><Position><LatitudeDegrees>30.52438201</LatitudeDegrees><LongitudeDegrees>104.05540114</LongitudeDegrees></Position><AltitudeMeters>434</AltitudeMeters><HeartRateBpm><Value>105</Value></HeartRateBpm></Trackpoint>
<Trackpoint><Time>2024-07-18T23:21:30Z</Time><Position><LatitudeDegrees>30.52431034</LatitudeDegrees><LongitudeDegrees>104.05549213</LongitudeDegrees></Position><AltitudeMeters>434</AltitudeMeters><HeartRateBpm><Value>104</Value></HeartRateBpm></Trackpoint>
<Trackpoint><Time>2024-07-18T23:21:31Z</Time><Position><LatitudeDegrees>30.52430269</LatitudeDegrees><LongitudeDegrees>104.05550313</LongitudeDegrees></Position><AltitudeMeters>434</AltitudeMeters><HeartRateBpm><Value>104</Value></HeartRateBpm></Trackpoint>
<Trackpoint><Time>2024-07-18T23:21:32Z</Time><Position><LatitudeDegrees>30.52421236</LatitudeDegrees><LongitudeDegrees>104.05562113</LongitudeDegrees></Position><AltitudeMeters>434</AltitudeMeters><HeartRateBpm><Value>104</Value></HeartRateBpm></Trackpoint>
<Trackpoint><Time>2024-07-18T23:21:34Z</Time><Position><LatitudeDegrees>30.52420503</LatitudeDegrees><LongitudeDegrees>104.0556328</LongitudeDegrees></Position><AltitudeMeters>434</AltitudeMeters><HeartRateBpm><Value>104</Value></HeartRateBpm></Trackpoint>
<Trackpoint><Time>2024-07-18T23:21:35Z</Time><Position><LatitudeDegrees>30.52418871</LatitudeDegrees><LongitudeDegrees>104.05565512</LongitudeDegrees></Position><AltitudeMeters>434</AltitudeMeters><HeartRateBpm><Value>104</Value></HeartRateBpm></Trackpoint>
<Trackpoint><Time>2024-07-18T23:21:36Z</Time><Position><LatitudeDegrees>30.52417204</LatitudeDegrees><LongitudeDegrees>104.05568979</LongitudeDegrees></Position><AltitudeMeters>434</AltitudeMeters><HeartRateBpm><Value>105</Value></HeartRateBpm></Trackpoint>
<Trackpoint><Time>2024-07-18T23:21:37Z</Time><Position><LatitudeDegrees>30.52415104</LatitudeDegrees><LongitudeDegrees>104.05573078</LongitudeDegrees></Position><AltitudeMeters>434</AltitudeMeters><HeartRateBpm><Value>105</Value></HeartRateBpm></Trackpoint>
<Trackpoint><Time>2024-07-18T23:21:38Z</Time><Position><LatitudeDegrees>30.52413072</LatitudeDegrees><LongitudeDegrees>104.05577611</LongitudeDegrees></Position><AltitudeMeters>434</AltitudeMeters><HeartRateBpm><Value>105</Value></HeartRateBpm></Trackpoint>
<Trackpoint><Time>2024-07-18T23:21:40Z</Time><Position><LatitudeDegrees>30.52405505</LatitudeDegrees><LongitudeDegrees>104.05598043</LongitudeDegrees></Position><AltitudeMeters>434</AltitudeMeters><HeartRateBpm><Value>108</Value></HeartRateBpm></Trackpoint>
<Trackpoint><Time>2024-07-18T23:21:41Z</Time><Position><LatitudeDegrees>30.52405172</LatitudeDegrees><LongitudeDegrees>104.05599043</LongitudeDegrees></Position><AltitudeMeters>434</AltitudeMeters><HeartRateBpm><Value>107</Value></HeartRateBpm></Trackpoint>
<Trackpoint><Time>2024-07-18T23:21:42Z</Time><Position><LatitudeDegrees>30.52404605</LatitudeDegrees><LongitudeDegrees>104.05601243</LongitudeDegrees></Position><AltitudeMeters>431</AltitudeMeters><HeartRateBpm><Value>107</Value></HeartRateBpm></Trackpoint>
<Trackpoint><Time>2024-07-18T23:21:44Z</Time><Position><LatitudeDegrees>30.52400506</LatitudeDegrees><LongitudeDegrees>104.05615143</LongitudeDegrees></Position><AltitudeMeters>431</AltitudeMeters><HeartRateBpm><Value>104</Value></HeartRateBpm></Trackpoint>
<Trackpoint><Time>2024-07-18T23:21:46Z</Time><Position><LatitudeDegrees>30.52395606</LatitudeDegrees><LongitudeDegrees>104.05620876</LongitudeDegrees></Position><AltitudeMeters>430</AltitudeMeters><HeartRateBpm><Value>103</Value></HeartRateBpm></Trackpoint>
<Trackpoint><Time>2024-07-18T23:21:48Z</Time><Position><LatitudeDegrees>30.52392807</LatitudeDegrees><LongitudeDegrees>104.05626942</LongitudeDegrees></Position><AltitudeMeters>430</AltitudeMeters><HeartRateBpm><Value>99</Value></HeartRateBpm></Trackpoint>
<Trackpoint><Time>2024-07-18T23:21:49Z</Time><Position><LatitudeDegrees>30.52392207</LatitudeDegrees><LongitudeDegrees>104.05627608</LongitudeDegrees></Position><AltitudeMeters>430</AltitudeMeters><HeartRateBpm><Value>99</Value></HeartRateBpm></Trackpoint>
<Trackpoint><Time>2024-07-18T23:21:50Z</Time><Position><LatitudeDegrees>30.52391041</LatitudeDegrees><LongitudeDegrees>104.05628775</LongitudeDegrees></Position><AltitudeMeters>430</AltitudeMeters><HeartRateBpm><Value>100</Value></HeartRateBpm></Trackpoint>
<Trackpoint><Time>2024-07-18T23:21:51Z</Time><Position><LatitudeDegrees>30.52389342</LatitudeDegrees><LongitudeDegrees>104.05629707</LongitudeDegrees></Position><AltitudeMeters>430</AltitudeMeters><HeartRateBpm><Value>100</Value></HeartRateBpm></Trackpoint>
<Trackpoint><Time>2024-07-18T23:21:52Z</Time><Position><LatitudeDegrees>30.52386343</LatitudeDegrees><LongitudeDegrees>104.05629906</LongitudeDegrees></Position><AltitudeMeters>430</AltitudeMeters><HeartRateBpm><Value>101</Value></HeartRateBpm></Trackpoint>
<Trackpoint><Time>2024-07-18T23:21:54Z</Time><Position><LatitudeDegrees>30.52370144</LatitudeDegrees><LongitudeDegrees>104.0562784</LongitudeDegrees></Position><AltitudeMeters>430</AltitudeMeters><HeartRateBpm><Value>101</Value></HeartRateBpm></Trackpoint>
<Trackpoint><Time>2024-07-18T23:21:55Z</Time><Position><LatitudeDegrees>30.52368978</LatitudeDegrees><LongitudeDegrees>104.05628307</LongitudeDegrees></Position><AltitudeMeters>431</AltitudeMeters><HeartRateBpm><Value>102</Value></HeartRateBpm></Trackpoint>
<Trackpoint><Time>2024-07-18T23:21:56Z</Time><Position><LatitudeDegrees>30.52366645</LatitudeDegrees><LongitudeDegrees>104.05629373</LongitudeDegrees></Position><AltitudeMeters>431</AltitudeMeters><HeartRateBpm><Value>102</Value></HeartRateBpm></Trackpoint>
<Trackpoint><Time>2024-07-18T23:21:57Z</Time><Position><LatitudeDegrees>30.52363712</LatitudeDegrees><LongitudeDegrees>104.05630805</LongitudeDegrees></Position><AltitudeMeters>430</AltitudeMeters><HeartRateBpm><Value>102</Value></HeartRateBpm></Trackpoint>
<Trackpoint><Time>2024-07-18T23:21:58Z</Time><Position><LatitudeDegrees>30.52360212</LatitudeDegrees><LongitudeDegrees>104.05632237</LongitudeDegrees></Position><AltitudeMeters>430</AltitudeMeters><HeartRateBpm><Value>102</Value></HeartRateBpm></Trackpoint>
<Trackpoint><Time>2024-07-18T23:22:00Z</Time><Position><LatitudeDegrees>30.5234458</LatitudeDegrees><LongitudeDegrees>104.05634137</LongitudeDegrees></Position><AltitudeMeters>430</AltitudeMeters><HeartRateBpm><Value>103</Value></HeartRateBpm></Trackpoint>
<Trackpoint><Time>2024-07-18T23:22:01Z</Time><Position><LatitudeDegrees>30.52343813</LatitudeDegrees><LongitudeDegrees>104.05633971</LongitudeDegrees></Position><AltitudeMeters>430</AltitudeMeters><HeartRateBpm><Value>103</Value></HeartRateBpm></Trackpoint>
<Trackpoint><Time>2024-07-18T23:22:03Z</Time><Position><LatitudeDegrees>30.52335081</LatitudeDegrees><LongitudeDegrees>104.05631672</LongitudeDegrees></Position><AltitudeMeters>430</AltitudeMeters><HeartRateBpm><Value>103</Value></HeartRateBpm></Trackpoint>
<Trackpoint><Time>2024-07-18T23:22:04Z</Time><Position><LatitudeDegrees>30.52334381</LatitudeDegrees><LongitudeDegrees>104.05631272</LongitudeDegrees></Position><AltitudeMeters>430</AltitudeMeters><HeartRateBpm><Value>103</Value></HeartRateBpm></Trackpoint>
<Trackpoint><Time>2024-07-18T23:22:06Z</Time><Position><LatitudeDegrees>30.52326282</LatitudeDegrees><LongitudeDegrees>104.05629106</LongitudeDegrees></Position><AltitudeMeters>431</AltitudeMeters><HeartRateBpm><Value>100</Value></HeartRateBpm></Trackpoint>
<Trackpoint><Time>2024-07-18T23:22:07Z</Time><Position><LatitudeDegrees>30.52322548</LatitudeDegrees><LongitudeDegrees>104.05634339</LongitudeDegrees></Position><AltitudeMeters>431</AltitudeMeters><HeartRateBpm><Value>100</Value></HeartRateBpm></Trackpoint>
<Trackpoint><Time>2024-07-18T23:22:08Z</Time><Position><LatitudeDegrees>30.52322183</LatitudeDegrees><LongitudeDegrees>104.05634972</LongitudeDegrees></Position><AltitudeMeters>431</AltitudeMeters><HeartRateBpm><Value>100</Value></HeartRateBpm></Trackpoint>
<Trackpoint><Time>2024-07-18T23:22:10Z</Time><Position><LatitudeDegrees>30.52321283</LatitudeDegrees><LongitudeDegrees>104.05636104</LongitudeDegrees></Position><AltitudeMeters>431</AltitudeMeters><HeartRateBpm><Value>100</Value></HeartRateBpm></Trackpoint>
<Trackpoint><Time>2024-07-18T23:22:11Z</Time><Position><LatitudeDegrees>30.52314617</LatitudeDegrees><LongitudeDegrees>104.05641371</LongitudeDegrees></Position><AltitudeMeters>430</AltitudeMeters><HeartRateBpm><Value>100</Value></HeartRateBpm></Trackpoint>
<Trackpoint><Time>2024-07-18T23:22:12Z</Time><Position><LatitudeDegrees>30.52314018</LatitudeDegrees><LongitudeDegrees>104.05641504</LongitudeDegrees></Position><AltitudeMeters>430</AltitudeMeters><HeartRateBpm><Value>99</Value></HeartRateBpm></Trackpoint>
<Trackpoint><Time>2024-07-18T23:22:14Z</Time><Position><LatitudeDegrees>30.52312718</LatitudeDegrees><LongitudeDegrees>104.05641671</LongitudeDegrees></Position><AltitudeMeters>430</AltitudeMeters><HeartRateBpm><Value>99</Value></HeartRateBpm></Trackpoint>
<Trackpoint><Time>2024-07-18T23:22:15Z</Time><Position><LatitudeDegrees>30.52310819</LatitudeDegrees><LongitudeDegrees>104.05641604</LongitudeDegrees></Position><AltitudeMeters>430</AltitudeMeters><HeartRateBpm><Value>99</Value></HeartRateBpm></Trackpoint>
<Trackpoint><Time>2024-07-18T23:22:16Z</Time><Position><LatitudeDegrees>30.5230842</LatitudeDegrees><LongitudeDegrees>104.05641005</LongitudeDegrees></Position><AltitudeMeters>430</AltitudeMeters><HeartRateBpm><Value>99</Value></HeartRateBpm></Trackpoint>
<Trackpoint><Time>2024-07-18T23:22:17Z</Time><Position><LatitudeDegrees>30.52305787</LatitudeDegrees><LongitudeDegrees>104.05639772</LongitudeDegrees></Position><AltitudeMeters>430</AltitudeMeters><HeartRateBpm><Value>99</Value></HeartRateBpm></Trackpoint>
<Trackpoint><Time>2024-07-18T23:22:18Z</Time><Position><LatitudeDegrees>30.52303253</LatitudeDegrees><LongitudeDegrees>104.05637839</LongitudeDegrees></Position><AltitudeMeters>430</AltitudeMeters><HeartRateBpm><Value>99</Value></HeartRateBpm></Trackpoint>
<Trackpoint><Time>2024-07-18T23:22:19Z</Time><Position><LatitudeDegrees>30.52301153</LatitudeDegrees><LongitudeDegrees>104.05635374</LongitudeDegrees></Position><AltitudeMeters>430</AltitudeMeters><HeartRateBpm><Value>100</Value></HeartRateBpm></Trackpoint>
<Trackpoint><Time>2024-07-18T23:22:20Z</Time><Position><LatitudeDegrees>30.52299521</LatitudeDegrees><LongitudeDegrees>104.05632574</LongitudeDegrees></Position><AltitudeMeters>430</AltitudeMeters><HeartRateBpm><Value>100</Value></HeartRateBpm></Trackpoint>
<Trackpoint><Time>2024-07-18T23:22:21Z</Time><Position><LatitudeDegrees>30.52298154</LatitudeDegrees><LongitudeDegrees>104.0562974</LongitudeDegrees></Position><AltitudeMeters>430</AltitudeMeters><HeartRateBpm><Value>101</Value></HeartRateBpm></Trackpoint>
<Trackpoint><Time>2024-07-18T23:22:22Z</Time><Position><LatitudeDegrees>30.52296722</LatitudeDegrees><LongitudeDegrees>104.0562704</LongitudeDegrees></Position><AltitudeMeters>430</AltitudeMeters><HeartRateBpm><Value>102</Value></HeartRateBpm></Trackpoint>
<Trackpoint><Time>2024-07-18T23:22:23Z</Time><Position><LatitudeDegrees>30.52294955</LatitudeDegrees><LongitudeDegrees>104.05624675</LongitudeDegrees></Position><AltitudeMeters>430</AltitudeMeters><HeartRateBpm><Value>102</Value></HeartRateBpm></Trackpoint>
<Trackpoint><Time>2024-07-18T23:22:24Z</Time><Position><LatitudeDegrees>30.52285756</LatitudeDegrees><LongitudeDegrees>104.05617708</LongitudeDegrees></Position><AltitudeMeters>430</AltitudeMeters><HeartRateBpm><Value>103</Value></HeartRateBpm></Trackpoint>
<Trackpoint><Time>2024-07-18T23:22:26Z</Time><Position><LatitudeDegrees>30.52285324</LatitudeDegrees><LongitudeDegrees>104.05617441</LongitudeDegrees></Position><AltitudeMeters>430</AltitudeMeters><HeartRateBpm><Value>104</Value></HeartRateBpm></Trackpoint>
<Trackpoint><Time>2024-07-18T23:22:27Z</Time><Position><LatitudeDegrees>30.52284591</LatitudeDegrees><LongitudeDegrees>104.05616509</LongitudeDegrees></Position><AltitudeMeters>431</AltitudeMeters><HeartRateBpm><Value>104</Value></HeartRateBpm></Trackpoint>
<Trackpoint><Time>2024-07-18T23:22:28Z</Time><Position><LatitudeDegrees>30.52279625</LatitudeDegrees><LongitudeDegrees>104.05605976</LongitudeDegrees></Position><AltitudeMeters>431</AltitudeMeters><HeartRateBpm><Value>104</Value></HeartRateBpm></Trackpoint>
<Trackpoint><Time>2024-07-18T23:22:30Z</Time><Position><LatitudeDegrees>30.52279058</LatitudeDegrees><LongitudeDegrees>104.05605043</LongitudeDegrees></Position><AltitudeMeters>431</AltitudeMeters><HeartRateBpm><Value>104</Value></HeartRateBpm></Trackpoint>
<Trackpoint><Time>2024-07-18T23:22:32Z</Time><Position><LatitudeDegrees>30.52270058</LatitudeDegrees><LongitudeDegrees>104.0559781</LongitudeDegrees></Position><AltitudeMeters>431</AltitudeMeters><HeartRateBpm><Value>105</Value></HeartRateBpm></Trackpoint>
<Trackpoint><Time>2024-07-18T23:22:34Z</Time><Position><LatitudeDegrees>30.52261358</LatitudeDegrees><LongitudeDegrees>104.05597144</LongitudeDegrees></Position><AltitudeMeters>431</AltitudeMeters><HeartRateBpm><Value>103</Value></HeartRateBpm></Trackpoint>
<Trackpoint><Time>2024-07-18T23:22:35Z</Time><Position><LatitudeDegrees>30.52250692</LatitudeDegrees><LongitudeDegrees>104.05598411</LongitudeDegrees></Position><AltitudeMeters>431</AltitudeMeters><HeartRateBpm><Value>103</Value></HeartRateBpm></Trackpoint>
<Trackpoint><Time>2024-07-18T23:22:37Z</Time><Position><LatitudeDegrees>30.52249593</LatitudeDegrees><LongitudeDegrees>104.05598411</LongitudeDegrees></Position><AltitudeMeters>431</AltitudeMeters><HeartRateBpm><Value>103</Value></HeartRateBpm></Trackpoint>
<Trackpoint><Time>2024-07-18T23:22:38Z</Time><Position><LatitudeDegrees>30.52247293</LatitudeDegrees><LongitudeDegrees>104.05598411</LongitudeDegrees></Position><AltitudeMeters>431</AltitudeMeters><HeartRateBpm><Value>103</Value></HeartRateBpm></Trackpoint>
<Trackpoint><Time>2024-07-18T23:22:40Z</Time><Position><LatitudeDegrees>30.5223346</LatitudeDegrees><LongitudeDegrees>104.05597711</LongitudeDegrees></Position><AltitudeMeters>431</AltitudeMeters><HeartRateBpm><Value>103</Value></HeartRateBpm></Trackpoint>
<Trackpoint><Time>2024-07-18T23:22:41Z</Time><Position><LatitudeDegrees>30.52232495</LatitudeDegrees><LongitudeDegrees>104.05597612</LongitudeDegrees></Position><AltitudeMeters>431</AltitudeMeters><HeartRateBpm><Value>103</Value></HeartRateBpm></Trackpoint>
<Trackpoint><Time>2024-07-18T23:22:42Z</Time><Position><LatitudeDegrees>30.52220862</LatitudeDegrees><LongitudeDegrees>104.0559618</LongitudeDegrees></Position><AltitudeMeters>431</AltitudeMeters><HeartRateBpm><Value>103</Value></HeartRateBpm></Trackpoint>
<Trackpoint><Time>2024-07-18T23:22:44Z</Time><Position><LatitudeDegrees>30.52219729</LatitudeDegrees><LongitudeDegrees>104.0559588</LongitudeDegrees></Position><AltitudeMeters>431</AltitudeMeters><HeartRateBpm><Value>103</Value></HeartRateBpm></Trackpoint>
<Trackpoint><Time>2024-07-18T23:22:46Z</Time><Position><LatitudeDegrees>30.52206397</LatitudeDegrees><LongitudeDegrees>104.05593581</LongitudeDegrees></Position><AltitudeMeters>431</AltitudeMeters><HeartRateBpm><Value>105</Value></HeartRateBpm></Trackpoint>
<Trackpoint><Time>2024-07-18T23:22:47Z</Time><Position><LatitudeDegrees>30.52205463</LatitudeDegrees><LongitudeDegrees>104.05593314</LongitudeDegrees></Position><AltitudeMeters>431</AltitudeMeters><HeartRateBpm><Value>105</Value></HeartRateBpm></Trackpoint>
<Trackpoint><Time>2024-07-18T23:22:48Z</Time><Position><LatitudeDegrees>30.52203431</LatitudeDegrees><LongitudeDegrees>104.05592782</LongitudeDegrees></Position><AltitudeMeters>431</AltitudeMeters><HeartRateBpm><Value>105</Value></HeartRateBpm></Trackpoint>
<Trackpoint><Time>2024-07-18T23:22:49Z</Time><Position><LatitudeDegrees>30.52200465</LatitudeDegrees><LongitudeDegrees>104.05592216</LongitudeDegrees></Position><AltitudeMeters>431</AltitudeMeters><HeartRateBpm><Value>105</Value></HeartRateBpm></Trackpoint>
<Trackpoint><Time>2024-07-18T23:22:50Z</Time><Position><LatitudeDegrees>30.52197299</LatitudeDegrees><LongitudeDegrees>104.05591549</LongitudeDegrees></Position><AltitudeMeters>431</AltitudeMeters><HeartRateBpm><Value>105</Value></HeartRateBpm></Trackpoint>
<Trackpoint><Time>2024-07-18T23:22:52Z</Time><Position><LatitudeDegrees>30.52181399</LatitudeDegrees><LongitudeDegrees>104.05588184</LongitudeDegrees></Position><AltitudeMeters>431</AltitudeMeters><HeartRateBpm><Value>105</Value></HeartRateBpm></Trackpoint>
<Trackpoint><Time>2024-07-18T23:22:54Z</Time><Position><LatitudeDegrees>30.52171332</LatitudeDegrees><LongitudeDegrees>104.0559095</LongitudeDegrees></Position><AltitudeMeters>431</AltitudeMeters><HeartRateBpm><Value>105</Value></HeartRateBpm></Trackpoint>
<Trackpoint><Time>2024-07-18T23:22:56Z</Time><Position><LatitudeDegrees>30.52162033</LatitudeDegrees><LongitudeDegrees>104.05588717</LongitudeDegrees></Position><AltitudeMeters>431</AltitudeMeters><HeartRateBpm><Value>105</Value></HeartRateBpm></Trackpoint>
<Trackpoint><Time>2024-07-18T23:22:58Z</Time><Position><LatitudeDegrees>30.52152167</LatitudeDegrees><LongitudeDegrees>104.05585818</LongitudeDegrees></Position><AltitudeMeters>431</AltitudeMeters><HeartRateBpm><Value>105</Value></HeartRateBpm></Trackpoint>
<Trackpoint><Time>2024-07-18T23:22:59Z</Time><Position><LatitudeDegrees>30.52150801</LatitudeDegrees><LongitudeDegrees>104.05585418</LongitudeDegrees></Position><AltitudeMeters>431</AltitudeMeters><HeartRateBpm><Value>106</Value></HeartRateBpm></Trackpoint>
<Trackpoint><Time>2024-07-18T23:23:00Z</Time><Position><LatitudeDegrees>30.52148102</LatitudeDegrees><LongitudeDegrees>104.05584752</LongitudeDegrees></Position><AltitudeMeters>431</AltitudeMeters><HeartRateBpm><Value>105</Value></HeartRateBpm></Trackpoint>
<Trackpoint><Time>2024-07-18T23:23:02Z</Time><Position><LatitudeDegrees>30.52130503</LatitudeDegrees><LongitudeDegrees>104.0558102</LongitudeDegrees></Position><AltitudeMeters>431</AltitudeMeters><HeartRateBpm><Value>105</Value></HeartRateBpm></Trackpoint>
<Trackpoint><Time>2024-07-18T23:23:04Z</Time><Position><LatitudeDegrees>30.52120403</LatitudeDegrees><LongitudeDegrees>104.05581419</LongitudeDegrees></Position><AltitudeMeters>431</AltitudeMeters><HeartRateBpm><Value>108</Value></HeartRateBpm></Trackpoint>
<Trackpoint><Time>2024-07-18T23:23:05Z</Time><Position><LatitudeDegrees>30.5211927</LatitudeDegrees><LongitudeDegrees>104.0558112</LongitudeDegrees></Position><AltitudeMeters>431</AltitudeMeters><HeartRateBpm><Value>108</Value></HeartRateBpm></Trackpoint>
<Trackpoint><Time>2024-07-18T23:23:06Z</Time><Position><LatitudeDegrees>30.52117037</LatitudeDegrees><LongitudeDegrees>104.05580754</LongitudeDegrees></Position><AltitudeMeters>431</AltitudeMeters><HeartRateBpm><Value>109</Value></HeartRateBpm></Trackpoint>
<Trackpoint><Time>2024-07-18T23:23:08Z</Time><Position><LatitudeDegrees>30.52102737</LatitudeDegrees><LongitudeDegrees>104.05577355</LongitudeDegrees></Position><AltitudeMeters>431</AltitudeMeters><HeartRateBpm><Value>109</Value></HeartRateBpm></Trackpoint>
<Trackpoint><Time>2024-07-18T23:23:09Z</Time><Position><LatitudeDegrees>30.5210147</LatitudeDegrees><LongitudeDegrees>104.05576955</LongitudeDegrees></Position><AltitudeMeters>431</AltitudeMeters><HeartRateBpm><Value>109</Value></HeartRateBpm></Trackpoint>
<Trackpoint><Time>2024-07-18T23:23:10Z</Time><Position><LatitudeDegrees>30.52089871</LatitudeDegrees><LongitudeDegrees>104.05574989</LongitudeDegrees></Position><AltitudeMeters>431</AltitudeMeters><HeartRateBpm><Value>109</Value></HeartRateBpm></Trackpoint>
<Trackpoint><Time>2024-07-18T23:23:12Z</Time><Position><LatitudeDegrees>30.52089105</LatitudeDegrees><LongitudeDegrees>104.05574923</LongitudeDegrees></Position><AltitudeMeters>430</AltitudeMeters><HeartRateBpm><Value>109</Value></HeartRateBpm></Trackpoint>
<Trackpoint><Time>2024-07-18T23:23:13Z</Time><Position><LatitudeDegrees>30.52087772</LatitudeDegrees><LongitudeDegrees>104.05574156</LongitudeDegrees></Position><AltitudeMeters>430</AltitudeMeters><HeartRateBpm><Value>109</Value></HeartRateBpm></Trackpoint>
<Trackpoint><Time>2024-07-18T23:23:14Z</Time><Position><LatitudeDegrees>30.52085872</LatitudeDegrees><LongitudeDegrees>104.05573056</LongitudeDegrees></Position><AltitudeMeters>430</AltitudeMeters><HeartRateBpm><Value>109</Value></HeartRateBpm></Trackpoint>
<Trackpoint><Time>2024-07-18T23:23:16Z</Time><Position><LatitudeDegrees>30.52075107</LatitudeDegrees><LongitudeDegrees>104.0556979</LongitudeDegrees></Position><AltitudeMeters>430</AltitudeMeters><HeartRateBpm><Value>108</Value></HeartRateBpm></Trackpoint>
<Trackpoint><Time>2024-07-18T23:23:17Z</Time><Position><LatitudeDegrees>30.52074207</LatitudeDegrees><LongitudeDegrees>104.05569855</LongitudeDegrees></Position><AltitudeMeters>430</AltitudeMeters><HeartRateBpm><Value>107</Value></HeartRateBpm></Trackpoint>
<Trackpoint><Time>2024-07-18T23:23:18Z</Time><Position><LatitudeDegrees>30.52072208</LatitudeDegrees><LongitudeDegrees>104.05570189</LongitudeDegrees></Position><AltitudeMeters>430</AltitudeMeters><HeartRateBpm><Value>107</Value></HeartRateBpm></Trackpoint>
<Trackpoint><Time>2024-07-18T23:23:19Z</Time><Position><LatitudeDegrees>30.52069775</LatitudeDegrees><LongitudeDegrees>104.05571255</LongitudeDegrees></Position><AltitudeMeters>431</AltitudeMeters><HeartRateBpm><Value>107</Value></HeartRateBpm></Trackpoint>
<Trackpoint><Time>2024-07-18T23:23:20Z</Time><Position><LatitudeDegrees>30.52067709</LatitudeDegrees><LongitudeDegrees>104.05573154</LongitudeDegrees></Position><AltitudeMeters>431</AltitudeMeters><HeartRateBpm><Value>107</Value></HeartRateBpm></Trackpoint>
<Trackpoint><Time>2024-07-18T23:23:21Z</Time><Position><LatitudeDegrees>30.52066042</LatitudeDegrees><LongitudeDegrees>104.05575587</LongitudeDegrees></Position><AltitudeMeters>431</AltitudeMeters><HeartRateBpm><Value>106</Value></HeartRateBpm></Trackpoint>
<Trackpoint><Time>2024-07-18T23:23:22Z</Time><Position><LatitudeDegrees>30.52064443</LatitudeDegrees><LongitudeDegrees>104.05578287</LongitudeDegrees></Position><AltitudeMeters>431</AltitudeMeters><HeartRateBpm><Value>106</Value></HeartRateBpm></Trackpoint>
<Trackpoint><Time>2024-07-18T23:23:24Z</Time><Position><LatitudeDegrees>30.52056976</LatitudeDegrees><LongitudeDegrees>104.05588553</LongitudeDegrees></Position><AltitudeMeters>431</AltitudeMeters><HeartRateBpm><Value>105</Value></HeartRateBpm></Trackpoint>
<Trackpoint><Time>2024-07-18T23:23:26Z</Time><Position><LatitudeDegrees>30.52050344</LatitudeDegrees><LongitudeDegrees>104.05589519</LongitudeDegrees></Position><AltitudeMeters>431</AltitudeMeters><HeartRateBpm><Value>107</Value></HeartRateBpm></Trackpoint>
<Trackpoint><Time>2024-07-18T23:23:27Z</Time><Position><LatitudeDegrees>30.52049411</LatitudeDegrees><LongitudeDegrees>104.05589286</LongitudeDegrees></Position><AltitudeMeters>431</AltitudeMeters><HeartRateBpm><Value>107</Value></HeartRateBpm></Trackpoint>
<Trackpoint><Time>2024-07-18T23:23:29Z</Time><Position><LatitudeDegrees>30.52039144</LatitudeDegrees><LongitudeDegrees>104.05583386</LongitudeDegrees></Position><AltitudeMeters>431</AltitudeMeters><HeartRateBpm><Value>107</Value></HeartRateBpm></Trackpoint>
<Trackpoint><Time>2024-07-18T23:23:30Z</Time><Position><LatitudeDegrees>30.52038311</LatitudeDegrees><LongitudeDegrees>104.05582487</LongitudeDegrees></Position><AltitudeMeters>431</AltitudeMeters><HeartRateBpm><Value>107</Value></HeartRateBpm></Trackpoint>
<Trackpoint><Time>2024-07-18T23:23:31Z</Time><Position><LatitudeDegrees>30.52036712</LatitudeDegrees><LongitudeDegrees>104.05580687</LongitudeDegrees></Position><AltitudeMeters>431</AltitudeMeters><HeartRateBpm><Value>106</Value></HeartRateBpm></Trackpoint>
<Trackpoint><Time>2024-07-18T23:23:32Z</Time><Position><LatitudeDegrees>30.52027445</LatitudeDegrees><LongitudeDegrees>104.05569321</LongitudeDegrees></Position><AltitudeMeters>431</AltitudeMeters><HeartRateBpm><Value>106</Value></HeartRateBpm></Trackpoint>
<Trackpoint><Time>2024-07-18T23:23:34Z</Time><Position><LatitudeDegrees>30.52026645</LatitudeDegrees><LongitudeDegrees>104.05568788</LongitudeDegrees></Position><AltitudeMeters>431</AltitudeMeters><HeartRateBpm><Value>106</Value></HeartRateBpm></Trackpoint>
<Trackpoint><Time>2024-07-18T23:23:35Z</Time><Position><LatitudeDegrees>30.52024913</LatitudeDegrees><LongitudeDegrees>104.05568189</LongitudeDegrees></Position><AltitudeMeters>431</AltitudeMeters><HeartRateBpm><Value>106</Value></HeartRateBpm></Trackpoint>
<Trackpoint><Time>2024-07-18T23:23:36Z</Time><Position><LatitudeDegrees>30.52022446</LatitudeDegrees><LongitudeDegrees>104.05568023</LongitudeDegrees></Position><AltitudeMeters>431</AltitudeMeters><HeartRateBpm><Value>106</Value></HeartRateBpm></Trackpoint>
<Trackpoint><Time>2024-07-18T23:23:38Z</Time><Position><LatitudeDegrees>30.52009447</LatitudeDegrees><LongitudeDegrees>104.05570955</LongitudeDegrees></Position><AltitudeMeters>431</AltitudeMeters><HeartRateBpm><Value>106</Value></HeartRateBpm></Trackpoint>
<Trackpoint><Time>2024-07-18T23:23:39Z</Time><Position><LatitudeDegrees>30.52008415</LatitudeDegrees><LongitudeDegrees>104.05571321</LongitudeDegrees></Position><AltitudeMeters>431</AltitudeMeters><HeartRateBpm><Value>107</Value></HeartRateBpm></Trackpoint>
<Trackpoint><Time>2024-07-18T23:23:40Z</Time><Position><LatitudeDegrees>30.52006348</LatitudeDegrees><LongitudeDegrees>104.05571988</LongitudeDegrees></Position><AltitudeMeters>431</AltitudeMeters><HeartRateBpm><Value>107</Value></HeartRateBpm></Trackpoint>
<Trackpoint><Time>2024-07-18T23:23:42Z</Time><Position><LatitudeDegrees>30.51992816</LatitudeDegrees><LongitudeDegrees>104.05575854</LongitudeDegrees></Position><AltitudeMeters>431</AltitudeMeters><HeartRateBpm><Value>107</Value></HeartRateBpm></Trackpoint>
<Trackpoint><Time>2024-07-18T23:23:43Z</Time><Position><LatitudeDegrees>30.51991782</LatitudeDegrees><LongitudeDegrees>104.05576153</LongitudeDegrees></Position><AltitudeMeters>430</AltitudeMeters><HeartRateBpm><Value>107</Value></HeartRateBpm></Trackpoint>
<Trackpoint><Time>2024-07-18T23:23:44Z</Time><Position><LatitudeDegrees>30.51989783</LatitudeDegrees><LongitudeDegrees>104.05576853</LongitudeDegrees></Position><AltitudeMeters>431</AltitudeMeters><HeartRateBpm><Value>107</Value></HeartRateBpm></Trackpoint>
<Trackpoint><Time>2024-07-18T23:23:46Z</Time><Position><LatitudeDegrees>30.51977584</LatitudeDegrees><LongitudeDegrees>104.05581186</LongitudeDegrees></Position><AltitudeMeters>431</AltitudeMeters><HeartRateBpm><Value>105</Value></HeartRateBpm></Trackpoint>
<Trackpoint><Time>2024-07-18T23:23:47Z</Time><Position><LatitudeDegrees>30.51969284</LatitudeDegrees><LongitudeDegrees>104.05583451</LongitudeDegrees></Position><AltitudeMeters>431</AltitudeMeters><HeartRateBpm><Value>106</Value></HeartRateBpm></Trackpoint>
<Trackpoint><Time>2024-07-18T23:23:49Z</Time><Position><LatitudeDegrees>30.51968084</LatitudeDegrees><LongitudeDegrees>104.05583718</LongitudeDegrees></Position><AltitudeMeters>431</AltitudeMeters><HeartRateBpm><Value>106</Value></HeartRateBpm></Trackpoint>
<Trackpoint><Time>2024-07-18T23:23:50Z</Time><Position><LatitudeDegrees>30.51955484</LatitudeDegrees><LongitudeDegrees>104.05587885</LongitudeDegrees></Position><AltitudeMeters>431</AltitudeMeters><HeartRateBpm><Value>106</Value></HeartRateBpm></Trackpoint>
<Trackpoint><Time>2024-07-18T23:23:51Z</Time><Position><LatitudeDegrees>30.51954319</LatitudeDegrees><LongitudeDegrees>104.05588285</LongitudeDegrees></Position><AltitudeMeters>431</AltitudeMeters><HeartRateBpm><Value>105</Value></HeartRateBpm></Trackpoint>
<Trackpoint><Time>2024-07-18T23:23:53Z</Time><Position><LatitudeDegrees>30.51951886</LatitudeDegrees><LongitudeDegrees>104.05589118</LongitudeDegrees></Position><AltitudeMeters>431</AltitudeMeters><HeartRateBpm><Value>105</Value></HeartRateBpm></Trackpoint>
<Trackpoint><Time>2024-07-18T23:23:54Z</Time><Position><LatitudeDegrees>30.51948654</LatitudeDegrees><LongitudeDegrees>104.05590285</LongitudeDegrees></Position><AltitudeMeters>430</AltitudeMeters><HeartRateBpm><Value>105</Value></HeartRateBpm></Trackpoint>
<Trackpoint><Time>2024-07-18T23:23:55Z</Time><Position><LatitudeDegrees>30.51944855</LatitudeDegrees><LongitudeDegrees>104.05591684</LongitudeDegrees></Position><AltitudeMeters>430</AltitudeMeters><HeartRateBpm><Value>105</Value></HeartRateBpm></Trackpoint>
<Trackpoint><Time>2024-07-18T23:23:56Z</Time><Position><LatitudeDegrees>30.51940788</LatitudeDegrees><LongitudeDegrees>104.05593184</LongitudeDegrees></Position><AltitudeMeters>430</AltitudeMeters><HeartRateBpm><Value>105</Value></HeartRateBpm></Trackpoint>
<Trackpoint><Time>2024-07-18T23:23:57Z</Time><Position><LatitudeDegrees>30.51936622</LatitudeDegrees><LongitudeDegrees>104.05594583</LongitudeDegrees></Position><AltitudeMeters>430</AltitudeMeters><HeartRateBpm><Value>106</Value></HeartRateBpm></Trackpoint>
<Trackpoint><Time>2024-07-18T23:23:58Z</Time><Position><LatitudeDegrees>30.51932422</LatitudeDegrees><LongitudeDegrees>104.05595949</LongitudeDegrees></Position><AltitudeMeters>430</AltitudeMeters><HeartRateBpm><Value>106</Value></HeartRateBpm></Trackpoint>
<Trackpoint><Time>2024-07-18T23:23:59Z</Time><Position><LatitudeDegrees>30.51928356</LatitudeDegrees><LongitudeDegrees>104.05597316</LongitudeDegrees></Position><AltitudeMeters>430</AltitudeMeters><HeartRateBpm><Value>106</Value></HeartRateBpm></Trackpoint>
<Trackpoint><Time>2024-07-18T23:24:00Z</Time><Position><LatitudeDegrees>30.51924456</LatitudeDegrees><LongitudeDegrees>104.05598682</LongitudeDegrees></Position><AltitudeMeters>430</AltitudeMeters><HeartRateBpm><Value>106</Value></HeartRateBpm></Trackpoint>
<Trackpoint><Time>2024-07-18T23:24:01Z</Time><Position><LatitudeDegrees>30.51920757</LatitudeDegrees><LongitudeDegrees>104.05600248</LongitudeDegrees></Position><AltitudeMeters>430</AltitudeMeters><HeartRateBpm><Value>106</Value></HeartRateBpm></Trackpoint>
<Trackpoint><Time>2024-07-18T23:24:02Z</Time><Position><LatitudeDegrees>30.51906557</LatitudeDegrees><LongitudeDegrees>104.05605882</LongitudeDegrees></Position><AltitudeMeters>430</AltitudeMeters><HeartRateBpm><Value>105</Value></HeartRateBpm></Trackpoint>
<Trackpoint><Time>2024-07-18T23:24:04Z</Time><Position><LatitudeDegrees>30.51905624</LatitudeDegrees><LongitudeDegrees>104.05606182</LongitudeDegrees></Position><AltitudeMeters>430</AltitudeMeters><HeartRateBpm><Value>104</Value></HeartRateBpm></Trackpoint>
<Trackpoint><Time>2024-07-18T23:24:05Z</Time><Position><LatitudeDegrees>30.5190379</LatitudeDegrees><LongitudeDegrees>104.05606847</LongitudeDegrees></Position><AltitudeMeters>430</AltitudeMeters><HeartRateBpm><Value>104</Value></HeartRateBpm></Trackpoint>
<Trackpoint><Time>2024-07-18T23:24:06Z</Time><Position><LatitudeDegrees>30.51901225</LatitudeDegrees><LongitudeDegrees>104.05607813</LongitudeDegrees></Position><AltitudeMeters>430</AltitudeMeters><HeartRateBpm><Value>104</Value></HeartRateBpm></Trackpoint>
<Trackpoint><Time>2024-07-18T23:24:08Z</Time><Position><LatitudeDegrees>30.51887291</LatitudeDegrees><LongitudeDegrees>104.05613245</LongitudeDegrees></Position><AltitudeMeters>430</AltitudeMeters><HeartRateBpm><Value>106</Value></HeartRateBpm></Trackpoint>
<Trackpoint><Time>2024-07-18T23:24:09Z</Time><Position><LatitudeDegrees>30.51886191</LatitudeDegrees><LongitudeDegrees>104.05613412</LongitudeDegrees></Position><AltitudeMeters>430</AltitudeMeters><HeartRateBpm><Value>107</Value></HeartRateBpm></Trackpoint>
<Trackpoint><Time>2024-07-18T23:24:10Z</Time><Position><LatitudeDegrees>30.51883825</LatitudeDegrees><LongitudeDegrees>104.05614045</LongitudeDegrees></Position><AltitudeMeters>430</AltitudeMeters><HeartRateBpm><Value>107</Value></HeartRateBpm></Trackpoint>
<Trackpoint><Time>2024-07-18T23:24:12Z</Time><Position><LatitudeDegrees>30.51868292</LatitudeDegrees><LongitudeDegrees>104.05619711</LongitudeDegrees></Position><AltitudeMeters>430</AltitudeMeters><HeartRateBpm><Value>108</Value></HeartRateBpm></Trackpoint>
<Trackpoint><Time>2024-07-18T23:24:13Z</Time><Position><LatitudeDegrees>30.51867059</LatitudeDegrees><LongitudeDegrees>104.05619978</LongitudeDegrees></Position><AltitudeMeters>430</AltitudeMeters><HeartRateBpm><Value>108</Value></HeartRateBpm></Trackpoint>
<Trackpoint><Time>2024-07-18T23:24:14Z</Time><Position><LatitudeDegrees>30.51864559</LatitudeDegrees><LongitudeDegrees>104.05620678</LongitudeDegrees></Position><AltitudeMeters>430</AltitudeMeters><HeartRateBpm><Value>108</Value></HeartRateBpm></Trackpoint>
<Trackpoint><Time>2024-07-18T23:24:15Z</Time><Position><LatitudeDegrees>30.51861027</LatitudeDegrees><LongitudeDegrees>104.05621843</LongitudeDegrees></Position><AltitudeMeters>430</AltitudeMeters><HeartRateBpm><Value>110</Value></HeartRateBpm></Trackpoint>
<Trackpoint><Time>2024-07-18T23:24:16Z</Time><Position><LatitudeDegrees>30.51856827</LatitudeDegrees><LongitudeDegrees>104.05623242</LongitudeDegrees></Position><AltitudeMeters>430</AltitudeMeters><HeartRateBpm><Value>111</Value></HeartRateBpm></Trackpoint>
<Trackpoint><Time>2024-07-18T23:24:18Z</Time><Position><LatitudeDegrees>30.5183786</LatitudeDegrees><LongitudeDegrees>104.05630776</LongitudeDegrees></Position><AltitudeMeters>430</AltitudeMeters><HeartRateBpm><Value>114</Value></HeartRateBpm></Trackpoint>
<Trackpoint><Time>2024-07-18T23:24:20Z</Time><Position><LatitudeDegrees>30.51827661</LatitudeDegrees><LongitudeDegrees>104.05635841</LongitudeDegrees></Position><AltitudeMeters>430</AltitudeMeters><HeartRateBpm><Value>115</Value></HeartRateBpm></Trackpoint>
<Trackpoint><Time>2024-07-18T23:24:21Z</Time><Position><LatitudeDegrees>30.51826495</LatitudeDegrees><LongitudeDegrees>104.05636407</LongitudeDegrees></Position><AltitudeMeters>430</AltitudeMeters><HeartRateBpm><Value>115</Value></HeartRateBpm></Trackpoint>
<Trackpoint><Time>2024-07-18T23:24:22Z</Time><Position><LatitudeDegrees>30.51814629</LatitudeDegrees><LongitudeDegrees>104.05643507</LongitudeDegrees></Position><AltitudeMeters>430</AltitudeMeters><HeartRateBpm><Value>118</Value></HeartRateBpm></Trackpoint>
<Trackpoint><Time>2024-07-18T23:24:24Z</Time><Position><LatitudeDegrees>30.5181363</LatitudeDegrees><LongitudeDegrees>104.05644039</LongitudeDegrees></Position><AltitudeMeters>430</AltitudeMeters><HeartRateBpm><Value>118</Value></HeartRateBpm></Trackpoint>
<Trackpoint><Time>2024-07-18T23:24:25Z</Time><Position><LatitudeDegrees>30.51811497</LatitudeDegrees><LongitudeDegrees>104.05645173</LongitudeDegrees></Position><AltitudeMeters>430</AltitudeMeters><HeartRateBpm><Value>118</Value></HeartRateBpm></Trackpoint>
<Trackpoint><Time>2024-07-18T23:24:26Z</Time><Position><LatitudeDegrees>30.51808598</LatitudeDegrees><LongitudeDegrees>104.05646906</LongitudeDegrees></Position><AltitudeMeters>430</AltitudeMeters><HeartRateBpm><Value>118</Value></HeartRateBpm></Trackpoint>
<Trackpoint><Time>2024-07-18T23:24:27Z</Time><Position><LatitudeDegrees>30.51793832</LatitudeDegrees><LongitudeDegrees>104.05657273</LongitudeDegrees></Position><AltitudeMeters>430</AltitudeMeters><HeartRateBpm><Value>120</Value></HeartRateBpm></Trackpoint>
<Trackpoint><Time>2024-07-18T23:24:28Z</Time><Position><LatitudeDegrees>30.51792799</LatitudeDegrees><LongitudeDegrees>104.05658038</LongitudeDegrees></Position><AltitudeMeters>430</AltitudeMeters><HeartRateBpm><Value>120</Value></HeartRateBpm></Trackpoint>
<Trackpoint><Time>2024-07-18T23:24:30Z</Time><Position><LatitudeDegrees>30.51790667</LatitudeDegrees><LongitudeDegrees>104.05659737</LongitudeDegrees></Position><AltitudeMeters>430</AltitudeMeters><HeartRateBpm><Value>120</Value></HeartRateBpm></Trackpoint>
<Trackpoint><Time>2024-07-18T23:24:31Z</Time><Position><LatitudeDegrees>30.51787701</LatitudeDegrees><LongitudeDegrees>104.05662204</LongitudeDegrees></Position><AltitudeMeters>430</AltitudeMeters><HeartRateBpm><Value>120</Value></HeartRateBpm></Trackpoint>
<Trackpoint><Time>2024-07-18T23:24:32Z</Time><Position><LatitudeDegrees>30.51784302</LatitudeDegrees><LongitudeDegrees>104.05665303</LongitudeDegrees></Position><AltitudeMeters>430</AltitudeMeters><HeartRateBpm><Value>120</Value></HeartRateBpm></Trackpoint>
<Trackpoint><Time>2024-07-18T23:24:34Z</Time><Position><LatitudeDegrees>30.51768569</LatitudeDegrees><LongitudeDegrees>104.0568037</LongitudeDegrees></Position><AltitudeMeters>430</AltitudeMeters><HeartRateBpm><Value>121</Value></HeartRateBpm></Trackpoint>
<Trackpoint><Time>2024-07-18T23:24:35Z</Time><Position><LatitudeDegrees>30.51767636</LatitudeDegrees><LongitudeDegrees>104.05681569</LongitudeDegrees></Position><AltitudeMeters>430</AltitudeMeters><HeartRateBpm><Value>122</Value></HeartRateBpm></Trackpoint>
<Trackpoint><Time>2024-07-18T23:24:36Z</Time><Position><LatitudeDegrees>30.51765802</LatitudeDegrees><LongitudeDegrees>104.05683934</LongitudeDegrees></Position><AltitudeMeters>430</AltitudeMeters><HeartRateBpm><Value>122</Value></HeartRateBpm></Trackpoint>
<Trackpoint><Time>2024-07-18T23:24:37Z</Time><Position><LatitudeDegrees>30.5176337</LatitudeDegrees><LongitudeDegrees>104.05687367</LongitudeDegrees></Position><AltitudeMeters>430</AltitudeMeters><HeartRateBpm><Value>123</Value></HeartRateBpm></Trackpoint>
<Trackpoint><Time>2024-07-18T23:24:38Z</Time><Position><LatitudeDegrees>30.51760637</LatitudeDegrees><LongitudeDegrees>104.05691533</LongitudeDegrees></Position><AltitudeMeters>429</AltitudeMeters><HeartRateBpm><Value>123</Value></HeartRateBpm></Trackpoint>
<Trackpoint><Time>2024-07-18T23:24:40Z</Time><Position><LatitudeDegrees>30.51748838</LatitudeDegrees><LongitudeDegrees>104.05711899</LongitudeDegrees></Position><AltitudeMeters>429</AltitudeMeters><HeartRateBpm><Value>124</Value></HeartRateBpm></Trackpoint>
<Trackpoint><Time>2024-07-18T23:24:41Z</Time><Position><LatitudeDegrees>30.51748138</LatitudeDegrees><LongitudeDegrees>104.05713166</LongitudeDegrees></Position><AltitudeMeters>429</AltitudeMeters><HeartRateBpm><Value>124</Value></HeartRateBpm></Trackpoint>
<Trackpoint><Time>2024-07-18T23:24:42Z</Time><Position><LatitudeDegrees>30.51741771</LatitudeDegrees><LongitudeDegrees>104.05727931</LongitudeDegrees></Position><AltitudeMeters>429</AltitudeMeters><HeartRateBpm><Value>125</Value></HeartRateBpm></Trackpoint>
<Trackpoint><Time>2024-07-18T23:24:43Z</Time><Position><LatitudeDegrees>30.51741305</LatitudeDegrees><LongitudeDegrees>104.05729164</LongitudeDegrees></Position><AltitudeMeters>429</AltitudeMeters><HeartRateBpm><Value>125</Value></HeartRateBpm></Trackpoint>
<Trackpoint><Time>2024-07-18T23:24:44Z</Time><Position><LatitudeDegrees>30.51740406</LatitudeDegrees><LongitudeDegrees>104.05731664</LongitudeDegrees></Position><AltitudeMeters>429</AltitudeMeters><HeartRateBpm><Value>125</Value></HeartRateBpm></Trackpoint>
<Trackpoint><Time>2024-07-18T23:24:46Z</Time><Position><LatitudeDegrees>30.51739274</LatitudeDegrees><LongitudeDegrees>104.05735229</LongitudeDegrees></Position><AltitudeMeters>429</AltitudeMeters><HeartRateBpm><Value>125</Value></HeartRateBpm></Trackpoint>
<Trackpoint><Time>2024-07-18T23:24:47Z</Time><Position><LatitudeDegrees>30.51738007</LatitudeDegrees><LongitudeDegrees>104.05739429</LongitudeDegrees></Position><AltitudeMeters>429</AltitudeMeters><HeartRateBpm><Value>125</Value></HeartRateBpm></Trackpoint>
<Trackpoint><Time>2024-07-18T23:24:48Z</Time><Position><LatitudeDegrees>30.51736708</LatitudeDegrees><LongitudeDegrees>104.05743995</LongitudeDegrees></Position><AltitudeMeters>429</AltitudeMeters><HeartRateBpm><Value>125</Value></HeartRateBpm></Trackpoint>
<Trackpoint><Time>2024-07-18T23:24:50Z</Time><Position><LatitudeDegrees>30.51731542</LatitudeDegrees><LongitudeDegrees>104.05765062</LongitudeDegrees></Position><AltitudeMeters>429</AltitudeMeters><HeartRateBpm><Value>126</Value></HeartRateBpm></Trackpoint>
<Trackpoint><Time>2024-07-18T23:24:51Z</Time><Position><LatitudeDegrees>30.51731376</LatitudeDegrees><LongitudeDegrees>104.05766428</LongitudeDegrees></Position><AltitudeMeters>429</AltitudeMeters><HeartRateBpm><Value>126</Value></HeartRateBpm></Trackpoint>
<Trackpoint><Time>2024-07-18T23:24:52Z</Time><Position><LatitudeDegrees>30.51731043</LatitudeDegrees><LongitudeDegrees>104.05769262</LongitudeDegrees></Position><AltitudeMeters>429</AltitudeMeters><HeartRateBpm><Value>127</Value></HeartRateBpm></Trackpoint>
<Trackpoint><Time>2024-07-18T23:24:54Z</Time><Position><LatitudeDegrees>30.51729677</LatitudeDegrees><LongitudeDegrees>104.05787361</LongitudeDegrees></Position><AltitudeMeters>429</AltitudeMeters><HeartRateBpm><Value>126</Value></HeartRateBpm></Trackpoint>
<Trackpoint><Time>2024-07-18T23:24:56Z</Time><Position><LatitudeDegrees>30.51729544</LatitudeDegrees><LongitudeDegrees>104.05799693</LongitudeDegrees></Position><AltitudeMeters>429</AltitudeMeters><HeartRateBpm><Value>126</Value></HeartRateBpm></Trackpoint>
<Trackpoint><Time>2024-07-18T23:24:57Z</Time><Position><LatitudeDegrees>30.5172981</LatitudeDegrees><LongitudeDegrees>104.05812493</LongitudeDegrees></Position><AltitudeMeters>429</AltitudeMeters><HeartRateBpm><Value>125</Value></HeartRateBpm></Trackpoint>
<Trackpoint><Time>2024-07-18T23:24:58Z</Time><Position><LatitudeDegrees>30.51730009</LatitudeDegrees><LongitudeDegrees>104.05814025</LongitudeDegrees></Position><AltitudeMeters>429</AltitudeMeters><HeartRateBpm><Value>124</Value></HeartRateBpm></Trackpoint>
<Trackpoint><Time>2024-07-18T23:25:00Z</Time><Position><LatitudeDegrees>30.51730409</LatitudeDegrees><LongitudeDegrees>104.05817125</LongitudeDegrees></Position><AltitudeMeters>429</AltitudeMeters><HeartRateBpm><Value>124</Value></HeartRateBpm></Trackpoint>
<Trackpoint><Time>2024-07-18T23:25:01Z</Time><Position><LatitudeDegrees>30.51731008</LatitudeDegrees><LongitudeDegrees>104.05821358</LongitudeDegrees></Position><AltitudeMeters>429</AltitudeMeters><HeartRateBpm><Value>124</Value></HeartRateBpm></Trackpoint>
<Trackpoint><Time>2024-07-18T23:25:02Z</Time><Position><LatitudeDegrees>30.51731675</LatitudeDegrees><LongitudeDegrees>104.05826124</LongitudeDegrees></Position><AltitudeMeters>429</AltitudeMeters><HeartRateBpm><Value>124</Value></HeartRateBpm></Trackpoint>
<Trackpoint><Time>2024-07-18T23:25:03Z</Time><Position><LatitudeDegrees>30.51732474</LatitudeDegrees><LongitudeDegrees>104.05831023</LongitudeDegrees></Position><AltitudeMeters>429</AltitudeMeters><HeartRateBpm><Value>125</Value></HeartRateBpm></Trackpoint>
<Trackpoint><Time>2024-07-18T23:25:04Z</Time><Position><LatitudeDegrees>30.51733474</LatitudeDegrees><LongitudeDegrees>104.05835957</LongitudeDegrees></Position><AltitudeMeters>429</AltitudeMeters><HeartRateBpm><Value>125</Value></HeartRateBpm></Trackpoint>
<Trackpoint><Time>2024-07-18T23:25:06Z</Time><Position><LatitudeDegrees>30.5173894</LatitudeDegrees><LongitudeDegrees>104.0585469</LongitudeDegrees></Position><AltitudeMeters>429</AltitudeMeters><HeartRateBpm><Value>126</Value></HeartRateBpm></Trackpoint>
<Trackpoint><Time>2024-07-18T23:25:07Z</Time><Position><LatitudeDegrees>30.51739239</LatitudeDegrees><LongitudeDegrees>104.05855722</LongitudeDegrees></Position><AltitudeMeters>429</AltitudeMeters><HeartRateBpm><Value>126</Value></HeartRateBpm></Trackpoint>
<Trackpoint><Time>2024-07-18T23:25:08Z</Time><Position><LatitudeDegrees>30.51739939</LatitudeDegrees><LongitudeDegrees>104.05857822</LongitudeDegrees></Position><AltitudeMeters>429</AltitudeMeters><HeartRateBpm><Value>128</Value></HeartRateBpm></Trackpoint>
<Trackpoint><Time>2024-07-18T23:25:09Z</Time><Position><LatitudeDegrees>30.51741005</LatitudeDegrees><LongitudeDegrees>104.05860622</LongitudeDegrees></Position><AltitudeMeters>429</AltitudeMeters><HeartRateBpm><Value>127</Value></HeartRateBpm></Trackpoint>
<Trackpoint><Time>2024-07-18T23:25:10Z</Time><Position><LatitudeDegrees>30.51742239</LatitudeDegrees><LongitudeDegrees>104.05863788</LongitudeDegrees></Position><AltitudeMeters>429</AltitudeMeters><HeartRateBpm><Value>127</Value></HeartRateBpm></Trackpoint>
<Trackpoint><Time>2024-07-18T23:25:12Z</Time><Position><LatitudeDegrees>30.51748571</LatitudeDegrees><LongitudeDegrees>104.05877588</LongitudeDegrees></Position><AltitudeMeters>429</AltitudeMeters><HeartRateBpm><Value>125</Value></HeartRateBpm></Trackpoint>
<Trackpoint><Time>2024-07-18T23:25:13Z</Time><Position><LatitudeDegrees>30.51752503</LatitudeDegrees><LongitudeDegrees>104.0588532</LongitudeDegrees></Position><AltitudeMeters>429</AltitudeMeters><HeartRateBpm><Value>123</Value></HeartRateBpm></Trackpoint>
<Trackpoint><Time>2024-07-18T23:25:14Z</Time><Position><LatitudeDegrees>30.51753036</LatitudeDegrees><LongitudeDegrees>104.05886386</LongitudeDegrees></Position><AltitudeMeters>429</AltitudeMeters><HeartRateBpm><Value>123</Value></HeartRateBpm></Trackpoint>
<Trackpoint><Time>2024-07-18T23:25:15Z</Time><Position><LatitudeDegrees>30.51754102</LatitudeDegrees><LongitudeDegrees>104.05888719</LongitudeDegrees></Position><AltitudeMeters>429</AltitudeMeters><HeartRateBpm><Value>122</Value></HeartRateBpm></Trackpoint>
<Trackpoint><Time>2024-07-18T23:25:16Z</Time><Position><LatitudeDegrees>30.51755769</LatitudeDegrees><LongitudeDegrees>104.05891953</LongitudeDegrees></Position><AltitudeMeters>429</AltitudeMeters><HeartRateBpm><Value>122</Value></HeartRateBpm></Trackpoint>
<Trackpoint><Time>2024-07-18T23:25:17Z</Time><Position><LatitudeDegrees>30.51757901</LatitudeDegrees><LongitudeDegrees>104.05895818</LongitudeDegrees></Position><AltitudeMeters>429</AltitudeMeters><HeartRateBpm><Value>122</Value></HeartRateBpm></Trackpoint>
<Trackpoint><Time>2024-07-18T23:25:18Z</Time><Position><LatitudeDegrees>30.51760334</LatitudeDegrees><LongitudeDegrees>104.05900052</LongitudeDegrees></Position><AltitudeMeters>429</AltitudeMeters><HeartRateBpm><Value>122</Value></HeartRateBpm></Trackpoint>
<Trackpoint><Time>2024-07-18T23:25:19Z</Time><Position><LatitudeDegrees>30.51763134</LatitudeDegrees><LongitudeDegrees>104.05904418</LongitudeDegrees></Position><AltitudeMeters>429</AltitudeMeters><HeartRateBpm><Value>122</Value></HeartRateBpm></Trackpoint>
<Trackpoint><Time>2024-07-18T23:25:21Z</Time><Position><LatitudeDegrees>30.51774833</LatitudeDegrees><LongitudeDegrees>104.05922651</LongitudeDegrees></Position><AltitudeMeters>429</AltitudeMeters><HeartRateBpm><Value>123</Value></HeartRateBpm></Trackpoint>
<Trackpoint><Time>2024-07-18T23:25:22Z</Time><Position><LatitudeDegrees>30.51781366</LatitudeDegrees><LongitudeDegrees>104.05930351</LongitudeDegrees></Position><AltitudeMeters>429</AltitudeMeters><HeartRateBpm><Value>123</Value></HeartRateBpm></Trackpoint>
<Trackpoint><Time>2024-07-18T23:25:23Z</Time><Position><LatitudeDegrees>30.51782132</LatitudeDegrees><LongitudeDegrees>104.05931184</LongitudeDegrees></Position><AltitudeMeters>429</AltitudeMeters><HeartRateBpm><Value>123</Value></HeartRateBpm></Trackpoint>
<Trackpoint><Time>2024-07-18T23:25:25Z</Time><Position><LatitudeDegrees>30.51783632</LatitudeDegrees><LongitudeDegrees>104.05933017</LongitudeDegrees></Position><AltitudeMeters>429</AltitudeMeters><HeartRateBpm><Value>123</Value></HeartRateBpm></Trackpoint>
<Trackpoint><Time>2024-07-18T23:25:26Z</Time><Position><LatitudeDegrees>30.51791165</LatitudeDegrees><LongitudeDegrees>104.05945483</LongitudeDegrees></Position><AltitudeMeters>429</AltitudeMeters><HeartRateBpm><Value>123</Value></HeartRateBpm></Trackpoint>
<Trackpoint><Time>2024-07-18T23:25:27Z</Time><Position><LatitudeDegrees>30.51791764</LatitudeDegrees><LongitudeDegrees>104.0594655</LongitudeDegrees></Position><AltitudeMeters>429</AltitudeMeters><HeartRateBpm><Value>123</Value></HeartRateBpm></Trackpoint>
<Trackpoint><Time>2024-07-18T23:25:29Z</Time><Position><LatitudeDegrees>30.51793031</LatitudeDegrees><LongitudeDegrees>104.05948782</LongitudeDegrees></Position><AltitudeMeters>429</AltitudeMeters><HeartRateBpm><Value>122</Value></HeartRateBpm></Trackpoint>
<Trackpoint><Time>2024-07-18T23:25:30Z</Time><Position><LatitudeDegrees>30.5179493</LatitudeDegrees><LongitudeDegrees>104.05951914</LongitudeDegrees></Position><AltitudeMeters>430</AltitudeMeters><HeartRateBpm><Value>123</Value></HeartRateBpm></Trackpoint>
<Trackpoint><Time>2024-07-18T23:25:31Z</Time><Position><LatitudeDegrees>30.5179723</LatitudeDegrees><LongitudeDegrees>104.05955581</LongitudeDegrees></Position><AltitudeMeters>430</AltitudeMeters><HeartRateBpm><Value>123</Value></HeartRateBpm></Trackpoint>
<Trackpoint><Time>2024-07-18T23:25:32Z</Time><Position><LatitudeDegrees>30.51799829</LatitudeDegrees><LongitudeDegrees>104.05959548</LongitudeDegrees></Position><AltitudeMeters>430</AltitudeMeters><HeartRateBpm><Value>123</Value></HeartRateBpm></Trackpoint>
<Trackpoint><Time>2024-07-18T23:25:33Z</Time><Position><LatitudeDegrees>30.51802595</LatitudeDegrees><LongitudeDegrees>104.05963813</LongitudeDegrees></Position><AltitudeMeters>430</AltitudeMeters><HeartRateBpm><Value>124</Value></HeartRateBpm></Trackpoint>
<Trackpoint><Time>2024-07-18T23:25:34Z</Time><Position><LatitudeDegrees>30.51805728</LatitudeDegrees><LongitudeDegrees>104.0596818</LongitudeDegrees></Position><AltitudeMeters>430</AltitudeMeters><HeartRateBpm><Value>124</Value></HeartRateBpm></Trackpoint>
<Trackpoint><Time>2024-07-18T23:25:36Z</Time><Position><LatitudeDegrees>30.51819294</LatitudeDegrees><LongitudeDegrees>104.05986079</LongitudeDegrees></Position><AltitudeMeters>430</AltitudeMeters><HeartRateBpm><Value>123</Value></HeartRateBpm></Trackpoint>
<Trackpoint><Time>2024-07-18T23:25:37Z</Time><Position><LatitudeDegrees>30.51825727</LatitudeDegrees><LongitudeDegrees>104.05996212</LongitudeDegrees></Position><AltitudeMeters>430</AltitudeMeters><HeartRateBpm><Value>124</Value></HeartRateBpm></Trackpoint>
<Trackpoint><Time>2024-07-18T23:25:39Z</Time><Position><LatitudeDegrees>30.51826393</LatitudeDegrees><LongitudeDegrees>104.05997246</LongitudeDegrees></Position><AltitudeMeters>430</AltitudeMeters><HeartRateBpm><Value>124</Value></HeartRateBpm></Trackpoint>
<Trackpoint><Time>2024-07-18T23:25:40Z</Time><Position><LatitudeDegrees>30.51827893</LatitudeDegrees><LongitudeDegrees>104.05999378</LongitudeDegrees></Position><AltitudeMeters>430</AltitudeMeters><HeartRateBpm><Value>124</Value></HeartRateBpm></Trackpoint>
<Trackpoint><Time>2024-07-18T23:25:42Z</Time><Position><LatitudeDegrees>30.51836593</LatitudeDegrees><LongitudeDegrees>104.0601231</LongitudeDegrees></Position><AltitudeMeters>430</AltitudeMeters><HeartRateBpm><Value>124</Value></HeartRateBpm></Trackpoint>
<Trackpoint><Time>2024-07-18T23:25:43Z</Time><Position><LatitudeDegrees>30.51837159</LatitudeDegrees><LongitudeDegrees>104.06012777</LongitudeDegrees></Position><AltitudeMeters>430</AltitudeMeters><HeartRateBpm><Value>124</Value></HeartRateBpm></Trackpoint>
<Trackpoint><Time>2024-07-18T23:25:45Z</Time><Position><LatitudeDegrees>30.51842726</LatitudeDegrees><LongitudeDegrees>104.06017643</LongitudeDegrees></Position><AltitudeMeters>430</AltitudeMeters><HeartRateBpm><Value>124</Value></HeartRateBpm></Trackpoint>
<Trackpoint><Time>2024-07-18T23:25:47Z</Time><Position><LatitudeDegrees>30.51846226</LatitudeDegrees><LongitudeDegrees>104.06022609</LongitudeDegrees></Position><AltitudeMeters>430</AltitudeMeters><HeartRateBpm><Value>122</Value></HeartRateBpm></Trackpoint>
<Trackpoint><Time>2024-07-18T23:25:48Z</Time><Position><LatitudeDegrees>30.51850525</LatitudeDegrees><LongitudeDegrees>104.06028808</LongitudeDegrees></Position><AltitudeMeters>430</AltitudeMeters><HeartRateBpm><Value>121</Value></HeartRateBpm></Trackpoint>
<Trackpoint><Time>2024-07-18T23:25:49Z</Time><Position><LatitudeDegrees>30.51850958</LatitudeDegrees><LongitudeDegrees>104.06029707</LongitudeDegrees></Position><AltitudeMeters>430</AltitudeMeters><HeartRateBpm><Value>121</Value></HeartRateBpm></Trackpoint>
<Trackpoint><Time>2024-07-18T23:25:51Z</Time><Position><LatitudeDegrees>30.51852057</LatitudeDegrees><LongitudeDegrees>104.06031541</LongitudeDegrees></Position><AltitudeMeters>430</AltitudeMeters><HeartRateBpm><Value>121</Value></HeartRateBpm></Trackpoint>
<Trackpoint><Time>2024-07-18T23:25:52Z</Time><Position><LatitudeDegrees>30.51853724</LatitudeDegrees><LongitudeDegrees>104.06034073</LongitudeDegrees></Position><AltitudeMeters>430</AltitudeMeters><HeartRateBpm><Value>121</Value></HeartRateBpm></Trackpoint>
<Trackpoint><Time>2024-07-18T23:25:53Z</Time><Position><LatitudeDegrees>30.51855757</LatitudeDegrees><LongitudeDegrees>104.0603714</LongitudeDegrees></Position><AltitudeMeters>430</AltitudeMeters><HeartRateBpm><Value>121</Value></HeartRateBpm></Trackpoint>
<Trackpoint><Time>2024-07-18T23:25:54Z</Time><Position><LatitudeDegrees>30.51857923</LatitudeDegrees><LongitudeDegrees>104.06040605</LongitudeDegrees></Position><AltitudeMeters>430</AltitudeMeters><HeartRateBpm><Value>121</Value></HeartRateBpm></Trackpoint>
<Trackpoint><Time>2024-07-18T23:25:55Z</Time><Position><LatitudeDegrees>30.51860289</LatitudeDegrees><LongitudeDegrees>104.06044304</LongitudeDegrees></Position><AltitudeMeters>430</AltitudeMeters><HeartRateBpm><Value>121</Value></HeartRateBpm></Trackpoint>
<Trackpoint><Time>2024-07-18T23:25:57Z</Time><Position><LatitudeDegrees>30.51871188</LatitudeDegrees><LongitudeDegrees>104.06060171</LongitudeDegrees></Position><AltitudeMeters>430</AltitudeMeters><HeartRateBpm><Value>121</Value></HeartRateBpm></Trackpoint>
<Trackpoint><Time>2024-07-18T23:25:58Z</Time><Position><LatitudeDegrees>30.51877055</LatitudeDegrees><LongitudeDegrees>104.06068637</LongitudeDegrees></Position><AltitudeMeters>430</AltitudeMeters><HeartRateBpm><Value>121</Value></HeartRateBpm></Trackpoint>
<Trackpoint><Time>2024-07-18T23:26:00Z</Time><Position><LatitudeDegrees>30.51877654</LatitudeDegrees><LongitudeDegrees>104.0606967</LongitudeDegrees></Position><AltitudeMeters>430</AltitudeMeters><HeartRateBpm><Value>121</Value></HeartRateBpm></Trackpoint>
<Trackpoint><Time>2024-07-18T23:26:01Z</Time><Position><LatitudeDegrees>30.51879021</LatitudeDegrees><LongitudeDegrees>104.06071802</LongitudeDegrees></Position><AltitudeMeters>430</AltitudeMeters><HeartRateBpm><Value>121</Value></HeartRateBpm></Trackpoint>
<Trackpoint><Time>2024-07-18T23:26:03Z</Time><Position><LatitudeDegrees>30.51887953</LatitudeDegrees><LongitudeDegrees>104.06085302</LongitudeDegrees></Position><AltitudeMeters>430</AltitudeMeters><HeartRateBpm><Value>122</Value></HeartRateBpm></Trackpoint>
<Trackpoint><Time>2024-07-18T23:26:04Z</Time><Position><LatitudeDegrees>30.51888786</LatitudeDegrees><LongitudeDegrees>104.06086236</LongitudeDegrees></Position><AltitudeMeters>430</AltitudeMeters><HeartRateBpm><Value>122</Value></HeartRateBpm></Trackpoint>
<Trackpoint><Time>2024-07-18T23:26:05Z</Time><Position><LatitudeDegrees>30.51890553</LatitudeDegrees><LongitudeDegrees>104.06088268</LongitudeDegrees></Position><AltitudeMeters>430</AltitudeMeters><HeartRateBpm><Value>122</Value></HeartRateBpm></Trackpoint>
<Trackpoint><Time>2024-07-18T23:26:06Z</Time><Position><LatitudeDegrees>30.51892819</LatitudeDegrees><LongitudeDegrees>104.06091267</LongitudeDegrees></Position><AltitudeMeters>430</AltitudeMeters><HeartRateBpm><Value>122</Value></HeartRateBpm></Trackpoint>
<Trackpoint><Time>2024-07-18T23:26:07Z</Time><Position><LatitudeDegrees>30.51895452</LatitudeDegrees><LongitudeDegrees>104.060949</LongitudeDegrees></Position><AltitudeMeters>430</AltitudeMeters><HeartRateBpm><Value>122</Value></HeartRateBpm></Trackpoint>
<Trackpoint><Time>2024-07-18T23:26:08Z</Time><Position><LatitudeDegrees>30.51907851</LatitudeDegrees><LongitudeDegrees>104.06112367</LongitudeDegrees></Position><AltitudeMeters>430</AltitudeMeters><HeartRateBpm><Value>121</Value></HeartRateBpm></Trackpoint>
<Trackpoint><Time>2024-07-18T23:26:09Z</Time><Position><LatitudeDegrees>30.51908684</LatitudeDegrees><LongitudeDegrees>104.06113566</LongitudeDegrees></Position><AltitudeMeters>430</AltitudeMeters><HeartRateBpm><Value>121</Value></HeartRateBpm></Trackpoint>
<Trackpoint><Time>2024-07-18T23:26:11Z</Time><Position><LatitudeDegrees>30.51910518</LatitudeDegrees><LongitudeDegrees>104.06116065</LongitudeDegrees></Position><AltitudeMeters>430</AltitudeMeters><HeartRateBpm><Value>121</Value></HeartRateBpm></Trackpoint>
<Trackpoint><Time>2024-07-18T23:26:12Z</Time><Position><LatitudeDegrees>30.51912917</LatitudeDegrees><LongitudeDegrees>104.06119532</LongitudeDegrees></Position><AltitudeMeters>431</AltitudeMeters><HeartRateBpm><Value>121</Value></HeartRateBpm></Trackpoint>
<Trackpoint><Time>2024-07-18T23:26:13Z</Time><Position><LatitudeDegrees>30.51915749</LatitudeDegrees><LongitudeDegrees>104.06123665</LongitudeDegrees></Position><AltitudeMeters>431</AltitudeMeters><HeartRateBpm><Value>121</Value></HeartRateBpm></Trackpoint>
<Trackpoint><Time>2024-07-18T23:26:14Z</Time><Position><LatitudeDegrees>30.51918881</LatitudeDegrees><LongitudeDegrees>104.06128165</LongitudeDegrees></Position><AltitudeMeters>431</AltitudeMeters><HeartRateBpm><Value>121</Value></HeartRateBpm></Trackpoint>
<Trackpoint><Time>2024-07-18T23:26:15Z</Time><Position><LatitudeDegrees>30.51922281</LatitudeDegrees><LongitudeDegrees>104.06132798</LongitudeDegrees></Position><AltitudeMeters>431</AltitudeMeters><HeartRateBpm><Value>121</Value></HeartRateBpm></Trackpoint>
<Trackpoint><Time>2024-07-18T23:26:16Z</Time><Position><LatitudeDegrees>30.5192578</LatitudeDegrees><LongitudeDegrees>104.06137431</LongitudeDegrees></Position><AltitudeMeters>431</AltitudeMeters><HeartRateBpm><Value>124</Value></HeartRateBpm></Trackpoint>
<Trackpoint><Time>2024-07-18T23:26:17Z</Time><Position><LatitudeDegrees>30.51929014</LatitudeDegrees><LongitudeDegrees>104.0614213</LongitudeDegrees></Position><AltitudeMeters>431</AltitudeMeters><HeartRateBpm><Value>124</Value></HeartRateBpm></Trackpoint>
<Trackpoint><Time>2024-07-18T23:26:19Z</Time><Position><LatitudeDegrees>30.51941747</LatitudeDegrees><LongitudeDegrees>104.06160396</LongitudeDegrees></Position><AltitudeMeters>431</AltitudeMeters><HeartRateBpm><Value>125</Value></HeartRateBpm></Trackpoint>
<Trackpoint><Time>2024-07-18T23:26:20Z</Time><Position><LatitudeDegrees>30.51942346</LatitudeDegrees><LongitudeDegrees>104.06161162</LongitudeDegrees></Position><AltitudeMeters>431</AltitudeMeters><HeartRateBpm><Value>125</Value></HeartRateBpm></Trackpoint>
<Trackpoint><Time>2024-07-18T23:26:21Z</Time><Position><LatitudeDegrees>30.51943645</LatitudeDegrees><LongitudeDegrees>104.06162329</LongitudeDegrees></Position><AltitudeMeters>431</AltitudeMeters><HeartRateBpm><Value>126</Value></HeartRateBpm></Trackpoint>
<Trackpoint><Time>2024-07-18T23:26:23Z</Time><Position><LatitudeDegrees>30.51951978</LatitudeDegrees><LongitudeDegrees>104.06166494</LongitudeDegrees></Position><AltitudeMeters>431</AltitudeMeters><HeartRateBpm><Value>126</Value></HeartRateBpm></Trackpoint>
<Trackpoint><Time>2024-07-18T23:26:25Z</Time><Position><LatitudeDegrees>30.51957311</LatitudeDegrees><LongitudeDegrees>104.06167861</LongitudeDegrees></Position><AltitudeMeters>431</AltitudeMeters><HeartRateBpm><Value>125</Value></HeartRateBpm></Trackpoint>
<Trackpoint><Time>2024-07-18T23:26:26Z</Time><Position><LatitudeDegrees>30.51957744</LatitudeDegrees><LongitudeDegrees>104.06167829</LongitudeDegrees></Position><AltitudeMeters>431</AltitudeMeters><HeartRateBpm><Value>125</Value></HeartRateBpm></Trackpoint>
<Trackpoint><Time>2024-07-18T23:26:27Z</Time><Position><LatitudeDegrees>30.51958943</LatitudeDegrees><LongitudeDegrees>104.06167829</LongitudeDegrees></Position><AltitudeMeters>431</AltitudeMeters><HeartRateBpm><Value>124</Value></HeartRateBpm></Trackpoint>
<Trackpoint><Time>2024-07-18T23:26:29Z</Time><Position><LatitudeDegrees>30.5196611</LatitudeDegrees><LongitudeDegrees>104.06168128</LongitudeDegrees></Position><AltitudeMeters>431</AltitudeMeters><HeartRateBpm><Value>124</Value></HeartRateBpm></Trackpoint>
<Trackpoint><Time>2024-07-18T23:26:30Z</Time><Position><LatitudeDegrees>30.51966609</LatitudeDegrees><LongitudeDegrees>104.06168328</LongitudeDegrees></Position><AltitudeMeters>431</AltitudeMeters><HeartRateBpm><Value>124</Value></HeartRateBpm></Trackpoint>
<Trackpoint><Time>2024-07-18T23:26:31Z</Time><Position><LatitudeDegrees>30.51967775</LatitudeDegrees><LongitudeDegrees>104.0616886</LongitudeDegrees></Position><AltitudeMeters>431</AltitudeMeters><HeartRateBpm><Value>124</Value></HeartRateBpm></Trackpoint>
<Trackpoint><Time>2024-07-18T23:26:32Z</Time><Position><LatitudeDegrees>30.51969374</LatitudeDegrees><LongitudeDegrees>104.06169559</LongitudeDegrees></Position><AltitudeMeters>431</AltitudeMeters><HeartRateBpm><Value>123</Value></HeartRateBpm></Trackpoint>
<Trackpoint><Time>2024-07-18T23:26:33Z</Time><Position><LatitudeDegrees>30.51971174</LatitudeDegrees><LongitudeDegrees>104.06170492</LongitudeDegrees></Position><AltitudeMeters>431</AltitudeMeters><HeartRateBpm><Value>123</Value></HeartRateBpm></Trackpoint>
<Trackpoint><Time>2024-07-18T23:26:34Z</Time><Position><LatitudeDegrees>30.51973173</LatitudeDegrees><LongitudeDegrees>104.06171791</LongitudeDegrees></Position><AltitudeMeters>431</AltitudeMeters><HeartRateBpm><Value>123</Value></HeartRateBpm></Trackpoint>
<Trackpoint><Time>2024-07-18T23:26:36Z</Time><Position><LatitudeDegrees>30.5198064</LatitudeDegrees><LongitudeDegrees>104.06179625</LongitudeDegrees></Position><AltitudeMeters>431</AltitudeMeters><HeartRateBpm><Value>123</Value></HeartRateBpm></Trackpoint>
<Trackpoint><Time>2024-07-18T23:26:38Z</Time><Position><LatitudeDegrees>30.5198314</LatitudeDegrees><LongitudeDegrees>104.0618379</LongitudeDegrees></Position><AltitudeMeters>431</AltitudeMeters><HeartRateBpm><Value>123</Value></HeartRateBpm></Trackpoint>
<Trackpoint><Time>2024-07-18T23:26:39Z</Time><Position><LatitudeDegrees>30.51983407</LatitudeDegrees><LongitudeDegrees>104.06184324</LongitudeDegrees></Position><AltitudeMeters>431</AltitudeMeters><HeartRateBpm><Value>123</Value></HeartRateBpm></Trackpoint>
<Trackpoint><Time>2024-07-18T23:26:40Z</Time><Position><LatitudeDegrees>30.51984039</LatitudeDegrees><LongitudeDegrees>104.06185724</LongitudeDegrees></Position><AltitudeMeters>431</AltitudeMeters><HeartRateBpm><Value>122</Value></HeartRateBpm></Trackpoint>
<Trackpoint><Time>2024-07-18T23:26:41Z</Time><Position><LatitudeDegrees>30.51985172</LatitudeDegrees><LongitudeDegrees>104.06187889</LongitudeDegrees></Position><AltitudeMeters>431</AltitudeMeters><HeartRateBpm><Value>122</Value></HeartRateBpm></Trackpoint>
<Trackpoint><Time>2024-07-18T23:26:42Z</Time><Position><LatitudeDegrees>30.51992038</LatitudeDegrees><LongitudeDegrees>104.06198223</LongitudeDegrees></Position><AltitudeMeters>431</AltitudeMeters><HeartRateBpm><Value>120</Value></HeartRateBpm></Trackpoint>
<Trackpoint><Time>2024-07-18T23:26:44Z</Time><Position><LatitudeDegrees>30.51992305</LatitudeDegrees><LongitudeDegrees>104.06198689</LongitudeDegrees></Position><AltitudeMeters>431</AltitudeMeters><HeartRateBpm><Value>120</Value></HeartRateBpm></Trackpoint>
<Trackpoint><Time>2024-07-18T23:26:45Z</Time><Position><LatitudeDegrees>30.51992638</LatitudeDegrees><LongitudeDegrees>104.06199488</LongitudeDegrees></Position><AltitudeMeters>431</AltitudeMeters><HeartRateBpm><Value>119</Value></HeartRateBpm></Trackpoint>
<Trackpoint><Time>2024-07-18T23:26:46Z</Time><Position><LatitudeDegrees>30.51992937</LatitudeDegrees><LongitudeDegrees>104.06200354</LongitudeDegrees></Position><AltitudeMeters>432</AltitudeMeters><HeartRateBpm><Value>119</Value></HeartRateBpm></Trackpoint>
<Trackpoint><Time>2024-07-18T23:26:47Z</Time><Position><LatitudeDegrees>30.51994536</LatitudeDegrees><LongitudeDegrees>104.06202121</LongitudeDegrees></Position><AltitudeMeters>432</AltitudeMeters><HeartRateBpm><Value>119</Value></HeartRateBpm></Trackpoint>
<Trackpoint><Time>2024-07-18T23:26:49Z</Time><Position><LatitudeDegrees>30.51994568</LatitudeDegrees><LongitudeDegrees>104.06202054</LongitudeDegrees></Position><AltitudeMeters>432</AltitudeMeters><HeartRateBpm><Value>118</Value></HeartRateBpm></Trackpoint>
</Track></Lap>
<Lap StartTime="2024-07-18T23:27:05Z">
<TotalTimeSeconds>76</TotalTimeSeconds><DistanceMeters>34.68</DistanceMeters><Track>
<Trackpoint><Time>2024-07-18T23:27:05Z</Time><Position><LatitudeDegrees>30.51995635</LatitudeDegrees><LongitudeDegrees>104.06203887</LongitudeDegrees></Position><AltitudeMeters>432</AltitudeMeters><HeartRateBpm><Value>115</Value></HeartRateBpm></Trackpoint>
<Trackpoint><Time>2024-07-18T23:27:06Z</Time><Position><LatitudeDegrees>30.51995735</LatitudeDegrees><LongitudeDegrees>104.0620402</LongitudeDegrees></Position><AltitudeMeters>433</AltitudeMeters><HeartRateBpm><Value>115</Value></HeartRateBpm></Trackpoint>
<Trackpoint><Time>2024-07-18T23:27:07Z</Time><Position><LatitudeDegrees>30.51996001</LatitudeDegrees><LongitudeDegrees>104.06204286</LongitudeDegrees></Position><AltitudeMeters>433</AltitudeMeters><HeartRateBpm><Value>115</Value></HeartRateBpm></Trackpoint>
<Trackpoint><Time>2024-07-18T23:27:09Z</Time><Position><LatitudeDegrees>30.51996401</LatitudeDegrees><LongitudeDegrees>104.06204652</LongitudeDegrees></Position><AltitudeMeters>433</AltitudeMeters><HeartRateBpm><Value>113</Value></HeartRateBpm></Trackpoint>
<Trackpoint><Time>2024-07-18T23:27:10Z</Time><Position><LatitudeDegrees>30.51996901</LatitudeDegrees><LongitudeDegrees>104.06205118</LongitudeDegrees></Position><AltitudeMeters>433</AltitudeMeters><HeartRateBpm><Value>113</Value></HeartRateBpm></Trackpoint>
<Trackpoint><Time>2024-07-18T23:27:11Z</Time><Position><LatitudeDegrees>30.519995</LatitudeDegrees><LongitudeDegrees>104.06207218</LongitudeDegrees></Position><AltitudeMeters>433</AltitudeMeters><HeartRateBpm><Value>113</Value></HeartRateBpm></Trackpoint>
<Trackpoint><Time>2024-07-18T23:27:13Z</Time><Position><LatitudeDegrees>30.51999666</LatitudeDegrees><LongitudeDegrees>104.0620735</LongitudeDegrees></Position><AltitudeMeters>434</AltitudeMeters><HeartRateBpm><Value>113</Value></HeartRateBpm></Trackpoint>
<Trackpoint><Time>2024-07-18T23:27:14Z</Time><Position><LatitudeDegrees>30.52000032</LatitudeDegrees><LongitudeDegrees>104.06207717</LongitudeDegrees></Position><AltitudeMeters>434</AltitudeMeters><HeartRateBpm><Value>113</Value></HeartRateBpm></Trackpoint>
<Trackpoint><Time>2024-07-18T23:27:16Z</Time><Position><LatitudeDegrees>30.52002532</LatitudeDegrees><LongitudeDegrees>104.06210182</LongitudeDegrees></Position><AltitudeMeters>434</AltitudeMeters><HeartRateBpm><Value>113</Value></HeartRateBpm></Trackpoint>
<Trackpoint><Time>2024-07-18T23:27:17Z</Time><Position><LatitudeDegrees>30.52002698</LatitudeDegrees><LongitudeDegrees>104.06210381</LongitudeDegrees></Position><AltitudeMeters>434</AltitudeMeters><HeartRateBpm><Value>113</Value></HeartRateBpm></Trackpoint>
<Trackpoint><Time>2024-07-18T23:27:18Z</Time><Position><LatitudeDegrees>30.52003064</LatitudeDegrees><LongitudeDegrees>104.06210715</LongitudeDegrees></Position><AltitudeMeters>434</AltitudeMeters><HeartRateBpm><Value>113</Value></HeartRateBpm></Trackpoint>
<Trackpoint><Time>2024-07-18T23:27:19Z</Time><Position><LatitudeDegrees>30.52003498</LatitudeDegrees><LongitudeDegrees>104.06211115</LongitudeDegrees></Position><AltitudeMeters>434</AltitudeMeters><HeartRateBpm><Value>113</Value></HeartRateBpm></Trackpoint>
<Trackpoint><Time>2024-07-18T23:27:21Z</Time><Position><LatitudeDegrees>30.5200633</LatitudeDegrees><LongitudeDegrees>104.0621288</LongitudeDegrees></Position><AltitudeMeters>434</AltitudeMeters><HeartRateBpm><Value>113</Value></HeartRateBpm></Trackpoint>
<Trackpoint><Time>2024-07-18T23:27:22Z</Time><Position><LatitudeDegrees>30.52008663</LatitudeDegrees><LongitudeDegrees>104.06213679</LongitudeDegrees></Position><AltitudeMeters>435</AltitudeMeters><HeartRateBpm><Value>114</Value></HeartRateBpm></Trackpoint>
<Trackpoint><Time>2024-07-18T23:27:24Z</Time><Position><LatitudeDegrees>30.52008862</LatitudeDegrees><LongitudeDegrees>104.06213712</LongitudeDegrees></Position><AltitudeMeters>435</AltitudeMeters><HeartRateBpm><Value>114</Value></HeartRateBpm></Trackpoint>
<Trackpoint><Time>2024-07-18T23:27:25Z</Time><Position><LatitudeDegrees>30.52009229</LatitudeDegrees><LongitudeDegrees>104.06213712</LongitudeDegrees></Position><AltitudeMeters>435</AltitudeMeters><HeartRateBpm><Value>114</Value></HeartRateBpm></Trackpoint>
<Trackpoint><Time>2024-07-18T23:27:27Z</Time><Position><LatitudeDegrees>30.52012728</LatitudeDegrees><LongitudeDegrees>104.06214178</LongitudeDegrees></Position><AltitudeMeters>435</AltitudeMeters><HeartRateBpm><Value>115</Value></HeartRateBpm></Trackpoint>
<Trackpoint><Time>2024-07-18T23:27:28Z</Time><Position><LatitudeDegrees>30.52013028</LatitudeDegrees><LongitudeDegrees>104.06214378</LongitudeDegrees></Position><AltitudeMeters>435</AltitudeMeters><HeartRateBpm><Value>116</Value></HeartRateBpm></Trackpoint>
<Trackpoint><Time>2024-07-18T23:27:29Z</Time><Position><LatitudeDegrees>30.5201356</LatitudeDegrees><LongitudeDegrees>104.06214877</LongitudeDegrees></Position><AltitudeMeters>435</AltitudeMeters><HeartRateBpm><Value>116</Value></HeartRateBpm></Trackpoint>
<Trackpoint><Time>2024-07-18T23:27:31Z</Time><Position><LatitudeDegrees>30.52016327</LatitudeDegrees><LongitudeDegrees>104.06219011</LongitudeDegrees></Position><AltitudeMeters>435</AltitudeMeters><HeartRateBpm><Value>117</Value></HeartRateBpm></Trackpoint>
<Trackpoint><Time>2024-07-18T23:27:33Z</Time><Position><LatitudeDegrees>30.52017359</LatitudeDegrees><LongitudeDegrees>104.0622171</LongitudeDegrees></Position><AltitudeMeters>435</AltitudeMeters><HeartRateBpm><Value>116</Value></HeartRateBpm></Trackpoint>
<Trackpoint><Time>2024-07-18T23:27:34Z</Time><Position><LatitudeDegrees>30.52017426</LatitudeDegrees><LongitudeDegrees>104.06221876</LongitudeDegrees></Position><AltitudeMeters>435</AltitudeMeters><HeartRateBpm><Value>116</Value></HeartRateBpm></Trackpoint>
<Trackpoint><Time>2024-07-18T23:27:35Z</Time><Position><LatitudeDegrees>30.52017525</LatitudeDegrees><LongitudeDegrees>104.0622291</LongitudeDegrees></Position><AltitudeMeters>435</AltitudeMeters><HeartRateBpm><Value>116</Value></HeartRateBpm></Trackpoint>
<Trackpoint><Time>2024-07-18T23:27:37Z</Time><Position><LatitudeDegrees>30.52017459</LatitudeDegrees><LongitudeDegrees>104.06222877</LongitudeDegrees></Position><AltitudeMeters>435</AltitudeMeters><HeartRateBpm><Value>116</Value></HeartRateBpm></Trackpoint>
</Track></Lap>
<Lap StartTime="2024-07-18T23:28:21Z">
<TotalTimeSeconds>796</TotalTimeSeconds><DistanceMeters>3874.57</DistanceMeters><Track>
<Trackpoint><Time>2024-07-18T23:28:21Z</Time><Position><LatitudeDegrees>30.52018859</LatitudeDegrees><LongitudeDegrees>104.0622481</LongitudeDegrees></Position><AltitudeMeters>435</AltitudeMeters><HeartRateBpm><Value>104</Value></HeartRateBpm></Trackpoint>
<Trackpoint><Time>2024-07-18T23:28:22Z</Time><Position><LatitudeDegrees>30.52019293</LatitudeDegrees><LongitudeDegrees>104.06225409</LongitudeDegrees></Position><AltitudeMeters>435</AltitudeMeters><HeartRateBpm><Value>104</Value></HeartRateBpm></Trackpoint>
<Trackpoint><Time>2024-07-18T23:28:24Z</Time><Position><LatitudeDegrees>30.52024459</LatitudeDegrees><LongitudeDegrees>104.06233242</LongitudeDegrees></Position><AltitudeMeters>435</AltitudeMeters><HeartRateBpm><Value>104</Value></HeartRateBpm></Trackpoint>
<Trackpoint><Time>2024-07-18T23:28:26Z</Time><Position><LatitudeDegrees>30.52027826</LatitudeDegrees><LongitudeDegrees>104.06239674</LongitudeDegrees></Position><AltitudeMeters>435</AltitudeMeters><HeartRateBpm><Value>104</Value></HeartRateBpm></Trackpoint>
<Trackpoint><Time>2024-07-18T23:28:27Z</Time><Position><LatitudeDegrees>30.52028192</LatitudeDegrees><LongitudeDegrees>104.06240441</LongitudeDegrees></Position><AltitudeMeters>435</AltitudeMeters><HeartRateBpm><Value>104</Value></HeartRateBpm></Trackpoint>
<Trackpoint><Time>2024-07-18T23:28:29Z</Time><Position><LatitudeDegrees>30.52032358</LatitudeDegrees><LongitudeDegrees>104.06248474</LongitudeDegrees></Position><AltitudeMeters>435</AltitudeMeters><HeartRateBpm><Value>105</Value></HeartRateBpm></Trackpoint>
<Trackpoint><Time>2024-07-18T23:28:31Z</Time><Position><LatitudeDegrees>30.52036958</LatitudeDegrees><LongitudeDegrees>104.06250941</LongitudeDegrees></Position><AltitudeMeters>435</AltitudeMeters><HeartRateBpm><Value>106</Value></HeartRateBpm></Trackpoint>
<Trackpoint><Time>2024-07-18T23:28:32Z</Time><Position><LatitudeDegrees>30.52037724</LatitudeDegrees><LongitudeDegrees>104.0625124</LongitudeDegrees></Position><AltitudeMeters>435</AltitudeMeters><HeartRateBpm><Value>105</Value></HeartRateBpm></Trackpoint>
<Trackpoint><Time>2024-07-18T23:28:33Z</Time><Position><LatitudeDegrees>30.5203919</LatitudeDegrees><LongitudeDegrees>104.06252173</LongitudeDegrees></Position><AltitudeMeters>435</AltitudeMeters><HeartRateBpm><Value>105</Value></HeartRateBpm></Trackpoint>
<Trackpoint><Time>2024-07-18T23:28:35Z</Time><Position><LatitudeDegrees>30.5204649</LatitudeDegrees><LongitudeDegrees>104.06262172</LongitudeDegrees></Position><AltitudeMeters>435</AltitudeMeters><HeartRateBpm><Value>104</Value></HeartRateBpm></Trackpoint>
<Trackpoint><Time>2024-07-18T23:28:37Z</Time><Position><LatitudeDegrees>30.52044424</LatitudeDegrees><LongitudeDegrees>104.06273272</LongitudeDegrees></Position><AltitudeMeters>435</AltitudeMeters><HeartRateBpm><Value>102</Value></HeartRateBpm></Trackpoint>
<Trackpoint><Time>2024-07-18T23:28:39Z</Time><Position><LatitudeDegrees>30.5204529</LatitudeDegrees><LongitudeDegrees>104.06284838</LongitudeDegrees></Position><AltitudeMeters>434</AltitudeMeters><HeartRateBpm><Value>100</Value></HeartRateBpm></Trackpoint>
<Trackpoint><Time>2024-07-18T23:28:40Z</Time><Position><LatitudeDegrees>30.52045555</LatitudeDegrees><LongitudeDegrees>104.0628627</LongitudeDegrees></Position><AltitudeMeters>434</AltitudeMeters><HeartRateBpm><Value>100</Value></HeartRateBpm></Trackpoint>
<Trackpoint><Time>2024-07-18T23:28:41Z</Time><Position><LatitudeDegrees>30.52049688</LatitudeDegrees><LongitudeDegrees>104.06303604</LongitudeDegrees></Position><AltitudeMeters>434</AltitudeMeters><HeartRateBpm><Value>102</Value></HeartRateBpm></Trackpoint>
<Trackpoint><Time>2024-07-18T23:28:43Z</Time><Position><LatitudeDegrees>30.52050221</LatitudeDegrees><LongitudeDegrees>104.06305204</LongitudeDegrees></Position><AltitudeMeters>434</AltitudeMeters><HeartRateBpm><Value>102</Value></HeartRateBpm></Trackpoint>
<Trackpoint><Time>2024-07-18T23:28:44Z</Time><Position><LatitudeDegrees>30.5205152</LatitudeDegrees><LongitudeDegrees>104.06308436</LongitudeDegrees></Position><AltitudeMeters>434</AltitudeMeters><HeartRateBpm><Value>103</Value></HeartRateBpm></Trackpoint>
<Trackpoint><Time>2024-07-18T23:28:45Z</Time><Position><LatitudeDegrees>30.5205362</LatitudeDegrees><LongitudeDegrees>104.06312636</LongitudeDegrees></Position><AltitudeMeters>434</AltitudeMeters><HeartRateBpm><Value>103</Value></HeartRateBpm></Trackpoint>
<Trackpoint><Time>2024-07-18T23:28:47Z</Time><Position><LatitudeDegrees>30.52068286</LatitudeDegrees><LongitudeDegrees>104.06329502</LongitudeDegrees></Position><AltitudeMeters>434</AltitudeMeters><HeartRateBpm><Value>105</Value></HeartRateBpm></Trackpoint>
<Trackpoint><Time>2024-07-18T23:28:48Z</Time><Position><LatitudeDegrees>30.52069619</LatitudeDegrees><LongitudeDegrees>104.06329502</LongitudeDegrees></Position><AltitudeMeters>434</AltitudeMeters><HeartRateBpm><Value>106</Value></HeartRateBpm></Trackpoint>
<Trackpoint><Time>2024-07-18T23:28:49Z</Time><Position><LatitudeDegrees>30.52082819</LatitudeDegrees><LongitudeDegrees>104.06336367</LongitudeDegrees></Position><AltitudeMeters>434</AltitudeMeters><HeartRateBpm><Value>106</Value></HeartRateBpm></Trackpoint>
<Trackpoint><Time>2024-07-18T23:28:51Z</Time><Position><LatitudeDegrees>30.52083618</LatitudeDegrees><LongitudeDegrees>104.06337667</LongitudeDegrees></Position><AltitudeMeters>434</AltitudeMeters><HeartRateBpm><Value>107</Value></HeartRateBpm></Trackpoint>
<Trackpoint><Time>2024-07-18T23:28:52Z</Time><Position><LatitudeDegrees>30.52084917</LatitudeDegrees><LongitudeDegrees>104.06340266</LongitudeDegrees></Position><AltitudeMeters>434</AltitudeMeters><HeartRateBpm><Value>107</Value></HeartRateBpm></Trackpoint>
<Trackpoint><Time>2024-07-18T23:28:53Z</Time><Position><LatitudeDegrees>30.52093984</LatitudeDegrees><LongitudeDegrees>104.06356966</LongitudeDegrees></Position><AltitudeMeters>433</AltitudeMeters><HeartRateBpm><Value>107</Value></HeartRateBpm></Trackpoint>
<Trackpoint><Time>2024-07-18T23:28:55Z</Time><Position><LatitudeDegrees>30.52094684</LatitudeDegrees><LongitudeDegrees>104.06358165</LongitudeDegrees></Position><AltitudeMeters>433</AltitudeMeters><HeartRateBpm><Value>109</Value></HeartRateBpm></Trackpoint>
<Trackpoint><Time>2024-07-18T23:28:56Z</Time><Position><LatitudeDegrees>30.52096084</LatitudeDegrees><LongitudeDegrees>104.06360564</LongitudeDegrees></Position><AltitudeMeters>433</AltitudeMeters><HeartRateBpm><Value>108</Value></HeartRateBpm></Trackpoint>
<Trackpoint><Time>2024-07-18T23:28:57Z</Time><Position><LatitudeDegrees>30.52103883</LatitudeDegrees><LongitudeDegrees>104.06376431</LongitudeDegrees></Position><AltitudeMeters>433</AltitudeMeters><HeartRateBpm><Value>108</Value></HeartRateBpm></Trackpoint>
<Trackpoint><Time>2024-07-18T23:28:59Z</Time><Position><LatitudeDegrees>30.52104148</LatitudeDegrees><LongitudeDegrees>104.06377664</LongitudeDegrees></Position><AltitudeMeters>433</AltitudeMeters><HeartRateBpm><Value>108</Value></HeartRateBpm></Trackpoint>
<Trackpoint><Time>2024-07-18T23:29:00Z</Time><Position><LatitudeDegrees>30.52107247</LatitudeDegrees><LongitudeDegrees>104.06391797</LongitudeDegrees></Position><AltitudeMeters>433</AltitudeMeters><HeartRateBpm><Value>107</Value></HeartRateBpm></Trackpoint>
<Trackpoint><Time>2024-07-18T23:29:01Z</Time><Position><LatitudeDegrees>30.52107814</LatitudeDegrees><LongitudeDegrees>104.06392829</LongitudeDegrees></Position><AltitudeMeters>428</AltitudeMeters><HeartRateBpm><Value>104</Value></HeartRateBpm></Trackpoint>
<Trackpoint><Time>2024-07-18T23:29:03Z</Time><Position><LatitudeDegrees>30.52109181</LatitudeDegrees><LongitudeDegrees>104.06394696</LongitudeDegrees></Position><AltitudeMeters>428</AltitudeMeters><HeartRateBpm><Value>104</Value></HeartRateBpm></Trackpoint>
<Trackpoint><Time>2024-07-18T23:29:04Z</Time><Position><LatitudeDegrees>30.52111247</LatitudeDegrees><LongitudeDegrees>104.06397095</LongitudeDegrees></Position><AltitudeMeters>428</AltitudeMeters><HeartRateBpm><Value>104</Value></HeartRateBpm></Trackpoint>
<Trackpoint><Time>2024-07-18T23:29:05Z</Time><Position><LatitudeDegrees>30.52113914</LatitudeDegrees><LongitudeDegrees>104.06399695</LongitudeDegrees></Position><AltitudeMeters>428</AltitudeMeters><HeartRateBpm><Value>104</Value></HeartRateBpm></Trackpoint>
<Trackpoint><Time>2024-07-18T23:29:06Z</Time><Position><LatitudeDegrees>30.52117013</LatitudeDegrees><LongitudeDegrees>104.06402527</LongitudeDegrees></Position><AltitudeMeters>427</AltitudeMeters><HeartRateBpm><Value>105</Value></HeartRateBpm></Trackpoint>
<Trackpoint><Time>2024-07-18T23:29:07Z</Time><Position><LatitudeDegrees>30.52120145</LatitudeDegrees><LongitudeDegrees>104.06405494</LongitudeDegrees></Position><AltitudeMeters>427</AltitudeMeters><HeartRateBpm><Value>105</Value></HeartRateBpm></Trackpoint>
<Trackpoint><Time>2024-07-18T23:29:08Z</Time><Position><LatitudeDegrees>30.52122912</LatitudeDegrees><LongitudeDegrees>104.06408594</LongitudeDegrees></Position><AltitudeMeters>427</AltitudeMeters><HeartRateBpm><Value>105</Value></HeartRateBpm></Trackpoint>
<Trackpoint><Time>2024-07-18T23:29:09Z</Time><Position><LatitudeDegrees>30.52125878</LatitudeDegrees><LongitudeDegrees>104.06410993</LongitudeDegrees></Position><AltitudeMeters>427</AltitudeMeters><HeartRateBpm><Value>105</Value></HeartRateBpm></Trackpoint>
<Trackpoint><Time>2024-07-18T23:29:10Z</Time><Position><LatitudeDegrees>30.5212891</LatitudeDegrees><LongitudeDegrees>104.06412593</LongitudeDegrees></Position><AltitudeMeters>427</AltitudeMeters><HeartRateBpm><Value>107</Value></HeartRateBpm></Trackpoint>
<Trackpoint><Time>2024-07-18T23:29:11Z</Time><Position><LatitudeDegrees>30.52131909</LatitudeDegrees><LongitudeDegrees>104.06414492</LongitudeDegrees></Position><AltitudeMeters>427</AltitudeMeters><HeartRateBpm><Value>107</Value></HeartRateBpm></Trackpoint>
<Trackpoint><Time>2024-07-18T23:29:12Z</Time><Position><LatitudeDegrees>30.52134476</LatitudeDegrees><LongitudeDegrees>104.06416991</LongitudeDegrees></Position><AltitudeMeters>427</AltitudeMeters><HeartRateBpm><Value>107</Value></HeartRateBpm></Trackpoint>
<Trackpoint><Time>2024-07-18T23:29:13Z</Time><Position><LatitudeDegrees>30.52136808</LatitudeDegrees><LongitudeDegrees>104.06420057</LongitudeDegrees></Position><AltitudeMeters>427</AltitudeMeters><HeartRateBpm><Value>107</Value></HeartRateBpm></Trackpoint>
<Trackpoint><Time>2024-07-18T23:29:15Z</Time><Position><LatitudeDegrees>30.52143108</LatitudeDegrees><LongitudeDegrees>104.06434256</LongitudeDegrees></Position><AltitudeMeters>427</AltitudeMeters><HeartRateBpm><Value>107</Value></HeartRateBpm></Trackpoint>
<Trackpoint><Time>2024-07-18T23:29:16Z</Time><Position><LatitudeDegrees>30.52143042</LatitudeDegrees><LongitudeDegrees>104.0643539</LongitudeDegrees></Position><AltitudeMeters>427</AltitudeMeters><HeartRateBpm><Value>110</Value></HeartRateBpm></Trackpoint>
<Trackpoint><Time>2024-07-18T23:29:17Z</Time><Position><LatitudeDegrees>30.52143141</LatitudeDegrees><LongitudeDegrees>104.06437723</LongitudeDegrees></Position><AltitudeMeters>427</AltitudeMeters><HeartRateBpm><Value>110</Value></HeartRateBpm></Trackpoint>
<Trackpoint><Time>2024-07-18T23:29:18Z</Time><Position><LatitudeDegrees>30.52145708</LatitudeDegrees><LongitudeDegrees>104.06452755</LongitudeDegrees></Position><AltitudeMeters>427</AltitudeMeters><HeartRateBpm><Value>110</Value></HeartRateBpm></Trackpoint>
<Trackpoint><Time>2024-07-18T23:29:19Z</Time><Position><LatitudeDegrees>30.5214594</LatitudeDegrees><LongitudeDegrees>104.06453889</LongitudeDegrees></Position><AltitudeMeters>427</AltitudeMeters><HeartRateBpm><Value>110</Value></HeartRateBpm></Trackpoint>
<Trackpoint><Time>2024-07-18T23:29:21Z</Time><Position><LatitudeDegrees>30.52146507</LatitudeDegrees><LongitudeDegrees>104.06456254</LongitudeDegrees></Position><AltitudeMeters>427</AltitudeMeters><HeartRateBpm><Value>109</Value></HeartRateBpm></Trackpoint>
<Trackpoint><Time>2024-07-18T23:29:22Z</Time><Position><LatitudeDegrees>30.52147274</LatitudeDegrees><LongitudeDegrees>104.06459488</LongitudeDegrees></Position><AltitudeMeters>427</AltitudeMeters><HeartRateBpm><Value>109</Value></HeartRateBpm></Trackpoint>
<Trackpoint><Time>2024-07-18T23:29:23Z</Time><Position><LatitudeDegrees>30.52148139</LatitudeDegrees><LongitudeDegrees>104.06463254</LongitudeDegrees></Position><AltitudeMeters>427</AltitudeMeters><HeartRateBpm><Value>109</Value></HeartRateBpm></Trackpoint>
<Trackpoint><Time>2024-07-18T23:29:24Z</Time><Position><LatitudeDegrees>30.52155372</LatitudeDegrees><LongitudeDegrees>104.06479453</LongitudeDegrees></Position><AltitudeMeters>427</AltitudeMeters><HeartRateBpm><Value>107</Value></HeartRateBpm></Trackpoint>
<Trackpoint><Time>2024-07-18T23:29:25Z</Time><Position><LatitudeDegrees>30.52156138</LatitudeDegrees><LongitudeDegrees>104.06480353</LongitudeDegrees></Position><AltitudeMeters>427</AltitudeMeters><HeartRateBpm><Value>106</Value></HeartRateBpm></Trackpoint>
<Trackpoint><Time>2024-07-18T23:29:27Z</Time><Position><LatitudeDegrees>30.52157771</LatitudeDegrees><LongitudeDegrees>104.0648232</LongitudeDegrees></Position><AltitudeMeters>427</AltitudeMeters><HeartRateBpm><Value>106</Value></HeartRateBpm></Trackpoint>
<Trackpoint><Time>2024-07-18T23:29:28Z</Time><Position><LatitudeDegrees>30.52169371</LatitudeDegrees><LongitudeDegrees>104.06494086</LongitudeDegrees></Position><AltitudeMeters>428</AltitudeMeters><HeartRateBpm><Value>106</Value></HeartRateBpm></Trackpoint>
<Trackpoint><Time>2024-07-18T23:29:30Z</Time><Position><LatitudeDegrees>30.52177671</LatitudeDegrees><LongitudeDegrees>104.06500886</LongitudeDegrees></Position><AltitudeMeters>428</AltitudeMeters><HeartRateBpm><Value>106</Value></HeartRateBpm></Trackpoint>
<Trackpoint><Time>2024-07-18T23:29:31Z</Time><Position><LatitudeDegrees>30.5217867</LatitudeDegrees><LongitudeDegrees>104.06501751</LongitudeDegrees></Position><AltitudeMeters>428</AltitudeMeters><HeartRateBpm><Value>106</Value></HeartRateBpm></Trackpoint>
<Trackpoint><Time>2024-07-18T23:29:32Z</Time><Position><LatitudeDegrees>30.5218077</LatitudeDegrees><LongitudeDegrees>104.0650365</LongitudeDegrees></Position><AltitudeMeters>428</AltitudeMeters><HeartRateBpm><Value>108</Value></HeartRateBpm></Trackpoint>
<Trackpoint><Time>2024-07-18T23:29:33Z</Time><Position><LatitudeDegrees>30.52183602</LatitudeDegrees><LongitudeDegrees>104.0650635</LongitudeDegrees></Position><AltitudeMeters>428</AltitudeMeters><HeartRateBpm><Value>108</Value></HeartRateBpm></Trackpoint>
<Trackpoint><Time>2024-07-18T23:29:34Z</Time><Position><LatitudeDegrees>30.52186834</LatitudeDegrees><LongitudeDegrees>104.06509584</LongitudeDegrees></Position><AltitudeMeters>428</AltitudeMeters><HeartRateBpm><Value>108</Value></HeartRateBpm></Trackpoint>
<Trackpoint><Time>2024-07-18T23:29:35Z</Time><Position><LatitudeDegrees>30.52190267</LatitudeDegrees><LongitudeDegrees>104.06513284</LongitudeDegrees></Position><AltitudeMeters>428</AltitudeMeters><HeartRateBpm><Value>109</Value></HeartRateBpm></Trackpoint>
<Trackpoint><Time>2024-07-18T23:29:36Z</Time><Position><LatitudeDegrees>30.521939</LatitudeDegrees><LongitudeDegrees>104.06517349</LongitudeDegrees></Position><AltitudeMeters>428</AltitudeMeters><HeartRateBpm><Value>109</Value></HeartRateBpm></Trackpoint>
<Trackpoint><Time>2024-07-18T23:29:37Z</Time><Position><LatitudeDegrees>30.52197766</LatitudeDegrees><LongitudeDegrees>104.06521348</LongitudeDegrees></Position><AltitudeMeters>428</AltitudeMeters><HeartRateBpm><Value>110</Value></HeartRateBpm></Trackpoint>
<Trackpoint><Time>2024-07-18T23:29:38Z</Time><Position><LatitudeDegrees>30.52201999</LatitudeDegrees><LongitudeDegrees>104.06525214</LongitudeDegrees></Position><AltitudeMeters>428</AltitudeMeters><HeartRateBpm><Value>110</Value></HeartRateBpm></Trackpoint>
<Trackpoint><Time>2024-07-18T23:29:39Z</Time><Position><LatitudeDegrees>30.52206431</LatitudeDegrees><LongitudeDegrees>104.06528681</LongitudeDegrees></Position><AltitudeMeters>428</AltitudeMeters><HeartRateBpm><Value>110</Value></HeartRateBpm></Trackpoint>
<Trackpoint><Time>2024-07-18T23:29:40Z</Time><Position><LatitudeDegrees>30.52211031</LatitudeDegrees><LongitudeDegrees>104.06531813</LongitudeDegrees></Position><AltitudeMeters>428</AltitudeMeters><HeartRateBpm><Value>110</Value></HeartRateBpm></Trackpoint>
<Trackpoint><Time>2024-07-18T23:29:41Z</Time><Position><LatitudeDegrees>30.52215798</LatitudeDegrees><LongitudeDegrees>104.06534712</LongitudeDegrees></Position><AltitudeMeters>428</AltitudeMeters><HeartRateBpm><Value>111</Value></HeartRateBpm></Trackpoint>
<Trackpoint><Time>2024-07-18T23:29:42Z</Time><Position><LatitudeDegrees>30.52220698</LatitudeDegrees><LongitudeDegrees>104.06537378</LongitudeDegrees></Position><AltitudeMeters>428</AltitudeMeters><HeartRateBpm><Value>111</Value></HeartRateBpm></Trackpoint>
<Trackpoint><Time>2024-07-18T23:29:43Z</Time><Position><LatitudeDegrees>30.5222573</LatitudeDegrees><LongitudeDegrees>104.06539711</LongitudeDegrees></Position><AltitudeMeters>428</AltitudeMeters><HeartRateBpm><Value>113</Value></HeartRateBpm></Trackpoint>
<Trackpoint><Time>2024-07-18T23:29:44Z</Time><Position><LatitudeDegrees>30.5223093</LatitudeDegrees><LongitudeDegrees>104.06541678</LongitudeDegrees></Position><AltitudeMeters>428</AltitudeMeters><HeartRateBpm><Value>113</Value></HeartRateBpm></Trackpoint>
<Trackpoint><Time>2024-07-18T23:29:46Z</Time><Position><LatitudeDegrees>30.52252297</LatitudeDegrees><LongitudeDegrees>104.06548677</LongitudeDegrees></Position><AltitudeMeters>428</AltitudeMeters><HeartRateBpm><Value>116</Value></HeartRateBpm></Trackpoint>
<Trackpoint><Time>2024-07-18T23:29:47Z</Time><Position><LatitudeDegrees>30.52253664</LatitudeDegrees><LongitudeDegrees>104.06548877</LongitudeDegrees></Position><AltitudeMeters>428</AltitudeMeters><HeartRateBpm><Value>116</Value></HeartRateBpm></Trackpoint>
<Trackpoint><Time>2024-07-18T23:29:48Z</Time><Position><LatitudeDegrees>30.52256464</LatitudeDegrees><LongitudeDegrees>104.06549343</LongitudeDegrees></Position><AltitudeMeters>429</AltitudeMeters><HeartRateBpm><Value>116</Value></HeartRateBpm></Trackpoint>
<Trackpoint><Time>2024-07-18T23:29:49Z</Time><Position><LatitudeDegrees>30.52260296</LatitudeDegrees><LongitudeDegrees>104.06549976</LongitudeDegrees></Position><AltitudeMeters>429</AltitudeMeters><HeartRateBpm><Value>116</Value></HeartRateBpm></Trackpoint>
<Trackpoint><Time>2024-07-18T23:29:50Z</Time><Position><LatitudeDegrees>30.52264828</LatitudeDegrees><LongitudeDegrees>104.06550809</LongitudeDegrees></Position><AltitudeMeters>429</AltitudeMeters><HeartRateBpm><Value>116</Value></HeartRateBpm></Trackpoint>
<Trackpoint><Time>2024-07-18T23:29:51Z</Time><Position><LatitudeDegrees>30.52269794</LatitudeDegrees><LongitudeDegrees>104.06551508</LongitudeDegrees></Position><AltitudeMeters>429</AltitudeMeters><HeartRateBpm><Value>117</Value></HeartRateBpm></Trackpoint>
<Trackpoint><Time>2024-07-18T23:29:52Z</Time><Position><LatitudeDegrees>30.52274961</LatitudeDegrees><LongitudeDegrees>104.06551908</LongitudeDegrees></Position><AltitudeMeters>429</AltitudeMeters><HeartRateBpm><Value>117</Value></HeartRateBpm></Trackpoint>
<Trackpoint><Time>2024-07-18T23:29:53Z</Time><Position><LatitudeDegrees>30.5229696</LatitudeDegrees><LongitudeDegrees>104.06552074</LongitudeDegrees></Position><AltitudeMeters>429</AltitudeMeters><HeartRateBpm><Value>117</Value></HeartRateBpm></Trackpoint>
<Trackpoint><Time>2024-07-18T23:29:55Z</Time><Position><LatitudeDegrees>30.52298193</LatitudeDegrees><LongitudeDegrees>104.06551808</LongitudeDegrees></Position><AltitudeMeters>430</AltitudeMeters><HeartRateBpm><Value>117</Value></HeartRateBpm></Trackpoint>
<Trackpoint><Time>2024-07-18T23:29:56Z</Time><Position><LatitudeDegrees>30.52300759</LatitudeDegrees><LongitudeDegrees>104.06551341</LongitudeDegrees></Position><AltitudeMeters>430</AltitudeMeters><HeartRateBpm><Value>117</Value></HeartRateBpm></Trackpoint>
<Trackpoint><Time>2024-07-18T23:29:57Z</Time><Position><LatitudeDegrees>30.52304325</LatitudeDegrees><LongitudeDegrees>104.06550809</LongitudeDegrees></Position><AltitudeMeters>430</AltitudeMeters><HeartRateBpm><Value>119</Value></HeartRateBpm></Trackpoint>
<Trackpoint><Time>2024-07-18T23:29:58Z</Time><Position><LatitudeDegrees>30.52321924</LatitudeDegrees><LongitudeDegrees>104.06547276</LongitudeDegrees></Position><AltitudeMeters>430</AltitudeMeters><HeartRateBpm><Value>120</Value></HeartRateBpm></Trackpoint>
<Trackpoint><Time>2024-07-18T23:30:00Z</Time><Position><LatitudeDegrees>30.52323024</LatitudeDegrees><LongitudeDegrees>104.06546942</LongitudeDegrees></Position><AltitudeMeters>430</AltitudeMeters><HeartRateBpm><Value>121</Value></HeartRateBpm></Trackpoint>
<Trackpoint><Time>2024-07-18T23:30:01Z</Time><Position><LatitudeDegrees>30.5232529</LatitudeDegrees><LongitudeDegrees>104.06546343</LongitudeDegrees></Position><AltitudeMeters>430</AltitudeMeters><HeartRateBpm><Value>121</Value></HeartRateBpm></Trackpoint>
<Trackpoint><Time>2024-07-18T23:30:02Z</Time><Position><LatitudeDegrees>30.52328422</LatitudeDegrees><LongitudeDegrees>104.06545611</LongitudeDegrees></Position><AltitudeMeters>430</AltitudeMeters><HeartRateBpm><Value>121</Value></HeartRateBpm></Trackpoint>
<Trackpoint><Time>2024-07-18T23:30:03Z</Time><Position><LatitudeDegrees>30.52332089</LatitudeDegrees><LongitudeDegrees>104.06544478</LongitudeDegrees></Position><AltitudeMeters>430</AltitudeMeters><HeartRateBpm><Value>121</Value></HeartRateBpm></Trackpoint>
<Trackpoint><Time>2024-07-18T23:30:04Z</Time><Position><LatitudeDegrees>30.52336055</LatitudeDegrees><LongitudeDegrees>104.06543044</LongitudeDegrees></Position><AltitudeMeters>430</AltitudeMeters><HeartRateBpm><Value>121</Value></HeartRateBpm></Trackpoint>
<Trackpoint><Time>2024-07-18T23:30:05Z</Time><Position><LatitudeDegrees>30.52339854</LatitudeDegrees><LongitudeDegrees>104.06540912</LongitudeDegrees></Position><AltitudeMeters>430</AltitudeMeters><HeartRateBpm><Value>121</Value></HeartRateBpm></Trackpoint>
<Trackpoint><Time>2024-07-18T23:30:06Z</Time><Position><LatitudeDegrees>30.52343287</LatitudeDegrees><LongitudeDegrees>104.06537913</LongitudeDegrees></Position><AltitudeMeters>430</AltitudeMeters><HeartRateBpm><Value>121</Value></HeartRateBpm></Trackpoint>
<Trackpoint><Time>2024-07-18T23:30:07Z</Time><Position><LatitudeDegrees>30.52346354</LatitudeDegrees><LongitudeDegrees>104.06535046</LongitudeDegrees></Position><AltitudeMeters>430</AltitudeMeters><HeartRateBpm><Value>121</Value></HeartRateBpm></Trackpoint>
<Trackpoint><Time>2024-07-18T23:30:09Z</Time><Position><LatitudeDegrees>30.52357453</LatitudeDegrees><LongitudeDegrees>104.06524681</LongitudeDegrees></Position><AltitudeMeters>430</AltitudeMeters><HeartRateBpm><Value>121</Value></HeartRateBpm></Trackpoint>
<Trackpoint><Time>2024-07-18T23:30:10Z</Time><Position><LatitudeDegrees>30.52364386</LatitudeDegrees><LongitudeDegrees>104.06520315</LongitudeDegrees></Position><AltitudeMeters>430</AltitudeMeters><HeartRateBpm><Value>121</Value></HeartRateBpm></Trackpoint>
<Trackpoint><Time>2024-07-18T23:30:11Z</Time><Position><LatitudeDegrees>30.52365318</LatitudeDegrees><LongitudeDegrees>104.06519615</LongitudeDegrees></Position><AltitudeMeters>430</AltitudeMeters><HeartRateBpm><Value>121</Value></HeartRateBpm></Trackpoint>
<Trackpoint><Time>2024-07-18T23:30:12Z</Time><Position><LatitudeDegrees>30.52367352</LatitudeDegrees><LongitudeDegrees>104.06518349</LongitudeDegrees></Position><AltitudeMeters>430</AltitudeMeters><HeartRateBpm><Value>121</Value></HeartRateBpm></Trackpoint>
<Trackpoint><Time>2024-07-18T23:30:13Z</Time><Position><LatitudeDegrees>30.52370152</LatitudeDegrees><LongitudeDegrees>104.06516917</LongitudeDegrees></Position><AltitudeMeters>430</AltitudeMeters><HeartRateBpm><Value>121</Value></HeartRateBpm></Trackpoint>
<Trackpoint><Time>2024-07-18T23:30:14Z</Time><Position><LatitudeDegrees>30.52373551</LatitudeDegrees><LongitudeDegrees>104.0651515</LongitudeDegrees></Position><AltitudeMeters>430</AltitudeMeters><HeartRateBpm><Value>121</Value></HeartRateBpm></Trackpoint>
<Trackpoint><Time>2024-07-18T23:30:16Z</Time><Position><LatitudeDegrees>30.5237735</LatitudeDegrees><LongitudeDegrees>104.06513184</LongitudeDegrees></Position><AltitudeMeters>430</AltitudeMeters><HeartRateBpm><Value>121</Value></HeartRateBpm></Trackpoint>
<Trackpoint><Time>2024-07-18T23:30:17Z</Time><Position><LatitudeDegrees>30.52381715</LatitudeDegrees><LongitudeDegrees>104.06511817</LongitudeDegrees></Position><AltitudeMeters>430</AltitudeMeters><HeartRateBpm><Value>121</Value></HeartRateBpm></Trackpoint>
<Trackpoint><Time>2024-07-18T23:30:18Z</Time><Position><LatitudeDegrees>30.52386414</LatitudeDegrees><LongitudeDegrees>104.06510018</LongitudeDegrees></Position><AltitudeMeters>430</AltitudeMeters><HeartRateBpm><Value>120</Value></HeartRateBpm></Trackpoint>
<Trackpoint><Time>2024-07-18T23:30:19Z</Time><Position><LatitudeDegrees>30.52391148</LatitudeDegrees><LongitudeDegrees>104.06507686</LongitudeDegrees></Position><AltitudeMeters>430</AltitudeMeters><HeartRateBpm><Value>117</Value></HeartRateBpm></Trackpoint>
<Trackpoint><Time>2024-07-18T23:30:20Z</Time><Position><LatitudeDegrees>30.52395847</LatitudeDegrees><LongitudeDegrees>104.06504919</LongitudeDegrees></Position><AltitudeMeters>430</AltitudeMeters><HeartRateBpm><Value>116</Value></HeartRateBpm></Trackpoint>
<Trackpoint><Time>2024-07-18T23:30:21Z</Time><Position><LatitudeDegrees>30.52400479</LatitudeDegrees><LongitudeDegrees>104.06501787</LongitudeDegrees></Position><AltitudeMeters>430</AltitudeMeters><HeartRateBpm><Value>115</Value></HeartRateBpm></Trackpoint>
<Trackpoint><Time>2024-07-18T23:30:22Z</Time><Position><LatitudeDegrees>30.52405145</LatitudeDegrees><LongitudeDegrees>104.06498254</LongitudeDegrees></Position><AltitudeMeters>430</AltitudeMeters><HeartRateBpm><Value>115</Value></HeartRateBpm></Trackpoint>
<Trackpoint><Time>2024-07-18T23:30:24Z</Time><Position><LatitudeDegrees>30.5242371</LatitudeDegrees><LongitudeDegrees>104.06482889</LongitudeDegrees></Position><AltitudeMeters>430</AltitudeMeters><HeartRateBpm><Value>115</Value></HeartRateBpm></Trackpoint>
<Trackpoint><Time>2024-07-18T23:30:25Z</Time><Position><LatitudeDegrees>30.52424877</LatitudeDegrees><LongitudeDegrees>104.06481922</LongitudeDegrees></Position><AltitudeMeters>430</AltitudeMeters><HeartRateBpm><Value>115</Value></HeartRateBpm></Trackpoint>
<Trackpoint><Time>2024-07-18T23:30:27Z</Time><Position><LatitudeDegrees>30.5243751</LatitudeDegrees><LongitudeDegrees>104.06471523</LongitudeDegrees></Position><AltitudeMeters>430</AltitudeMeters><HeartRateBpm><Value>115</Value></HeartRateBpm></Trackpoint>
<Trackpoint><Time>2024-07-18T23:30:28Z</Time><Position><LatitudeDegrees>30.52438476</LatitudeDegrees><LongitudeDegrees>104.06470657</LongitudeDegrees></Position><AltitudeMeters>430</AltitudeMeters><HeartRateBpm><Value>115</Value></HeartRateBpm></Trackpoint>
<Trackpoint><Time>2024-07-18T23:30:29Z</Time><Position><LatitudeDegrees>30.52440308</LatitudeDegrees><LongitudeDegrees>104.06468792</LongitudeDegrees></Position><AltitudeMeters>430</AltitudeMeters><HeartRateBpm><Value>116</Value></HeartRateBpm></Trackpoint>
<Trackpoint><Time>2024-07-18T23:30:30Z</Time><Position><LatitudeDegrees>30.52442808</LatitudeDegrees><LongitudeDegrees>104.06466458</LongitudeDegrees></Position><AltitudeMeters>430</AltitudeMeters><HeartRateBpm><Value>116</Value></HeartRateBpm></Trackpoint>
<Trackpoint><Time>2024-07-18T23:30:32Z</Time><Position><LatitudeDegrees>30.52456275</LatitudeDegrees><LongitudeDegrees>104.06454658</LongitudeDegrees></Position><AltitudeMeters>430</AltitudeMeters><HeartRateBpm><Value>116</Value></HeartRateBpm></Trackpoint>
<Trackpoint><Time>2024-07-18T23:30:33Z</Time><Position><LatitudeDegrees>30.52457407</LatitudeDegrees><LongitudeDegrees>104.06453859</LongitudeDegrees></Position><AltitudeMeters>430</AltitudeMeters><HeartRateBpm><Value>115</Value></HeartRateBpm></Trackpoint>
<Trackpoint><Time>2024-07-18T23:30:34Z</Time><Position><LatitudeDegrees>30.52459873</LatitudeDegrees><LongitudeDegrees>104.06452293</LongitudeDegrees></Position><AltitudeMeters>430</AltitudeMeters><HeartRateBpm><Value>115</Value></HeartRateBpm></Trackpoint>
<Trackpoint><Time>2024-07-18T23:30:35Z</Time><Position><LatitudeDegrees>30.52463105</LatitudeDegrees><LongitudeDegrees>104.0644986</LongitudeDegrees></Position><AltitudeMeters>430</AltitudeMeters><HeartRateBpm><Value>115</Value></HeartRateBpm></Trackpoint>
<Trackpoint><Time>2024-07-18T23:30:36Z</Time><Position><LatitudeDegrees>30.52466939</LatitudeDegrees><LongitudeDegrees>104.06446995</LongitudeDegrees></Position><AltitudeMeters>430</AltitudeMeters><HeartRateBpm><Value>115</Value></HeartRateBpm></Trackpoint>
<Trackpoint><Time>2024-07-18T23:30:37Z</Time><Position><LatitudeDegrees>30.52471104</LatitudeDegrees><LongitudeDegrees>104.06443695</LongitudeDegrees></Position><AltitudeMeters>430</AltitudeMeters><HeartRateBpm><Value>115</Value></HeartRateBpm></Trackpoint>
<Trackpoint><Time>2024-07-18T23:30:38Z</Time><Position><LatitudeDegrees>30.52475571</LatitudeDegrees><LongitudeDegrees>104.06440128</LongitudeDegrees></Position><AltitudeMeters>430</AltitudeMeters><HeartRateBpm><Value>115</Value></HeartRateBpm></Trackpoint>
<Trackpoint><Time>2024-07-18T23:30:40Z</Time><Position><LatitudeDegrees>30.52494371</LatitudeDegrees><LongitudeDegrees>104.06424496</LongitudeDegrees></Position><AltitudeMeters>430</AltitudeMeters><HeartRateBpm><Value>115</Value></HeartRateBpm></Trackpoint>
<Trackpoint><Time>2024-07-18T23:30:41Z</Time><Position><LatitudeDegrees>30.52495537</LatitudeDegrees><LongitudeDegrees>104.06423462</LongitudeDegrees></Position><AltitudeMeters>430</AltitudeMeters><HeartRateBpm><Value>115</Value></HeartRateBpm></Trackpoint>
<Trackpoint><Time>2024-07-18T23:30:42Z</Time><Position><LatitudeDegrees>30.52497869</LatitudeDegrees><LongitudeDegrees>104.0642133</LongitudeDegrees></Position><AltitudeMeters>430</AltitudeMeters><HeartRateBpm><Value>116</Value></HeartRateBpm></Trackpoint>
<Trackpoint><Time>2024-07-18T23:30:44Z</Time><Position><LatitudeDegrees>30.52513436</LatitudeDegrees><LongitudeDegrees>104.06407231</LongitudeDegrees></Position><AltitudeMeters>430</AltitudeMeters><HeartRateBpm><Value>115</Value></HeartRateBpm></Trackpoint>
<Trackpoint><Time>2024-07-18T23:30:45Z</Time><Position><LatitudeDegrees>30.52514536</LatitudeDegrees><LongitudeDegrees>104.06406131</LongitudeDegrees></Position><AltitudeMeters>430</AltitudeMeters><HeartRateBpm><Value>115</Value></HeartRateBpm></Trackpoint>
<Trackpoint><Time>2024-07-18T23:30:46Z</Time><Position><LatitudeDegrees>30.52516835</LatitudeDegrees><LongitudeDegrees>104.06403998</LongitudeDegrees></Position><AltitudeMeters>430</AltitudeMeters><HeartRateBpm><Value>115</Value></HeartRateBpm></Trackpoint>
<Trackpoint><Time>2024-07-18T23:30:47Z</Time><Position><LatitudeDegrees>30.52520168</LatitudeDegrees><LongitudeDegrees>104.06401232</LongitudeDegrees></Position><AltitudeMeters>430</AltitudeMeters><HeartRateBpm><Value>115</Value></HeartRateBpm></Trackpoint>
<Trackpoint><Time>2024-07-18T23:30:48Z</Time><Position><LatitudeDegrees>30.525368</LatitudeDegrees><LongitudeDegrees>104.06386999</LongitudeDegrees></Position><AltitudeMeters>430</AltitudeMeters><HeartRateBpm><Value>115</Value></HeartRateBpm></Trackpoint>
<Trackpoint><Time>2024-07-18T23:30:50Z</Time><Position><LatitudeDegrees>30.52537934</LatitudeDegrees><LongitudeDegrees>104.06385999</LongitudeDegrees></Position><AltitudeMeters>430</AltitudeMeters><HeartRateBpm><Value>115</Value></HeartRateBpm></Trackpoint>
<Trackpoint><Time>2024-07-18T23:30:51Z</Time><Position><LatitudeDegrees>30.52540199</LatitudeDegrees><LongitudeDegrees>104.06383765</LongitudeDegrees></Position><AltitudeMeters>430</AltitudeMeters><HeartRateBpm><Value>115</Value></HeartRateBpm></Trackpoint>
<Trackpoint><Time>2024-07-18T23:30:52Z</Time><Position><LatitudeDegrees>30.52543333</LatitudeDegrees><LongitudeDegrees>104.06380666</LongitudeDegrees></Position><AltitudeMeters>430</AltitudeMeters><HeartRateBpm><Value>114</Value></HeartRateBpm></Trackpoint>
<Trackpoint><Time>2024-07-18T23:30:53Z</Time><Position><LatitudeDegrees>30.52559265</LatitudeDegrees><LongitudeDegrees>104.06364701</LongitudeDegrees></Position><AltitudeMeters>430</AltitudeMeters><HeartRateBpm><Value>114</Value></HeartRateBpm></Trackpoint>
<Trackpoint><Time>2024-07-18T23:30:55Z</Time><Position><LatitudeDegrees>30.52560164</LatitudeDegrees><LongitudeDegrees>104.06363467</LongitudeDegrees></Position><AltitudeMeters>430</AltitudeMeters><HeartRateBpm><Value>115</Value></HeartRateBpm></Trackpoint>
<Trackpoint><Time>2024-07-18T23:30:56Z</Time><Position><LatitudeDegrees>30.5256203</LatitudeDegrees><LongitudeDegrees>104.06361002</LongitudeDegrees></Position><AltitudeMeters>430</AltitudeMeters><HeartRateBpm><Value>115</Value></HeartRateBpm></Trackpoint>
<Trackpoint><Time>2024-07-18T23:30:57Z</Time><Position><LatitudeDegrees>30.5256473</LatitudeDegrees><LongitudeDegrees>104.06357469</LongitudeDegrees></Position><AltitudeMeters>430</AltitudeMeters><HeartRateBpm><Value>115</Value></HeartRateBpm></Trackpoint>
<Trackpoint><Time>2024-07-18T23:30:58Z</Time><Position><LatitudeDegrees>30.52567862</LatitudeDegrees><LongitudeDegrees>104.06353269</LongitudeDegrees></Position><AltitudeMeters>430</AltitudeMeters><HeartRateBpm><Value>117</Value></HeartRateBpm></Trackpoint>
<Trackpoint><Time>2024-07-18T23:30:59Z</Time><Position><LatitudeDegrees>30.52571261</LatitudeDegrees><LongitudeDegrees>104.0634847</LongitudeDegrees></Position><AltitudeMeters>430</AltitudeMeters><HeartRateBpm><Value>118</Value></HeartRateBpm></Trackpoint>
<Trackpoint><Time>2024-07-18T23:31:00Z</Time><Position><LatitudeDegrees>30.52574728</LatitudeDegrees><LongitudeDegrees>104.0634347</LongitudeDegrees></Position><AltitudeMeters>430</AltitudeMeters><HeartRateBpm><Value>118</Value></HeartRateBpm></Trackpoint>
<Trackpoint><Time>2024-07-18T23:31:01Z</Time><Position><LatitudeDegrees>30.52578393</LatitudeDegrees><LongitudeDegrees>104.0633847</LongitudeDegrees></Position><AltitudeMeters>430</AltitudeMeters><HeartRateBpm><Value>118</Value></HeartRateBpm></Trackpoint>
<Trackpoint><Time>2024-07-18T23:31:02Z</Time><Position><LatitudeDegrees>30.5258216</LatitudeDegrees><LongitudeDegrees>104.06333305</LongitudeDegrees></Position><AltitudeMeters>430</AltitudeMeters><HeartRateBpm><Value>118</Value></HeartRateBpm></Trackpoint>
<Trackpoint><Time>2024-07-18T23:31:03Z</Time><Position><LatitudeDegrees>30.52585692</LatitudeDegrees><LongitudeDegrees>104.06328038</LongitudeDegrees></Position><AltitudeMeters>430</AltitudeMeters><HeartRateBpm><Value>118</Value></HeartRateBpm></Trackpoint>
<Trackpoint><Time>2024-07-18T23:31:04Z</Time><Position><LatitudeDegrees>30.52589091</LatitudeDegrees><LongitudeDegrees>104.06322572</LongitudeDegrees></Position><AltitudeMeters>430</AltitudeMeters><HeartRateBpm><Value>118</Value></HeartRateBpm></Trackpoint>
<Trackpoint><Time>2024-07-18T23:31:05Z</Time><Position><LatitudeDegrees>30.52592291</LatitudeDegrees><LongitudeDegrees>104.06316739</LongitudeDegrees></Position><AltitudeMeters>430</AltitudeMeters><HeartRateBpm><Value>119</Value></HeartRateBpm></Trackpoint>
<Trackpoint><Time>2024-07-18T23:31:06Z</Time><Position><LatitudeDegrees>30.5259559</LatitudeDegrees><LongitudeDegrees>104.06311072</LongitudeDegrees></Position><AltitudeMeters>430</AltitudeMeters><HeartRateBpm><Value>119</Value></HeartRateBpm></Trackpoint>
<Trackpoint><Time>2024-07-18T23:31:07Z</Time><Position><LatitudeDegrees>30.52598924</LatitudeDegrees><LongitudeDegrees>104.06305607</LongitudeDegrees></Position><AltitudeMeters>430</AltitudeMeters><HeartRateBpm><Value>120</Value></HeartRateBpm></Trackpoint>
<Trackpoint><Time>2024-07-18T23:31:08Z</Time><Position><LatitudeDegrees>30.52602389</LatitudeDegrees><LongitudeDegrees>104.06299973</LongitudeDegrees></Position><AltitudeMeters>430</AltitudeMeters><HeartRateBpm><Value>120</Value></HeartRateBpm></Trackpoint>
<Trackpoint><Time>2024-07-18T23:31:09Z</Time><Position><LatitudeDegrees>30.52616623</LatitudeDegrees><LongitudeDegrees>104.06276707</LongitudeDegrees></Position><AltitudeMeters>430</AltitudeMeters><HeartRateBpm><Value>121</Value></HeartRateBpm></Trackpoint>
<Trackpoint><Time>2024-07-18T23:31:10Z</Time><Position><LatitudeDegrees>30.52617356</LatitudeDegrees><LongitudeDegrees>104.06275241</LongitudeDegrees></Position><AltitudeMeters>430</AltitudeMeters><HeartRateBpm><Value>121</Value></HeartRateBpm></Trackpoint>
<Trackpoint><Time>2024-07-18T23:31:12Z</Time><Position><LatitudeDegrees>30.52618922</LatitudeDegrees><LongitudeDegrees>104.06272342</LongitudeDegrees></Position><AltitudeMeters>430</AltitudeMeters><HeartRateBpm><Value>124</Value></HeartRateBpm></Trackpoint>
<Trackpoint><Time>2024-07-18T23:31:13Z</Time><Position><LatitudeDegrees>30.52620954</LatitudeDegrees><LongitudeDegrees>104.06268375</LongitudeDegrees></Position><AltitudeMeters>430</AltitudeMeters><HeartRateBpm><Value>124</Value></HeartRateBpm></Trackpoint>
<Trackpoint><Time>2024-07-18T23:31:15Z</Time><Position><LatitudeDegrees>30.52631487</LatitudeDegrees><LongitudeDegrees>104.06247943</LongitudeDegrees></Position><AltitudeMeters>430</AltitudeMeters><HeartRateBpm><Value>127</Value></HeartRateBpm></Trackpoint>
<Trackpoint><Time>2024-07-18T23:31:16Z</Time><Position><LatitudeDegrees>30.5263222</LatitudeDegrees><LongitudeDegrees>104.06246543</LongitudeDegrees></Position><AltitudeMeters>430</AltitudeMeters><HeartRateBpm><Value>127</Value></HeartRateBpm></Trackpoint>
<Trackpoint><Time>2024-07-18T23:31:17Z</Time><Position><LatitudeDegrees>30.5263362</LatitudeDegrees><LongitudeDegrees>104.06243811</LongitudeDegrees></Position><AltitudeMeters>430</AltitudeMeters><HeartRateBpm><Value>127</Value></HeartRateBpm></Trackpoint>
<Trackpoint><Time>2024-07-18T23:31:18Z</Time><Position><LatitudeDegrees>30.5264232</LatitudeDegrees><LongitudeDegrees>104.06226278</LongitudeDegrees></Position><AltitudeMeters>430</AltitudeMeters><HeartRateBpm><Value>126</Value></HeartRateBpm></Trackpoint>
<Trackpoint><Time>2024-07-18T23:31:20Z</Time><Position><LatitudeDegrees>30.52642919</LatitudeDegrees><LongitudeDegrees>104.06224878</LongitudeDegrees></Position><AltitudeMeters>430</AltitudeMeters><HeartRateBpm><Value>126</Value></HeartRateBpm></Trackpoint>
<Trackpoint><Time>2024-07-18T23:31:22Z</Time><Position><LatitudeDegrees>30.52651419</LatitudeDegrees><LongitudeDegrees>104.06209879</LongitudeDegrees></Position><AltitudeMeters>430</AltitudeMeters><HeartRateBpm><Value>126</Value></HeartRateBpm></Trackpoint>
<Trackpoint><Time>2024-07-18T23:31:23Z</Time><Position><LatitudeDegrees>30.52652018</LatitudeDegrees><LongitudeDegrees>104.06208479</LongitudeDegrees></Position><AltitudeMeters>430</AltitudeMeters><HeartRateBpm><Value>126</Value></HeartRateBpm></Trackpoint>
<Trackpoint><Time>2024-07-18T23:31:24Z</Time><Position><LatitudeDegrees>30.52653251</LatitudeDegrees><LongitudeDegrees>104.06205646</LongitudeDegrees></Position><AltitudeMeters>430</AltitudeMeters><HeartRateBpm><Value>126</Value></HeartRateBpm></Trackpoint>
<Trackpoint><Time>2024-07-18T23:31:25Z</Time><Position><LatitudeDegrees>30.5265515</LatitudeDegrees><LongitudeDegrees>104.0620188</LongitudeDegrees></Position><AltitudeMeters>430</AltitudeMeters><HeartRateBpm><Value>126</Value></HeartRateBpm></Trackpoint>
<Trackpoint><Time>2024-07-18T23:31:26Z</Time><Position><LatitudeDegrees>30.5265735</LatitudeDegrees><LongitudeDegrees>104.06197681</LongitudeDegrees></Position><AltitudeMeters>430</AltitudeMeters><HeartRateBpm><Value>126</Value></HeartRateBpm></Trackpoint>
<Trackpoint><Time>2024-07-18T23:31:27Z</Time><Position><LatitudeDegrees>30.52659616</LatitudeDegrees><LongitudeDegrees>104.06193181</LongitudeDegrees></Position><AltitudeMeters>430</AltitudeMeters><HeartRateBpm><Value>126</Value></HeartRateBpm></Trackpoint>
<Trackpoint><Time>2024-07-18T23:31:28Z</Time><Position><LatitudeDegrees>30.52661982</LatitudeDegrees><LongitudeDegrees>104.06188415</LongitudeDegrees></Position><AltitudeMeters>430</AltitudeMeters><HeartRateBpm><Value>126</Value></HeartRateBpm></Trackpoint>
<Trackpoint><Time>2024-07-18T23:31:29Z</Time><Position><LatitudeDegrees>30.52664381</LatitudeDegrees><LongitudeDegrees>104.06183415</LongitudeDegrees></Position><AltitudeMeters>430</AltitudeMeters><HeartRateBpm><Value>126</Value></HeartRateBpm></Trackpoint>
<Trackpoint><Time>2024-07-18T23:31:30Z</Time><Position><LatitudeDegrees>30.52666814</LatitudeDegrees><LongitudeDegrees>104.06178349</LongitudeDegrees></Position><AltitudeMeters>430</AltitudeMeters><HeartRateBpm><Value>126</Value></HeartRateBpm></Trackpoint>
<Trackpoint><Time>2024-07-18T23:31:31Z</Time><Position><LatitudeDegrees>30.52669213</LatitudeDegrees><LongitudeDegrees>104.06173282</LongitudeDegrees></Position><AltitudeMeters>430</AltitudeMeters><HeartRateBpm><Value>126</Value></HeartRateBpm></Trackpoint>
<Trackpoint><Time>2024-07-18T23:31:32Z</Time><Position><LatitudeDegrees>30.52680546</LatitudeDegrees><LongitudeDegrees>104.0615285</LongitudeDegrees></Position><AltitudeMeters>430</AltitudeMeters><HeartRateBpm><Value>125</Value></HeartRateBpm></Trackpoint>
<Trackpoint><Time>2024-07-18T23:31:33Z</Time><Position><LatitudeDegrees>30.52681379</LatitudeDegrees><LongitudeDegrees>104.06151651</LongitudeDegrees></Position><AltitudeMeters>430</AltitudeMeters><HeartRateBpm><Value>124</Value></HeartRateBpm></Trackpoint>
<Trackpoint><Time>2024-07-18T23:31:35Z</Time><Position><LatitudeDegrees>30.52683046</LatitudeDegrees><LongitudeDegrees>104.06149151</LongitudeDegrees></Position><AltitudeMeters>430</AltitudeMeters><HeartRateBpm><Value>123</Value></HeartRateBpm></Trackpoint>
<Trackpoint><Time>2024-07-18T23:31:36Z</Time><Position><LatitudeDegrees>30.52685178</LatitudeDegrees><LongitudeDegrees>104.06145584</LongitudeDegrees></Position><AltitudeMeters>430</AltitudeMeters><HeartRateBpm><Value>123</Value></HeartRateBpm></Trackpoint>
<Trackpoint><Time>2024-07-18T23:31:38Z</Time><Position><LatitudeDegrees>30.52695312</LatitudeDegrees><LongitudeDegrees>104.06127951</LongitudeDegrees></Position><AltitudeMeters>430</AltitudeMeters><HeartRateBpm><Value>121</Value></HeartRateBpm></Trackpoint>
<Trackpoint><Time>2024-07-18T23:31:39Z</Time><Position><LatitudeDegrees>30.52700244</LatitudeDegrees><LongitudeDegrees>104.06117919</LongitudeDegrees></Position><AltitudeMeters>430</AltitudeMeters><HeartRateBpm><Value>121</Value></HeartRateBpm></Trackpoint>
<Trackpoint><Time>2024-07-18T23:31:41Z</Time><Position><LatitudeDegrees>30.52700911</LatitudeDegrees><LongitudeDegrees>104.06116686</LongitudeDegrees></Position><AltitudeMeters>430</AltitudeMeters><HeartRateBpm><Value>122</Value></HeartRateBpm></Trackpoint>
<Trackpoint><Time>2024-07-18T23:31:42Z</Time><Position><LatitudeDegrees>30.5270241</LatitudeDegrees><LongitudeDegrees>104.06113986</LongitudeDegrees></Position><AltitudeMeters>430</AltitudeMeters><HeartRateBpm><Value>123</Value></HeartRateBpm></Trackpoint>
<Trackpoint><Time>2024-07-18T23:31:43Z</Time><Position><LatitudeDegrees>30.5270451</LatitudeDegrees><LongitudeDegrees>104.06110453</LongitudeDegrees></Position><AltitudeMeters>430</AltitudeMeters><HeartRateBpm><Value>124</Value></HeartRateBpm></Trackpoint>
<Trackpoint><Time>2024-07-18T23:31:44Z</Time><Position><LatitudeDegrees>30.52707042</LatitudeDegrees><LongitudeDegrees>104.06106021</LongitudeDegrees></Position><AltitudeMeters>430</AltitudeMeters><HeartRateBpm><Value>124</Value></HeartRateBpm></Trackpoint>
<Trackpoint><Time>2024-07-18T23:31:46Z</Time><Position><LatitudeDegrees>30.52719308</LatitudeDegrees><LongitudeDegrees>104.06085355</LongitudeDegrees></Position><AltitudeMeters>430</AltitudeMeters><HeartRateBpm><Value>125</Value></HeartRateBpm></Trackpoint>
<Trackpoint><Time>2024-07-18T23:31:48Z</Time><Position><LatitudeDegrees>30.52727274</LatitudeDegrees><LongitudeDegrees>104.06075522</LongitudeDegrees></Position><AltitudeMeters>430</AltitudeMeters><HeartRateBpm><Value>127</Value></HeartRateBpm></Trackpoint>
<Trackpoint><Time>2024-07-18T23:31:50Z</Time><Position><LatitudeDegrees>30.52734974</LatitudeDegrees><LongitudeDegrees>104.06065255</LongitudeDegrees></Position><AltitudeMeters>430</AltitudeMeters><HeartRateBpm><Value>128</Value></HeartRateBpm></Trackpoint>
<Trackpoint><Time>2024-07-18T23:31:51Z</Time><Position><LatitudeDegrees>30.5273584</LatitudeDegrees><LongitudeDegrees>104.06064155</LongitudeDegrees></Position><AltitudeMeters>430</AltitudeMeters><HeartRateBpm><Value>128</Value></HeartRateBpm></Trackpoint>
<Trackpoint><Time>2024-07-18T23:31:52Z</Time><Position><LatitudeDegrees>30.52737507</LatitudeDegrees><LongitudeDegrees>104.06061889</LongitudeDegrees></Position><AltitudeMeters>430</AltitudeMeters><HeartRateBpm><Value>128</Value></HeartRateBpm></Trackpoint>
<Trackpoint><Time>2024-07-18T23:31:54Z</Time><Position><LatitudeDegrees>30.52749172</LatitudeDegrees><LongitudeDegrees>104.06047556</LongitudeDegrees></Position><AltitudeMeters>430</AltitudeMeters><HeartRateBpm><Value>127</Value></HeartRateBpm></Trackpoint>
<Trackpoint><Time>2024-07-18T23:31:55Z</Time><Position><LatitudeDegrees>30.52750071</LatitudeDegrees><LongitudeDegrees>104.06046389</LongitudeDegrees></Position><AltitudeMeters>430</AltitudeMeters><HeartRateBpm><Value>126</Value></HeartRateBpm></Trackpoint>
<Trackpoint><Time>2024-07-18T23:31:56Z</Time><Position><LatitudeDegrees>30.52752171</LatitudeDegrees><LongitudeDegrees>104.06044189</LongitudeDegrees></Position><AltitudeMeters>430</AltitudeMeters><HeartRateBpm><Value>126</Value></HeartRateBpm></Trackpoint>
<Trackpoint><Time>2024-07-18T23:31:57Z</Time><Position><LatitudeDegrees>30.5275517</LatitudeDegrees><LongitudeDegrees>104.06041224</LongitudeDegrees></Position><AltitudeMeters>430</AltitudeMeters><HeartRateBpm><Value>126</Value></HeartRateBpm></Trackpoint>
<Trackpoint><Time>2024-07-18T23:31:58Z</Time><Position><LatitudeDegrees>30.5275877</LatitudeDegrees><LongitudeDegrees>104.06037857</LongitudeDegrees></Position><AltitudeMeters>430</AltitudeMeters><HeartRateBpm><Value>126</Value></HeartRateBpm></Trackpoint>
<Trackpoint><Time>2024-07-18T23:31:59Z</Time><Position><LatitudeDegrees>30.52762769</LatitudeDegrees><LongitudeDegrees>104.06034325</LongitudeDegrees></Position><AltitudeMeters>430</AltitudeMeters><HeartRateBpm><Value>127</Value></HeartRateBpm></Trackpoint>
<Trackpoint><Time>2024-07-18T23:32:00Z</Time><Position><LatitudeDegrees>30.52767003</LatitudeDegrees><LongitudeDegrees>104.06030758</LongitudeDegrees></Position><AltitudeMeters>430</AltitudeMeters><HeartRateBpm><Value>127</Value></HeartRateBpm></Trackpoint>
<Trackpoint><Time>2024-07-18T23:32:02Z</Time><Position><LatitudeDegrees>30.52783836</LatitudeDegrees><LongitudeDegrees>104.06016691</LongitudeDegrees></Position><AltitudeMeters>430</AltitudeMeters><HeartRateBpm><Value>128</Value></HeartRateBpm></Trackpoint>
<Trackpoint><Time>2024-07-18T23:32:04Z</Time><Position><LatitudeDegrees>30.52791502</LatitudeDegrees><LongitudeDegrees>104.06010192</LongitudeDegrees></Position><AltitudeMeters>430</AltitudeMeters><HeartRateBpm><Value>128</Value></HeartRateBpm></Trackpoint>
<Trackpoint><Time>2024-07-18T23:32:05Z</Time><Position><LatitudeDegrees>30.52792501</LatitudeDegrees><LongitudeDegrees>104.06009627</LongitudeDegrees></Position><AltitudeMeters>430</AltitudeMeters><HeartRateBpm><Value>128</Value></HeartRateBpm></Trackpoint>
<Trackpoint><Time>2024-07-18T23:32:06Z</Time><Position><LatitudeDegrees>30.52794934</LatitudeDegrees><LongitudeDegrees>104.06008927</LongitudeDegrees></Position><AltitudeMeters>430</AltitudeMeters><HeartRateBpm><Value>127</Value></HeartRateBpm></Trackpoint>
<Trackpoint><Time>2024-07-18T23:32:07Z</Time><Position><LatitudeDegrees>30.52798434</LatitudeDegrees><LongitudeDegrees>104.06008161</LongitudeDegrees></Position><AltitudeMeters>430</AltitudeMeters><HeartRateBpm><Value>127</Value></HeartRateBpm></Trackpoint>
<Trackpoint><Time>2024-07-18T23:32:08Z</Time><Position><LatitudeDegrees>30.528027</LatitudeDegrees><LongitudeDegrees>104.06007194</LongitudeDegrees></Position><AltitudeMeters>430</AltitudeMeters><HeartRateBpm><Value>127</Value></HeartRateBpm></Trackpoint>
<Trackpoint><Time>2024-07-18T23:32:09Z</Time><Position><LatitudeDegrees>30.52822599</LatitudeDegrees><LongitudeDegrees>104.06003229</LongitudeDegrees></Position><AltitudeMeters>430</AltitudeMeters><HeartRateBpm><Value>127</Value></HeartRateBpm></Trackpoint>
<Trackpoint><Time>2024-07-18T23:32:10Z</Time><Position><LatitudeDegrees>30.52823899</LatitudeDegrees><LongitudeDegrees>104.06002896</LongitudeDegrees></Position><AltitudeMeters>430</AltitudeMeters><HeartRateBpm><Value>127</Value></HeartRateBpm></Trackpoint>
<Trackpoint><Time>2024-07-18T23:32:12Z</Time><Position><LatitudeDegrees>30.52826699</LatitudeDegrees><LongitudeDegrees>104.06002163</LongitudeDegrees></Position><AltitudeMeters>430</AltitudeMeters><HeartRateBpm><Value>127</Value></HeartRateBpm></Trackpoint>
<Trackpoint><Time>2024-07-18T23:32:13Z</Time><Position><LatitudeDegrees>30.52830631</LatitudeDegrees><LongitudeDegrees>104.06001063</LongitudeDegrees></Position><AltitudeMeters>430</AltitudeMeters><HeartRateBpm><Value>127</Value></HeartRateBpm></Trackpoint>
<Trackpoint><Time>2024-07-18T23:32:14Z</Time><Position><LatitudeDegrees>30.52835297</LatitudeDegrees><LongitudeDegrees>104.05999796</LongitudeDegrees></Position><AltitudeMeters>430</AltitudeMeters><HeartRateBpm><Value>127</Value></HeartRateBpm></Trackpoint>
<Trackpoint><Time>2024-07-18T23:32:15Z</Time><Position><LatitudeDegrees>30.52840362</LatitudeDegrees><LongitudeDegrees>104.05998497</LongitudeDegrees></Position><AltitudeMeters>430</AltitudeMeters><HeartRateBpm><Value>128</Value></HeartRateBpm></Trackpoint>
<Trackpoint><Time>2024-07-18T23:32:17Z</Time><Position><LatitudeDegrees>30.52862928</LatitudeDegrees><LongitudeDegrees>104.05993432</LongitudeDegrees></Position><AltitudeMeters>430</AltitudeMeters><HeartRateBpm><Value>128</Value></HeartRateBpm></Trackpoint>
<Trackpoint><Time>2024-07-18T23:32:18Z</Time><Position><LatitudeDegrees>30.52864261</LatitudeDegrees><LongitudeDegrees>104.05993066</LongitudeDegrees></Position><AltitudeMeters>430</AltitudeMeters><HeartRateBpm><Value>128</Value></HeartRateBpm></Trackpoint>
<Trackpoint><Time>2024-07-18T23:32:20Z</Time><Position><LatitudeDegrees>30.5288006</LatitudeDegrees><LongitudeDegrees>104.05988499</LongitudeDegrees></Position><AltitudeMeters>430</AltitudeMeters><HeartRateBpm><Value>129</Value></HeartRateBpm></Trackpoint>
<Trackpoint><Time>2024-07-18T23:32:22Z</Time><Position><LatitudeDegrees>30.52891894</LatitudeDegrees><LongitudeDegrees>104.05987067</LongitudeDegrees></Position><AltitudeMeters>430</AltitudeMeters><HeartRateBpm><Value>130</Value></HeartRateBpm></Trackpoint>
<Trackpoint><Time>2024-07-18T23:32:23Z</Time><Position><LatitudeDegrees>30.52893394</LatitudeDegrees><LongitudeDegrees>104.05986868</LongitudeDegrees></Position><AltitudeMeters>430</AltitudeMeters><HeartRateBpm><Value>129</Value></HeartRateBpm></Trackpoint>
<Trackpoint><Time>2024-07-18T23:32:24Z</Time><Position><LatitudeDegrees>30.52896526</LatitudeDegrees><LongitudeDegrees>104.05986468</LongitudeDegrees></Position><AltitudeMeters>430</AltitudeMeters><HeartRateBpm><Value>128</Value></HeartRateBpm></Trackpoint>
<Trackpoint><Time>2024-07-18T23:32:25Z</Time><Position><LatitudeDegrees>30.52916493</LatitudeDegrees><LongitudeDegrees>104.05984836</LongitudeDegrees></Position><AltitudeMeters>430</AltitudeMeters><HeartRateBpm><Value>128</Value></HeartRateBpm></Trackpoint>
<Trackpoint><Time>2024-07-18T23:32:26Z</Time><Position><LatitudeDegrees>30.52917758</LatitudeDegrees><LongitudeDegrees>104.05984901</LongitudeDegrees></Position><AltitudeMeters>430</AltitudeMeters><HeartRateBpm><Value>128</Value></HeartRateBpm></Trackpoint>
<Trackpoint><Time>2024-07-18T23:32:28Z</Time><Position><LatitudeDegrees>30.52920491</LatitudeDegrees><LongitudeDegrees>104.05984336</LongitudeDegrees></Position><AltitudeMeters>430</AltitudeMeters><HeartRateBpm><Value>131</Value></HeartRateBpm></Trackpoint>
<Trackpoint><Time>2024-07-18T23:32:30Z</Time><Position><LatitudeDegrees>30.52937891</LatitudeDegrees><LongitudeDegrees>104.05981536</LongitudeDegrees></Position><AltitudeMeters>431</AltitudeMeters><HeartRateBpm><Value>132</Value></HeartRateBpm></Trackpoint>
<Trackpoint><Time>2024-07-18T23:32:31Z</Time><Position><LatitudeDegrees>30.52939323</LatitudeDegrees><LongitudeDegrees>104.05981503</LongitudeDegrees></Position><AltitudeMeters>431</AltitudeMeters><HeartRateBpm><Value>132</Value></HeartRateBpm></Trackpoint>
<Trackpoint><Time>2024-07-18T23:32:32Z</Time><Position><LatitudeDegrees>30.52942622</LatitudeDegrees><LongitudeDegrees>104.0598167</LongitudeDegrees></Position><AltitudeMeters>431</AltitudeMeters><HeartRateBpm><Value>132</Value></HeartRateBpm></Trackpoint>
<Trackpoint><Time>2024-07-18T23:32:33Z</Time><Position><LatitudeDegrees>30.52946189</LatitudeDegrees><LongitudeDegrees>104.05981537</LongitudeDegrees></Position><AltitudeMeters>431</AltitudeMeters><HeartRateBpm><Value>132</Value></HeartRateBpm></Trackpoint>
<Trackpoint><Time>2024-07-18T23:32:34Z</Time><Position><LatitudeDegrees>30.52949888</LatitudeDegrees><LongitudeDegrees>104.05981602</LongitudeDegrees></Position><AltitudeMeters>431</AltitudeMeters><HeartRateBpm><Value>132</Value></HeartRateBpm></Trackpoint>
<Trackpoint><Time>2024-07-18T23:32:36Z</Time><Position><LatitudeDegrees>30.52962853</LatitudeDegrees><LongitudeDegrees>104.05979536</LongitudeDegrees></Position><AltitudeMeters>431</AltitudeMeters><HeartRateBpm><Value>131</Value></HeartRateBpm></Trackpoint>
<Trackpoint><Time>2024-07-18T23:32:38Z</Time><Position><LatitudeDegrees>30.52968219</LatitudeDegrees><LongitudeDegrees>104.05982569</LongitudeDegrees></Position><AltitudeMeters>431</AltitudeMeters><HeartRateBpm><Value>131</Value></HeartRateBpm></Trackpoint>
<Trackpoint><Time>2024-07-18T23:32:39Z</Time><Position><LatitudeDegrees>30.52975452</LatitudeDegrees><LongitudeDegrees>104.05983601</LongitudeDegrees></Position><AltitudeMeters>431</AltitudeMeters><HeartRateBpm><Value>131</Value></HeartRateBpm></Trackpoint>
<Trackpoint><Time>2024-07-18T23:32:40Z</Time><Position><LatitudeDegrees>30.52976485</LatitudeDegrees><LongitudeDegrees>104.05983601</LongitudeDegrees></Position><AltitudeMeters>431</AltitudeMeters><HeartRateBpm><Value>131</Value></HeartRateBpm></Trackpoint>
<Trackpoint><Time>2024-07-18T23:32:42Z</Time><Position><LatitudeDegrees>30.52978651</LatitudeDegrees><LongitudeDegrees>104.05983835</LongitudeDegrees></Position><AltitudeMeters>431</AltitudeMeters><HeartRateBpm><Value>131</Value></HeartRateBpm></Trackpoint>
<Trackpoint><Time>2024-07-18T23:32:44Z</Time><Position><LatitudeDegrees>30.52993417</LatitudeDegrees><LongitudeDegrees>104.05986234</LongitudeDegrees></Position><AltitudeMeters>431</AltitudeMeters><HeartRateBpm><Value>131</Value></HeartRateBpm></Trackpoint>
<Trackpoint><Time>2024-07-18T23:32:45Z</Time><Position><LatitudeDegrees>30.52994584</LatitudeDegrees><LongitudeDegrees>104.059865</LongitudeDegrees></Position><AltitudeMeters>431</AltitudeMeters><HeartRateBpm><Value>131</Value></HeartRateBpm></Trackpoint>
<Trackpoint><Time>2024-07-18T23:32:46Z</Time><Position><LatitudeDegrees>30.52997049</LatitudeDegrees><LongitudeDegrees>104.05987066</LongitudeDegrees></Position><AltitudeMeters>431</AltitudeMeters><HeartRateBpm><Value>131</Value></HeartRateBpm></Trackpoint>
<Trackpoint><Time>2024-07-18T23:32:47Z</Time><Position><LatitudeDegrees>30.53000316</LatitudeDegrees><LongitudeDegrees>104.05988032</LongitudeDegrees></Position><AltitudeMeters>431</AltitudeMeters><HeartRateBpm><Value>129</Value></HeartRateBpm></Trackpoint>
<Trackpoint><Time>2024-07-18T23:32:48Z</Time><Position><LatitudeDegrees>30.53004215</LatitudeDegrees><LongitudeDegrees>104.05989165</LongitudeDegrees></Position><AltitudeMeters>431</AltitudeMeters><HeartRateBpm><Value>129</Value></HeartRateBpm></Trackpoint>
<Trackpoint><Time>2024-07-18T23:32:50Z</Time><Position><LatitudeDegrees>30.53022848</LatitudeDegrees><LongitudeDegrees>104.05994031</LongitudeDegrees></Position><AltitudeMeters>431</AltitudeMeters><HeartRateBpm><Value>124</Value></HeartRateBpm></Trackpoint>
<Trackpoint><Time>2024-07-18T23:32:51Z</Time><Position><LatitudeDegrees>30.53024014</LatitudeDegrees><LongitudeDegrees>104.05994397</LongitudeDegrees></Position><AltitudeMeters>431</AltitudeMeters><HeartRateBpm><Value>123</Value></HeartRateBpm></Trackpoint>
<Trackpoint><Time>2024-07-18T23:32:52Z</Time><Position><LatitudeDegrees>30.53026413</LatitudeDegrees><LongitudeDegrees>104.0599523</LongitudeDegrees></Position><AltitudeMeters>431</AltitudeMeters><HeartRateBpm><Value>123</Value></HeartRateBpm></Trackpoint>
<Trackpoint><Time>2024-07-18T23:32:54Z</Time><Position><LatitudeDegrees>30.5304158</LatitudeDegrees><LongitudeDegrees>104.0600003</LongitudeDegrees></Position><AltitudeMeters>431</AltitudeMeters><HeartRateBpm><Value>125</Value></HeartRateBpm></Trackpoint>
<Trackpoint><Time>2024-07-18T23:32:55Z</Time><Position><LatitudeDegrees>30.5304268</LatitudeDegrees><LongitudeDegrees>104.06000263</LongitudeDegrees></Position><AltitudeMeters>431</AltitudeMeters><HeartRateBpm><Value>127</Value></HeartRateBpm></Trackpoint>
<Trackpoint><Time>2024-07-18T23:32:56Z</Time><Position><LatitudeDegrees>30.53044945</LatitudeDegrees><LongitudeDegrees>104.06001129</LongitudeDegrees></Position><AltitudeMeters>431</AltitudeMeters><HeartRateBpm><Value>127</Value></HeartRateBpm></Trackpoint>
<Trackpoint><Time>2024-07-18T23:32:57Z</Time><Position><LatitudeDegrees>30.53048111</LatitudeDegrees><LongitudeDegrees>104.06002229</LongitudeDegrees></Position><AltitudeMeters>431</AltitudeMeters><HeartRateBpm><Value>128</Value></HeartRateBpm></Trackpoint>
<Trackpoint><Time>2024-07-18T23:32:58Z</Time><Position><LatitudeDegrees>30.53051878</LatitudeDegrees><LongitudeDegrees>104.06003461</LongitudeDegrees></Position><AltitudeMeters>431</AltitudeMeters><HeartRateBpm><Value>129</Value></HeartRateBpm></Trackpoint>
<Trackpoint><Time>2024-07-18T23:32:59Z</Time><Position><LatitudeDegrees>30.53056078</LatitudeDegrees><LongitudeDegrees>104.06004828</LongitudeDegrees></Position><AltitudeMeters>431</AltitudeMeters><HeartRateBpm><Value>128</Value></HeartRateBpm></Trackpoint>
<Trackpoint><Time>2024-07-18T23:33:00Z</Time><Position><LatitudeDegrees>30.53060544</LatitudeDegrees><LongitudeDegrees>104.06006328</LongitudeDegrees></Position><AltitudeMeters>432</AltitudeMeters><HeartRateBpm><Value>128</Value></HeartRateBpm></Trackpoint>
<Trackpoint><Time>2024-07-18T23:33:01Z</Time><Position><LatitudeDegrees>30.53065243</LatitudeDegrees><LongitudeDegrees>104.0600776</LongitudeDegrees></Position><AltitudeMeters>432</AltitudeMeters><HeartRateBpm><Value>127</Value></HeartRateBpm></Trackpoint>
<Trackpoint><Time>2024-07-18T23:33:02Z</Time><Position><LatitudeDegrees>30.53070177</LatitudeDegrees><LongitudeDegrees>104.06009292</LongitudeDegrees></Position><AltitudeMeters>432</AltitudeMeters><HeartRateBpm><Value>127</Value></HeartRateBpm></Trackpoint>
<Trackpoint><Time>2024-07-18T23:33:03Z</Time><Position><LatitudeDegrees>30.53075242</LatitudeDegrees><LongitudeDegrees>104.06010792</LongitudeDegrees></Position><AltitudeMeters>432</AltitudeMeters><HeartRateBpm><Value>128</Value></HeartRateBpm></Trackpoint>
<Trackpoint><Time>2024-07-18T23:33:05Z</Time><Position><LatitudeDegrees>30.53095808</LatitudeDegrees><LongitudeDegrees>104.06016758</LongitudeDegrees></Position><AltitudeMeters>432</AltitudeMeters><HeartRateBpm><Value>130</Value></HeartRateBpm></Trackpoint>
<Trackpoint><Time>2024-07-18T23:33:06Z</Time><Position><LatitudeDegrees>30.53097041</LatitudeDegrees><LongitudeDegrees>104.0601719</LongitudeDegrees></Position><AltitudeMeters>432</AltitudeMeters><HeartRateBpm><Value>130</Value></HeartRateBpm></Trackpoint>
<Trackpoint><Time>2024-07-18T23:33:07Z</Time><Position><LatitudeDegrees>30.53099374</LatitudeDegrees><LongitudeDegrees>104.06018024</LongitudeDegrees></Position><AltitudeMeters>432</AltitudeMeters><HeartRateBpm><Value>131</Value></HeartRateBpm></Trackpoint>
<Trackpoint><Time>2024-07-18T23:33:08Z</Time><Position><LatitudeDegrees>30.5310264</LatitudeDegrees><LongitudeDegrees>104.06019023</LongitudeDegrees></Position><AltitudeMeters>432</AltitudeMeters><HeartRateBpm><Value>131</Value></HeartRateBpm></Trackpoint>
<Trackpoint><Time>2024-07-18T23:33:09Z</Time><Position><LatitudeDegrees>30.5311894</LatitudeDegrees><LongitudeDegrees>104.06024489</LongitudeDegrees></Position><AltitudeMeters>432</AltitudeMeters><HeartRateBpm><Value>133</Value></HeartRateBpm></Trackpoint>
<Trackpoint><Time>2024-07-18T23:33:11Z</Time><Position><LatitudeDegrees>30.53120039</LatitudeDegrees><LongitudeDegrees>104.06024756</LongitudeDegrees></Position><AltitudeMeters>432</AltitudeMeters><HeartRateBpm><Value>133</Value></HeartRateBpm></Trackpoint>
<Trackpoint><Time>2024-07-18T23:33:12Z</Time><Position><LatitudeDegrees>30.53133339</LatitudeDegrees><LongitudeDegrees>104.06028488</LongitudeDegrees></Position><AltitudeMeters>432</AltitudeMeters><HeartRateBpm><Value>133</Value></HeartRateBpm></Trackpoint>
<Trackpoint><Time>2024-07-18T23:33:14Z</Time><Position><LatitudeDegrees>30.53134573</LatitudeDegrees><LongitudeDegrees>104.06028755</LongitudeDegrees></Position><AltitudeMeters>432</AltitudeMeters><HeartRateBpm><Value>133</Value></HeartRateBpm></Trackpoint>
<Trackpoint><Time>2024-07-18T23:33:15Z</Time><Position><LatitudeDegrees>30.53137172</LatitudeDegrees><LongitudeDegrees>104.06029422</LongitudeDegrees></Position><AltitudeMeters>432</AltitudeMeters><HeartRateBpm><Value>133</Value></HeartRateBpm></Trackpoint>
<Trackpoint><Time>2024-07-18T23:33:16Z</Time><Position><LatitudeDegrees>30.53140772</LatitudeDegrees><LongitudeDegrees>104.06030454</LongitudeDegrees></Position><AltitudeMeters>432</AltitudeMeters><HeartRateBpm><Value>133</Value></HeartRateBpm></Trackpoint>
<Trackpoint><Time>2024-07-18T23:33:17Z</Time><Position><LatitudeDegrees>30.53144904</LatitudeDegrees><LongitudeDegrees>104.06031886</LongitudeDegrees></Position><AltitudeMeters>432</AltitudeMeters><HeartRateBpm><Value>133</Value></HeartRateBpm></Trackpoint>
<Trackpoint><Time>2024-07-18T23:33:19Z</Time><Position><LatitudeDegrees>30.53163803</LatitudeDegrees><LongitudeDegrees>104.0604002</LongitudeDegrees></Position><AltitudeMeters>432</AltitudeMeters><HeartRateBpm><Value>134</Value></HeartRateBpm></Trackpoint>
<Trackpoint><Time>2024-07-18T23:33:20Z</Time><Position><LatitudeDegrees>30.53165003</LatitudeDegrees><LongitudeDegrees>104.06040585</LongitudeDegrees></Position><AltitudeMeters>432</AltitudeMeters><HeartRateBpm><Value>134</Value></HeartRateBpm></Trackpoint>
<Trackpoint><Time>2024-07-18T23:33:22Z</Time><Position><LatitudeDegrees>30.53178669</LatitudeDegrees><LongitudeDegrees>104.06046984</LongitudeDegrees></Position><AltitudeMeters>432</AltitudeMeters><HeartRateBpm><Value>135</Value></HeartRateBpm></Trackpoint>
<Trackpoint><Time>2024-07-18T23:33:23Z</Time><Position><LatitudeDegrees>30.53179934</LatitudeDegrees><LongitudeDegrees>104.06047551</LongitudeDegrees></Position><AltitudeMeters>432</AltitudeMeters><HeartRateBpm><Value>135</Value></HeartRateBpm></Trackpoint>
<Trackpoint><Time>2024-07-18T23:33:24Z</Time><Position><LatitudeDegrees>30.531825</LatitudeDegrees><LongitudeDegrees>104.06048883</LongitudeDegrees></Position><AltitudeMeters>432</AltitudeMeters><HeartRateBpm><Value>136</Value></HeartRateBpm></Trackpoint>
<Trackpoint><Time>2024-07-18T23:33:25Z</Time><Position><LatitudeDegrees>30.53185867</LatitudeDegrees><LongitudeDegrees>104.06050917</LongitudeDegrees></Position><AltitudeMeters>433</AltitudeMeters><HeartRateBpm><Value>136</Value></HeartRateBpm></Trackpoint>
<Trackpoint><Time>2024-07-18T23:33:26Z</Time><Position><LatitudeDegrees>30.53189833</LatitudeDegrees><LongitudeDegrees>104.06053382</LongitudeDegrees></Position><AltitudeMeters>433</AltitudeMeters><HeartRateBpm><Value>136</Value></HeartRateBpm></Trackpoint>
<Trackpoint><Time>2024-07-18T23:33:28Z</Time><Position><LatitudeDegrees>30.53208332</LatitudeDegrees><LongitudeDegrees>104.06063949</LongitudeDegrees></Position><AltitudeMeters>433</AltitudeMeters><HeartRateBpm><Value>136</Value></HeartRateBpm></Trackpoint>
<Trackpoint><Time>2024-07-18T23:33:30Z</Time><Position><LatitudeDegrees>30.53218098</LatitudeDegrees><LongitudeDegrees>104.06069816</LongitudeDegrees></Position><AltitudeMeters>433</AltitudeMeters><HeartRateBpm><Value>138</Value></HeartRateBpm></Trackpoint>
<Trackpoint><Time>2024-07-18T23:33:31Z</Time><Position><LatitudeDegrees>30.53226865</LatitudeDegrees><LongitudeDegrees>104.06076748</LongitudeDegrees></Position><AltitudeMeters>433</AltitudeMeters><HeartRateBpm><Value>139</Value></HeartRateBpm></Trackpoint>
<Trackpoint><Time>2024-07-18T23:33:33Z</Time><Position><LatitudeDegrees>30.5322793</LatitudeDegrees><LongitudeDegrees>104.06077548</LongitudeDegrees></Position><AltitudeMeters>433</AltitudeMeters><HeartRateBpm><Value>140</Value></HeartRateBpm></Trackpoint>
<Trackpoint><Time>2024-07-18T23:33:34Z</Time><Position><LatitudeDegrees>30.5323023</LatitudeDegrees><LongitudeDegrees>104.0607928</LongitudeDegrees></Position><AltitudeMeters>433</AltitudeMeters><HeartRateBpm><Value>140</Value></HeartRateBpm></Trackpoint>
<Trackpoint><Time>2024-07-18T23:33:36Z</Time><Position><LatitudeDegrees>30.53244996</LatitudeDegrees><LongitudeDegrees>104.06089979</LongitudeDegrees></Position><AltitudeMeters>433</AltitudeMeters><HeartRateBpm><Value>137</Value></HeartRateBpm></Trackpoint>
<Trackpoint><Time>2024-07-18T23:33:37Z</Time><Position><LatitudeDegrees>30.53246029</LatitudeDegrees><LongitudeDegrees>104.06090813</LongitudeDegrees></Position><AltitudeMeters>433</AltitudeMeters><HeartRateBpm><Value>136</Value></HeartRateBpm></Trackpoint>
<Trackpoint><Time>2024-07-18T23:33:39Z</Time><Position><LatitudeDegrees>30.53257895</LatitudeDegrees><LongitudeDegrees>104.06098079</LongitudeDegrees></Position><AltitudeMeters>433</AltitudeMeters><HeartRateBpm><Value>134</Value></HeartRateBpm></Trackpoint>
<Trackpoint><Time>2024-07-18T23:33:40Z</Time><Position><LatitudeDegrees>30.53258928</LatitudeDegrees><LongitudeDegrees>104.06098613</LongitudeDegrees></Position><AltitudeMeters>433</AltitudeMeters><HeartRateBpm><Value>133</Value></HeartRateBpm></Trackpoint>
<Trackpoint><Time>2024-07-18T23:33:41Z</Time><Position><LatitudeDegrees>30.53269961</LatitudeDegrees><LongitudeDegrees>104.06105813</LongitudeDegrees></Position><AltitudeMeters>433</AltitudeMeters><HeartRateBpm><Value>132</Value></HeartRateBpm></Trackpoint>
<Trackpoint><Time>2024-07-18T23:33:42Z</Time><Position><LatitudeDegrees>30.53270894</LatitudeDegrees><LongitudeDegrees>104.06106345</LongitudeDegrees></Position><AltitudeMeters>433</AltitudeMeters><HeartRateBpm><Value>132</Value></HeartRateBpm></Trackpoint>
<Trackpoint><Time>2024-07-18T23:33:43Z</Time><Position><LatitudeDegrees>30.53272926</LatitudeDegrees><LongitudeDegrees>104.06107377</LongitudeDegrees></Position><AltitudeMeters>433</AltitudeMeters><HeartRateBpm><Value>131</Value></HeartRateBpm></Trackpoint>
<Trackpoint><Time>2024-07-18T23:33:44Z</Time><Position><LatitudeDegrees>30.53275826</LatitudeDegrees><LongitudeDegrees>104.06108711</LongitudeDegrees></Position><AltitudeMeters>434</AltitudeMeters><HeartRateBpm><Value>131</Value></HeartRateBpm></Trackpoint>
<Trackpoint><Time>2024-07-18T23:33:45Z</Time><Position><LatitudeDegrees>30.53279459</LatitudeDegrees><LongitudeDegrees>104.06110076</LongitudeDegrees></Position><AltitudeMeters>434</AltitudeMeters><HeartRateBpm><Value>131</Value></HeartRateBpm></Trackpoint>
<Trackpoint><Time>2024-07-18T23:33:46Z</Time><Position><LatitudeDegrees>30.53283391</LatitudeDegrees><LongitudeDegrees>104.06110809</LongitudeDegrees></Position><AltitudeMeters>434</AltitudeMeters><HeartRateBpm><Value>130</Value></HeartRateBpm></Trackpoint>
<Trackpoint><Time>2024-07-18T23:33:47Z</Time><Position><LatitudeDegrees>30.53287323</LatitudeDegrees><LongitudeDegrees>104.0611061</LongitudeDegrees></Position><AltitudeMeters>434</AltitudeMeters><HeartRateBpm><Value>130</Value></HeartRateBpm></Trackpoint>
<Trackpoint><Time>2024-07-18T23:33:49Z</Time><Position><LatitudeDegrees>30.53301957</LatitudeDegrees><LongitudeDegrees>104.06107211</LongitudeDegrees></Position><AltitudeMeters>434</AltitudeMeters><HeartRateBpm><Value>128</Value></HeartRateBpm></Trackpoint>
<Trackpoint><Time>2024-07-18T23:33:50Z</Time><Position><LatitudeDegrees>30.53302623</LatitudeDegrees><LongitudeDegrees>104.06106978</LongitudeDegrees></Position><AltitudeMeters>434</AltitudeMeters><HeartRateBpm><Value>128</Value></HeartRateBpm></Trackpoint>
<Trackpoint><Time>2024-07-18T23:33:52Z</Time><Position><LatitudeDegrees>30.5330979</LatitudeDegrees><LongitudeDegrees>104.06106646</LongitudeDegrees></Position><AltitudeMeters>434</AltitudeMeters><HeartRateBpm><Value>128</Value></HeartRateBpm></Trackpoint>
<Trackpoint><Time>2024-07-18T23:33:53Z</Time><Position><LatitudeDegrees>30.53310457</LatitudeDegrees><LongitudeDegrees>104.06106646</LongitudeDegrees></Position><AltitudeMeters>434</AltitudeMeters><HeartRateBpm><Value>128</Value></HeartRateBpm></Trackpoint>
<Trackpoint><Time>2024-07-18T23:33:54Z</Time><Position><LatitudeDegrees>30.53311756</LatitudeDegrees><LongitudeDegrees>104.06106945</LongitudeDegrees></Position><AltitudeMeters>434</AltitudeMeters><HeartRateBpm><Value>128</Value></HeartRateBpm></Trackpoint>
<Trackpoint><Time>2024-07-18T23:33:56Z</Time><Position><LatitudeDegrees>30.53319688</LatitudeDegrees><LongitudeDegrees>104.06112278</LongitudeDegrees></Position><AltitudeMeters>434</AltitudeMeters><HeartRateBpm><Value>128</Value></HeartRateBpm></Trackpoint>
<Trackpoint><Time>2024-07-18T23:33:57Z</Time><Position><LatitudeDegrees>30.53320121</LatitudeDegrees><LongitudeDegrees>104.06112845</LongitudeDegrees></Position><AltitudeMeters>434</AltitudeMeters><HeartRateBpm><Value>128</Value></HeartRateBpm></Trackpoint>
<Trackpoint><Time>2024-07-18T23:33:58Z</Time><Position><LatitudeDegrees>30.53320954</LatitudeDegrees><LongitudeDegrees>104.06114177</LongitudeDegrees></Position><AltitudeMeters>434</AltitudeMeters><HeartRateBpm><Value>128</Value></HeartRateBpm></Trackpoint>
<Trackpoint><Time>2024-07-18T23:33:59Z</Time><Position><LatitudeDegrees>30.5332202</LatitudeDegrees><LongitudeDegrees>104.06115977</LongitudeDegrees></Position><AltitudeMeters>434</AltitudeMeters><HeartRateBpm><Value>128</Value></HeartRateBpm></Trackpoint>
<Trackpoint><Time>2024-07-18T23:34:00Z</Time><Position><LatitudeDegrees>30.5332322</LatitudeDegrees><LongitudeDegrees>104.06118177</LongitudeDegrees></Position><AltitudeMeters>434</AltitudeMeters><HeartRateBpm><Value>128</Value></HeartRateBpm></Trackpoint>
<Trackpoint><Time>2024-07-18T23:34:01Z</Time><Position><LatitudeDegrees>30.53324553</LatitudeDegrees><LongitudeDegrees>104.06120643</LongitudeDegrees></Position><AltitudeMeters>434</AltitudeMeters><HeartRateBpm><Value>127</Value></HeartRateBpm></Trackpoint>
<Trackpoint><Time>2024-07-18T23:34:02Z</Time><Position><LatitudeDegrees>30.53325985</LatitudeDegrees><LongitudeDegrees>104.06123175</LongitudeDegrees></Position><AltitudeMeters>434</AltitudeMeters><HeartRateBpm><Value>127</Value></HeartRateBpm></Trackpoint>
<Trackpoint><Time>2024-07-18T23:34:03Z</Time><Position><LatitudeDegrees>30.53327551</LatitudeDegrees><LongitudeDegrees>104.06125742</LongitudeDegrees></Position><AltitudeMeters>434</AltitudeMeters><HeartRateBpm><Value>127</Value></HeartRateBpm></Trackpoint>
<Trackpoint><Time>2024-07-18T23:34:05Z</Time><Position><LatitudeDegrees>30.53334883</LatitudeDegrees><LongitudeDegrees>104.06137708</LongitudeDegrees></Position><AltitudeMeters>434</AltitudeMeters><HeartRateBpm><Value>125</Value></HeartRateBpm></Trackpoint>
<Trackpoint><Time>2024-07-18T23:34:07Z</Time><Position><LatitudeDegrees>30.53338316</LatitudeDegrees><LongitudeDegrees>104.06145308</LongitudeDegrees></Position><AltitudeMeters>434</AltitudeMeters><HeartRateBpm><Value>125</Value></HeartRateBpm></Trackpoint>
<Trackpoint><Time>2024-07-18T23:34:09Z</Time><Position><LatitudeDegrees>30.53342282</LatitudeDegrees><LongitudeDegrees>104.06154274</LongitudeDegrees></Position><AltitudeMeters>434</AltitudeMeters><HeartRateBpm><Value>123</Value></HeartRateBpm></Trackpoint>
<Trackpoint><Time>2024-07-18T23:34:10Z</Time><Position><LatitudeDegrees>30.53342682</LatitudeDegrees><LongitudeDegrees>104.06155374</LongitudeDegrees></Position><AltitudeMeters>434</AltitudeMeters><HeartRateBpm><Value>122</Value></HeartRateBpm></Trackpoint>
<Trackpoint><Time>2024-07-18T23:34:11Z</Time><Position><LatitudeDegrees>30.53343515</LatitudeDegrees><LongitudeDegrees>104.06157673</LongitudeDegrees></Position><AltitudeMeters>434</AltitudeMeters><HeartRateBpm><Value>122</Value></HeartRateBpm></Trackpoint>
<Trackpoint><Time>2024-07-18T23:34:12Z</Time><Position><LatitudeDegrees>30.53344714</LatitudeDegrees><LongitudeDegrees>104.06160706</LongitudeDegrees></Position><AltitudeMeters>434</AltitudeMeters><HeartRateBpm><Value>122</Value></HeartRateBpm></Trackpoint>
<Trackpoint><Time>2024-07-18T23:34:14Z</Time><Position><LatitudeDegrees>30.53351914</LatitudeDegrees><LongitudeDegrees>104.06172238</LongitudeDegrees></Position><AltitudeMeters>434</AltitudeMeters><HeartRateBpm><Value>120</Value></HeartRateBpm></Trackpoint>
<Trackpoint><Time>2024-07-18T23:34:15Z</Time><Position><LatitudeDegrees>30.53352547</LatitudeDegrees><LongitudeDegrees>104.06172538</LongitudeDegrees></Position><AltitudeMeters>434</AltitudeMeters><HeartRateBpm><Value>120</Value></HeartRateBpm></Trackpoint>
<Trackpoint><Time>2024-07-18T23:34:16Z</Time><Position><LatitudeDegrees>30.53353913</LatitudeDegrees><LongitudeDegrees>104.06173137</LongitudeDegrees></Position><AltitudeMeters>434</AltitudeMeters><HeartRateBpm><Value>119</Value></HeartRateBpm></Trackpoint>
<Trackpoint><Time>2024-07-18T23:34:17Z</Time><Position><LatitudeDegrees>30.53355612</LatitudeDegrees><LongitudeDegrees>104.06175169</LongitudeDegrees></Position><AltitudeMeters>433</AltitudeMeters><HeartRateBpm><Value>119</Value></HeartRateBpm></Trackpoint>
<Trackpoint><Time>2024-07-18T23:34:19Z</Time><Position><LatitudeDegrees>30.53363912</LatitudeDegrees><LongitudeDegrees>104.06188669</LongitudeDegrees></Position><AltitudeMeters>433</AltitudeMeters><HeartRateBpm><Value>121</Value></HeartRateBpm></Trackpoint>
<Trackpoint><Time>2024-07-18T23:34:20Z</Time><Position><LatitudeDegrees>30.53368846</LatitudeDegrees><LongitudeDegrees>104.06198002</LongitudeDegrees></Position><AltitudeMeters>433</AltitudeMeters><HeartRateBpm><Value>120</Value></HeartRateBpm></Trackpoint>
<Trackpoint><Time>2024-07-18T23:34:21Z</Time><Position><LatitudeDegrees>30.53369478</LatitudeDegrees><LongitudeDegrees>104.06199235</LongitudeDegrees></Position><AltitudeMeters>433</AltitudeMeters><HeartRateBpm><Value>120</Value></HeartRateBpm></Trackpoint>
<Trackpoint><Time>2024-07-18T23:34:23Z</Time><Position><LatitudeDegrees>30.53370678</LatitudeDegrees><LongitudeDegrees>104.06201801</LongitudeDegrees></Position><AltitudeMeters>433</AltitudeMeters><HeartRateBpm><Value>119</Value></HeartRateBpm></Trackpoint>
<Trackpoint><Time>2024-07-18T23:34:25Z</Time><Position><LatitudeDegrees>30.53378811</LatitudeDegrees><LongitudeDegrees>104.06218234</LongitudeDegrees></Position><AltitudeMeters>433</AltitudeMeters><HeartRateBpm><Value>115</Value></HeartRateBpm></Trackpoint>
<Trackpoint><Time>2024-07-18T23:34:26Z</Time><Position><LatitudeDegrees>30.53379277</LatitudeDegrees><LongitudeDegrees>104.062193</LongitudeDegrees></Position><AltitudeMeters>433</AltitudeMeters><HeartRateBpm><Value>115</Value></HeartRateBpm></Trackpoint>
<Trackpoint><Time>2024-07-18T23:34:27Z</Time><Position><LatitudeDegrees>30.5338531</LatitudeDegrees><LongitudeDegrees>104.062327</LongitudeDegrees></Position><AltitudeMeters>433</AltitudeMeters><HeartRateBpm><Value>115</Value></HeartRateBpm></Trackpoint>
<Trackpoint><Time>2024-07-18T23:34:29Z</Time><Position><LatitudeDegrees>30.53385909</LatitudeDegrees><LongitudeDegrees>104.06234033</LongitudeDegrees></Position><AltitudeMeters>433</AltitudeMeters><HeartRateBpm><Value>114</Value></HeartRateBpm></Trackpoint>
<Trackpoint><Time>2024-07-18T23:34:31Z</Time><Position><LatitudeDegrees>30.53392743</LatitudeDegrees><LongitudeDegrees>104.06249099</LongitudeDegrees></Position><AltitudeMeters>433</AltitudeMeters><HeartRateBpm><Value>113</Value></HeartRateBpm></Trackpoint>
<Trackpoint><Time>2024-07-18T23:34:32Z</Time><Position><LatitudeDegrees>30.53393308</LatitudeDegrees><LongitudeDegrees>104.06250531</LongitudeDegrees></Position><AltitudeMeters>433</AltitudeMeters><HeartRateBpm><Value>112</Value></HeartRateBpm></Trackpoint>
<Trackpoint><Time>2024-07-18T23:34:33Z</Time><Position><LatitudeDegrees>30.53394575</LatitudeDegrees><LongitudeDegrees>104.06253398</LongitudeDegrees></Position><AltitudeMeters>433</AltitudeMeters><HeartRateBpm><Value>112</Value></HeartRateBpm></Trackpoint>
<Trackpoint><Time>2024-07-18T23:34:34Z</Time><Position><LatitudeDegrees>30.53403507</LatitudeDegrees><LongitudeDegrees>104.06271031</LongitudeDegrees></Position><AltitudeMeters>433</AltitudeMeters><HeartRateBpm><Value>113</Value></HeartRateBpm></Trackpoint>
<Trackpoint><Time>2024-07-18T23:34:36Z</Time><Position><LatitudeDegrees>30.53404106</LatitudeDegrees><LongitudeDegrees>104.0627233</LongitudeDegrees></Position><AltitudeMeters>433</AltitudeMeters><HeartRateBpm><Value>113</Value></HeartRateBpm></Trackpoint>
<Trackpoint><Time>2024-07-18T23:34:37Z</Time><Position><LatitudeDegrees>30.5340544</LatitudeDegrees><LongitudeDegrees>104.06275197</LongitudeDegrees></Position><AltitudeMeters>433</AltitudeMeters><HeartRateBpm><Value>114</Value></HeartRateBpm></Trackpoint>
<Trackpoint><Time>2024-07-18T23:34:38Z</Time><Position><LatitudeDegrees>30.53407172</LatitudeDegrees><LongitudeDegrees>104.06279129</LongitudeDegrees></Position><AltitudeMeters>433</AltitudeMeters><HeartRateBpm><Value>114</Value></HeartRateBpm></Trackpoint>
<Trackpoint><Time>2024-07-18T23:34:39Z</Time><Position><LatitudeDegrees>30.53409339</LatitudeDegrees><LongitudeDegrees>104.06283762</LongitudeDegrees></Position><AltitudeMeters>433</AltitudeMeters><HeartRateBpm><Value>115</Value></HeartRateBpm></Trackpoint>
<Trackpoint><Time>2024-07-18T23:34:41Z</Time><Position><LatitudeDegrees>30.53419671</LatitudeDegrees><LongitudeDegrees>104.06304895</LongitudeDegrees></Position><AltitudeMeters>433</AltitudeMeters><HeartRateBpm><Value>116</Value></HeartRateBpm></Trackpoint>
<Trackpoint><Time>2024-07-18T23:34:42Z</Time><Position><LatitudeDegrees>30.53420171</LatitudeDegrees><LongitudeDegrees>104.06306261</LongitudeDegrees></Position><AltitudeMeters>433</AltitudeMeters><HeartRateBpm><Value>117</Value></HeartRateBpm></Trackpoint>
<Trackpoint><Time>2024-07-18T23:34:43Z</Time><Position><LatitudeDegrees>30.53421403</LatitudeDegrees><LongitudeDegrees>104.06309127</LongitudeDegrees></Position><AltitudeMeters>433</AltitudeMeters><HeartRateBpm><Value>118</Value></HeartRateBpm></Trackpoint>
<Trackpoint><Time>2024-07-18T23:34:44Z</Time><Position><LatitudeDegrees>30.53429237</LatitudeDegrees><LongitudeDegrees>104.06327194</LongitudeDegrees></Position><AltitudeMeters>433</AltitudeMeters><HeartRateBpm><Value>118</Value></HeartRateBpm></Trackpoint>
<Trackpoint><Time>2024-07-18T23:34:46Z</Time><Position><LatitudeDegrees>30.5342977</LatitudeDegrees><LongitudeDegrees>104.06328393</LongitudeDegrees></Position><AltitudeMeters>433</AltitudeMeters><HeartRateBpm><Value>118</Value></HeartRateBpm></Trackpoint>
<Trackpoint><Time>2024-07-18T23:34:47Z</Time><Position><LatitudeDegrees>30.53436402</LatitudeDegrees><LongitudeDegrees>104.06343259</LongitudeDegrees></Position><AltitudeMeters>433</AltitudeMeters><HeartRateBpm><Value>119</Value></HeartRateBpm></Trackpoint>
<Trackpoint><Time>2024-07-18T23:34:48Z</Time><Position><LatitudeDegrees>30.53437168</LatitudeDegrees><LongitudeDegrees>104.06344658</LongitudeDegrees></Position><AltitudeMeters>433</AltitudeMeters><HeartRateBpm><Value>119</Value></HeartRateBpm></Trackpoint>
<Trackpoint><Time>2024-07-18T23:34:50Z</Time><Position><LatitudeDegrees>30.53438701</LatitudeDegrees><LongitudeDegrees>104.06347625</LongitudeDegrees></Position><AltitudeMeters>433</AltitudeMeters><HeartRateBpm><Value>118</Value></HeartRateBpm></Trackpoint>
<Trackpoint><Time>2024-07-18T23:34:51Z</Time><Position><LatitudeDegrees>30.53440535</LatitudeDegrees><LongitudeDegrees>104.06351624</LongitudeDegrees></Position><AltitudeMeters>433</AltitudeMeters><HeartRateBpm><Value>118</Value></HeartRateBpm></Trackpoint>
<Trackpoint><Time>2024-07-18T23:34:52Z</Time><Position><LatitudeDegrees>30.53448835</LatitudeDegrees><LongitudeDegrees>104.06371056</LongitudeDegrees></Position><AltitudeMeters>433</AltitudeMeters><HeartRateBpm><Value>118</Value></HeartRateBpm></Trackpoint>
<Trackpoint><Time>2024-07-18T23:34:54Z</Time><Position><LatitudeDegrees>30.53449501</LatitudeDegrees><LongitudeDegrees>104.06372389</LongitudeDegrees></Position><AltitudeMeters>433</AltitudeMeters><HeartRateBpm><Value>117</Value></HeartRateBpm></Trackpoint>
<Trackpoint><Time>2024-07-18T23:34:55Z</Time><Position><LatitudeDegrees>30.53450735</LatitudeDegrees><LongitudeDegrees>104.06375155</LongitudeDegrees></Position><AltitudeMeters>433</AltitudeMeters><HeartRateBpm><Value>117</Value></HeartRateBpm></Trackpoint>
<Trackpoint><Time>2024-07-18T23:34:56Z</Time><Position><LatitudeDegrees>30.534522</LatitudeDegrees><LongitudeDegrees>104.06378989</LongitudeDegrees></Position><AltitudeMeters>433</AltitudeMeters><HeartRateBpm><Value>117</Value></HeartRateBpm></Trackpoint>
<Trackpoint><Time>2024-07-18T23:34:57Z</Time><Position><LatitudeDegrees>30.534541</LatitudeDegrees><LongitudeDegrees>104.06383554</LongitudeDegrees></Position><AltitudeMeters>433</AltitudeMeters><HeartRateBpm><Value>117</Value></HeartRateBpm></Trackpoint>
<Trackpoint><Time>2024-07-18T23:34:59Z</Time><Position><LatitudeDegrees>30.53464166</LatitudeDegrees><LongitudeDegrees>104.06403554</LongitudeDegrees></Position><AltitudeMeters>433</AltitudeMeters><HeartRateBpm><Value>118</Value></HeartRateBpm></Trackpoint>
<Trackpoint><Time>2024-07-18T23:35:00Z</Time><Position><LatitudeDegrees>30.53464799</LatitudeDegrees><LongitudeDegrees>104.0640482</LongitudeDegrees></Position><AltitudeMeters>433</AltitudeMeters><HeartRateBpm><Value>118</Value></HeartRateBpm></Trackpoint>
<Trackpoint><Time>2024-07-18T23:35:01Z</Time><Position><LatitudeDegrees>30.53466098</LatitudeDegrees><LongitudeDegrees>104.0640742</LongitudeDegrees></Position><AltitudeMeters>433</AltitudeMeters><HeartRateBpm><Value>118</Value></HeartRateBpm></Trackpoint>
<Trackpoint><Time>2024-07-18T23:35:03Z</Time><Position><LatitudeDegrees>30.53473965</LatitudeDegrees><LongitudeDegrees>104.06425386</LongitudeDegrees></Position><AltitudeMeters>433</AltitudeMeters><HeartRateBpm><Value>122</Value></HeartRateBpm></Trackpoint>
<Trackpoint><Time>2024-07-18T23:35:05Z</Time><Position><LatitudeDegrees>30.53478465</LatitudeDegrees><LongitudeDegrees>104.06436186</LongitudeDegrees></Position><AltitudeMeters>433</AltitudeMeters><HeartRateBpm><Value>123</Value></HeartRateBpm></Trackpoint>
<Trackpoint><Time>2024-07-18T23:35:06Z</Time><Position><LatitudeDegrees>30.53479165</LatitudeDegrees><LongitudeDegrees>104.06437518</LongitudeDegrees></Position><AltitudeMeters>433</AltitudeMeters><HeartRateBpm><Value>123</Value></HeartRateBpm></Trackpoint>
<Trackpoint><Time>2024-07-18T23:35:07Z</Time><Position><LatitudeDegrees>30.53480531</LatitudeDegrees><LongitudeDegrees>104.06440318</LongitudeDegrees></Position><AltitudeMeters>433</AltitudeMeters><HeartRateBpm><Value>124</Value></HeartRateBpm></Trackpoint>
<Trackpoint><Time>2024-07-18T23:35:09Z</Time><Position><LatitudeDegrees>30.53489031</LatitudeDegrees><LongitudeDegrees>104.06458451</LongitudeDegrees></Position><AltitudeMeters>433</AltitudeMeters><HeartRateBpm><Value>125</Value></HeartRateBpm></Trackpoint>
<Trackpoint><Time>2024-07-18T23:35:10Z</Time><Position><LatitudeDegrees>30.5348953</LatitudeDegrees><LongitudeDegrees>104.06459917</LongitudeDegrees></Position><AltitudeMeters>433</AltitudeMeters><HeartRateBpm><Value>125</Value></HeartRateBpm></Trackpoint>
<Trackpoint><Time>2024-07-18T23:35:11Z</Time><Position><LatitudeDegrees>30.53490863</LatitudeDegrees><LongitudeDegrees>104.06462816</LongitudeDegrees></Position><AltitudeMeters>432</AltitudeMeters><HeartRateBpm><Value>125</Value></HeartRateBpm></Trackpoint>
<Trackpoint><Time>2024-07-18T23:35:12Z</Time><Position><LatitudeDegrees>30.53492763</LatitudeDegrees><LongitudeDegrees>104.06466783</LongitudeDegrees></Position><AltitudeMeters>432</AltitudeMeters><HeartRateBpm><Value>125</Value></HeartRateBpm></Trackpoint>
<Trackpoint><Time>2024-07-18T23:35:13Z</Time><Position><LatitudeDegrees>30.53494829</LatitudeDegrees><LongitudeDegrees>104.06471283</LongitudeDegrees></Position><AltitudeMeters>432</AltitudeMeters><HeartRateBpm><Value>126</Value></HeartRateBpm></Trackpoint>
<Trackpoint><Time>2024-07-18T23:35:14Z</Time><Position><LatitudeDegrees>30.53497162</LatitudeDegrees><LongitudeDegrees>104.06476348</LongitudeDegrees></Position><AltitudeMeters>432</AltitudeMeters><HeartRateBpm><Value>125</Value></HeartRateBpm></Trackpoint>
<Trackpoint><Time>2024-07-18T23:35:15Z</Time><Position><LatitudeDegrees>30.53499628</LatitudeDegrees><LongitudeDegrees>104.06481547</LongitudeDegrees></Position><AltitudeMeters>432</AltitudeMeters><HeartRateBpm><Value>125</Value></HeartRateBpm></Trackpoint>
<Trackpoint><Time>2024-07-18T23:35:16Z</Time><Position><LatitudeDegrees>30.5350216</LatitudeDegrees><LongitudeDegrees>104.06486981</LongitudeDegrees></Position><AltitudeMeters>432</AltitudeMeters><HeartRateBpm><Value>125</Value></HeartRateBpm></Trackpoint>
<Trackpoint><Time>2024-07-18T23:35:18Z</Time><Position><LatitudeDegrees>30.5351306</LatitudeDegrees><LongitudeDegrees>104.06509213</LongitudeDegrees></Position><AltitudeMeters>432</AltitudeMeters><HeartRateBpm><Value>124</Value></HeartRateBpm></Trackpoint>
<Trackpoint><Time>2024-07-18T23:35:19Z</Time><Position><LatitudeDegrees>30.53513726</LatitudeDegrees><LongitudeDegrees>104.06510612</LongitudeDegrees></Position><AltitudeMeters>432</AltitudeMeters><HeartRateBpm><Value>124</Value></HeartRateBpm></Trackpoint>
<Trackpoint><Time>2024-07-18T23:35:21Z</Time><Position><LatitudeDegrees>30.53520059</LatitudeDegrees><LongitudeDegrees>104.06525879</LongitudeDegrees></Position><AltitudeMeters>432</AltitudeMeters><HeartRateBpm><Value>125</Value></HeartRateBpm></Trackpoint>
<Trackpoint><Time>2024-07-18T23:35:22Z</Time><Position><LatitudeDegrees>30.53520625</LatitudeDegrees><LongitudeDegrees>104.06527178</LongitudeDegrees></Position><AltitudeMeters>432</AltitudeMeters><HeartRateBpm><Value>125</Value></HeartRateBpm></Trackpoint>
<Trackpoint><Time>2024-07-18T23:35:23Z</Time><Position><LatitudeDegrees>30.53526858</LatitudeDegrees><LongitudeDegrees>104.06541444</LongitudeDegrees></Position><AltitudeMeters>432</AltitudeMeters><HeartRateBpm><Value>127</Value></HeartRateBpm></Trackpoint>
<Trackpoint><Time>2024-07-18T23:35:24Z</Time><Position><LatitudeDegrees>30.53527425</LatitudeDegrees><LongitudeDegrees>104.06542743</LongitudeDegrees></Position><AltitudeMeters>432</AltitudeMeters><HeartRateBpm><Value>127</Value></HeartRateBpm></Trackpoint>
<Trackpoint><Time>2024-07-18T23:35:26Z</Time><Position><LatitudeDegrees>30.53528525</LatitudeDegrees><LongitudeDegrees>104.06545309</LongitudeDegrees></Position><AltitudeMeters>432</AltitudeMeters><HeartRateBpm><Value>127</Value></HeartRateBpm></Trackpoint>
<Trackpoint><Time>2024-07-18T23:35:27Z</Time><Position><LatitudeDegrees>30.53530157</LatitudeDegrees><LongitudeDegrees>104.06548876</LongitudeDegrees></Position><AltitudeMeters>432</AltitudeMeters><HeartRateBpm><Value>127</Value></HeartRateBpm></Trackpoint>
<Trackpoint><Time>2024-07-18T23:35:28Z</Time><Position><LatitudeDegrees>30.53532257</LatitudeDegrees><LongitudeDegrees>104.06553009</LongitudeDegrees></Position><AltitudeMeters>432</AltitudeMeters><HeartRateBpm><Value>128</Value></HeartRateBpm></Trackpoint>
<Trackpoint><Time>2024-07-18T23:35:29Z</Time><Position><LatitudeDegrees>30.5353459</LatitudeDegrees><LongitudeDegrees>104.06557441</LongitudeDegrees></Position><AltitudeMeters>432</AltitudeMeters><HeartRateBpm><Value>128</Value></HeartRateBpm></Trackpoint>
<Trackpoint><Time>2024-07-18T23:35:30Z</Time><Position><LatitudeDegrees>30.53537124</LatitudeDegrees><LongitudeDegrees>104.06562341</LongitudeDegrees></Position><AltitudeMeters>432</AltitudeMeters><HeartRateBpm><Value>128</Value></HeartRateBpm></Trackpoint>
<Trackpoint><Time>2024-07-18T23:35:31Z</Time><Position><LatitudeDegrees>30.53539623</LatitudeDegrees><LongitudeDegrees>104.06567574</LongitudeDegrees></Position><AltitudeMeters>432</AltitudeMeters><HeartRateBpm><Value>128</Value></HeartRateBpm></Trackpoint>
<Trackpoint><Time>2024-07-18T23:35:33Z</Time><Position><LatitudeDegrees>30.53551456</LatitudeDegrees><LongitudeDegrees>104.06589573</LongitudeDegrees></Position><AltitudeMeters>432</AltitudeMeters><HeartRateBpm><Value>129</Value></HeartRateBpm></Trackpoint>
<Trackpoint><Time>2024-07-18T23:35:34Z</Time><Position><LatitudeDegrees>30.53552055</LatitudeDegrees><LongitudeDegrees>104.06591005</LongitudeDegrees></Position><AltitudeMeters>432</AltitudeMeters><HeartRateBpm><Value>129</Value></HeartRateBpm></Trackpoint>
<Trackpoint><Time>2024-07-18T23:35:35Z</Time><Position><LatitudeDegrees>30.53553288</LatitudeDegrees><LongitudeDegrees>104.06593938</LongitudeDegrees></Position><AltitudeMeters>432</AltitudeMeters><HeartRateBpm><Value>129</Value></HeartRateBpm></Trackpoint>
<Trackpoint><Time>2024-07-18T23:35:37Z</Time><Position><LatitudeDegrees>30.53560554</LatitudeDegrees><LongitudeDegrees>104.06611037</LongitudeDegrees></Position><AltitudeMeters>432</AltitudeMeters><HeartRateBpm><Value>130</Value></HeartRateBpm></Trackpoint>
<Trackpoint><Time>2024-07-18T23:35:38Z</Time><Position><LatitudeDegrees>30.53562987</LatitudeDegrees><LongitudeDegrees>104.06619904</LongitudeDegrees></Position><AltitudeMeters>432</AltitudeMeters><HeartRateBpm><Value>130</Value></HeartRateBpm></Trackpoint>
<Trackpoint><Time>2024-07-18T23:35:40Z</Time><Position><LatitudeDegrees>30.5356302</LatitudeDegrees><LongitudeDegrees>104.06621003</LongitudeDegrees></Position><AltitudeMeters>432</AltitudeMeters><HeartRateBpm><Value>130</Value></HeartRateBpm></Trackpoint>
<Trackpoint><Time>2024-07-18T23:35:41Z</Time><Position><LatitudeDegrees>30.53563253</LatitudeDegrees><LongitudeDegrees>104.06623236</LongitudeDegrees></Position><AltitudeMeters>432</AltitudeMeters><HeartRateBpm><Value>130</Value></HeartRateBpm></Trackpoint>
<Trackpoint><Time>2024-07-18T23:35:43Z</Time><Position><LatitudeDegrees>30.53564452</LatitudeDegrees><LongitudeDegrees>104.0664007</LongitudeDegrees></Position><AltitudeMeters>432</AltitudeMeters><HeartRateBpm><Value>131</Value></HeartRateBpm></Trackpoint>
<Trackpoint><Time>2024-07-18T23:35:44Z</Time><Position><LatitudeDegrees>30.53564452</LatitudeDegrees><LongitudeDegrees>104.06641869</LongitudeDegrees></Position><AltitudeMeters>432</AltitudeMeters><HeartRateBpm><Value>131</Value></HeartRateBpm></Trackpoint>
<Trackpoint><Time>2024-07-18T23:35:45Z</Time><Position><LatitudeDegrees>30.53564552</LatitudeDegrees><LongitudeDegrees>104.06645535</LongitudeDegrees></Position><AltitudeMeters>432</AltitudeMeters><HeartRateBpm><Value>131</Value></HeartRateBpm></Trackpoint>
<Trackpoint><Time>2024-07-18T23:35:46Z</Time><Position><LatitudeDegrees>30.53568318</LatitudeDegrees><LongitudeDegrees>104.06665368</LongitudeDegrees></Position><AltitudeMeters>432</AltitudeMeters><HeartRateBpm><Value>132</Value></HeartRateBpm></Trackpoint>
<Trackpoint><Time>2024-07-18T23:35:48Z</Time><Position><LatitudeDegrees>30.53569018</LatitudeDegrees><LongitudeDegrees>104.06666233</LongitudeDegrees></Position><AltitudeMeters>432</AltitudeMeters><HeartRateBpm><Value>133</Value></HeartRateBpm></Trackpoint>
<Trackpoint><Time>2024-07-18T23:35:49Z</Time><Position><LatitudeDegrees>30.53570351</LatitudeDegrees><LongitudeDegrees>104.06668233</LongitudeDegrees></Position><AltitudeMeters>432</AltitudeMeters><HeartRateBpm><Value>133</Value></HeartRateBpm></Trackpoint>
<Trackpoint><Time>2024-07-18T23:35:50Z</Time><Position><LatitudeDegrees>30.53579817</LatitudeDegrees><LongitudeDegrees>104.06682699</LongitudeDegrees></Position><AltitudeMeters>432</AltitudeMeters><HeartRateBpm><Value>133</Value></HeartRateBpm></Trackpoint>
<Trackpoint><Time>2024-07-18T23:35:51Z</Time><Position><LatitudeDegrees>30.53580682</LatitudeDegrees><LongitudeDegrees>104.06683731</LongitudeDegrees></Position><AltitudeMeters>432</AltitudeMeters><HeartRateBpm><Value>134</Value></HeartRateBpm></Trackpoint>
<Trackpoint><Time>2024-07-18T23:35:53Z</Time><Position><LatitudeDegrees>30.53582982</LatitudeDegrees><LongitudeDegrees>104.06685398</LongitudeDegrees></Position><AltitudeMeters>432</AltitudeMeters><HeartRateBpm><Value>134</Value></HeartRateBpm></Trackpoint>
<Trackpoint><Time>2024-07-18T23:35:54Z</Time><Position><LatitudeDegrees>30.53586148</LatitudeDegrees><LongitudeDegrees>104.06688198</LongitudeDegrees></Position><AltitudeMeters>432</AltitudeMeters><HeartRateBpm><Value>134</Value></HeartRateBpm></Trackpoint>
<Trackpoint><Time>2024-07-18T23:35:55Z</Time><Position><LatitudeDegrees>30.53589648</LatitudeDegrees><LongitudeDegrees>104.06691564</LongitudeDegrees></Position><AltitudeMeters>432</AltitudeMeters><HeartRateBpm><Value>134</Value></HeartRateBpm></Trackpoint>
<Trackpoint><Time>2024-07-18T23:35:56Z</Time><Position><LatitudeDegrees>30.53591615</LatitudeDegrees><LongitudeDegrees>104.06696297</LongitudeDegrees></Position><AltitudeMeters>432</AltitudeMeters><HeartRateBpm><Value>135</Value></HeartRateBpm></Trackpoint>
<Trackpoint><Time>2024-07-18T23:35:57Z</Time><Position><LatitudeDegrees>30.53594815</LatitudeDegrees><LongitudeDegrees>104.06700497</LongitudeDegrees></Position><AltitudeMeters>432</AltitudeMeters><HeartRateBpm><Value>135</Value></HeartRateBpm></Trackpoint>
<Trackpoint><Time>2024-07-18T23:35:58Z</Time><Position><LatitudeDegrees>30.5360598</LatitudeDegrees><LongitudeDegrees>104.06719629</LongitudeDegrees></Position><AltitudeMeters>432</AltitudeMeters><HeartRateBpm><Value>133</Value></HeartRateBpm></Trackpoint>
<Trackpoint><Time>2024-07-18T23:35:59Z</Time><Position><LatitudeDegrees>30.53605948</LatitudeDegrees><LongitudeDegrees>104.06720828</LongitudeDegrees></Position><AltitudeMeters>432</AltitudeMeters><HeartRateBpm><Value>133</Value></HeartRateBpm></Trackpoint>
<Trackpoint><Time>2024-07-18T23:36:01Z</Time><Position><LatitudeDegrees>30.53606881</LatitudeDegrees><LongitudeDegrees>104.06723127</LongitudeDegrees></Position><AltitudeMeters>432</AltitudeMeters><HeartRateBpm><Value>133</Value></HeartRateBpm></Trackpoint>
<Trackpoint><Time>2024-07-18T23:36:03Z</Time><Position><LatitudeDegrees>30.53612614</LatitudeDegrees><LongitudeDegrees>104.06739027</LongitudeDegrees></Position><AltitudeMeters>431</AltitudeMeters><HeartRateBpm><Value>131</Value></HeartRateBpm></Trackpoint>
<Trackpoint><Time>2024-07-18T23:36:04Z</Time><Position><LatitudeDegrees>30.53613147</LatitudeDegrees><LongitudeDegrees>104.06739926</LongitudeDegrees></Position><AltitudeMeters>431</AltitudeMeters><HeartRateBpm><Value>129</Value></HeartRateBpm></Trackpoint>
<Trackpoint><Time>2024-07-18T23:36:05Z</Time><Position><LatitudeDegrees>30.53614846</LatitudeDegrees><LongitudeDegrees>104.0674126</LongitudeDegrees></Position><AltitudeMeters>431</AltitudeMeters><HeartRateBpm><Value>129</Value></HeartRateBpm></Trackpoint>
<Trackpoint><Time>2024-07-18T23:36:07Z</Time><Position><LatitudeDegrees>30.53626879</LatitudeDegrees><LongitudeDegrees>104.06749692</LongitudeDegrees></Position><AltitudeMeters>431</AltitudeMeters><HeartRateBpm><Value>126</Value></HeartRateBpm></Trackpoint>
<Trackpoint><Time>2024-07-18T23:36:08Z</Time><Position><LatitudeDegrees>30.53627945</LatitudeDegrees><LongitudeDegrees>104.06750425</LongitudeDegrees></Position><AltitudeMeters>431</AltitudeMeters><HeartRateBpm><Value>124</Value></HeartRateBpm></Trackpoint>
<Trackpoint><Time>2024-07-18T23:36:09Z</Time><Position><LatitudeDegrees>30.53630078</LatitudeDegrees><LongitudeDegrees>104.06752091</LongitudeDegrees></Position><AltitudeMeters>431</AltitudeMeters><HeartRateBpm><Value>124</Value></HeartRateBpm></Trackpoint>
<Trackpoint><Time>2024-07-18T23:36:11Z</Time><Position><LatitudeDegrees>30.53644044</LatitudeDegrees><LongitudeDegrees>104.06763691</LongitudeDegrees></Position><AltitudeMeters>431</AltitudeMeters><HeartRateBpm><Value>121</Value></HeartRateBpm></Trackpoint>
<Trackpoint><Time>2024-07-18T23:36:12Z</Time><Position><LatitudeDegrees>30.53645043</LatitudeDegrees><LongitudeDegrees>104.06764623</LongitudeDegrees></Position><AltitudeMeters>431</AltitudeMeters><HeartRateBpm><Value>120</Value></HeartRateBpm></Trackpoint>
<Trackpoint><Time>2024-07-18T23:36:13Z</Time><Position><LatitudeDegrees>30.53647209</LatitudeDegrees><LongitudeDegrees>104.06766257</LongitudeDegrees></Position><AltitudeMeters>431</AltitudeMeters><HeartRateBpm><Value>120</Value></HeartRateBpm></Trackpoint>
<Trackpoint><Time>2024-07-18T23:36:14Z</Time><Position><LatitudeDegrees>30.53650409</LatitudeDegrees><LongitudeDegrees>104.06768223</LongitudeDegrees></Position><AltitudeMeters>431</AltitudeMeters><HeartRateBpm><Value>120</Value></HeartRateBpm></Trackpoint>
<Trackpoint><Time>2024-07-18T23:36:15Z</Time><Position><LatitudeDegrees>30.53665975</LatitudeDegrees><LongitudeDegrees>104.06778323</LongitudeDegrees></Position><AltitudeMeters>431</AltitudeMeters><HeartRateBpm><Value>120</Value></HeartRateBpm></Trackpoint>
<Trackpoint><Time>2024-07-18T23:36:17Z</Time><Position><LatitudeDegrees>30.53667041</LatitudeDegrees><LongitudeDegrees>104.06779222</LongitudeDegrees></Position><AltitudeMeters>431</AltitudeMeters><HeartRateBpm><Value>120</Value></HeartRateBpm></Trackpoint>
<Trackpoint><Time>2024-07-18T23:36:19Z</Time><Position><LatitudeDegrees>30.53679273</LatitudeDegrees><LongitudeDegrees>104.06786489</LongitudeDegrees></Position><AltitudeMeters>431</AltitudeMeters><HeartRateBpm><Value>119</Value></HeartRateBpm></Trackpoint>
<Trackpoint><Time>2024-07-18T23:36:21Z</Time><Position><LatitudeDegrees>30.53686206</LatitudeDegrees><LongitudeDegrees>104.06791588</LongitudeDegrees></Position><AltitudeMeters>431</AltitudeMeters><HeartRateBpm><Value>122</Value></HeartRateBpm></Trackpoint>
<Trackpoint><Time>2024-07-18T23:36:22Z</Time><Position><LatitudeDegrees>30.53687139</LatitudeDegrees><LongitudeDegrees>104.06792187</LongitudeDegrees></Position><AltitudeMeters>431</AltitudeMeters><HeartRateBpm><Value>124</Value></HeartRateBpm></Trackpoint>
<Trackpoint><Time>2024-07-18T23:36:23Z</Time><Position><LatitudeDegrees>30.53689106</LatitudeDegrees><LongitudeDegrees>104.06793486</LongitudeDegrees></Position><AltitudeMeters>431</AltitudeMeters><HeartRateBpm><Value>124</Value></HeartRateBpm></Trackpoint>
<Trackpoint><Time>2024-07-18T23:36:24Z</Time><Position><LatitudeDegrees>30.53701439</LatitudeDegrees><LongitudeDegrees>104.06801186</LongitudeDegrees></Position><AltitudeMeters>431</AltitudeMeters><HeartRateBpm><Value>124</Value></HeartRateBpm></Trackpoint>
<Trackpoint><Time>2024-07-18T23:36:25Z</Time><Position><LatitudeDegrees>30.53702338</LatitudeDegrees><LongitudeDegrees>104.06801785</LongitudeDegrees></Position><AltitudeMeters>431</AltitudeMeters><HeartRateBpm><Value>123</Value></HeartRateBpm></Trackpoint>
<Trackpoint><Time>2024-07-18T23:36:26Z</Time><Position><LatitudeDegrees>30.53704105</LatitudeDegrees><LongitudeDegrees>104.06802951</LongitudeDegrees></Position><AltitudeMeters>431</AltitudeMeters><HeartRateBpm><Value>123</Value></HeartRateBpm></Trackpoint>
<Trackpoint><Time>2024-07-18T23:36:27Z</Time><Position><LatitudeDegrees>30.53706537</LatitudeDegrees><LongitudeDegrees>104.06804417</LongitudeDegrees></Position><AltitudeMeters>431</AltitudeMeters><HeartRateBpm><Value>123</Value></HeartRateBpm></Trackpoint>
<Trackpoint><Time>2024-07-18T23:36:28Z</Time><Position><LatitudeDegrees>30.53709236</LatitudeDegrees><LongitudeDegrees>104.06806216</LongitudeDegrees></Position><AltitudeMeters>431</AltitudeMeters><HeartRateBpm><Value>123</Value></HeartRateBpm></Trackpoint>
<Trackpoint><Time>2024-07-18T23:36:30Z</Time><Position><LatitudeDegrees>30.53712068</LatitudeDegrees><LongitudeDegrees>104.0680825</LongitudeDegrees></Position><AltitudeMeters>431</AltitudeMeters><HeartRateBpm><Value>123</Value></HeartRateBpm></Trackpoint>
<Trackpoint><Time>2024-07-18T23:36:31Z</Time><Position><LatitudeDegrees>30.53715102</LatitudeDegrees><LongitudeDegrees>104.06810515</LongitudeDegrees></Position><AltitudeMeters>431</AltitudeMeters><HeartRateBpm><Value>123</Value></HeartRateBpm></Trackpoint>
<Trackpoint><Time>2024-07-18T23:36:32Z</Time><Position><LatitudeDegrees>30.53728868</LatitudeDegrees><LongitudeDegrees>104.06820381</LongitudeDegrees></Position><AltitudeMeters>431</AltitudeMeters><HeartRateBpm><Value>125</Value></HeartRateBpm></Trackpoint>
<Trackpoint><Time>2024-07-18T23:36:34Z</Time><Position><LatitudeDegrees>30.53729801</LatitudeDegrees><LongitudeDegrees>104.06820913</LongitudeDegrees></Position><AltitudeMeters>431</AltitudeMeters><HeartRateBpm><Value>124</Value></HeartRateBpm></Trackpoint>
<Trackpoint><Time>2024-07-18T23:36:35Z</Time><Position><LatitudeDegrees>30.53731766</LatitudeDegrees><LongitudeDegrees>104.06822047</LongitudeDegrees></Position><AltitudeMeters>431</AltitudeMeters><HeartRateBpm><Value>124</Value></HeartRateBpm></Trackpoint>
<Trackpoint><Time>2024-07-18T23:36:36Z</Time><Position><LatitudeDegrees>30.537345</LatitudeDegrees><LongitudeDegrees>104.06823579</LongitudeDegrees></Position><AltitudeMeters>431</AltitudeMeters><HeartRateBpm><Value>124</Value></HeartRateBpm></Trackpoint>
<Trackpoint><Time>2024-07-18T23:36:37Z</Time><Position><LatitudeDegrees>30.53737732</LatitudeDegrees><LongitudeDegrees>104.06825746</LongitudeDegrees></Position><AltitudeMeters>431</AltitudeMeters><HeartRateBpm><Value>124</Value></HeartRateBpm></Trackpoint>
<Trackpoint><Time>2024-07-18T23:36:39Z</Time><Position><LatitudeDegrees>30.53752664</LatitudeDegrees><LongitudeDegrees>104.06835145</LongitudeDegrees></Position><AltitudeMeters>431</AltitudeMeters><HeartRateBpm><Value>124</Value></HeartRateBpm></Trackpoint>
<Trackpoint><Time>2024-07-18T23:36:41Z</Time><Position><LatitudeDegrees>30.53760463</LatitudeDegrees><LongitudeDegrees>104.06840711</LongitudeDegrees></Position><AltitudeMeters>431</AltitudeMeters><HeartRateBpm><Value>122</Value></HeartRateBpm></Trackpoint>
<Trackpoint><Time>2024-07-18T23:36:42Z</Time><Position><LatitudeDegrees>30.53761397</LatitudeDegrees><LongitudeDegrees>104.06841278</LongitudeDegrees></Position><AltitudeMeters>431</AltitudeMeters><HeartRateBpm><Value>122</Value></HeartRateBpm></Trackpoint>
<Trackpoint><Time>2024-07-18T23:36:43Z</Time><Position><LatitudeDegrees>30.53763497</LatitudeDegrees><LongitudeDegrees>104.06842477</LongitudeDegrees></Position><AltitudeMeters>431</AltitudeMeters><HeartRateBpm><Value>122</Value></HeartRateBpm></Trackpoint>
<Trackpoint><Time>2024-07-18T23:36:44Z</Time><Position><LatitudeDegrees>30.53766362</LatitudeDegrees><LongitudeDegrees>104.06844244</LongitudeDegrees></Position><AltitudeMeters>431</AltitudeMeters><HeartRateBpm><Value>124</Value></HeartRateBpm></Trackpoint>
<Trackpoint><Time>2024-07-18T23:36:45Z</Time><Position><LatitudeDegrees>30.53781861</LatitudeDegrees><LongitudeDegrees>104.06853176</LongitudeDegrees></Position><AltitudeMeters>431</AltitudeMeters><HeartRateBpm><Value>124</Value></HeartRateBpm></Trackpoint>
<Trackpoint><Time>2024-07-18T23:36:47Z</Time><Position><LatitudeDegrees>30.5378286</LatitudeDegrees><LongitudeDegrees>104.06853875</LongitudeDegrees></Position><AltitudeMeters>431</AltitudeMeters><HeartRateBpm><Value>124</Value></HeartRateBpm></Trackpoint>
<Trackpoint><Time>2024-07-18T23:36:48Z</Time><Position><LatitudeDegrees>30.53794627</LatitudeDegrees><LongitudeDegrees>104.06860575</LongitudeDegrees></Position><AltitudeMeters>431</AltitudeMeters><HeartRateBpm><Value>125</Value></HeartRateBpm></Trackpoint>
<Trackpoint><Time>2024-07-18T23:36:49Z</Time><Position><LatitudeDegrees>30.53795759</LatitudeDegrees><LongitudeDegrees>104.06861174</LongitudeDegrees></Position><AltitudeMeters>431</AltitudeMeters><HeartRateBpm><Value>125</Value></HeartRateBpm></Trackpoint>
<Trackpoint><Time>2024-07-18T23:36:50Z</Time><Position><LatitudeDegrees>30.53797993</LatitudeDegrees><LongitudeDegrees>104.06862541</LongitudeDegrees></Position><AltitudeMeters>431</AltitudeMeters><HeartRateBpm><Value>126</Value></HeartRateBpm></Trackpoint>
<Trackpoint><Time>2024-07-18T23:36:51Z</Time><Position><LatitudeDegrees>30.53801092</LatitudeDegrees><LongitudeDegrees>104.06864441</LongitudeDegrees></Position><AltitudeMeters>431</AltitudeMeters><HeartRateBpm><Value>124</Value></HeartRateBpm></Trackpoint>
<Trackpoint><Time>2024-07-18T23:36:52Z</Time><Position><LatitudeDegrees>30.53804624</LatitudeDegrees><LongitudeDegrees>104.06866673</LongitudeDegrees></Position><AltitudeMeters>431</AltitudeMeters><HeartRateBpm><Value>124</Value></HeartRateBpm></Trackpoint>
<Trackpoint><Time>2024-07-18T23:36:54Z</Time><Position><LatitudeDegrees>30.53808456</LatitudeDegrees><LongitudeDegrees>104.06869239</LongitudeDegrees></Position><AltitudeMeters>431</AltitudeMeters><HeartRateBpm><Value>124</Value></HeartRateBpm></Trackpoint>
<Trackpoint><Time>2024-07-18T23:36:55Z</Time><Position><LatitudeDegrees>30.53812456</LatitudeDegrees><LongitudeDegrees>104.06871971</LongitudeDegrees></Position><AltitudeMeters>431</AltitudeMeters><HeartRateBpm><Value>124</Value></HeartRateBpm></Trackpoint>
<Trackpoint><Time>2024-07-18T23:36:56Z</Time><Position><LatitudeDegrees>30.53816489</LatitudeDegrees><LongitudeDegrees>104.06874871</LongitudeDegrees></Position><AltitudeMeters>431</AltitudeMeters><HeartRateBpm><Value>126</Value></HeartRateBpm></Trackpoint>
<Trackpoint><Time>2024-07-18T23:36:57Z</Time><Position><LatitudeDegrees>30.53820588</LatitudeDegrees><LongitudeDegrees>104.0687787</LongitudeDegrees></Position><AltitudeMeters>431</AltitudeMeters><HeartRateBpm><Value>127</Value></HeartRateBpm></Trackpoint>
<Trackpoint><Time>2024-07-18T23:36:58Z</Time><Position><LatitudeDegrees>30.53824554</LatitudeDegrees><LongitudeDegrees>104.0688117</LongitudeDegrees></Position><AltitudeMeters>431</AltitudeMeters><HeartRateBpm><Value>130</Value></HeartRateBpm></Trackpoint>
<Trackpoint><Time>2024-07-18T23:36:59Z</Time><Position><LatitudeDegrees>30.5382852</LatitudeDegrees><LongitudeDegrees>104.06884636</LongitudeDegrees></Position><AltitudeMeters>431</AltitudeMeters><HeartRateBpm><Value>130</Value></HeartRateBpm></Trackpoint>
<Trackpoint><Time>2024-07-18T23:37:01Z</Time><Position><LatitudeDegrees>30.5384482</LatitudeDegrees><LongitudeDegrees>104.06899102</LongitudeDegrees></Position><AltitudeMeters>431</AltitudeMeters><HeartRateBpm><Value>132</Value></HeartRateBpm></Trackpoint>
<Trackpoint><Time>2024-07-18T23:37:02Z</Time><Position><LatitudeDegrees>30.53845787</LatitudeDegrees><LongitudeDegrees>104.06899968</LongitudeDegrees></Position><AltitudeMeters>431</AltitudeMeters><HeartRateBpm><Value>132</Value></HeartRateBpm></Trackpoint>
<Trackpoint><Time>2024-07-18T23:37:03Z</Time><Position><LatitudeDegrees>30.53847652</LatitudeDegrees><LongitudeDegrees>104.06901835</LongitudeDegrees></Position><AltitudeMeters>430</AltitudeMeters><HeartRateBpm><Value>132</Value></HeartRateBpm></Trackpoint>
<Trackpoint><Time>2024-07-18T23:37:05Z</Time><Position><LatitudeDegrees>30.53859852</LatitudeDegrees><LongitudeDegrees>104.06913768</LongitudeDegrees></Position><AltitudeMeters>430</AltitudeMeters><HeartRateBpm><Value>131</Value></HeartRateBpm></Trackpoint>
<Trackpoint><Time>2024-07-18T23:37:06Z</Time><Position><LatitudeDegrees>30.53860685</LatitudeDegrees><LongitudeDegrees>104.069147</LongitudeDegrees></Position><AltitudeMeters>430</AltitudeMeters><HeartRateBpm><Value>131</Value></HeartRateBpm></Trackpoint>
<Trackpoint><Time>2024-07-18T23:37:07Z</Time><Position><LatitudeDegrees>30.53862551</LatitudeDegrees><LongitudeDegrees>104.06916567</LongitudeDegrees></Position><AltitudeMeters>430</AltitudeMeters><HeartRateBpm><Value>131</Value></HeartRateBpm></Trackpoint>
<Trackpoint><Time>2024-07-18T23:37:08Z</Time><Position><LatitudeDegrees>30.53865351</LatitudeDegrees><LongitudeDegrees>104.06919233</LongitudeDegrees></Position><AltitudeMeters>430</AltitudeMeters><HeartRateBpm><Value>129</Value></HeartRateBpm></Trackpoint>
<Trackpoint><Time>2024-07-18T23:37:09Z</Time><Position><LatitudeDegrees>30.53868384</LatitudeDegrees><LongitudeDegrees>104.06922332</LongitudeDegrees></Position><AltitudeMeters>430</AltitudeMeters><HeartRateBpm><Value>129</Value></HeartRateBpm></Trackpoint>
<Trackpoint><Time>2024-07-18T23:37:10Z</Time><Position><LatitudeDegrees>30.5387155</LatitudeDegrees><LongitudeDegrees>104.06925697</LongitudeDegrees></Position><AltitudeMeters>430</AltitudeMeters><HeartRateBpm><Value>129</Value></HeartRateBpm></Trackpoint>
<Trackpoint><Time>2024-07-18T23:37:12Z</Time><Position><LatitudeDegrees>30.5388575</LatitudeDegrees><LongitudeDegrees>104.0694093</LongitudeDegrees></Position><AltitudeMeters>430</AltitudeMeters><HeartRateBpm><Value>130</Value></HeartRateBpm></Trackpoint>
<Trackpoint><Time>2024-07-18T23:37:13Z</Time><Position><LatitudeDegrees>30.53886516</LatitudeDegrees><LongitudeDegrees>104.06941963</LongitudeDegrees></Position><AltitudeMeters>430</AltitudeMeters><HeartRateBpm><Value>129</Value></HeartRateBpm></Trackpoint>
<Trackpoint><Time>2024-07-18T23:37:14Z</Time><Position><LatitudeDegrees>30.53888149</LatitudeDegrees><LongitudeDegrees>104.06944095</LongitudeDegrees></Position><AltitudeMeters>430</AltitudeMeters><HeartRateBpm><Value>127</Value></HeartRateBpm></Trackpoint>
<Trackpoint><Time>2024-07-18T23:37:15Z</Time><Position><LatitudeDegrees>30.53890348</LatitudeDegrees><LongitudeDegrees>104.06947261</LongitudeDegrees></Position><AltitudeMeters>430</AltitudeMeters><HeartRateBpm><Value>127</Value></HeartRateBpm></Trackpoint>
<Trackpoint><Time>2024-07-18T23:37:16Z</Time><Position><LatitudeDegrees>30.53892882</LatitudeDegrees><LongitudeDegrees>104.06950993</LongitudeDegrees></Position><AltitudeMeters>430</AltitudeMeters><HeartRateBpm><Value>127</Value></HeartRateBpm></Trackpoint>
<Trackpoint><Time>2024-07-18T23:37:18Z</Time><Position><LatitudeDegrees>30.53904748</LatitudeDegrees><LongitudeDegrees>104.06968927</LongitudeDegrees></Position><AltitudeMeters>430</AltitudeMeters><HeartRateBpm><Value>127</Value></HeartRateBpm></Trackpoint>
<Trackpoint><Time>2024-07-18T23:37:19Z</Time><Position><LatitudeDegrees>30.53905414</LatitudeDegrees><LongitudeDegrees>104.06970293</LongitudeDegrees></Position><AltitudeMeters>430</AltitudeMeters><HeartRateBpm><Value>127</Value></HeartRateBpm></Trackpoint>
<Trackpoint><Time>2024-07-18T23:37:20Z</Time><Position><LatitudeDegrees>30.53906681</LatitudeDegrees><LongitudeDegrees>104.06972992</LongitudeDegrees></Position><AltitudeMeters>430</AltitudeMeters><HeartRateBpm><Value>127</Value></HeartRateBpm></Trackpoint>
<Trackpoint><Time>2024-07-18T23:37:22Z</Time><Position><LatitudeDegrees>30.53914647</LatitudeDegrees><LongitudeDegrees>104.06990559</LongitudeDegrees></Position><AltitudeMeters>430</AltitudeMeters><HeartRateBpm><Value>127</Value></HeartRateBpm></Trackpoint>
<Trackpoint><Time>2024-07-18T23:37:24Z</Time><Position><LatitudeDegrees>30.53918314</LatitudeDegrees><LongitudeDegrees>104.07001459</LongitudeDegrees></Position><AltitudeMeters>430</AltitudeMeters><HeartRateBpm><Value>127</Value></HeartRateBpm></Trackpoint>
<Trackpoint><Time>2024-07-18T23:37:25Z</Time><Position><LatitudeDegrees>30.53918814</LatitudeDegrees><LongitudeDegrees>104.07002691</LongitudeDegrees></Position><AltitudeMeters>430</AltitudeMeters><HeartRateBpm><Value>127</Value></HeartRateBpm></Trackpoint>
<Trackpoint><Time>2024-07-18T23:37:26Z</Time><Position><LatitudeDegrees>30.5392548</LatitudeDegrees><LongitudeDegrees>104.07015925</LongitudeDegrees></Position><AltitudeMeters>430</AltitudeMeters><HeartRateBpm><Value>127</Value></HeartRateBpm></Trackpoint>
<Trackpoint><Time>2024-07-18T23:37:28Z</Time><Position><LatitudeDegrees>30.53926045</LatitudeDegrees><LongitudeDegrees>104.0701709</LongitudeDegrees></Position><AltitudeMeters>430</AltitudeMeters><HeartRateBpm><Value>127</Value></HeartRateBpm></Trackpoint>
<Trackpoint><Time>2024-07-18T23:37:29Z</Time><Position><LatitudeDegrees>30.53926979</LatitudeDegrees><LongitudeDegrees>104.07019423</LongitudeDegrees></Position><AltitudeMeters>430</AltitudeMeters><HeartRateBpm><Value>127</Value></HeartRateBpm></Trackpoint>
<Trackpoint><Time>2024-07-18T23:37:30Z</Time><Position><LatitudeDegrees>30.53928244</LatitudeDegrees><LongitudeDegrees>104.07022555</LongitudeDegrees></Position><AltitudeMeters>430</AltitudeMeters><HeartRateBpm><Value>127</Value></HeartRateBpm></Trackpoint>
<Trackpoint><Time>2024-07-18T23:37:31Z</Time><Position><LatitudeDegrees>30.5392971</LatitudeDegrees><LongitudeDegrees>104.07026154</LongitudeDegrees></Position><AltitudeMeters>429</AltitudeMeters><HeartRateBpm><Value>127</Value></HeartRateBpm></Trackpoint>
<Trackpoint><Time>2024-07-18T23:37:33Z</Time><Position><LatitudeDegrees>30.53935977</LatitudeDegrees><LongitudeDegrees>104.07041953</LongitudeDegrees></Position><AltitudeMeters>429</AltitudeMeters><HeartRateBpm><Value>127</Value></HeartRateBpm></Trackpoint>
<Trackpoint><Time>2024-07-18T23:37:34Z</Time><Position><LatitudeDegrees>30.53939909</LatitudeDegrees><LongitudeDegrees>104.0704942</LongitudeDegrees></Position><AltitudeMeters>429</AltitudeMeters><HeartRateBpm><Value>126</Value></HeartRateBpm></Trackpoint>
<Trackpoint><Time>2024-07-18T23:37:36Z</Time><Position><LatitudeDegrees>30.53940208</LatitudeDegrees><LongitudeDegrees>104.0705022</LongitudeDegrees></Position><AltitudeMeters>429</AltitudeMeters><HeartRateBpm><Value>126</Value></HeartRateBpm></Trackpoint>
<Trackpoint><Time>2024-07-18T23:37:37Z</Time><Position><LatitudeDegrees>30.53944408</LatitudeDegrees><LongitudeDegrees>104.07059152</LongitudeDegrees></Position><AltitudeMeters>429</AltitudeMeters><HeartRateBpm><Value>127</Value></HeartRateBpm></Trackpoint>
<Trackpoint><Time>2024-07-18T23:37:39Z</Time><Position><LatitudeDegrees>30.53944707</LatitudeDegrees><LongitudeDegrees>104.07059819</LongitudeDegrees></Position><AltitudeMeters>429</AltitudeMeters><HeartRateBpm><Value>127</Value></HeartRateBpm></Trackpoint>
<Trackpoint><Time>2024-07-18T23:37:40Z</Time><Position><LatitudeDegrees>30.53945274</LatitudeDegrees><LongitudeDegrees>104.07061218</LongitudeDegrees></Position><AltitudeMeters>429</AltitudeMeters><HeartRateBpm><Value>127</Value></HeartRateBpm></Trackpoint>
<Trackpoint><Time>2024-07-18T23:37:42Z</Time><Position><LatitudeDegrees>30.53948207</LatitudeDegrees><LongitudeDegrees>104.07070018</LongitudeDegrees></Position><AltitudeMeters>429</AltitudeMeters><HeartRateBpm><Value>127</Value></HeartRateBpm></Trackpoint>
<Trackpoint><Time>2024-07-18T23:37:44Z</Time><Position><LatitudeDegrees>30.53949406</LatitudeDegrees><LongitudeDegrees>104.07074918</LongitudeDegrees></Position><AltitudeMeters>429</AltitudeMeters><HeartRateBpm><Value>127</Value></HeartRateBpm></Trackpoint>
<Trackpoint><Time>2024-07-18T23:37:45Z</Time><Position><LatitudeDegrees>30.53949605</LatitudeDegrees><LongitudeDegrees>104.07075383</LongitudeDegrees></Position><AltitudeMeters>429</AltitudeMeters><HeartRateBpm><Value>127</Value></HeartRateBpm></Trackpoint>
<Trackpoint><Time>2024-07-18T23:37:47Z</Time><Position><LatitudeDegrees>30.53952372</LatitudeDegrees><LongitudeDegrees>104.0708045</LongitudeDegrees></Position><AltitudeMeters>429</AltitudeMeters><HeartRateBpm><Value>128</Value></HeartRateBpm></Trackpoint>
<Trackpoint><Time>2024-07-18T23:37:48Z</Time><Position><LatitudeDegrees>30.53952671</LatitudeDegrees><LongitudeDegrees>104.07080816</LongitudeDegrees></Position><AltitudeMeters>429</AltitudeMeters><HeartRateBpm><Value>128</Value></HeartRateBpm></Trackpoint>
<Trackpoint><Time>2024-07-18T23:37:49Z</Time><Position><LatitudeDegrees>30.53953437</LatitudeDegrees><LongitudeDegrees>104.07081549</LongitudeDegrees></Position><AltitudeMeters>429</AltitudeMeters><HeartRateBpm><Value>128</Value></HeartRateBpm></Trackpoint>
<Trackpoint><Time>2024-07-18T23:37:50Z</Time><Position><LatitudeDegrees>30.53958337</LatitudeDegrees><LongitudeDegrees>104.07087316</LongitudeDegrees></Position><AltitudeMeters>429</AltitudeMeters><HeartRateBpm><Value>128</Value></HeartRateBpm></Trackpoint>
<Trackpoint><Time>2024-07-18T23:37:51Z</Time><Position><LatitudeDegrees>30.53958536</LatitudeDegrees><LongitudeDegrees>104.07088015</LongitudeDegrees></Position><AltitudeMeters>429</AltitudeMeters><HeartRateBpm><Value>128</Value></HeartRateBpm></Trackpoint>
<Trackpoint><Time>2024-07-18T23:37:53Z</Time><Position><LatitudeDegrees>30.53958869</LatitudeDegrees><LongitudeDegrees>104.07089447</LongitudeDegrees></Position><AltitudeMeters>429</AltitudeMeters><HeartRateBpm><Value>128</Value></HeartRateBpm></Trackpoint>
<Trackpoint><Time>2024-07-18T23:37:55Z</Time><Position><LatitudeDegrees>30.53961135</LatitudeDegrees><LongitudeDegrees>104.07098479</LongitudeDegrees></Position><AltitudeMeters>429</AltitudeMeters><HeartRateBpm><Value>128</Value></HeartRateBpm></Trackpoint>
<Trackpoint><Time>2024-07-18T23:37:56Z</Time><Position><LatitudeDegrees>30.53961301</LatitudeDegrees><LongitudeDegrees>104.07099112</LongitudeDegrees></Position><AltitudeMeters>429</AltitudeMeters><HeartRateBpm><Value>128</Value></HeartRateBpm></Trackpoint>
<Trackpoint><Time>2024-07-18T23:37:57Z</Time><Position><LatitudeDegrees>30.53961767</LatitudeDegrees><LongitudeDegrees>104.07100612</LongitudeDegrees></Position><AltitudeMeters>429</AltitudeMeters><HeartRateBpm><Value>128</Value></HeartRateBpm></Trackpoint>
<Trackpoint><Time>2024-07-18T23:37:58Z</Time><Position><LatitudeDegrees>30.53966132</LatitudeDegrees><LongitudeDegrees>104.07113077</LongitudeDegrees></Position><AltitudeMeters>429</AltitudeMeters><HeartRateBpm><Value>128</Value></HeartRateBpm></Trackpoint>
<Trackpoint><Time>2024-07-18T23:37:59Z</Time><Position><LatitudeDegrees>30.53966799</LatitudeDegrees><LongitudeDegrees>104.07114311</LongitudeDegrees></Position><AltitudeMeters>429</AltitudeMeters><HeartRateBpm><Value>128</Value></HeartRateBpm></Trackpoint>
<Trackpoint><Time>2024-07-18T23:38:00Z</Time><Position><LatitudeDegrees>30.53973298</LatitudeDegrees><LongitudeDegrees>104.07130143</LongitudeDegrees></Position><AltitudeMeters>429</AltitudeMeters><HeartRateBpm><Value>128</Value></HeartRateBpm></Trackpoint>
<Trackpoint><Time>2024-07-18T23:38:02Z</Time><Position><LatitudeDegrees>30.53973797</LatitudeDegrees><LongitudeDegrees>104.0713191</LongitudeDegrees></Position><AltitudeMeters>429</AltitudeMeters><HeartRateBpm><Value>128</Value></HeartRateBpm></Trackpoint>
<Trackpoint><Time>2024-07-18T23:38:03Z</Time><Position><LatitudeDegrees>30.53974697</LatitudeDegrees><LongitudeDegrees>104.07135609</LongitudeDegrees></Position><AltitudeMeters>429</AltitudeMeters><HeartRateBpm><Value>128</Value></HeartRateBpm></Trackpoint>
<Trackpoint><Time>2024-07-18T23:38:04Z</Time><Position><LatitudeDegrees>30.53976029</LatitudeDegrees><LongitudeDegrees>104.07140609</LongitudeDegrees></Position><AltitudeMeters>429</AltitudeMeters><HeartRateBpm><Value>127</Value></HeartRateBpm></Trackpoint>
<Trackpoint><Time>2024-07-18T23:38:06Z</Time><Position><LatitudeDegrees>30.53983063</LatitudeDegrees><LongitudeDegrees>104.07165242</LongitudeDegrees></Position><AltitudeMeters>429</AltitudeMeters><HeartRateBpm><Value>124</Value></HeartRateBpm></Trackpoint>
<Trackpoint><Time>2024-07-18T23:38:07Z</Time><Position><LatitudeDegrees>30.53983429</LatitudeDegrees><LongitudeDegrees>104.07166841</LongitudeDegrees></Position><AltitudeMeters>429</AltitudeMeters><HeartRateBpm><Value>124</Value></HeartRateBpm></Trackpoint>
<Trackpoint><Time>2024-07-18T23:38:08Z</Time><Position><LatitudeDegrees>30.53987629</LatitudeDegrees><LongitudeDegrees>104.07183774</LongitudeDegrees></Position><AltitudeMeters>429</AltitudeMeters><HeartRateBpm><Value>124</Value></HeartRateBpm></Trackpoint>
<Trackpoint><Time>2024-07-18T23:38:09Z</Time><Position><LatitudeDegrees>30.53988029</LatitudeDegrees><LongitudeDegrees>104.07185507</LongitudeDegrees></Position><AltitudeMeters>429</AltitudeMeters><HeartRateBpm><Value>124</Value></HeartRateBpm></Trackpoint>
<Trackpoint><Time>2024-07-18T23:38:10Z</Time><Position><LatitudeDegrees>30.53988729</LatitudeDegrees><LongitudeDegrees>104.07189006</LongitudeDegrees></Position><AltitudeMeters>429</AltitudeMeters><HeartRateBpm><Value>124</Value></HeartRateBpm></Trackpoint>
<Trackpoint><Time>2024-07-18T23:38:11Z</Time><Position><LatitudeDegrees>30.53989695</LatitudeDegrees><LongitudeDegrees>104.07193672</LongitudeDegrees></Position><AltitudeMeters>428</AltitudeMeters><HeartRateBpm><Value>123</Value></HeartRateBpm></Trackpoint>
<Trackpoint><Time>2024-07-18T23:38:13Z</Time><Position><LatitudeDegrees>30.53990628</LatitudeDegrees><LongitudeDegrees>104.07198838</LongitudeDegrees></Position><AltitudeMeters>428</AltitudeMeters><HeartRateBpm><Value>123</Value></HeartRateBpm></Trackpoint>
<Trackpoint><Time>2024-07-18T23:38:15Z</Time><Position><LatitudeDegrees>30.53993828</LatitudeDegrees><LongitudeDegrees>104.07221437</LongitudeDegrees></Position><AltitudeMeters>428</AltitudeMeters><HeartRateBpm><Value>123</Value></HeartRateBpm></Trackpoint>
<Trackpoint><Time>2024-07-18T23:38:16Z</Time><Position><LatitudeDegrees>30.53993894</LatitudeDegrees><LongitudeDegrees>104.07222737</LongitudeDegrees></Position><AltitudeMeters>428</AltitudeMeters><HeartRateBpm><Value>125</Value></HeartRateBpm></Trackpoint>
<Trackpoint><Time>2024-07-18T23:38:18Z</Time><Position><LatitudeDegrees>30.53995127</LatitudeDegrees><LongitudeDegrees>104.07237236</LongitudeDegrees></Position><AltitudeMeters>428</AltitudeMeters><HeartRateBpm><Value>124</Value></HeartRateBpm></Trackpoint>
<Trackpoint><Time>2024-07-18T23:38:19Z</Time><Position><LatitudeDegrees>30.53995127</LatitudeDegrees><LongitudeDegrees>104.07238403</LongitudeDegrees></Position><AltitudeMeters>428</AltitudeMeters><HeartRateBpm><Value>124</Value></HeartRateBpm></Trackpoint>
<Trackpoint><Time>2024-07-18T23:38:20Z</Time><Position><LatitudeDegrees>30.53995261</LatitudeDegrees><LongitudeDegrees>104.07240868</LongitudeDegrees></Position><AltitudeMeters>428</AltitudeMeters><HeartRateBpm><Value>124</Value></HeartRateBpm></Trackpoint>
<Trackpoint><Time>2024-07-18T23:38:21Z</Time><Position><LatitudeDegrees>30.53995195</LatitudeDegrees><LongitudeDegrees>104.07244235</LongitudeDegrees></Position><AltitudeMeters>428</AltitudeMeters><HeartRateBpm><Value>124</Value></HeartRateBpm></Trackpoint>
<Trackpoint><Time>2024-07-18T23:38:22Z</Time><Position><LatitudeDegrees>30.53994962</LatitudeDegrees><LongitudeDegrees>104.07248067</LongitudeDegrees></Position><AltitudeMeters>428</AltitudeMeters><HeartRateBpm><Value>124</Value></HeartRateBpm></Trackpoint>
<Trackpoint><Time>2024-07-18T23:38:23Z</Time><Position><LatitudeDegrees>30.53994895</LatitudeDegrees><LongitudeDegrees>104.07252134</LongitudeDegrees></Position><AltitudeMeters>428</AltitudeMeters><HeartRateBpm><Value>124</Value></HeartRateBpm></Trackpoint>
<Trackpoint><Time>2024-07-18T23:38:24Z</Time><Position><LatitudeDegrees>30.53994829</LatitudeDegrees><LongitudeDegrees>104.07256133</LongitudeDegrees></Position><AltitudeMeters>428</AltitudeMeters><HeartRateBpm><Value>124</Value></HeartRateBpm></Trackpoint>
<Trackpoint><Time>2024-07-18T23:38:26Z</Time><Position><LatitudeDegrees>30.5399463</LatitudeDegrees><LongitudeDegrees>104.07271633</LongitudeDegrees></Position><AltitudeMeters>428</AltitudeMeters><HeartRateBpm><Value>126</Value></HeartRateBpm></Trackpoint>
<Trackpoint><Time>2024-07-18T23:38:27Z</Time><Position><LatitudeDegrees>30.53994597</LatitudeDegrees><LongitudeDegrees>104.07272466</LongitudeDegrees></Position><AltitudeMeters>428</AltitudeMeters><HeartRateBpm><Value>126</Value></HeartRateBpm></Trackpoint>
<Trackpoint><Time>2024-07-18T23:38:28Z</Time><Position><LatitudeDegrees>30.53994597</LatitudeDegrees><LongitudeDegrees>104.07274232</LongitudeDegrees></Position><AltitudeMeters>428</AltitudeMeters><HeartRateBpm><Value>126</Value></HeartRateBpm></Trackpoint>
<Trackpoint><Time>2024-07-18T23:38:30Z</Time><Position><LatitudeDegrees>30.53993998</LatitudeDegrees><LongitudeDegrees>104.07286964</LongitudeDegrees></Position><AltitudeMeters>428</AltitudeMeters><HeartRateBpm><Value>125</Value></HeartRateBpm></Trackpoint>
<Trackpoint><Time>2024-07-18T23:38:32Z</Time><Position><LatitudeDegrees>30.53993132</LatitudeDegrees><LongitudeDegrees>104.07295698</LongitudeDegrees></Position><AltitudeMeters>428</AltitudeMeters><HeartRateBpm><Value>127</Value></HeartRateBpm></Trackpoint>
<Trackpoint><Time>2024-07-18T23:38:33Z</Time><Position><LatitudeDegrees>30.53992933</LatitudeDegrees><LongitudeDegrees>104.07296764</LongitudeDegrees></Position><AltitudeMeters>428</AltitudeMeters><HeartRateBpm><Value>127</Value></HeartRateBpm></Trackpoint>
<Trackpoint><Time>2024-07-18T23:38:35Z</Time><Position><LatitudeDegrees>30.53990533</LatitudeDegrees><LongitudeDegrees>104.07309897</LongitudeDegrees></Position><AltitudeMeters>427</AltitudeMeters><HeartRateBpm><Value>127</Value></HeartRateBpm></Trackpoint>
<Trackpoint><Time>2024-07-18T23:38:36Z</Time><Position><LatitudeDegrees>30.53990468</LatitudeDegrees><LongitudeDegrees>104.07311096</LongitudeDegrees></Position><AltitudeMeters>427</AltitudeMeters><HeartRateBpm><Value>128</Value></HeartRateBpm></Trackpoint>
<Trackpoint><Time>2024-07-18T23:38:37Z</Time><Position><LatitudeDegrees>30.53990234</LatitudeDegrees><LongitudeDegrees>104.07313628</LongitudeDegrees></Position><AltitudeMeters>427</AltitudeMeters><HeartRateBpm><Value>127</Value></HeartRateBpm></Trackpoint>
<Trackpoint><Time>2024-07-18T23:38:38Z</Time><Position><LatitudeDegrees>30.53989769</LatitudeDegrees><LongitudeDegrees>104.07317127</LongitudeDegrees></Position><AltitudeMeters>427</AltitudeMeters><HeartRateBpm><Value>127</Value></HeartRateBpm></Trackpoint>
<Trackpoint><Time>2024-07-18T23:38:39Z</Time><Position><LatitudeDegrees>30.53988969</LatitudeDegrees><LongitudeDegrees>104.07321227</LongitudeDegrees></Position><AltitudeMeters>427</AltitudeMeters><HeartRateBpm><Value>127</Value></HeartRateBpm></Trackpoint>
<Trackpoint><Time>2024-07-18T23:38:40Z</Time><Position><LatitudeDegrees>30.53988103</LatitudeDegrees><LongitudeDegrees>104.07325859</LongitudeDegrees></Position><AltitudeMeters>427</AltitudeMeters><HeartRateBpm><Value>125</Value></HeartRateBpm></Trackpoint>
<Trackpoint><Time>2024-07-18T23:38:41Z</Time><Position><LatitudeDegrees>30.5398727</LatitudeDegrees><LongitudeDegrees>104.07330793</LongitudeDegrees></Position><AltitudeMeters>427</AltitudeMeters><HeartRateBpm><Value>124</Value></HeartRateBpm></Trackpoint>
<Trackpoint><Time>2024-07-18T23:38:42Z</Time><Position><LatitudeDegrees>30.53986371</LatitudeDegrees><LongitudeDegrees>104.07335992</LongitudeDegrees></Position><AltitudeMeters>427</AltitudeMeters><HeartRateBpm><Value>124</Value></HeartRateBpm></Trackpoint>
<Trackpoint><Time>2024-07-18T23:38:43Z</Time><Position><LatitudeDegrees>30.53985505</LatitudeDegrees><LongitudeDegrees>104.07341258</LongitudeDegrees></Position><AltitudeMeters>427</AltitudeMeters><HeartRateBpm><Value>123</Value></HeartRateBpm></Trackpoint>
<Trackpoint><Time>2024-07-18T23:38:44Z</Time><Position><LatitudeDegrees>30.53984605</LatitudeDegrees><LongitudeDegrees>104.07346557</LongitudeDegrees></Position><AltitudeMeters>427</AltitudeMeters><HeartRateBpm><Value>123</Value></HeartRateBpm></Trackpoint>
<Trackpoint><Time>2024-07-18T23:38:45Z</Time><Position><LatitudeDegrees>30.53983706</LatitudeDegrees><LongitudeDegrees>104.07351991</LongitudeDegrees></Position><AltitudeMeters>427</AltitudeMeters><HeartRateBpm><Value>123</Value></HeartRateBpm></Trackpoint>
<Trackpoint><Time>2024-07-18T23:38:46Z</Time><Position><LatitudeDegrees>30.53982773</LatitudeDegrees><LongitudeDegrees>104.07357324</LongitudeDegrees></Position><AltitudeMeters>427</AltitudeMeters><HeartRateBpm><Value>123</Value></HeartRateBpm></Trackpoint>
<Trackpoint><Time>2024-07-18T23:38:48Z</Time><Position><LatitudeDegrees>30.53978406</LatitudeDegrees><LongitudeDegrees>104.07378357</LongitudeDegrees></Position><AltitudeMeters>427</AltitudeMeters><HeartRateBpm><Value>122</Value></HeartRateBpm></Trackpoint>
<Trackpoint><Time>2024-07-18T23:38:49Z</Time><Position><LatitudeDegrees>30.53976974</LatitudeDegrees><LongitudeDegrees>104.0738889</LongitudeDegrees></Position><AltitudeMeters>427</AltitudeMeters><HeartRateBpm><Value>121</Value></HeartRateBpm></Trackpoint>
<Trackpoint><Time>2024-07-18T23:38:50Z</Time><Position><LatitudeDegrees>30.53977006</LatitudeDegrees><LongitudeDegrees>104.07390256</LongitudeDegrees></Position><AltitudeMeters>427</AltitudeMeters><HeartRateBpm><Value>120</Value></HeartRateBpm></Trackpoint>
<Trackpoint><Time>2024-07-18T23:38:52Z</Time><Position><LatitudeDegrees>30.53977006</LatitudeDegrees><LongitudeDegrees>104.07393223</LongitudeDegrees></Position><AltitudeMeters>427</AltitudeMeters><HeartRateBpm><Value>120</Value></HeartRateBpm></Trackpoint>
<Trackpoint><Time>2024-07-18T23:38:53Z</Time><Position><LatitudeDegrees>30.53976739</LatitudeDegrees><LongitudeDegrees>104.07397123</LongitudeDegrees></Position><AltitudeMeters>427</AltitudeMeters><HeartRateBpm><Value>120</Value></HeartRateBpm></Trackpoint>
<Trackpoint><Time>2024-07-18T23:38:54Z</Time><Position><LatitudeDegrees>30.53976307</LatitudeDegrees><LongitudeDegrees>104.07401722</LongitudeDegrees></Position><AltitudeMeters>427</AltitudeMeters><HeartRateBpm><Value>121</Value></HeartRateBpm></Trackpoint>
<Trackpoint><Time>2024-07-18T23:38:55Z</Time><Position><LatitudeDegrees>30.53976175</LatitudeDegrees><LongitudeDegrees>104.07406854</LongitudeDegrees></Position><AltitudeMeters>427</AltitudeMeters><HeartRateBpm><Value>121</Value></HeartRateBpm></Trackpoint>
<Trackpoint><Time>2024-07-18T23:38:56Z</Time><Position><LatitudeDegrees>30.53976941</LatitudeDegrees><LongitudeDegrees>104.07429188</LongitudeDegrees></Position><AltitudeMeters>427</AltitudeMeters><HeartRateBpm><Value>121</Value></HeartRateBpm></Trackpoint>
<Trackpoint><Time>2024-07-18T23:38:58Z</Time><Position><LatitudeDegrees>30.53976809</LatitudeDegrees><LongitudeDegrees>104.07430353</LongitudeDegrees></Position><AltitudeMeters>427</AltitudeMeters><HeartRateBpm><Value>121</Value></HeartRateBpm></Trackpoint>
<Trackpoint><Time>2024-07-18T23:38:59Z</Time><Position><LatitudeDegrees>30.53976643</LatitudeDegrees><LongitudeDegrees>104.07432553</LongitudeDegrees></Position><AltitudeMeters>427</AltitudeMeters><HeartRateBpm><Value>121</Value></HeartRateBpm></Trackpoint>
<Trackpoint><Time>2024-07-18T23:39:00Z</Time><Position><LatitudeDegrees>30.53976344</LatitudeDegrees><LongitudeDegrees>104.07435486</LongitudeDegrees></Position><AltitudeMeters>427</AltitudeMeters><HeartRateBpm><Value>121</Value></HeartRateBpm></Trackpoint>
<Trackpoint><Time>2024-07-18T23:39:02Z</Time><Position><LatitudeDegrees>30.53974911</LatitudeDegrees><LongitudeDegrees>104.07448686</LongitudeDegrees></Position><AltitudeMeters>427</AltitudeMeters><HeartRateBpm><Value>121</Value></HeartRateBpm></Trackpoint>
<Trackpoint><Time>2024-07-18T23:39:03Z</Time><Position><LatitudeDegrees>30.53974812</LatitudeDegrees><LongitudeDegrees>104.07449451</LongitudeDegrees></Position><AltitudeMeters>427</AltitudeMeters><HeartRateBpm><Value>121</Value></HeartRateBpm></Trackpoint>
<Trackpoint><Time>2024-07-18T23:39:04Z</Time><Position><LatitudeDegrees>30.5397468</LatitudeDegrees><LongitudeDegrees>104.07450885</LongitudeDegrees></Position><AltitudeMeters>427</AltitudeMeters><HeartRateBpm><Value>121</Value></HeartRateBpm></Trackpoint>
<Trackpoint><Time>2024-07-18T23:39:05Z</Time><Position><LatitudeDegrees>30.53974513</LatitudeDegrees><LongitudeDegrees>104.0745285</LongitudeDegrees></Position><AltitudeMeters>427</AltitudeMeters><HeartRateBpm><Value>121</Value></HeartRateBpm></Trackpoint>
<Trackpoint><Time>2024-07-18T23:39:06Z</Time><Position><LatitudeDegrees>30.53974181</LatitudeDegrees><LongitudeDegrees>104.07454984</LongitudeDegrees></Position><AltitudeMeters>427</AltitudeMeters><HeartRateBpm><Value>121</Value></HeartRateBpm></Trackpoint>
<Trackpoint><Time>2024-07-18T23:39:07Z</Time><Position><LatitudeDegrees>30.53973848</LatitudeDegrees><LongitudeDegrees>104.07457249</LongitudeDegrees></Position><AltitudeMeters>426</AltitudeMeters><HeartRateBpm><Value>121</Value></HeartRateBpm></Trackpoint>
<Trackpoint><Time>2024-07-18T23:39:08Z</Time><Position><LatitudeDegrees>30.53972448</LatitudeDegrees><LongitudeDegrees>104.07467582</LongitudeDegrees></Position><AltitudeMeters>426</AltitudeMeters><HeartRateBpm><Value>121</Value></HeartRateBpm></Trackpoint>
<Trackpoint><Time>2024-07-18T23:39:10Z</Time><Position><LatitudeDegrees>30.53972248</LatitudeDegrees><LongitudeDegrees>104.07468181</LongitudeDegrees></Position><AltitudeMeters>426</AltitudeMeters><HeartRateBpm><Value>121</Value></HeartRateBpm></Trackpoint>
<Trackpoint><Time>2024-07-18T23:39:11Z</Time><Position><LatitudeDegrees>30.53969483</LatitudeDegrees><LongitudeDegrees>104.07474681</LongitudeDegrees></Position><AltitudeMeters>426</AltitudeMeters><HeartRateBpm><Value>121</Value></HeartRateBpm></Trackpoint>
<Trackpoint><Time>2024-07-18T23:39:12Z</Time><Position><LatitudeDegrees>30.53969249</LatitudeDegrees><LongitudeDegrees>104.0747528</LongitudeDegrees></Position><AltitudeMeters>426</AltitudeMeters><HeartRateBpm><Value>120</Value></HeartRateBpm></Trackpoint>
<Trackpoint><Time>2024-07-18T23:39:13Z</Time><Position><LatitudeDegrees>30.53968883</LatitudeDegrees><LongitudeDegrees>104.07476613</LongitudeDegrees></Position><AltitudeMeters>426</AltitudeMeters><HeartRateBpm><Value>120</Value></HeartRateBpm></Trackpoint>
<Trackpoint><Time>2024-07-18T23:39:15Z</Time><Position><LatitudeDegrees>30.53968684</LatitudeDegrees><LongitudeDegrees>104.07478412</LongitudeDegrees></Position><AltitudeMeters>426</AltitudeMeters><HeartRateBpm><Value>120</Value></HeartRateBpm></Trackpoint>
<Trackpoint><Time>2024-07-18T23:39:16Z</Time><Position><LatitudeDegrees>30.53968618</LatitudeDegrees><LongitudeDegrees>104.07480544</LongitudeDegrees></Position><AltitudeMeters>426</AltitudeMeters><HeartRateBpm><Value>120</Value></HeartRateBpm></Trackpoint>
<Trackpoint><Time>2024-07-18T23:39:17Z</Time><Position><LatitudeDegrees>30.53968717</LatitudeDegrees><LongitudeDegrees>104.0748311</LongitudeDegrees></Position><AltitudeMeters>426</AltitudeMeters><HeartRateBpm><Value>121</Value></HeartRateBpm></Trackpoint>
<Trackpoint><Time>2024-07-18T23:39:18Z</Time><Position><LatitudeDegrees>30.53968849</LatitudeDegrees><LongitudeDegrees>104.07486143</LongitudeDegrees></Position><AltitudeMeters>426</AltitudeMeters><HeartRateBpm><Value>121</Value></HeartRateBpm></Trackpoint>
<Trackpoint><Time>2024-07-18T23:39:20Z</Time><Position><LatitudeDegrees>30.53968284</LatitudeDegrees><LongitudeDegrees>104.07502277</LongitudeDegrees></Position><AltitudeMeters>426</AltitudeMeters><HeartRateBpm><Value>121</Value></HeartRateBpm></Trackpoint>
<Trackpoint><Time>2024-07-18T23:39:21Z</Time><Position><LatitudeDegrees>30.53968218</LatitudeDegrees><LongitudeDegrees>104.07503843</LongitudeDegrees></Position><AltitudeMeters>425</AltitudeMeters><HeartRateBpm><Value>121</Value></HeartRateBpm></Trackpoint>
<Trackpoint><Time>2024-07-18T23:39:22Z</Time><Position><LatitudeDegrees>30.53968118</LatitudeDegrees><LongitudeDegrees>104.07507076</LongitudeDegrees></Position><AltitudeMeters>425</AltitudeMeters><HeartRateBpm><Value>121</Value></HeartRateBpm></Trackpoint>
<Trackpoint><Time>2024-07-18T23:39:23Z</Time><Position><LatitudeDegrees>30.53967652</LatitudeDegrees><LongitudeDegrees>104.07511676</LongitudeDegrees></Position><AltitudeMeters>425</AltitudeMeters><HeartRateBpm><Value>121</Value></HeartRateBpm></Trackpoint>
<Trackpoint><Time>2024-07-18T23:39:25Z</Time><Position><LatitudeDegrees>30.53963287</LatitudeDegrees><LongitudeDegrees>104.07534341</LongitudeDegrees></Position><AltitudeMeters>425</AltitudeMeters><HeartRateBpm><Value>122</Value></HeartRateBpm></Trackpoint>
<Trackpoint><Time>2024-07-18T23:39:26Z</Time><Position><LatitudeDegrees>30.53963053</LatitudeDegrees><LongitudeDegrees>104.07535807</LongitudeDegrees></Position><AltitudeMeters>425</AltitudeMeters><HeartRateBpm><Value>122</Value></HeartRateBpm></Trackpoint>
<Trackpoint><Time>2024-07-18T23:39:28Z</Time><Position><LatitudeDegrees>30.53961387</LatitudeDegrees><LongitudeDegrees>104.07551439</LongitudeDegrees></Position><AltitudeMeters>424</AltitudeMeters><HeartRateBpm><Value>122</Value></HeartRateBpm></Trackpoint>
<Trackpoint><Time>2024-07-18T23:39:29Z</Time><Position><LatitudeDegrees>30.53961487</LatitudeDegrees><LongitudeDegrees>104.07552773</LongitudeDegrees></Position><AltitudeMeters>424</AltitudeMeters><HeartRateBpm><Value>122</Value></HeartRateBpm></Trackpoint>
<Trackpoint><Time>2024-07-18T23:39:30Z</Time><Position><LatitudeDegrees>30.53961686</LatitudeDegrees><LongitudeDegrees>104.07555605</LongitudeDegrees></Position><AltitudeMeters>424</AltitudeMeters><HeartRateBpm><Value>122</Value></HeartRateBpm></Trackpoint>
<Trackpoint><Time>2024-07-18T23:39:31Z</Time><Position><LatitudeDegrees>30.53962052</LatitudeDegrees><LongitudeDegrees>104.07559538</LongitudeDegrees></Position><AltitudeMeters>424</AltitudeMeters><HeartRateBpm><Value>122</Value></HeartRateBpm></Trackpoint>
<Trackpoint><Time>2024-07-18T23:39:32Z</Time><Position><LatitudeDegrees>30.53962551</LatitudeDegrees><LongitudeDegrees>104.07564071</LongitudeDegrees></Position><AltitudeMeters>424</AltitudeMeters><HeartRateBpm><Value>121</Value></HeartRateBpm></Trackpoint>
<Trackpoint><Time>2024-07-18T23:39:33Z</Time><Position><LatitudeDegrees>30.53963285</LatitudeDegrees><LongitudeDegrees>104.07569036</LongitudeDegrees></Position><AltitudeMeters>424</AltitudeMeters><HeartRateBpm><Value>120</Value></HeartRateBpm></Trackpoint>
<Trackpoint><Time>2024-07-18T23:39:34Z</Time><Position><LatitudeDegrees>30.53963985</LatitudeDegrees><LongitudeDegrees>104.07574236</LongitudeDegrees></Position><AltitudeMeters>423</AltitudeMeters><HeartRateBpm><Value>120</Value></HeartRateBpm></Trackpoint>
<Trackpoint><Time>2024-07-18T23:39:36Z</Time><Position><LatitudeDegrees>30.53967984</LatitudeDegrees><LongitudeDegrees>104.07594669</LongitudeDegrees></Position><AltitudeMeters>423</AltitudeMeters><HeartRateBpm><Value>121</Value></HeartRateBpm></Trackpoint>
<Trackpoint><Time>2024-07-18T23:39:37Z</Time><Position><LatitudeDegrees>30.53968249</LatitudeDegrees><LongitudeDegrees>104.07595902</LongitudeDegrees></Position><AltitudeMeters>423</AltitudeMeters><HeartRateBpm><Value>121</Value></HeartRateBpm></Trackpoint>
<Trackpoint><Time>2024-07-18T23:39:38Z</Time><Position><LatitudeDegrees>30.53972082</LatitudeDegrees><LongitudeDegrees>104.07610001</LongitudeDegrees></Position><AltitudeMeters>423</AltitudeMeters><HeartRateBpm><Value>123</Value></HeartRateBpm></Trackpoint>
<Trackpoint><Time>2024-07-18T23:39:40Z</Time><Position><LatitudeDegrees>30.53972415</LatitudeDegrees><LongitudeDegrees>104.076113</LongitudeDegrees></Position><AltitudeMeters>423</AltitudeMeters><HeartRateBpm><Value>123</Value></HeartRateBpm></Trackpoint>
<Trackpoint><Time>2024-07-18T23:39:42Z</Time><Position><LatitudeDegrees>30.53976147</LatitudeDegrees><LongitudeDegrees>104.07626232</LongitudeDegrees></Position><AltitudeMeters>423</AltitudeMeters><HeartRateBpm><Value>123</Value></HeartRateBpm></Trackpoint>
<Trackpoint><Time>2024-07-18T23:39:43Z</Time><Position><LatitudeDegrees>30.53976547</LatitudeDegrees><LongitudeDegrees>104.07627766</LongitudeDegrees></Position><AltitudeMeters>423</AltitudeMeters><HeartRateBpm><Value>122</Value></HeartRateBpm></Trackpoint>
<Trackpoint><Time>2024-07-18T23:39:44Z</Time><Position><LatitudeDegrees>30.53977381</LatitudeDegrees><LongitudeDegrees>104.07630799</LongitudeDegrees></Position><AltitudeMeters>423</AltitudeMeters><HeartRateBpm><Value>122</Value></HeartRateBpm></Trackpoint>
<Trackpoint><Time>2024-07-18T23:39:46Z</Time><Position><LatitudeDegrees>30.53983746</LatitudeDegrees><LongitudeDegrees>104.07649532</LongitudeDegrees></Position><AltitudeMeters>423</AltitudeMeters><HeartRateBpm><Value>122</Value></HeartRateBpm></Trackpoint>
<Trackpoint><Time>2024-07-18T23:39:47Z</Time><Position><LatitudeDegrees>30.53984345</LatitudeDegrees><LongitudeDegrees>104.07650665</LongitudeDegrees></Position><AltitudeMeters>423</AltitudeMeters><HeartRateBpm><Value>121</Value></HeartRateBpm></Trackpoint>
<Trackpoint><Time>2024-07-18T23:39:48Z</Time><Position><LatitudeDegrees>30.53985712</LatitudeDegrees><LongitudeDegrees>104.07652998</LongitudeDegrees></Position><AltitudeMeters>423</AltitudeMeters><HeartRateBpm><Value>121</Value></HeartRateBpm></Trackpoint>
<Trackpoint><Time>2024-07-18T23:39:50Z</Time><Position><LatitudeDegrees>30.53993145</LatitudeDegrees><LongitudeDegrees>104.0766793</LongitudeDegrees></Position><AltitudeMeters>423</AltitudeMeters><HeartRateBpm><Value>120</Value></HeartRateBpm></Trackpoint>
<Trackpoint><Time>2024-07-18T23:39:51Z</Time><Position><LatitudeDegrees>30.53993744</LatitudeDegrees><LongitudeDegrees>104.07669064</LongitudeDegrees></Position><AltitudeMeters>423</AltitudeMeters><HeartRateBpm><Value>119</Value></HeartRateBpm></Trackpoint>
<Trackpoint><Time>2024-07-18T23:39:52Z</Time><Position><LatitudeDegrees>30.5399491</LatitudeDegrees><LongitudeDegrees>104.07671363</LongitudeDegrees></Position><AltitudeMeters>423</AltitudeMeters><HeartRateBpm><Value>119</Value></HeartRateBpm></Trackpoint>
<Trackpoint><Time>2024-07-18T23:39:53Z</Time><Position><LatitudeDegrees>30.5399631</LatitudeDegrees><LongitudeDegrees>104.07674429</LongitudeDegrees></Position><AltitudeMeters>423</AltitudeMeters><HeartRateBpm><Value>119</Value></HeartRateBpm></Trackpoint>
<Trackpoint><Time>2024-07-18T23:39:54Z</Time><Position><LatitudeDegrees>30.53997943</LatitudeDegrees><LongitudeDegrees>104.07677895</LongitudeDegrees></Position><AltitudeMeters>423</AltitudeMeters><HeartRateBpm><Value>119</Value></HeartRateBpm></Trackpoint>
<Trackpoint><Time>2024-07-18T23:39:55Z</Time><Position><LatitudeDegrees>30.53999777</LatitudeDegrees><LongitudeDegrees>104.07681628</LongitudeDegrees></Position><AltitudeMeters>423</AltitudeMeters><HeartRateBpm><Value>119</Value></HeartRateBpm></Trackpoint>
<Trackpoint><Time>2024-07-18T23:39:56Z</Time><Position><LatitudeDegrees>30.54001942</LatitudeDegrees><LongitudeDegrees>104.07685527</LongitudeDegrees></Position><AltitudeMeters>423</AltitudeMeters><HeartRateBpm><Value>119</Value></HeartRateBpm></Trackpoint>
<Trackpoint><Time>2024-07-18T23:39:58Z</Time><Position><LatitudeDegrees>30.54010942</LatitudeDegrees><LongitudeDegrees>104.07702294</LongitudeDegrees></Position><AltitudeMeters>423</AltitudeMeters><HeartRateBpm><Value>119</Value></HeartRateBpm></Trackpoint>
<Trackpoint><Time>2024-07-18T23:39:59Z</Time><Position><LatitudeDegrees>30.54011509</LatitudeDegrees><LongitudeDegrees>104.07703526</LongitudeDegrees></Position><AltitudeMeters>423</AltitudeMeters><HeartRateBpm><Value>119</Value></HeartRateBpm></Trackpoint>
<Trackpoint><Time>2024-07-18T23:40:00Z</Time><Position><LatitudeDegrees>30.54012742</LatitudeDegrees><LongitudeDegrees>104.07705926</LongitudeDegrees></Position><AltitudeMeters>423</AltitudeMeters><HeartRateBpm><Value>119</Value></HeartRateBpm></Trackpoint>
<Trackpoint><Time>2024-07-18T23:40:01Z</Time><Position><LatitudeDegrees>30.54014409</LatitudeDegrees><LongitudeDegrees>104.07709359</LongitudeDegrees></Position><AltitudeMeters>423</AltitudeMeters><HeartRateBpm><Value>117</Value></HeartRateBpm></Trackpoint>
<Trackpoint><Time>2024-07-18T23:40:02Z</Time><Position><LatitudeDegrees>30.54016376</LatitudeDegrees><LongitudeDegrees>104.07713558</LongitudeDegrees></Position><AltitudeMeters>423</AltitudeMeters><HeartRateBpm><Value>117</Value></HeartRateBpm></Trackpoint>
<Trackpoint><Time>2024-07-18T23:40:03Z</Time><Position><LatitudeDegrees>30.54018742</LatitudeDegrees><LongitudeDegrees>104.07718058</LongitudeDegrees></Position><AltitudeMeters>423</AltitudeMeters><HeartRateBpm><Value>117</Value></HeartRateBpm></Trackpoint>
<Trackpoint><Time>2024-07-18T23:40:04Z</Time><Position><LatitudeDegrees>30.54021109</LatitudeDegrees><LongitudeDegrees>104.07722724</LongitudeDegrees></Position><AltitudeMeters>423</AltitudeMeters><HeartRateBpm><Value>117</Value></HeartRateBpm></Trackpoint>
<Trackpoint><Time>2024-07-18T23:40:05Z</Time><Position><LatitudeDegrees>30.54023441</LatitudeDegrees><LongitudeDegrees>104.07727623</LongitudeDegrees></Position><AltitudeMeters>423</AltitudeMeters><HeartRateBpm><Value>118</Value></HeartRateBpm></Trackpoint>
<Trackpoint><Time>2024-07-18T23:40:06Z</Time><Position><LatitudeDegrees>30.5402584</LatitudeDegrees><LongitudeDegrees>104.07732623</LongitudeDegrees></Position><AltitudeMeters>423</AltitudeMeters><HeartRateBpm><Value>118</Value></HeartRateBpm></Trackpoint>
<Trackpoint><Time>2024-07-18T23:40:07Z</Time><Position><LatitudeDegrees>30.54028273</LatitudeDegrees><LongitudeDegrees>104.0773739</LongitudeDegrees></Position><AltitudeMeters>423</AltitudeMeters><HeartRateBpm><Value>119</Value></HeartRateBpm></Trackpoint>
<Trackpoint><Time>2024-07-18T23:40:08Z</Time><Position><LatitudeDegrees>30.54030706</LatitudeDegrees><LongitudeDegrees>104.07742023</LongitudeDegrees></Position><AltitudeMeters>423</AltitudeMeters><HeartRateBpm><Value>119</Value></HeartRateBpm></Trackpoint>
<Trackpoint><Time>2024-07-18T23:40:09Z</Time><Position><LatitudeDegrees>30.54033038</LatitudeDegrees><LongitudeDegrees>104.07746622</LongitudeDegrees></Position><AltitudeMeters>423</AltitudeMeters><HeartRateBpm><Value>120</Value></HeartRateBpm></Trackpoint>
<Trackpoint><Time>2024-07-18T23:40:10Z</Time><Position><LatitudeDegrees>30.54040705</LatitudeDegrees><LongitudeDegrees>104.07763956</LongitudeDegrees></Position><AltitudeMeters>423</AltitudeMeters><HeartRateBpm><Value>120</Value></HeartRateBpm></Trackpoint>
<Trackpoint><Time>2024-07-18T23:40:11Z</Time><Position><LatitudeDegrees>30.54041105</LatitudeDegrees><LongitudeDegrees>104.07764821</LongitudeDegrees></Position><AltitudeMeters>423</AltitudeMeters><HeartRateBpm><Value>120</Value></HeartRateBpm></Trackpoint>
<Trackpoint><Time>2024-07-18T23:40:13Z</Time><Position><LatitudeDegrees>30.54041938</LatitudeDegrees><LongitudeDegrees>104.07766554</LongitudeDegrees></Position><AltitudeMeters>423</AltitudeMeters><HeartRateBpm><Value>119</Value></HeartRateBpm></Trackpoint>
<Trackpoint><Time>2024-07-18T23:40:14Z</Time><Position><LatitudeDegrees>30.54043237</LatitudeDegrees><LongitudeDegrees>104.07769054</LongitudeDegrees></Position><AltitudeMeters>423</AltitudeMeters><HeartRateBpm><Value>119</Value></HeartRateBpm></Trackpoint>
<Trackpoint><Time>2024-07-18T23:40:16Z</Time><Position><LatitudeDegrees>30.54050404</LatitudeDegrees><LongitudeDegrees>104.07781519</LongitudeDegrees></Position><AltitudeMeters>423</AltitudeMeters><HeartRateBpm><Value>118</Value></HeartRateBpm></Trackpoint>
<Trackpoint><Time>2024-07-18T23:40:18Z</Time><Position><LatitudeDegrees>30.54055903</LatitudeDegrees><LongitudeDegrees>104.07787519</LongitudeDegrees></Position><AltitudeMeters>423</AltitudeMeters><HeartRateBpm><Value>116</Value></HeartRateBpm></Trackpoint>
<Trackpoint><Time>2024-07-18T23:40:19Z</Time><Position><LatitudeDegrees>30.54056535</LatitudeDegrees><LongitudeDegrees>104.07788185</LongitudeDegrees></Position><AltitudeMeters>423</AltitudeMeters><HeartRateBpm><Value>116</Value></HeartRateBpm></Trackpoint>
<Trackpoint><Time>2024-07-18T23:40:20Z</Time><Position><LatitudeDegrees>30.54057835</LatitudeDegrees><LongitudeDegrees>104.07789552</LongitudeDegrees></Position><AltitudeMeters>423</AltitudeMeters><HeartRateBpm><Value>116</Value></HeartRateBpm></Trackpoint>
<Trackpoint><Time>2024-07-18T23:40:21Z</Time><Position><LatitudeDegrees>30.54059669</LatitudeDegrees><LongitudeDegrees>104.07791351</LongitudeDegrees></Position><AltitudeMeters>423</AltitudeMeters><HeartRateBpm><Value>116</Value></HeartRateBpm></Trackpoint>
<Trackpoint><Time>2024-07-18T23:40:22Z</Time><Position><LatitudeDegrees>30.54061769</LatitudeDegrees><LongitudeDegrees>104.07793284</LongitudeDegrees></Position><AltitudeMeters>423</AltitudeMeters><HeartRateBpm><Value>115</Value></HeartRateBpm></Trackpoint>
<Trackpoint><Time>2024-07-18T23:40:24Z</Time><Position><LatitudeDegrees>30.54071401</LatitudeDegrees><LongitudeDegrees>104.07800851</LongitudeDegrees></Position><AltitudeMeters>423</AltitudeMeters><HeartRateBpm><Value>114</Value></HeartRateBpm></Trackpoint>
<Trackpoint><Time>2024-07-18T23:40:25Z</Time><Position><LatitudeDegrees>30.54071968</LatitudeDegrees><LongitudeDegrees>104.07801217</LongitudeDegrees></Position><AltitudeMeters>423</AltitudeMeters><HeartRateBpm><Value>114</Value></HeartRateBpm></Trackpoint>
<Trackpoint><Time>2024-07-18T23:40:26Z</Time><Position><LatitudeDegrees>30.54073201</LatitudeDegrees><LongitudeDegrees>104.07801884</LongitudeDegrees></Position><AltitudeMeters>423</AltitudeMeters><HeartRateBpm><Value>113</Value></HeartRateBpm></Trackpoint>
<Trackpoint><Time>2024-07-18T23:40:28Z</Time><Position><LatitudeDegrees>30.54081</LatitudeDegrees><LongitudeDegrees>104.07805716</LongitudeDegrees></Position><AltitudeMeters>423</AltitudeMeters><HeartRateBpm><Value>112</Value></HeartRateBpm></Trackpoint>
<Trackpoint><Time>2024-07-18T23:40:29Z</Time><Position><LatitudeDegrees>30.54081533</LatitudeDegrees><LongitudeDegrees>104.07805983</LongitudeDegrees></Position><AltitudeMeters>423</AltitudeMeters><HeartRateBpm><Value>111</Value></HeartRateBpm></Trackpoint>
<Trackpoint><Time>2024-07-18T23:40:30Z</Time><Position><LatitudeDegrees>30.54082832</LatitudeDegrees><LongitudeDegrees>104.07806616</LongitudeDegrees></Position><AltitudeMeters>423</AltitudeMeters><HeartRateBpm><Value>111</Value></HeartRateBpm></Trackpoint>
<Trackpoint><Time>2024-07-18T23:40:31Z</Time><Position><LatitudeDegrees>30.54091132</LatitudeDegrees><LongitudeDegrees>104.07810049</LongitudeDegrees></Position><AltitudeMeters>423</AltitudeMeters><HeartRateBpm><Value>110</Value></HeartRateBpm></Trackpoint>
<Trackpoint><Time>2024-07-18T23:40:33Z</Time><Position><LatitudeDegrees>30.54091732</LatitudeDegrees><LongitudeDegrees>104.07810248</LongitudeDegrees></Position><AltitudeMeters>423</AltitudeMeters><HeartRateBpm><Value>110</Value></HeartRateBpm></Trackpoint>
<Trackpoint><Time>2024-07-18T23:40:34Z</Time><Position><LatitudeDegrees>30.54092898</LatitudeDegrees><LongitudeDegrees>104.07810648</LongitudeDegrees></Position><AltitudeMeters>423</AltitudeMeters><HeartRateBpm><Value>110</Value></HeartRateBpm></Trackpoint>
<Trackpoint><Time>2024-07-18T23:40:35Z</Time><Position><LatitudeDegrees>30.54094531</LatitudeDegrees><LongitudeDegrees>104.07811213</LongitudeDegrees></Position><AltitudeMeters>424</AltitudeMeters><HeartRateBpm><Value>110</Value></HeartRateBpm></Trackpoint>
<Trackpoint><Time>2024-07-18T23:40:36Z</Time><Position><LatitudeDegrees>30.54096364</LatitudeDegrees><LongitudeDegrees>104.07811812</LongitudeDegrees></Position><AltitudeMeters>424</AltitudeMeters><HeartRateBpm><Value>110</Value></HeartRateBpm></Trackpoint>
<Trackpoint><Time>2024-07-18T23:40:38Z</Time><Position><LatitudeDegrees>30.5410433</LatitudeDegrees><LongitudeDegrees>104.07814046</LongitudeDegrees></Position><AltitudeMeters>424</AltitudeMeters><HeartRateBpm><Value>111</Value></HeartRateBpm></Trackpoint>
<Trackpoint><Time>2024-07-18T23:40:41Z</Time><Position><LatitudeDegrees>30.5410793</LatitudeDegrees><LongitudeDegrees>104.07815146</LongitudeDegrees></Position><AltitudeMeters>424</AltitudeMeters><HeartRateBpm><Value>106</Value></HeartRateBpm></Trackpoint>
<Trackpoint><Time>2024-07-18T23:40:42Z</Time><Position><LatitudeDegrees>30.54110996</LatitudeDegrees><LongitudeDegrees>104.07815945</LongitudeDegrees></Position><AltitudeMeters>424</AltitudeMeters><HeartRateBpm><Value>106</Value></HeartRateBpm></Trackpoint>
<Trackpoint><Time>2024-07-18T23:40:44Z</Time><Position><LatitudeDegrees>30.54112796</LatitudeDegrees><LongitudeDegrees>104.07815212</LongitudeDegrees></Position><AltitudeMeters>424</AltitudeMeters><HeartRateBpm><Value>105</Value></HeartRateBpm></Trackpoint>
<Trackpoint><Time>2024-07-18T23:40:46Z</Time><Position><LatitudeDegrees>30.54113228</LatitudeDegrees><LongitudeDegrees>104.07814212</LongitudeDegrees></Position><AltitudeMeters>424</AltitudeMeters><HeartRateBpm><Value>104</Value></HeartRateBpm></Trackpoint>
<Trackpoint><Time>2024-07-18T23:40:47Z</Time><Position><LatitudeDegrees>30.54113196</LatitudeDegrees><LongitudeDegrees>104.0781418</LongitudeDegrees></Position><AltitudeMeters>424</AltitudeMeters><HeartRateBpm><Value>104</Value></HeartRateBpm></Trackpoint>
</Track></Lap>
<Lap StartTime="2024-07-18T23:41:37Z">
<TotalTimeSeconds>153</TotalTimeSeconds><DistanceMeters>384.18</DistanceMeters><Track>
<Trackpoint><Time>2024-07-18T23:41:37Z</Time><Position><LatitudeDegrees>30.54116028</LatitudeDegrees><LongitudeDegrees>104.07814479</LongitudeDegrees></Position><AltitudeMeters>424</AltitudeMeters><HeartRateBpm><Value>94</Value></HeartRateBpm></Trackpoint>
<Trackpoint><Time>2024-07-18T23:41:38Z</Time><Position><LatitudeDegrees>30.54116528</LatitudeDegrees><LongitudeDegrees>104.07814412</LongitudeDegrees></Position><AltitudeMeters>424</AltitudeMeters><HeartRateBpm><Value>94</Value></HeartRateBpm></Trackpoint>
<Trackpoint><Time>2024-07-18T23:41:39Z</Time><Position><LatitudeDegrees>30.54122128</LatitudeDegrees><LongitudeDegrees>104.07813947</LongitudeDegrees></Position><AltitudeMeters>424</AltitudeMeters><HeartRateBpm><Value>94</Value></HeartRateBpm></Trackpoint>
<Trackpoint><Time>2024-07-18T23:41:40Z</Time><Position><LatitudeDegrees>30.54122562</LatitudeDegrees><LongitudeDegrees>104.07813914</LongitudeDegrees></Position><AltitudeMeters>424</AltitudeMeters><HeartRateBpm><Value>95</Value></HeartRateBpm></Trackpoint>
<Trackpoint><Time>2024-07-18T23:41:42Z</Time><Position><LatitudeDegrees>30.54123461</LatitudeDegrees><LongitudeDegrees>104.07813914</LongitudeDegrees></Position><AltitudeMeters>424</AltitudeMeters><HeartRateBpm><Value>95</Value></HeartRateBpm></Trackpoint>
<Trackpoint><Time>2024-07-18T23:41:44Z</Time><Position><LatitudeDegrees>30.54129693</LatitudeDegrees><LongitudeDegrees>104.07813781</LongitudeDegrees></Position><AltitudeMeters>424</AltitudeMeters><HeartRateBpm><Value>98</Value></HeartRateBpm></Trackpoint>
<Trackpoint><Time>2024-07-18T23:41:45Z</Time><Position><LatitudeDegrees>30.54135293</LatitudeDegrees><LongitudeDegrees>104.07813781</LongitudeDegrees></Position><AltitudeMeters>424</AltitudeMeters><HeartRateBpm><Value>102</Value></HeartRateBpm></Trackpoint>
<Trackpoint><Time>2024-07-18T23:41:46Z</Time><Position><LatitudeDegrees>30.54136159</LatitudeDegrees><LongitudeDegrees>104.07813781</LongitudeDegrees></Position><AltitudeMeters>424</AltitudeMeters><HeartRateBpm><Value>102</Value></HeartRateBpm></Trackpoint>
<Trackpoint><Time>2024-07-18T23:41:48Z</Time><Position><LatitudeDegrees>30.54137925</LatitudeDegrees><LongitudeDegrees>104.07813781</LongitudeDegrees></Position><AltitudeMeters>424</AltitudeMeters><HeartRateBpm><Value>104</Value></HeartRateBpm></Trackpoint>
<Trackpoint><Time>2024-07-18T23:41:49Z</Time><Position><LatitudeDegrees>30.54140324</LatitudeDegrees><LongitudeDegrees>104.07813748</LongitudeDegrees></Position><AltitudeMeters>424</AltitudeMeters><HeartRateBpm><Value>104</Value></HeartRateBpm></Trackpoint>
<Trackpoint><Time>2024-07-18T23:41:50Z</Time><Position><LatitudeDegrees>30.54143158</LatitudeDegrees><LongitudeDegrees>104.07813748</LongitudeDegrees></Position><AltitudeMeters>424</AltitudeMeters><HeartRateBpm><Value>104</Value></HeartRateBpm></Trackpoint>
<Trackpoint><Time>2024-07-18T23:41:51Z</Time><Position><LatitudeDegrees>30.54146257</LatitudeDegrees><LongitudeDegrees>104.07813748</LongitudeDegrees></Position><AltitudeMeters>424</AltitudeMeters><HeartRateBpm><Value>104</Value></HeartRateBpm></Trackpoint>
<Trackpoint><Time>2024-07-18T23:41:53Z</Time><Position><LatitudeDegrees>30.54160756</LatitudeDegrees><LongitudeDegrees>104.07813115</LongitudeDegrees></Position><AltitudeMeters>424</AltitudeMeters><HeartRateBpm><Value>104</Value></HeartRateBpm></Trackpoint>
<Trackpoint><Time>2024-07-18T23:41:54Z</Time><Position><LatitudeDegrees>30.54161721</LatitudeDegrees><LongitudeDegrees>104.0781295</LongitudeDegrees></Position><AltitudeMeters>424</AltitudeMeters><HeartRateBpm><Value>104</Value></HeartRateBpm></Trackpoint>
<Trackpoint><Time>2024-07-18T23:41:55Z</Time><Position><LatitudeDegrees>30.54163754</LatitudeDegrees><LongitudeDegrees>104.0781265</LongitudeDegrees></Position><AltitudeMeters>424</AltitudeMeters><HeartRateBpm><Value>102</Value></HeartRateBpm></Trackpoint>
<Trackpoint><Time>2024-07-18T23:41:56Z</Time><Position><LatitudeDegrees>30.5416652</LatitudeDegrees><LongitudeDegrees>104.07812084</LongitudeDegrees></Position><AltitudeMeters>424</AltitudeMeters><HeartRateBpm><Value>102</Value></HeartRateBpm></Trackpoint>
<Trackpoint><Time>2024-07-18T23:41:58Z</Time><Position><LatitudeDegrees>30.5417972</LatitudeDegrees><LongitudeDegrees>104.07807651</LongitudeDegrees></Position><AltitudeMeters>424</AltitudeMeters><HeartRateBpm><Value>101</Value></HeartRateBpm></Trackpoint>
<Trackpoint><Time>2024-07-18T23:41:59Z</Time><Position><LatitudeDegrees>30.54180554</LatitudeDegrees><LongitudeDegrees>104.07807218</LongitudeDegrees></Position><AltitudeMeters>424</AltitudeMeters><HeartRateBpm><Value>101</Value></HeartRateBpm></Trackpoint>
<Trackpoint><Time>2024-07-18T23:42:00Z</Time><Position><LatitudeDegrees>30.5418232</LatitudeDegrees><LongitudeDegrees>104.07806385</LongitudeDegrees></Position><AltitudeMeters>424</AltitudeMeters><HeartRateBpm><Value>101</Value></HeartRateBpm></Trackpoint>
<Trackpoint><Time>2024-07-18T23:42:01Z</Time><Position><LatitudeDegrees>30.54184686</LatitudeDegrees><LongitudeDegrees>104.07805218</LongitudeDegrees></Position><AltitudeMeters>424</AltitudeMeters><HeartRateBpm><Value>102</Value></HeartRateBpm></Trackpoint>
<Trackpoint><Time>2024-07-18T23:42:02Z</Time><Position><LatitudeDegrees>30.54187453</LatitudeDegrees><LongitudeDegrees>104.07803752</LongitudeDegrees></Position><AltitudeMeters>424</AltitudeMeters><HeartRateBpm><Value>103</Value></HeartRateBpm></Trackpoint>
<Trackpoint><Time>2024-07-18T23:42:04Z</Time><Position><LatitudeDegrees>30.54199152</LatitudeDegrees><LongitudeDegrees>104.07796419</LongitudeDegrees></Position><AltitudeMeters>424</AltitudeMeters><HeartRateBpm><Value>104</Value></HeartRateBpm></Trackpoint>
<Trackpoint><Time>2024-07-18T23:42:06Z</Time><Position><LatitudeDegrees>30.54203618</LatitudeDegrees><LongitudeDegrees>104.07792286</LongitudeDegrees></Position><AltitudeMeters>424</AltitudeMeters><HeartRateBpm><Value>107</Value></HeartRateBpm></Trackpoint>
<Trackpoint><Time>2024-07-18T23:42:07Z</Time><Position><LatitudeDegrees>30.54206985</LatitudeDegrees><LongitudeDegrees>104.07790119</LongitudeDegrees></Position><AltitudeMeters>424</AltitudeMeters><HeartRateBpm><Value>108</Value></HeartRateBpm></Trackpoint>
<Trackpoint><Time>2024-07-18T23:42:09Z</Time><Position><LatitudeDegrees>30.54207217</LatitudeDegrees><LongitudeDegrees>104.07789854</LongitudeDegrees></Position><AltitudeMeters>424</AltitudeMeters><HeartRateBpm><Value>109</Value></HeartRateBpm></Trackpoint>
<Trackpoint><Time>2024-07-18T23:42:10Z</Time><Position><LatitudeDegrees>30.54207384</LatitudeDegrees><LongitudeDegrees>104.07789155</LongitudeDegrees></Position><AltitudeMeters>424</AltitudeMeters><HeartRateBpm><Value>109</Value></HeartRateBpm></Trackpoint>
<Trackpoint><Time>2024-07-18T23:42:12Z</Time><Position><LatitudeDegrees>30.54204051</LatitudeDegrees><LongitudeDegrees>104.07787621</LongitudeDegrees></Position><AltitudeMeters>424</AltitudeMeters><HeartRateBpm><Value>111</Value></HeartRateBpm></Trackpoint>
<Trackpoint><Time>2024-07-18T23:42:13Z</Time><Position><LatitudeDegrees>30.54203551</LatitudeDegrees><LongitudeDegrees>104.0778822</LongitudeDegrees></Position><AltitudeMeters>424</AltitudeMeters><HeartRateBpm><Value>111</Value></HeartRateBpm></Trackpoint>
<Trackpoint><Time>2024-07-18T23:42:13Z</Time><Position><LatitudeDegrees>30.54202652</LatitudeDegrees><LongitudeDegrees>104.07789653</LongitudeDegrees></Position><AltitudeMeters>424</AltitudeMeters><HeartRateBpm><Value>111</Value></HeartRateBpm></Trackpoint>
<Trackpoint><Time>2024-07-18T23:42:14Z</Time><Position><LatitudeDegrees>30.54201353</LatitudeDegrees><LongitudeDegrees>104.07791619</LongitudeDegrees></Position><AltitudeMeters>424</AltitudeMeters><HeartRateBpm><Value>111</Value></HeartRateBpm></Trackpoint>
<Trackpoint><Time>2024-07-18T23:42:15Z</Time><Position><LatitudeDegrees>30.54199686</LatitudeDegrees><LongitudeDegrees>104.07793785</LongitudeDegrees></Position><AltitudeMeters>424</AltitudeMeters><HeartRateBpm><Value>111</Value></HeartRateBpm></Trackpoint>
<Trackpoint><Time>2024-07-18T23:42:17Z</Time><Position><LatitudeDegrees>30.54190486</LatitudeDegrees><LongitudeDegrees>104.07802585</LongitudeDegrees></Position><AltitudeMeters>424</AltitudeMeters><HeartRateBpm><Value>112</Value></HeartRateBpm></Trackpoint>
<Trackpoint><Time>2024-07-18T23:42:18Z</Time><Position><LatitudeDegrees>30.54189653</LatitudeDegrees><LongitudeDegrees>104.07803017</LongitudeDegrees></Position><AltitudeMeters>424</AltitudeMeters><HeartRateBpm><Value>112</Value></HeartRateBpm></Trackpoint>
<Trackpoint><Time>2024-07-18T23:42:19Z</Time><Position><LatitudeDegrees>30.54187954</LatitudeDegrees><LongitudeDegrees>104.07803817</LongitudeDegrees></Position><AltitudeMeters>424</AltitudeMeters><HeartRateBpm><Value>112</Value></HeartRateBpm></Trackpoint>
<Trackpoint><Time>2024-07-18T23:42:20Z</Time><Position><LatitudeDegrees>30.54185555</LatitudeDegrees><LongitudeDegrees>104.07804917</LongitudeDegrees></Position><AltitudeMeters>424</AltitudeMeters><HeartRateBpm><Value>112</Value></HeartRateBpm></Trackpoint>
<Trackpoint><Time>2024-07-18T23:42:21Z</Time><Position><LatitudeDegrees>30.54182656</LatitudeDegrees><LongitudeDegrees>104.07806216</LongitudeDegrees></Position><AltitudeMeters>424</AltitudeMeters><HeartRateBpm><Value>112</Value></HeartRateBpm></Trackpoint>
<Trackpoint><Time>2024-07-18T23:42:23Z</Time><Position><LatitudeDegrees>30.5416899</LatitudeDegrees><LongitudeDegrees>104.07811915</LongitudeDegrees></Position><AltitudeMeters>424</AltitudeMeters><HeartRateBpm><Value>110</Value></HeartRateBpm></Trackpoint>
<Trackpoint><Time>2024-07-18T23:42:24Z</Time><Position><LatitudeDegrees>30.54167991</LatitudeDegrees><LongitudeDegrees>104.07812148</LongitudeDegrees></Position><AltitudeMeters>424</AltitudeMeters><HeartRateBpm><Value>110</Value></HeartRateBpm></Trackpoint>
<Trackpoint><Time>2024-07-18T23:42:25Z</Time><Position><LatitudeDegrees>30.54165924</LatitudeDegrees><LongitudeDegrees>104.07812581</LongitudeDegrees></Position><AltitudeMeters>424</AltitudeMeters><HeartRateBpm><Value>110</Value></HeartRateBpm></Trackpoint>
<Trackpoint><Time>2024-07-18T23:42:26Z</Time><Position><LatitudeDegrees>30.54163191</LatitudeDegrees><LongitudeDegrees>104.0781298</LongitudeDegrees></Position><AltitudeMeters>424</AltitudeMeters><HeartRateBpm><Value>110</Value></HeartRateBpm></Trackpoint>
<Trackpoint><Time>2024-07-18T23:42:27Z</Time><Position><LatitudeDegrees>30.54160025</LatitudeDegrees><LongitudeDegrees>104.07813213</LongitudeDegrees></Position><AltitudeMeters>424</AltitudeMeters><HeartRateBpm><Value>110</Value></HeartRateBpm></Trackpoint>
<Trackpoint><Time>2024-07-18T23:42:29Z</Time><Position><LatitudeDegrees>30.54145526</LatitudeDegrees><LongitudeDegrees>104.07813213</LongitudeDegrees></Position><AltitudeMeters>424</AltitudeMeters><HeartRateBpm><Value>110</Value></HeartRateBpm></Trackpoint>
<Trackpoint><Time>2024-07-18T23:42:31Z</Time><Position><LatitudeDegrees>30.54138194</LatitudeDegrees><LongitudeDegrees>104.07812581</LongitudeDegrees></Position><AltitudeMeters>424</AltitudeMeters><HeartRateBpm><Value>112</Value></HeartRateBpm></Trackpoint>
<Trackpoint><Time>2024-07-18T23:42:32Z</Time><Position><LatitudeDegrees>30.54137328</LatitudeDegrees><LongitudeDegrees>104.07812548</LongitudeDegrees></Position><AltitudeMeters>424</AltitudeMeters><HeartRateBpm><Value>112</Value></HeartRateBpm></Trackpoint>
<Trackpoint><Time>2024-07-18T23:42:33Z</Time><Position><LatitudeDegrees>30.54127896</LatitudeDegrees><LongitudeDegrees>104.07812215</LongitudeDegrees></Position><AltitudeMeters>424</AltitudeMeters><HeartRateBpm><Value>111</Value></HeartRateBpm></Trackpoint>
<Trackpoint><Time>2024-07-18T23:42:35Z</Time><Position><LatitudeDegrees>30.54126929</LatitudeDegrees><LongitudeDegrees>104.07812115</LongitudeDegrees></Position><AltitudeMeters>424</AltitudeMeters><HeartRateBpm><Value>110</Value></HeartRateBpm></Trackpoint>
<Trackpoint><Time>2024-07-18T23:42:36Z</Time><Position><LatitudeDegrees>30.5412493</LatitudeDegrees><LongitudeDegrees>104.0781195</LongitudeDegrees></Position><AltitudeMeters>424</AltitudeMeters><HeartRateBpm><Value>109</Value></HeartRateBpm></Trackpoint>
<Trackpoint><Time>2024-07-18T23:42:37Z</Time><Position><LatitudeDegrees>30.54122164</LatitudeDegrees><LongitudeDegrees>104.07811751</LongitudeDegrees></Position><AltitudeMeters>424</AltitudeMeters><HeartRateBpm><Value>109</Value></HeartRateBpm></Trackpoint>
<Trackpoint><Time>2024-07-18T23:42:38Z</Time><Position><LatitudeDegrees>30.54119065</LatitudeDegrees><LongitudeDegrees>104.07811551</LongitudeDegrees></Position><AltitudeMeters>424</AltitudeMeters><HeartRateBpm><Value>109</Value></HeartRateBpm></Trackpoint>
<Trackpoint><Time>2024-07-18T23:42:40Z</Time><Position><LatitudeDegrees>30.54105698</LatitudeDegrees><LongitudeDegrees>104.07809785</LongitudeDegrees></Position><AltitudeMeters>424</AltitudeMeters><HeartRateBpm><Value>109</Value></HeartRateBpm></Trackpoint>
<Trackpoint><Time>2024-07-18T23:42:41Z</Time><Position><LatitudeDegrees>30.54104898</LatitudeDegrees><LongitudeDegrees>104.07809485</LongitudeDegrees></Position><AltitudeMeters>424</AltitudeMeters><HeartRateBpm><Value>109</Value></HeartRateBpm></Trackpoint>
<Trackpoint><Time>2024-07-18T23:42:42Z</Time><Position><LatitudeDegrees>30.54103132</LatitudeDegrees><LongitudeDegrees>104.07808886</LongitudeDegrees></Position><AltitudeMeters>424</AltitudeMeters><HeartRateBpm><Value>109</Value></HeartRateBpm></Trackpoint>
<Trackpoint><Time>2024-07-18T23:42:43Z</Time><Position><LatitudeDegrees>30.54100399</LatitudeDegrees><LongitudeDegrees>104.0780802</LongitudeDegrees></Position><AltitudeMeters>424</AltitudeMeters><HeartRateBpm><Value>110</Value></HeartRateBpm></Trackpoint>
<Trackpoint><Time>2024-07-18T23:42:44Z</Time><Position><LatitudeDegrees>30.54097066</LatitudeDegrees><LongitudeDegrees>104.07806855</LongitudeDegrees></Position><AltitudeMeters>424</AltitudeMeters><HeartRateBpm><Value>110</Value></HeartRateBpm></Trackpoint>
<Trackpoint><Time>2024-07-18T23:42:45Z</Time><Position><LatitudeDegrees>30.54093532</LatitudeDegrees><LongitudeDegrees>104.07805488</LongitudeDegrees></Position><AltitudeMeters>424</AltitudeMeters><HeartRateBpm><Value>110</Value></HeartRateBpm></Trackpoint>
<Trackpoint><Time>2024-07-18T23:42:46Z</Time><Position><LatitudeDegrees>30.54089867</LatitudeDegrees><LongitudeDegrees>104.07803888</LongitudeDegrees></Position><AltitudeMeters>424</AltitudeMeters><HeartRateBpm><Value>111</Value></HeartRateBpm></Trackpoint>
<Trackpoint><Time>2024-07-18T23:42:47Z</Time><Position><LatitudeDegrees>30.54086301</LatitudeDegrees><LongitudeDegrees>104.07802189</LongitudeDegrees></Position><AltitudeMeters>424</AltitudeMeters><HeartRateBpm><Value>111</Value></HeartRateBpm></Trackpoint>
<Trackpoint><Time>2024-07-18T23:42:48Z</Time><Position><LatitudeDegrees>30.54083002</LatitudeDegrees><LongitudeDegrees>104.07800557</LongitudeDegrees></Position><AltitudeMeters>424</AltitudeMeters><HeartRateBpm><Value>111</Value></HeartRateBpm></Trackpoint>
<Trackpoint><Time>2024-07-18T23:42:49Z</Time><Position><LatitudeDegrees>30.54079835</LatitudeDegrees><LongitudeDegrees>104.07798957</LongitudeDegrees></Position><AltitudeMeters>424</AltitudeMeters><HeartRateBpm><Value>111</Value></HeartRateBpm></Trackpoint>
<Trackpoint><Time>2024-07-18T23:42:50Z</Time><Position><LatitudeDegrees>30.5407657</LatitudeDegrees><LongitudeDegrees>104.07797224</LongitudeDegrees></Position><AltitudeMeters>424</AltitudeMeters><HeartRateBpm><Value>111</Value></HeartRateBpm></Trackpoint>
<Trackpoint><Time>2024-07-18T23:42:52Z</Time><Position><LatitudeDegrees>30.54064103</LatitudeDegrees><LongitudeDegrees>104.07789891</LongitudeDegrees></Position><AltitudeMeters>424</AltitudeMeters><HeartRateBpm><Value>111</Value></HeartRateBpm></Trackpoint>
<Trackpoint><Time>2024-07-18T23:42:54Z</Time><Position><LatitudeDegrees>30.54059437</LatitudeDegrees><LongitudeDegrees>104.07785825</LongitudeDegrees></Position><AltitudeMeters>424</AltitudeMeters><HeartRateBpm><Value>110</Value></HeartRateBpm></Trackpoint>
<Trackpoint><Time>2024-07-18T23:42:56Z</Time><Position><LatitudeDegrees>30.54054905</LatitudeDegrees><LongitudeDegrees>104.07780825</LongitudeDegrees></Position><AltitudeMeters>424</AltitudeMeters><HeartRateBpm><Value>107</Value></HeartRateBpm></Trackpoint>
<Trackpoint><Time>2024-07-18T23:42:57Z</Time><Position><LatitudeDegrees>30.54054238</LatitudeDegrees><LongitudeDegrees>104.07779959</LongitudeDegrees></Position><AltitudeMeters>424</AltitudeMeters><HeartRateBpm><Value>107</Value></HeartRateBpm></Trackpoint>
<Trackpoint><Time>2024-07-18T23:42:58Z</Time><Position><LatitudeDegrees>30.54052906</LatitudeDegrees><LongitudeDegrees>104.0777816</LongitudeDegrees></Position><AltitudeMeters>424</AltitudeMeters><HeartRateBpm><Value>107</Value></HeartRateBpm></Trackpoint>
<Trackpoint><Time>2024-07-18T23:42:59Z</Time><Position><LatitudeDegrees>30.54051173</LatitudeDegrees><LongitudeDegrees>104.07775526</LongitudeDegrees></Position><AltitudeMeters>424</AltitudeMeters><HeartRateBpm><Value>107</Value></HeartRateBpm></Trackpoint>
<Trackpoint><Time>2024-07-18T23:43:00Z</Time><Position><LatitudeDegrees>30.54049407</LatitudeDegrees><LongitudeDegrees>104.07771927</LongitudeDegrees></Position><AltitudeMeters>424</AltitudeMeters><HeartRateBpm><Value>107</Value></HeartRateBpm></Trackpoint>
<Trackpoint><Time>2024-07-18T23:43:01Z</Time><Position><LatitudeDegrees>30.5404734</LatitudeDegrees><LongitudeDegrees>104.07767962</LongitudeDegrees></Position><AltitudeMeters>424</AltitudeMeters><HeartRateBpm><Value>107</Value></HeartRateBpm></Trackpoint>
<Trackpoint><Time>2024-07-18T23:43:02Z</Time><Position><LatitudeDegrees>30.54045107</LatitudeDegrees><LongitudeDegrees>104.07763696</LongitudeDegrees></Position><AltitudeMeters>424</AltitudeMeters><HeartRateBpm><Value>106</Value></HeartRateBpm></Trackpoint>
<Trackpoint><Time>2024-07-18T23:43:03Z</Time><Position><LatitudeDegrees>30.54042975</LatitudeDegrees><LongitudeDegrees>104.07759129</LongitudeDegrees></Position><AltitudeMeters>424</AltitudeMeters><HeartRateBpm><Value>106</Value></HeartRateBpm></Trackpoint>
<Trackpoint><Time>2024-07-18T23:43:05Z</Time><Position><LatitudeDegrees>30.54034241</LatitudeDegrees><LongitudeDegrees>104.0773963</LongitudeDegrees></Position><AltitudeMeters>424</AltitudeMeters><HeartRateBpm><Value>106</Value></HeartRateBpm></Trackpoint>
<Trackpoint><Time>2024-07-18T23:43:06Z</Time><Position><LatitudeDegrees>30.54033608</LatitudeDegrees><LongitudeDegrees>104.07738497</LongitudeDegrees></Position><AltitudeMeters>424</AltitudeMeters><HeartRateBpm><Value>107</Value></HeartRateBpm></Trackpoint>
<Trackpoint><Time>2024-07-18T23:43:07Z</Time><Position><LatitudeDegrees>30.54032442</LatitudeDegrees><LongitudeDegrees>104.07736231</LongitudeDegrees></Position><AltitudeMeters>424</AltitudeMeters><HeartRateBpm><Value>107</Value></HeartRateBpm></Trackpoint>
<Trackpoint><Time>2024-07-18T23:43:08Z</Time><Position><LatitudeDegrees>30.54030909</LatitudeDegrees><LongitudeDegrees>104.07733098</LongitudeDegrees></Position><AltitudeMeters>424</AltitudeMeters><HeartRateBpm><Value>107</Value></HeartRateBpm></Trackpoint>
<Trackpoint><Time>2024-07-18T23:43:09Z</Time><Position><LatitudeDegrees>30.5402901</LatitudeDegrees><LongitudeDegrees>104.07729465</LongitudeDegrees></Position><AltitudeMeters>424</AltitudeMeters><HeartRateBpm><Value>107</Value></HeartRateBpm></Trackpoint>
<Trackpoint><Time>2024-07-18T23:43:11Z</Time><Position><LatitudeDegrees>30.5402131</LatitudeDegrees><LongitudeDegrees>104.07713366</LongitudeDegrees></Position><AltitudeMeters>424</AltitudeMeters><HeartRateBpm><Value>108</Value></HeartRateBpm></Trackpoint>
<Trackpoint><Time>2024-07-18T23:43:12Z</Time><Position><LatitudeDegrees>30.5402081</LatitudeDegrees><LongitudeDegrees>104.077124</LongitudeDegrees></Position><AltitudeMeters>424</AltitudeMeters><HeartRateBpm><Value>108</Value></HeartRateBpm></Trackpoint>
<Trackpoint><Time>2024-07-18T23:43:13Z</Time><Position><LatitudeDegrees>30.54019944</LatitudeDegrees><LongitudeDegrees>104.07710633</LongitudeDegrees></Position><AltitudeMeters>424</AltitudeMeters><HeartRateBpm><Value>108</Value></HeartRateBpm></Trackpoint>
<Trackpoint><Time>2024-07-18T23:43:14Z</Time><Position><LatitudeDegrees>30.54018945</LatitudeDegrees><LongitudeDegrees>104.07708501</LongitudeDegrees></Position><AltitudeMeters>423</AltitudeMeters><HeartRateBpm><Value>108</Value></HeartRateBpm></Trackpoint>
<Trackpoint><Time>2024-07-18T23:43:15Z</Time><Position><LatitudeDegrees>30.54017913</LatitudeDegrees><LongitudeDegrees>104.07706501</LongitudeDegrees></Position><AltitudeMeters>423</AltitudeMeters><HeartRateBpm><Value>108</Value></HeartRateBpm></Trackpoint>
<Trackpoint><Time>2024-07-18T23:43:16Z</Time><Position><LatitudeDegrees>30.54014914</LatitudeDegrees><LongitudeDegrees>104.07702435</LongitudeDegrees></Position><AltitudeMeters>423</AltitudeMeters><HeartRateBpm><Value>108</Value></HeartRateBpm></Trackpoint>
<Trackpoint><Time>2024-07-18T23:43:17Z</Time><Position><LatitudeDegrees>30.54014847</LatitudeDegrees><LongitudeDegrees>104.07702435</LongitudeDegrees></Position><AltitudeMeters>423</AltitudeMeters><HeartRateBpm><Value>107</Value></HeartRateBpm></Trackpoint>
<Trackpoint><Time>2024-07-18T23:43:19Z</Time><Position><LatitudeDegrees>30.54014747</LatitudeDegrees><LongitudeDegrees>104.07702501</LongitudeDegrees></Position><AltitudeMeters>423</AltitudeMeters><HeartRateBpm><Value>107</Value></HeartRateBpm></Trackpoint>
</Track></Lap>
<Lap StartTime="2024-07-18T23:44:10Z">
<TotalTimeSeconds>90</TotalTimeSeconds><DistanceMeters>213.55</DistanceMeters><Track>
<Trackpoint><Time>2024-07-18T23:44:10Z</Time><Position><LatitudeDegrees>30.54013081</LatitudeDegrees><LongitudeDegrees>104.07698502</LongitudeDegrees></Position><AltitudeMeters>423</AltitudeMeters><HeartRateBpm><Value>105</Value></HeartRateBpm></Trackpoint>
<Trackpoint><Time>2024-07-18T23:44:12Z</Time><Position><LatitudeDegrees>30.54012748</LatitudeDegrees><LongitudeDegrees>104.07698002</LongitudeDegrees></Position><AltitudeMeters>423</AltitudeMeters><HeartRateBpm><Value>105</Value></HeartRateBpm></Trackpoint>
<Trackpoint><Time>2024-07-18T23:44:13Z</Time><Position><LatitudeDegrees>30.54011983</LatitudeDegrees><LongitudeDegrees>104.0769687</LongitudeDegrees></Position><AltitudeMeters>423</AltitudeMeters><HeartRateBpm><Value>104</Value></HeartRateBpm></Trackpoint>
<Trackpoint><Time>2024-07-18T23:44:15Z</Time><Position><LatitudeDegrees>30.54006649</LatitudeDegrees><LongitudeDegrees>104.0768767</LongitudeDegrees></Position><AltitudeMeters>423</AltitudeMeters><HeartRateBpm><Value>104</Value></HeartRateBpm></Trackpoint>
<Trackpoint><Time>2024-07-18T23:44:16Z</Time><Position><LatitudeDegrees>30.54006183</LatitudeDegrees><LongitudeDegrees>104.07686737</LongitudeDegrees></Position><AltitudeMeters>423</AltitudeMeters><HeartRateBpm><Value>104</Value></HeartRateBpm></Trackpoint>
<Trackpoint><Time>2024-07-18T23:44:17Z</Time><Position><LatitudeDegrees>30.54005217</LatitudeDegrees><LongitudeDegrees>104.07684904</LongitudeDegrees></Position><AltitudeMeters>423</AltitudeMeters><HeartRateBpm><Value>104</Value></HeartRateBpm></Trackpoint>
<Trackpoint><Time>2024-07-18T23:44:18Z</Time><Position><LatitudeDegrees>30.54003917</LatitudeDegrees><LongitudeDegrees>104.07682437</LongitudeDegrees></Position><AltitudeMeters>423</AltitudeMeters><HeartRateBpm><Value>104</Value></HeartRateBpm></Trackpoint>
<Trackpoint><Time>2024-07-18T23:44:19Z</Time><Position><LatitudeDegrees>30.54002384</LatitudeDegrees><LongitudeDegrees>104.07679472</LongitudeDegrees></Position><AltitudeMeters>423</AltitudeMeters><HeartRateBpm><Value>104</Value></HeartRateBpm></Trackpoint>
<Trackpoint><Time>2024-07-18T23:44:20Z</Time><Position><LatitudeDegrees>30.54000751</LatitudeDegrees><LongitudeDegrees>104.07676073</LongitudeDegrees></Position><AltitudeMeters>423</AltitudeMeters><HeartRateBpm><Value>104</Value></HeartRateBpm></Trackpoint>
<Trackpoint><Time>2024-07-18T23:44:21Z</Time><Position><LatitudeDegrees>30.53998951</LatitudeDegrees><LongitudeDegrees>104.07672373</LongitudeDegrees></Position><AltitudeMeters>423</AltitudeMeters><HeartRateBpm><Value>104</Value></HeartRateBpm></Trackpoint>
<Trackpoint><Time>2024-07-18T23:44:22Z</Time><Position><LatitudeDegrees>30.53990551</LatitudeDegrees><LongitudeDegrees>104.07655206</LongitudeDegrees></Position><AltitudeMeters>423</AltitudeMeters><HeartRateBpm><Value>104</Value></HeartRateBpm></Trackpoint>
<Trackpoint><Time>2024-07-18T23:44:24Z</Time><Position><LatitudeDegrees>30.53989886</LatitudeDegrees><LongitudeDegrees>104.07653973</LongitudeDegrees></Position><AltitudeMeters>423</AltitudeMeters><HeartRateBpm><Value>104</Value></HeartRateBpm></Trackpoint>
<Trackpoint><Time>2024-07-18T23:44:25Z</Time><Position><LatitudeDegrees>30.53988652</LatitudeDegrees><LongitudeDegrees>104.07651574</LongitudeDegrees></Position><AltitudeMeters>423</AltitudeMeters><HeartRateBpm><Value>103</Value></HeartRateBpm></Trackpoint>
<Trackpoint><Time>2024-07-18T23:44:26Z</Time><Position><LatitudeDegrees>30.53987019</LatitudeDegrees><LongitudeDegrees>104.07648141</LongitudeDegrees></Position><AltitudeMeters>423</AltitudeMeters><HeartRateBpm><Value>103</Value></HeartRateBpm></Trackpoint>
<Trackpoint><Time>2024-07-18T23:44:28Z</Time><Position><LatitudeDegrees>30.53979852</LatitudeDegrees><LongitudeDegrees>104.07629675</LongitudeDegrees></Position><AltitudeMeters>423</AltitudeMeters><HeartRateBpm><Value>105</Value></HeartRateBpm></Trackpoint>
<Trackpoint><Time>2024-07-18T23:44:29Z</Time><Position><LatitudeDegrees>30.53979453</LatitudeDegrees><LongitudeDegrees>104.07628342</LongitudeDegrees></Position><AltitudeMeters>423</AltitudeMeters><HeartRateBpm><Value>108</Value></HeartRateBpm></Trackpoint>
<Trackpoint><Time>2024-07-18T23:44:31Z</Time><Position><LatitudeDegrees>30.5397582</LatitudeDegrees><LongitudeDegrees>104.07613342</LongitudeDegrees></Position><AltitudeMeters>423</AltitudeMeters><HeartRateBpm><Value>109</Value></HeartRateBpm></Trackpoint>
<Trackpoint><Time>2024-07-18T23:44:33Z</Time><Position><LatitudeDegrees>30.53972953</LatitudeDegrees><LongitudeDegrees>104.07602077</LongitudeDegrees></Position><AltitudeMeters>423</AltitudeMeters><HeartRateBpm><Value>110</Value></HeartRateBpm></Trackpoint>
<Trackpoint><Time>2024-07-18T23:44:35Z</Time><Position><LatitudeDegrees>30.53969921</LatitudeDegrees><LongitudeDegrees>104.07591178</LongitudeDegrees></Position><AltitudeMeters>424</AltitudeMeters><HeartRateBpm><Value>109</Value></HeartRateBpm></Trackpoint>
<Trackpoint><Time>2024-07-18T23:44:37Z</Time><Position><LatitudeDegrees>30.53966988</LatitudeDegrees><LongitudeDegrees>104.07580844</LongitudeDegrees></Position><AltitudeMeters>424</AltitudeMeters><HeartRateBpm><Value>111</Value></HeartRateBpm></Trackpoint>
<Trackpoint><Time>2024-07-18T23:44:39Z</Time><Position><LatitudeDegrees>30.53964788</LatitudeDegrees><LongitudeDegrees>104.07569745</LongitudeDegrees></Position><AltitudeMeters>424</AltitudeMeters><HeartRateBpm><Value>113</Value></HeartRateBpm></Trackpoint>
<Trackpoint><Time>2024-07-18T23:44:41Z</Time><Position><LatitudeDegrees>30.53963555</LatitudeDegrees><LongitudeDegrees>104.07557613</LongitudeDegrees></Position><AltitudeMeters>424</AltitudeMeters><HeartRateBpm><Value>115</Value></HeartRateBpm></Trackpoint>
<Trackpoint><Time>2024-07-18T23:44:42Z</Time><Position><LatitudeDegrees>30.53963489</LatitudeDegrees><LongitudeDegrees>104.0755608</LongitudeDegrees></Position><AltitudeMeters>424</AltitudeMeters><HeartRateBpm><Value>116</Value></HeartRateBpm></Trackpoint>
<Trackpoint><Time>2024-07-18T23:44:43Z</Time><Position><LatitudeDegrees>30.53963389</LatitudeDegrees><LongitudeDegrees>104.07553246</LongitudeDegrees></Position><AltitudeMeters>424</AltitudeMeters><HeartRateBpm><Value>116</Value></HeartRateBpm></Trackpoint>
<Trackpoint><Time>2024-07-18T23:44:44Z</Time><Position><LatitudeDegrees>30.53963223</LatitudeDegrees><LongitudeDegrees>104.07549314</LongitudeDegrees></Position><AltitudeMeters>424</AltitudeMeters><HeartRateBpm><Value>118</Value></HeartRateBpm></Trackpoint>
<Trackpoint><Time>2024-07-18T23:44:45Z</Time><Position><LatitudeDegrees>30.53963024</LatitudeDegrees><LongitudeDegrees>104.07544781</LongitudeDegrees></Position><AltitudeMeters>424</AltitudeMeters><HeartRateBpm><Value>118</Value></HeartRateBpm></Trackpoint>
<Trackpoint><Time>2024-07-18T23:44:47Z</Time><Position><LatitudeDegrees>30.53966056</LatitudeDegrees><LongitudeDegrees>104.07526247</LongitudeDegrees></Position><AltitudeMeters>424</AltitudeMeters><HeartRateBpm><Value>119</Value></HeartRateBpm></Trackpoint>
<Trackpoint><Time>2024-07-18T23:44:48Z</Time><Position><LatitudeDegrees>30.5396649</LatitudeDegrees><LongitudeDegrees>104.07525082</LongitudeDegrees></Position><AltitudeMeters>424</AltitudeMeters><HeartRateBpm><Value>119</Value></HeartRateBpm></Trackpoint>
<Trackpoint><Time>2024-07-18T23:44:49Z</Time><Position><LatitudeDegrees>30.5396699</LatitudeDegrees><LongitudeDegrees>104.07522383</LongitudeDegrees></Position><AltitudeMeters>424</AltitudeMeters><HeartRateBpm><Value>119</Value></HeartRateBpm></Trackpoint>
<Trackpoint><Time>2024-07-18T23:44:51Z</Time><Position><LatitudeDegrees>30.53969456</LatitudeDegrees><LongitudeDegrees>104.07507083</LongitudeDegrees></Position><AltitudeMeters>424</AltitudeMeters><HeartRateBpm><Value>120</Value></HeartRateBpm></Trackpoint>
<Trackpoint><Time>2024-07-18T23:44:52Z</Time><Position><LatitudeDegrees>30.53969423</LatitudeDegrees><LongitudeDegrees>104.0750605</LongitudeDegrees></Position><AltitudeMeters>424</AltitudeMeters><HeartRateBpm><Value>120</Value></HeartRateBpm></Trackpoint>
<Trackpoint><Time>2024-07-18T23:44:53Z</Time><Position><LatitudeDegrees>30.53969291</LatitudeDegrees><LongitudeDegrees>104.07504317</LongitudeDegrees></Position><AltitudeMeters>424</AltitudeMeters><HeartRateBpm><Value>120</Value></HeartRateBpm></Trackpoint>
<Trackpoint><Time>2024-07-18T23:44:54Z</Time><Position><LatitudeDegrees>30.53969157</LatitudeDegrees><LongitudeDegrees>104.07502084</LongitudeDegrees></Position><AltitudeMeters>424</AltitudeMeters><HeartRateBpm><Value>120</Value></HeartRateBpm></Trackpoint>
<Trackpoint><Time>2024-07-18T23:44:55Z</Time><Position><LatitudeDegrees>30.53969058</LatitudeDegrees><LongitudeDegrees>104.07499718</LongitudeDegrees></Position><AltitudeMeters>424</AltitudeMeters><HeartRateBpm><Value>119</Value></HeartRateBpm></Trackpoint>
<Trackpoint><Time>2024-07-18T23:44:56Z</Time><Position><LatitudeDegrees>30.53969058</LatitudeDegrees><LongitudeDegrees>104.07497385</LongitudeDegrees></Position><AltitudeMeters>424</AltitudeMeters><HeartRateBpm><Value>119</Value></HeartRateBpm></Trackpoint>
<Trackpoint><Time>2024-07-18T23:44:57Z</Time><Position><LatitudeDegrees>30.53968958</LatitudeDegrees><LongitudeDegrees>104.07495319</LongitudeDegrees></Position><AltitudeMeters>424</AltitudeMeters><HeartRateBpm><Value>119</Value></HeartRateBpm></Trackpoint>
<Trackpoint><Time>2024-07-18T23:44:58Z</Time><Position><LatitudeDegrees>30.53968892</LatitudeDegrees><LongitudeDegrees>104.0749342</LongitudeDegrees></Position><AltitudeMeters>424</AltitudeMeters><HeartRateBpm><Value>120</Value></HeartRateBpm></Trackpoint>
<Trackpoint><Time>2024-07-18T23:44:59Z</Time><Position><LatitudeDegrees>30.53968693</LatitudeDegrees><LongitudeDegrees>104.07492153</LongitudeDegrees></Position><AltitudeMeters>424</AltitudeMeters><HeartRateBpm><Value>120</Value></HeartRateBpm></Trackpoint>
<Trackpoint><Time>2024-07-18T23:45:00Z</Time><Position><LatitudeDegrees>30.53968627</LatitudeDegrees><LongitudeDegrees>104.0749132</LongitudeDegrees></Position><AltitudeMeters>424</AltitudeMeters><HeartRateBpm><Value>120</Value></HeartRateBpm></Trackpoint>
<Trackpoint><Time>2024-07-18T23:45:01Z</Time><Position><LatitudeDegrees>30.53968627</LatitudeDegrees><LongitudeDegrees>104.0749082</LongitudeDegrees></Position><AltitudeMeters>424</AltitudeMeters><HeartRateBpm><Value>120</Value></HeartRateBpm></Trackpoint>
</Track></Lap>
<Lap StartTime="2024-07-18T23:45:40Z">
<TotalTimeSeconds>267</TotalTimeSeconds><DistanceMeters>943.69</DistanceMeters><Track>
<Trackpoint><Time>2024-07-18T23:45:40Z</Time><Position><LatitudeDegrees>30.53969026</LatitudeDegrees><LongitudeDegrees>104.07489421</LongitudeDegrees></Position><AltitudeMeters>424</AltitudeMeters><HeartRateBpm><Value>121</Value></HeartRateBpm></Trackpoint>
<Trackpoint><Time>2024-07-18T23:45:41Z</Time><Position><LatitudeDegrees>30.53968994</LatitudeDegrees><LongitudeDegrees>104.07489121</LongitudeDegrees></Position><AltitudeMeters>424</AltitudeMeters><HeartRateBpm><Value>121</Value></HeartRateBpm></Trackpoint>
<Trackpoint><Time>2024-07-18T23:45:43Z</Time><Position><LatitudeDegrees>30.53968961</LatitudeDegrees><LongitudeDegrees>104.07486122</LongitudeDegrees></Position><AltitudeMeters>424</AltitudeMeters><HeartRateBpm><Value>120</Value></HeartRateBpm></Trackpoint>
<Trackpoint><Time>2024-07-18T23:45:44Z</Time><Position><LatitudeDegrees>30.53968961</LatitudeDegrees><LongitudeDegrees>104.07485855</LongitudeDegrees></Position><AltitudeMeters>424</AltitudeMeters><HeartRateBpm><Value>120</Value></HeartRateBpm></Trackpoint>
<Trackpoint><Time>2024-07-18T23:45:45Z</Time><Position><LatitudeDegrees>30.53969061</LatitudeDegrees><LongitudeDegrees>104.07485256</LongitudeDegrees></Position><AltitudeMeters>424</AltitudeMeters><HeartRateBpm><Value>120</Value></HeartRateBpm></Trackpoint>
<Trackpoint><Time>2024-07-18T23:45:46Z</Time><Position><LatitudeDegrees>30.53969094</LatitudeDegrees><LongitudeDegrees>104.07484156</LongitudeDegrees></Position><AltitudeMeters>424</AltitudeMeters><HeartRateBpm><Value>120</Value></HeartRateBpm></Trackpoint>
<Trackpoint><Time>2024-07-18T23:45:47Z</Time><Position><LatitudeDegrees>30.53969126</LatitudeDegrees><LongitudeDegrees>104.0748279</LongitudeDegrees></Position><AltitudeMeters>424</AltitudeMeters><HeartRateBpm><Value>120</Value></HeartRateBpm></Trackpoint>
<Trackpoint><Time>2024-07-18T23:45:48Z</Time><Position><LatitudeDegrees>30.53969158</LatitudeDegrees><LongitudeDegrees>104.07481124</LongitudeDegrees></Position><AltitudeMeters>424</AltitudeMeters><HeartRateBpm><Value>118</Value></HeartRateBpm></Trackpoint>
<Trackpoint><Time>2024-07-18T23:45:49Z</Time><Position><LatitudeDegrees>30.53969258</LatitudeDegrees><LongitudeDegrees>104.07478991</LongitudeDegrees></Position><AltitudeMeters>424</AltitudeMeters><HeartRateBpm><Value>118</Value></HeartRateBpm></Trackpoint>
<Trackpoint><Time>2024-07-18T23:45:51Z</Time><Position><LatitudeDegrees>30.53970058</LatitudeDegrees><LongitudeDegrees>104.07467525</LongitudeDegrees></Position><AltitudeMeters>424</AltitudeMeters><HeartRateBpm><Value>119</Value></HeartRateBpm></Trackpoint>
<Trackpoint><Time>2024-07-18T23:45:52Z</Time><Position><LatitudeDegrees>30.53970124</LatitudeDegrees><LongitudeDegrees>104.07466659</LongitudeDegrees></Position><AltitudeMeters>424</AltitudeMeters><HeartRateBpm><Value>119</Value></HeartRateBpm></Trackpoint>
<Trackpoint><Time>2024-07-18T23:45:53Z</Time><Position><LatitudeDegrees>30.53970391</LatitudeDegrees><LongitudeDegrees>104.0746496</LongitudeDegrees></Position><AltitudeMeters>424</AltitudeMeters><HeartRateBpm><Value>119</Value></HeartRateBpm></Trackpoint>
<Trackpoint><Time>2024-07-18T23:45:54Z</Time><Position><LatitudeDegrees>30.53970791</LatitudeDegrees><LongitudeDegrees>104.0746256</LongitudeDegrees></Position><AltitudeMeters>424</AltitudeMeters><HeartRateBpm><Value>119</Value></HeartRateBpm></Trackpoint>
<Trackpoint><Time>2024-07-18T23:45:55Z</Time><Position><LatitudeDegrees>30.53971324</LatitudeDegrees><LongitudeDegrees>104.07459728</LongitudeDegrees></Position><AltitudeMeters>424</AltitudeMeters><HeartRateBpm><Value>118</Value></HeartRateBpm></Trackpoint>
<Trackpoint><Time>2024-07-18T23:45:56Z</Time><Position><LatitudeDegrees>30.5397389</LatitudeDegrees><LongitudeDegrees>104.07444061</LongitudeDegrees></Position><AltitudeMeters>424</AltitudeMeters><HeartRateBpm><Value>118</Value></HeartRateBpm></Trackpoint>
<Trackpoint><Time>2024-07-18T23:45:57Z</Time><Position><LatitudeDegrees>30.53974022</LatitudeDegrees><LongitudeDegrees>104.07442961</LongitudeDegrees></Position><AltitudeMeters>424</AltitudeMeters><HeartRateBpm><Value>119</Value></HeartRateBpm></Trackpoint>
<Trackpoint><Time>2024-07-18T23:45:59Z</Time><Position><LatitudeDegrees>30.53974188</LatitudeDegrees><LongitudeDegrees>104.07439696</LongitudeDegrees></Position><AltitudeMeters>424</AltitudeMeters><HeartRateBpm><Value>120</Value></HeartRateBpm></Trackpoint>
<Trackpoint><Time>2024-07-18T23:46:00Z</Time><Position><LatitudeDegrees>30.53975721</LatitudeDegrees><LongitudeDegrees>104.07418162</LongitudeDegrees></Position><AltitudeMeters>424</AltitudeMeters><HeartRateBpm><Value>120</Value></HeartRateBpm></Trackpoint>
<Trackpoint><Time>2024-07-18T23:46:01Z</Time><Position><LatitudeDegrees>30.53975522</LatitudeDegrees><LongitudeDegrees>104.07416597</LongitudeDegrees></Position><AltitudeMeters>424</AltitudeMeters><HeartRateBpm><Value>120</Value></HeartRateBpm></Trackpoint>
<Trackpoint><Time>2024-07-18T23:46:02Z</Time><Position><LatitudeDegrees>30.53975621</LatitudeDegrees><LongitudeDegrees>104.07413397</LongitudeDegrees></Position><AltitudeMeters>424</AltitudeMeters><HeartRateBpm><Value>120</Value></HeartRateBpm></Trackpoint>
<Trackpoint><Time>2024-07-18T23:46:03Z</Time><Position><LatitudeDegrees>30.53976154</LatitudeDegrees><LongitudeDegrees>104.07409197</LongitudeDegrees></Position><AltitudeMeters>424</AltitudeMeters><HeartRateBpm><Value>121</Value></HeartRateBpm></Trackpoint>
<Trackpoint><Time>2024-07-18T23:46:05Z</Time><Position><LatitudeDegrees>30.53976688</LatitudeDegrees><LongitudeDegrees>104.07404098</LongitudeDegrees></Position><AltitudeMeters>424</AltitudeMeters><HeartRateBpm><Value>121</Value></HeartRateBpm></Trackpoint>
<Trackpoint><Time>2024-07-18T23:46:07Z</Time><Position><LatitudeDegrees>30.53978887</LatitudeDegrees><LongitudeDegrees>104.07381165</LongitudeDegrees></Position><AltitudeMeters>424</AltitudeMeters><HeartRateBpm><Value>118</Value></HeartRateBpm></Trackpoint>
<Trackpoint><Time>2024-07-18T23:46:09Z</Time><Position><LatitudeDegrees>30.53981653</LatitudeDegrees><LongitudeDegrees>104.073688</LongitudeDegrees></Position><AltitudeMeters>424</AltitudeMeters><HeartRateBpm><Value>117</Value></HeartRateBpm></Trackpoint>
<Trackpoint><Time>2024-07-18T23:46:10Z</Time><Position><LatitudeDegrees>30.53981952</LatitudeDegrees><LongitudeDegrees>104.073672</LongitudeDegrees></Position><AltitudeMeters>424</AltitudeMeters><HeartRateBpm><Value>117</Value></HeartRateBpm></Trackpoint>
<Trackpoint><Time>2024-07-18T23:46:11Z</Time><Position><LatitudeDegrees>30.53982685</LatitudeDegrees><LongitudeDegrees>104.07363934</LongitudeDegrees></Position><AltitudeMeters>424</AltitudeMeters><HeartRateBpm><Value>118</Value></HeartRateBpm></Trackpoint>
<Trackpoint><Time>2024-07-18T23:46:13Z</Time><Position><LatitudeDegrees>30.53986818</LatitudeDegrees><LongitudeDegrees>104.07343401</LongitudeDegrees></Position><AltitudeMeters>424</AltitudeMeters><HeartRateBpm><Value>119</Value></HeartRateBpm></Trackpoint>
<Trackpoint><Time>2024-07-18T23:46:15Z</Time><Position><LatitudeDegrees>30.53989618</LatitudeDegrees><LongitudeDegrees>104.07330834</LongitudeDegrees></Position><AltitudeMeters>424</AltitudeMeters><HeartRateBpm><Value>118</Value></HeartRateBpm></Trackpoint>
<Trackpoint><Time>2024-07-18T23:46:16Z</Time><Position><LatitudeDegrees>30.53989885</LatitudeDegrees><LongitudeDegrees>104.07329201</LongitudeDegrees></Position><AltitudeMeters>424</AltitudeMeters><HeartRateBpm><Value>118</Value></HeartRateBpm></Trackpoint>
<Trackpoint><Time>2024-07-18T23:46:17Z</Time><Position><LatitudeDegrees>30.53990517</LatitudeDegrees><LongitudeDegrees>104.07325901</LongitudeDegrees></Position><AltitudeMeters>423</AltitudeMeters><HeartRateBpm><Value>118</Value></HeartRateBpm></Trackpoint>
<Trackpoint><Time>2024-07-18T23:46:18Z</Time><Position><LatitudeDegrees>30.5399145</LatitudeDegrees><LongitudeDegrees>104.07321468</LongitudeDegrees></Position><AltitudeMeters>422</AltitudeMeters><HeartRateBpm><Value>118</Value></HeartRateBpm></Trackpoint>
<Trackpoint><Time>2024-07-18T23:46:19Z</Time><Position><LatitudeDegrees>30.5399255</LatitudeDegrees><LongitudeDegrees>104.07316335</LongitudeDegrees></Position><AltitudeMeters>423</AltitudeMeters><HeartRateBpm><Value>118</Value></HeartRateBpm></Trackpoint>
<Trackpoint><Time>2024-07-18T23:46:20Z</Time><Position><LatitudeDegrees>30.53993716</LatitudeDegrees><LongitudeDegrees>104.07310536</LongitudeDegrees></Position><AltitudeMeters>423</AltitudeMeters><HeartRateBpm><Value>118</Value></HeartRateBpm></Trackpoint>
<Trackpoint><Time>2024-07-18T23:46:21Z</Time><Position><LatitudeDegrees>30.53994983</LatitudeDegrees><LongitudeDegrees>104.07304403</LongitudeDegrees></Position><AltitudeMeters>423</AltitudeMeters><HeartRateBpm><Value>118</Value></HeartRateBpm></Trackpoint>
<Trackpoint><Time>2024-07-18T23:46:22Z</Time><Position><LatitudeDegrees>30.53996083</LatitudeDegrees><LongitudeDegrees>104.07298337</LongitudeDegrees></Position><AltitudeMeters>422</AltitudeMeters><HeartRateBpm><Value>118</Value></HeartRateBpm></Trackpoint>
<Trackpoint><Time>2024-07-18T23:46:23Z</Time><Position><LatitudeDegrees>30.53997115</LatitudeDegrees><LongitudeDegrees>104.07292337</LongitudeDegrees></Position><AltitudeMeters>422</AltitudeMeters><HeartRateBpm><Value>118</Value></HeartRateBpm></Trackpoint>
<Trackpoint><Time>2024-07-18T23:46:25Z</Time><Position><LatitudeDegrees>30.54000281</LatitudeDegrees><LongitudeDegrees>104.07267705</LongitudeDegrees></Position><AltitudeMeters>422</AltitudeMeters><HeartRateBpm><Value>119</Value></HeartRateBpm></Trackpoint>
<Trackpoint><Time>2024-07-18T23:46:26Z</Time><Position><LatitudeDegrees>30.54000647</LatitudeDegrees><LongitudeDegrees>104.07255638</LongitudeDegrees></Position><AltitudeMeters>422</AltitudeMeters><HeartRateBpm><Value>119</Value></HeartRateBpm></Trackpoint>
<Trackpoint><Time>2024-07-18T23:46:27Z</Time><Position><LatitudeDegrees>30.54000615</LatitudeDegrees><LongitudeDegrees>104.07254106</LongitudeDegrees></Position><AltitudeMeters>422</AltitudeMeters><HeartRateBpm><Value>119</Value></HeartRateBpm></Trackpoint>
<Trackpoint><Time>2024-07-18T23:46:28Z</Time><Position><LatitudeDegrees>30.54000615</LatitudeDegrees><LongitudeDegrees>104.07251107</LongitudeDegrees></Position><AltitudeMeters>422</AltitudeMeters><HeartRateBpm><Value>119</Value></HeartRateBpm></Trackpoint>
<Trackpoint><Time>2024-07-18T23:46:30Z</Time><Position><LatitudeDegrees>30.54000316</LatitudeDegrees><LongitudeDegrees>104.07231873</LongitudeDegrees></Position><AltitudeMeters>422</AltitudeMeters><HeartRateBpm><Value>117</Value></HeartRateBpm></Trackpoint>
<Trackpoint><Time>2024-07-18T23:46:31Z</Time><Position><LatitudeDegrees>30.54000216</LatitudeDegrees><LongitudeDegrees>104.07230341</LongitudeDegrees></Position><AltitudeMeters>422</AltitudeMeters><HeartRateBpm><Value>118</Value></HeartRateBpm></Trackpoint>
<Trackpoint><Time>2024-07-18T23:46:32Z</Time><Position><LatitudeDegrees>30.53999884</LatitudeDegrees><LongitudeDegrees>104.07227109</LongitudeDegrees></Position><AltitudeMeters>422</AltitudeMeters><HeartRateBpm><Value>118</Value></HeartRateBpm></Trackpoint>
<Trackpoint><Time>2024-07-18T23:46:33Z</Time><Position><LatitudeDegrees>30.5399955</LatitudeDegrees><LongitudeDegrees>104.07222743</LongitudeDegrees></Position><AltitudeMeters>422</AltitudeMeters><HeartRateBpm><Value>118</Value></HeartRateBpm></Trackpoint>
<Trackpoint><Time>2024-07-18T23:46:34Z</Time><Position><LatitudeDegrees>30.53998985</LatitudeDegrees><LongitudeDegrees>104.0721771</LongitudeDegrees></Position><AltitudeMeters>422</AltitudeMeters><HeartRateBpm><Value>118</Value></HeartRateBpm></Trackpoint>
<Trackpoint><Time>2024-07-18T23:46:35Z</Time><Position><LatitudeDegrees>30.53998486</LatitudeDegrees><LongitudeDegrees>104.07212544</LongitudeDegrees></Position><AltitudeMeters>422</AltitudeMeters><HeartRateBpm><Value>119</Value></HeartRateBpm></Trackpoint>
<Trackpoint><Time>2024-07-18T23:46:36Z</Time><Position><LatitudeDegrees>30.53997952</LatitudeDegrees><LongitudeDegrees>104.07207211</LongitudeDegrees></Position><AltitudeMeters>422</AltitudeMeters><HeartRateBpm><Value>119</Value></HeartRateBpm></Trackpoint>
<Trackpoint><Time>2024-07-18T23:46:38Z</Time><Position><LatitudeDegrees>30.53994619</LatitudeDegrees><LongitudeDegrees>104.07186444</LongitudeDegrees></Position><AltitudeMeters>422</AltitudeMeters><HeartRateBpm><Value>120</Value></HeartRateBpm></Trackpoint>
<Trackpoint><Time>2024-07-18T23:46:39Z</Time><Position><LatitudeDegrees>30.53994352</LatitudeDegrees><LongitudeDegrees>104.07185312</LongitudeDegrees></Position><AltitudeMeters>422</AltitudeMeters><HeartRateBpm><Value>120</Value></HeartRateBpm></Trackpoint>
<Trackpoint><Time>2024-07-18T23:46:40Z</Time><Position><LatitudeDegrees>30.5399382</LatitudeDegrees><LongitudeDegrees>104.07182812</LongitudeDegrees></Position><AltitudeMeters>422</AltitudeMeters><HeartRateBpm><Value>120</Value></HeartRateBpm></Trackpoint>
<Trackpoint><Time>2024-07-18T23:46:41Z</Time><Position><LatitudeDegrees>30.5399312</LatitudeDegrees><LongitudeDegrees>104.07179379</LongitudeDegrees></Position><AltitudeMeters>422</AltitudeMeters><HeartRateBpm><Value>120</Value></HeartRateBpm></Trackpoint>
<Trackpoint><Time>2024-07-18T23:46:42Z</Time><Position><LatitudeDegrees>30.53992254</LatitudeDegrees><LongitudeDegrees>104.0717528</LongitudeDegrees></Position><AltitudeMeters>422</AltitudeMeters><HeartRateBpm><Value>120</Value></HeartRateBpm></Trackpoint>
<Trackpoint><Time>2024-07-18T23:46:43Z</Time><Position><LatitudeDegrees>30.53991289</LatitudeDegrees><LongitudeDegrees>104.07170814</LongitudeDegrees></Position><AltitudeMeters>422</AltitudeMeters><HeartRateBpm><Value>122</Value></HeartRateBpm></Trackpoint>
<Trackpoint><Time>2024-07-18T23:46:44Z</Time><Position><LatitudeDegrees>30.53990222</LatitudeDegrees><LongitudeDegrees>104.0716598</LongitudeDegrees></Position><AltitudeMeters>422</AltitudeMeters><HeartRateBpm><Value>122</Value></HeartRateBpm></Trackpoint>
<Trackpoint><Time>2024-07-18T23:46:45Z</Time><Position><LatitudeDegrees>30.53989022</LatitudeDegrees><LongitudeDegrees>104.07160881</LongitudeDegrees></Position><AltitudeMeters>422</AltitudeMeters><HeartRateBpm><Value>122</Value></HeartRateBpm></Trackpoint>
<Trackpoint><Time>2024-07-18T23:46:46Z</Time><Position><LatitudeDegrees>30.53983323</LatitudeDegrees><LongitudeDegrees>104.07139782</LongitudeDegrees></Position><AltitudeMeters>422</AltitudeMeters><HeartRateBpm><Value>122</Value></HeartRateBpm></Trackpoint>
<Trackpoint><Time>2024-07-18T23:46:47Z</Time><Position><LatitudeDegrees>30.53982823</LatitudeDegrees><LongitudeDegrees>104.0713835</LongitudeDegrees></Position><AltitudeMeters>422</AltitudeMeters><HeartRateBpm><Value>122</Value></HeartRateBpm></Trackpoint>
<Trackpoint><Time>2024-07-18T23:46:48Z</Time><Position><LatitudeDegrees>30.53981891</LatitudeDegrees><LongitudeDegrees>104.07135684</LongitudeDegrees></Position><AltitudeMeters>422</AltitudeMeters><HeartRateBpm><Value>122</Value></HeartRateBpm></Trackpoint>
<Trackpoint><Time>2024-07-18T23:46:50Z</Time><Position><LatitudeDegrees>30.53980591</LatitudeDegrees><LongitudeDegrees>104.07132251</LongitudeDegrees></Position><AltitudeMeters>422</AltitudeMeters><HeartRateBpm><Value>122</Value></HeartRateBpm></Trackpoint>
<Trackpoint><Time>2024-07-18T23:46:51Z</Time><Position><LatitudeDegrees>30.53979258</LatitudeDegrees><LongitudeDegrees>104.07128385</LongitudeDegrees></Position><AltitudeMeters>422</AltitudeMeters><HeartRateBpm><Value>122</Value></HeartRateBpm></Trackpoint>
<Trackpoint><Time>2024-07-18T23:46:52Z</Time><Position><LatitudeDegrees>30.53977826</LatitudeDegrees><LongitudeDegrees>104.07124385</LongitudeDegrees></Position><AltitudeMeters>422</AltitudeMeters><HeartRateBpm><Value>122</Value></HeartRateBpm></Trackpoint>
<Trackpoint><Time>2024-07-18T23:46:54Z</Time><Position><LatitudeDegrees>30.53972093</LatitudeDegrees><LongitudeDegrees>104.07108353</LongitudeDegrees></Position><AltitudeMeters>422</AltitudeMeters><HeartRateBpm><Value>123</Value></HeartRateBpm></Trackpoint>
<Trackpoint><Time>2024-07-18T23:46:56Z</Time><Position><LatitudeDegrees>30.53969627</LatitudeDegrees><LongitudeDegrees>104.07102654</LongitudeDegrees></Position><AltitudeMeters>422</AltitudeMeters><HeartRateBpm><Value>124</Value></HeartRateBpm></Trackpoint>
<Trackpoint><Time>2024-07-18T23:46:57Z</Time><Position><LatitudeDegrees>30.53969394</LatitudeDegrees><LongitudeDegrees>104.07102154</LongitudeDegrees></Position><AltitudeMeters>422</AltitudeMeters><HeartRateBpm><Value>123</Value></HeartRateBpm></Trackpoint>
<Trackpoint><Time>2024-07-18T23:46:58Z</Time><Position><LatitudeDegrees>30.53969061</LatitudeDegrees><LongitudeDegrees>104.07100988</LongitudeDegrees></Position><AltitudeMeters>422</AltitudeMeters><HeartRateBpm><Value>123</Value></HeartRateBpm></Trackpoint>
<Trackpoint><Time>2024-07-18T23:46:59Z</Time><Position><LatitudeDegrees>30.53966529</LatitudeDegrees><LongitudeDegrees>104.07093888</LongitudeDegrees></Position><AltitudeMeters>422</AltitudeMeters><HeartRateBpm><Value>123</Value></HeartRateBpm></Trackpoint>
<Trackpoint><Time>2024-07-18T23:47:00Z</Time><Position><LatitudeDegrees>30.53966262</LatitudeDegrees><LongitudeDegrees>104.07093189</LongitudeDegrees></Position><AltitudeMeters>422</AltitudeMeters><HeartRateBpm><Value>123</Value></HeartRateBpm></Trackpoint>
<Trackpoint><Time>2024-07-18T23:47:02Z</Time><Position><LatitudeDegrees>30.53965697</LatitudeDegrees><LongitudeDegrees>104.07091824</LongitudeDegrees></Position><AltitudeMeters>422</AltitudeMeters><HeartRateBpm><Value>121</Value></HeartRateBpm></Trackpoint>
<Trackpoint><Time>2024-07-18T23:47:03Z</Time><Position><LatitudeDegrees>30.5396203</LatitudeDegrees><LongitudeDegrees>104.0708349</LongitudeDegrees></Position><AltitudeMeters>422</AltitudeMeters><HeartRateBpm><Value>122</Value></HeartRateBpm></Trackpoint>
<Trackpoint><Time>2024-07-18T23:47:05Z</Time><Position><LatitudeDegrees>30.5396173</LatitudeDegrees><LongitudeDegrees>104.07082825</LongitudeDegrees></Position><AltitudeMeters>422</AltitudeMeters><HeartRateBpm><Value>122</Value></HeartRateBpm></Trackpoint>
<Trackpoint><Time>2024-07-18T23:47:06Z</Time><Position><LatitudeDegrees>30.53961098</LatitudeDegrees><LongitudeDegrees>104.07081425</LongitudeDegrees></Position><AltitudeMeters>423</AltitudeMeters><HeartRateBpm><Value>122</Value></HeartRateBpm></Trackpoint>
<Trackpoint><Time>2024-07-18T23:47:08Z</Time><Position><LatitudeDegrees>30.53956598</LatitudeDegrees><LongitudeDegrees>104.07070526</LongitudeDegrees></Position><AltitudeMeters>423</AltitudeMeters><HeartRateBpm><Value>122</Value></HeartRateBpm></Trackpoint>
<Trackpoint><Time>2024-07-18T23:47:10Z</Time><Position><LatitudeDegrees>30.53952698</LatitudeDegrees><LongitudeDegrees>104.0706066</LongitudeDegrees></Position><AltitudeMeters>423</AltitudeMeters><HeartRateBpm><Value>124</Value></HeartRateBpm></Trackpoint>
<Trackpoint><Time>2024-07-18T23:47:11Z</Time><Position><LatitudeDegrees>30.53952264</LatitudeDegrees><LongitudeDegrees>104.07059427</LongitudeDegrees></Position><AltitudeMeters>423</AltitudeMeters><HeartRateBpm><Value>124</Value></HeartRateBpm></Trackpoint>
<Trackpoint><Time>2024-07-18T23:47:12Z</Time><Position><LatitudeDegrees>30.53946132</LatitudeDegrees><LongitudeDegrees>104.07042727</LongitudeDegrees></Position><AltitudeMeters>423</AltitudeMeters><HeartRateBpm><Value>124</Value></HeartRateBpm></Trackpoint>
<Trackpoint><Time>2024-07-18T23:47:14Z</Time><Position><LatitudeDegrees>30.53945465</LatitudeDegrees><LongitudeDegrees>104.07041061</LongitudeDegrees></Position><AltitudeMeters>423</AltitudeMeters><HeartRateBpm><Value>124</Value></HeartRateBpm></Trackpoint>
<Trackpoint><Time>2024-07-18T23:47:15Z</Time><Position><LatitudeDegrees>30.53944132</LatitudeDegrees><LongitudeDegrees>104.07037728</LongitudeDegrees></Position><AltitudeMeters>423</AltitudeMeters><HeartRateBpm><Value>124</Value></HeartRateBpm></Trackpoint>
<Trackpoint><Time>2024-07-18T23:47:16Z</Time><Position><LatitudeDegrees>30.53942233</LatitudeDegrees><LongitudeDegrees>104.07033029</LongitudeDegrees></Position><AltitudeMeters>423</AltitudeMeters><HeartRateBpm><Value>125</Value></HeartRateBpm></Trackpoint>
<Trackpoint><Time>2024-07-18T23:47:17Z</Time><Position><LatitudeDegrees>30.53933634</LatitudeDegrees><LongitudeDegrees>104.07010663</LongitudeDegrees></Position><AltitudeMeters>423</AltitudeMeters><HeartRateBpm><Value>125</Value></HeartRateBpm></Trackpoint>
<Trackpoint><Time>2024-07-18T23:47:18Z</Time><Position><LatitudeDegrees>30.53933101</LatitudeDegrees><LongitudeDegrees>104.0700933</LongitudeDegrees></Position><AltitudeMeters>423</AltitudeMeters><HeartRateBpm><Value>126</Value></HeartRateBpm></Trackpoint>
<Trackpoint><Time>2024-07-18T23:47:20Z</Time><Position><LatitudeDegrees>30.53932001</LatitudeDegrees><LongitudeDegrees>104.0700653</LongitudeDegrees></Position><AltitudeMeters>423</AltitudeMeters><HeartRateBpm><Value>126</Value></HeartRateBpm></Trackpoint>
<Trackpoint><Time>2024-07-18T23:47:21Z</Time><Position><LatitudeDegrees>30.53930501</LatitudeDegrees><LongitudeDegrees>104.0700283</LongitudeDegrees></Position><AltitudeMeters>423</AltitudeMeters><HeartRateBpm><Value>126</Value></HeartRateBpm></Trackpoint>
<Trackpoint><Time>2024-07-18T23:47:22Z</Time><Position><LatitudeDegrees>30.53928602</LatitudeDegrees><LongitudeDegrees>104.06998764</LongitudeDegrees></Position><AltitudeMeters>423</AltitudeMeters><HeartRateBpm><Value>126</Value></HeartRateBpm></Trackpoint>
<Trackpoint><Time>2024-07-18T23:47:24Z</Time><Position><LatitudeDegrees>30.53919802</LatitudeDegrees><LongitudeDegrees>104.06977131</LongitudeDegrees></Position><AltitudeMeters>423</AltitudeMeters><HeartRateBpm><Value>127</Value></HeartRateBpm></Trackpoint>
<Trackpoint><Time>2024-07-18T23:47:25Z</Time><Position><LatitudeDegrees>30.53919102</LatitudeDegrees><LongitudeDegrees>104.06975864</LongitudeDegrees></Position><AltitudeMeters>423</AltitudeMeters><HeartRateBpm><Value>127</Value></HeartRateBpm></Trackpoint>
<Trackpoint><Time>2024-07-18T23:47:26Z</Time><Position><LatitudeDegrees>30.53917936</LatitudeDegrees><LongitudeDegrees>104.06972897</LongitudeDegrees></Position><AltitudeMeters>423</AltitudeMeters><HeartRateBpm><Value>127</Value></HeartRateBpm></Trackpoint>
<Trackpoint><Time>2024-07-18T23:47:28Z</Time><Position><LatitudeDegrees>30.5390877</LatitudeDegrees><LongitudeDegrees>104.06954397</LongitudeDegrees></Position><AltitudeMeters>423</AltitudeMeters><HeartRateBpm><Value>130</Value></HeartRateBpm></Trackpoint>
<Trackpoint><Time>2024-07-18T23:47:30Z</Time><Position><LatitudeDegrees>30.5390217</LatitudeDegrees><LongitudeDegrees>104.06943798</LongitudeDegrees></Position><AltitudeMeters>423</AltitudeMeters><HeartRateBpm><Value>133</Value></HeartRateBpm></Trackpoint>
<Trackpoint><Time>2024-07-18T23:47:32Z</Time><Position><LatitudeDegrees>30.53894771</LatitudeDegrees><LongitudeDegrees>104.06933832</LongitudeDegrees></Position><AltitudeMeters>423</AltitudeMeters><HeartRateBpm><Value>134</Value></HeartRateBpm></Trackpoint>
<Trackpoint><Time>2024-07-18T23:47:33Z</Time><Position><LatitudeDegrees>30.53893905</LatitudeDegrees><LongitudeDegrees>104.06932432</LongitudeDegrees></Position><AltitudeMeters>423</AltitudeMeters><HeartRateBpm><Value>134</Value></HeartRateBpm></Trackpoint>
<Trackpoint><Time>2024-07-18T23:47:34Z</Time><Position><LatitudeDegrees>30.53892039</LatitudeDegrees><LongitudeDegrees>104.06929933</LongitudeDegrees></Position><AltitudeMeters>423</AltitudeMeters><HeartRateBpm><Value>134</Value></HeartRateBpm></Trackpoint>
<Trackpoint><Time>2024-07-18T23:47:36Z</Time><Position><LatitudeDegrees>30.5387934</LatitudeDegrees><LongitudeDegrees>104.069164</LongitudeDegrees></Position><AltitudeMeters>423</AltitudeMeters><HeartRateBpm><Value>136</Value></HeartRateBpm></Trackpoint>
<Trackpoint><Time>2024-07-18T23:47:38Z</Time><Position><LatitudeDegrees>30.53870807</LatitudeDegrees><LongitudeDegrees>104.06908901</LongitudeDegrees></Position><AltitudeMeters>423</AltitudeMeters><HeartRateBpm><Value>137</Value></HeartRateBpm></Trackpoint>
<Trackpoint><Time>2024-07-18T23:47:39Z</Time><Position><LatitudeDegrees>30.53869973</LatitudeDegrees><LongitudeDegrees>104.06908068</LongitudeDegrees></Position><AltitudeMeters>423</AltitudeMeters><HeartRateBpm><Value>137</Value></HeartRateBpm></Trackpoint>
<Trackpoint><Time>2024-07-18T23:47:40Z</Time><Position><LatitudeDegrees>30.53868307</LatitudeDegrees><LongitudeDegrees>104.06906501</LongitudeDegrees></Position><AltitudeMeters>423</AltitudeMeters><HeartRateBpm><Value>137</Value></HeartRateBpm></Trackpoint>
<Trackpoint><Time>2024-07-18T23:47:42Z</Time><Position><LatitudeDegrees>30.53857274</LatitudeDegrees><LongitudeDegrees>104.06896836</LongitudeDegrees></Position><AltitudeMeters>423</AltitudeMeters><HeartRateBpm><Value>137</Value></HeartRateBpm></Trackpoint>
<Trackpoint><Time>2024-07-18T23:47:43Z</Time><Position><LatitudeDegrees>30.53856409</LatitudeDegrees><LongitudeDegrees>104.0689627</LongitudeDegrees></Position><AltitudeMeters>423</AltitudeMeters><HeartRateBpm><Value>137</Value></HeartRateBpm></Trackpoint>
<Trackpoint><Time>2024-07-18T23:47:44Z</Time><Position><LatitudeDegrees>30.53854676</LatitudeDegrees><LongitudeDegrees>104.06895103</LongitudeDegrees></Position><AltitudeMeters>423</AltitudeMeters><HeartRateBpm><Value>137</Value></HeartRateBpm></Trackpoint>
<Trackpoint><Time>2024-07-18T23:47:46Z</Time><Position><LatitudeDegrees>30.53844343</LatitudeDegrees><LongitudeDegrees>104.06886671</LongitudeDegrees></Position><AltitudeMeters>423</AltitudeMeters><HeartRateBpm><Value>135</Value></HeartRateBpm></Trackpoint>
<Trackpoint><Time>2024-07-18T23:47:47Z</Time><Position><LatitudeDegrees>30.53838544</LatitudeDegrees><LongitudeDegrees>104.06882171</LongitudeDegrees></Position><AltitudeMeters>423</AltitudeMeters><HeartRateBpm><Value>133</Value></HeartRateBpm></Trackpoint>
<Trackpoint><Time>2024-07-18T23:47:48Z</Time><Position><LatitudeDegrees>30.53837744</LatitudeDegrees><LongitudeDegrees>104.06881438</LongitudeDegrees></Position><AltitudeMeters>423</AltitudeMeters><HeartRateBpm><Value>133</Value></HeartRateBpm></Trackpoint>
<Trackpoint><Time>2024-07-18T23:47:50Z</Time><Position><LatitudeDegrees>30.53836045</LatitudeDegrees><LongitudeDegrees>104.06879972</LongitudeDegrees></Position><AltitudeMeters>423</AltitudeMeters><HeartRateBpm><Value>128</Value></HeartRateBpm></Trackpoint>
<Trackpoint><Time>2024-07-18T23:47:51Z</Time><Position><LatitudeDegrees>30.53833678</LatitudeDegrees><LongitudeDegrees>104.06878139</LongitudeDegrees></Position><AltitudeMeters>423</AltitudeMeters><HeartRateBpm><Value>127</Value></HeartRateBpm></Trackpoint>
<Trackpoint><Time>2024-07-18T23:47:52Z</Time><Position><LatitudeDegrees>30.53830979</LatitudeDegrees><LongitudeDegrees>104.0687634</LongitudeDegrees></Position><AltitudeMeters>423</AltitudeMeters><HeartRateBpm><Value>126</Value></HeartRateBpm></Trackpoint>
<Trackpoint><Time>2024-07-18T23:47:53Z</Time><Position><LatitudeDegrees>30.53828046</LatitudeDegrees><LongitudeDegrees>104.06874573</LongitudeDegrees></Position><AltitudeMeters>424</AltitudeMeters><HeartRateBpm><Value>125</Value></HeartRateBpm></Trackpoint>
<Trackpoint><Time>2024-07-18T23:47:54Z</Time><Position><LatitudeDegrees>30.53824847</LatitudeDegrees><LongitudeDegrees>104.0687284</LongitudeDegrees></Position><AltitudeMeters>424</AltitudeMeters><HeartRateBpm><Value>125</Value></HeartRateBpm></Trackpoint>
<Trackpoint><Time>2024-07-18T23:47:55Z</Time><Position><LatitudeDegrees>30.53821647</LatitudeDegrees><LongitudeDegrees>104.06870974</LongitudeDegrees></Position><AltitudeMeters>424</AltitudeMeters><HeartRateBpm><Value>124</Value></HeartRateBpm></Trackpoint>
<Trackpoint><Time>2024-07-18T23:47:56Z</Time><Position><LatitudeDegrees>30.5381848</LatitudeDegrees><LongitudeDegrees>104.06869041</LongitudeDegrees></Position><AltitudeMeters>424</AltitudeMeters><HeartRateBpm><Value>124</Value></HeartRateBpm></Trackpoint>
<Trackpoint><Time>2024-07-18T23:47:57Z</Time><Position><LatitudeDegrees>30.53815615</LatitudeDegrees><LongitudeDegrees>104.06867174</LongitudeDegrees></Position><AltitudeMeters>424</AltitudeMeters><HeartRateBpm><Value>124</Value></HeartRateBpm></Trackpoint>
<Trackpoint><Time>2024-07-18T23:47:58Z</Time><Position><LatitudeDegrees>30.53812916</LatitudeDegrees><LongitudeDegrees>104.06865241</LongitudeDegrees></Position><AltitudeMeters>424</AltitudeMeters><HeartRateBpm><Value>124</Value></HeartRateBpm></Trackpoint>
<Trackpoint><Time>2024-07-18T23:48:00Z</Time><Position><LatitudeDegrees>30.53801616</LatitudeDegrees><LongitudeDegrees>104.06856541</LongitudeDegrees></Position><AltitudeMeters>424</AltitudeMeters><HeartRateBpm><Value>123</Value></HeartRateBpm></Trackpoint>
<Trackpoint><Time>2024-07-18T23:48:01Z</Time><Position><LatitudeDegrees>30.5380065</LatitudeDegrees><LongitudeDegrees>104.06855975</LongitudeDegrees></Position><AltitudeMeters>424</AltitudeMeters><HeartRateBpm><Value>123</Value></HeartRateBpm></Trackpoint>
<Trackpoint><Time>2024-07-18T23:48:02Z</Time><Position><LatitudeDegrees>30.53798683</LatitudeDegrees><LongitudeDegrees>104.06854875</LongitudeDegrees></Position><AltitudeMeters>424</AltitudeMeters><HeartRateBpm><Value>123</Value></HeartRateBpm></Trackpoint>
<Trackpoint><Time>2024-07-18T23:48:04Z</Time><Position><LatitudeDegrees>30.53785483</LatitudeDegrees><LongitudeDegrees>104.06847143</LongitudeDegrees></Position><AltitudeMeters>424</AltitudeMeters><HeartRateBpm><Value>124</Value></HeartRateBpm></Trackpoint>
<Trackpoint><Time>2024-07-18T23:48:05Z</Time><Position><LatitudeDegrees>30.53784484</LatitudeDegrees><LongitudeDegrees>104.06846643</LongitudeDegrees></Position><AltitudeMeters>424</AltitudeMeters><HeartRateBpm><Value>127</Value></HeartRateBpm></Trackpoint>
<Trackpoint><Time>2024-07-18T23:48:06Z</Time><Position><LatitudeDegrees>30.53782418</LatitudeDegrees><LongitudeDegrees>104.0684541</LongitudeDegrees></Position><AltitudeMeters>424</AltitudeMeters><HeartRateBpm><Value>127</Value></HeartRateBpm></Trackpoint>
<Trackpoint><Time>2024-07-18T23:48:07Z</Time><Position><LatitudeDegrees>30.53779618</LatitudeDegrees><LongitudeDegrees>104.06843611</LongitudeDegrees></Position><AltitudeMeters>424</AltitudeMeters><HeartRateBpm><Value>127</Value></HeartRateBpm></Trackpoint>
<Trackpoint><Time>2024-07-18T23:48:08Z</Time><Position><LatitudeDegrees>30.53765352</LatitudeDegrees><LongitudeDegrees>104.06833411</LongitudeDegrees></Position><AltitudeMeters>424</AltitudeMeters><HeartRateBpm><Value>125</Value></HeartRateBpm></Trackpoint>
<Trackpoint><Time>2024-07-18T23:48:09Z</Time><Position><LatitudeDegrees>30.53764353</LatitudeDegrees><LongitudeDegrees>104.06832679</LongitudeDegrees></Position><AltitudeMeters>424</AltitudeMeters><HeartRateBpm><Value>125</Value></HeartRateBpm></Trackpoint>
<Trackpoint><Time>2024-07-18T23:48:11Z</Time><Position><LatitudeDegrees>30.5376222</LatitudeDegrees><LongitudeDegrees>104.06831213</LongitudeDegrees></Position><AltitudeMeters>424</AltitudeMeters><HeartRateBpm><Value>125</Value></HeartRateBpm></Trackpoint>
<Trackpoint><Time>2024-07-18T23:48:12Z</Time><Position><LatitudeDegrees>30.53759187</LatitudeDegrees><LongitudeDegrees>104.0682908</LongitudeDegrees></Position><AltitudeMeters>424</AltitudeMeters><HeartRateBpm><Value>125</Value></HeartRateBpm></Trackpoint>
<Trackpoint><Time>2024-07-18T23:48:14Z</Time><Position><LatitudeDegrees>30.53744355</LatitudeDegrees><LongitudeDegrees>104.06819313</LongitudeDegrees></Position><AltitudeMeters>424</AltitudeMeters><HeartRateBpm><Value>126</Value></HeartRateBpm></Trackpoint>
<Trackpoint><Time>2024-07-18T23:48:15Z</Time><Position><LatitudeDegrees>30.53736022</LatitudeDegrees><LongitudeDegrees>104.0681398</LongitudeDegrees></Position><AltitudeMeters>424</AltitudeMeters><HeartRateBpm><Value>127</Value></HeartRateBpm></Trackpoint>
<Trackpoint><Time>2024-07-18T23:48:17Z</Time><Position><LatitudeDegrees>30.53734956</LatitudeDegrees><LongitudeDegrees>104.06813314</LongitudeDegrees></Position><AltitudeMeters>424</AltitudeMeters><HeartRateBpm><Value>128</Value></HeartRateBpm></Trackpoint>
<Trackpoint><Time>2024-07-18T23:48:18Z</Time><Position><LatitudeDegrees>30.53732723</LatitudeDegrees><LongitudeDegrees>104.06811848</LongitudeDegrees></Position><AltitudeMeters>424</AltitudeMeters><HeartRateBpm><Value>128</Value></HeartRateBpm></Trackpoint>
<Trackpoint><Time>2024-07-18T23:48:19Z</Time><Position><LatitudeDegrees>30.53729723</LatitudeDegrees><LongitudeDegrees>104.06809915</LongitudeDegrees></Position><AltitudeMeters>424</AltitudeMeters><HeartRateBpm><Value>128</Value></HeartRateBpm></Trackpoint>
<Trackpoint><Time>2024-07-18T23:48:20Z</Time><Position><LatitudeDegrees>30.53726224</LatitudeDegrees><LongitudeDegrees>104.06807682</LongitudeDegrees></Position><AltitudeMeters>424</AltitudeMeters><HeartRateBpm><Value>128</Value></HeartRateBpm></Trackpoint>
<Trackpoint><Time>2024-07-18T23:48:21Z</Time><Position><LatitudeDegrees>30.5372249</LatitudeDegrees><LongitudeDegrees>104.06805283</LongitudeDegrees></Position><AltitudeMeters>424</AltitudeMeters><HeartRateBpm><Value>126</Value></HeartRateBpm></Trackpoint>
<Trackpoint><Time>2024-07-18T23:48:22Z</Time><Position><LatitudeDegrees>30.53718724</LatitudeDegrees><LongitudeDegrees>104.06803016</LongitudeDegrees></Position><AltitudeMeters>424</AltitudeMeters><HeartRateBpm><Value>126</Value></HeartRateBpm></Trackpoint>
<Trackpoint><Time>2024-07-18T23:48:24Z</Time><Position><LatitudeDegrees>30.53703191</LatitudeDegrees><LongitudeDegrees>104.06794217</LongitudeDegrees></Position><AltitudeMeters>424</AltitudeMeters><HeartRateBpm><Value>125</Value></HeartRateBpm></Trackpoint>
<Trackpoint><Time>2024-07-18T23:48:26Z</Time><Position><LatitudeDegrees>30.53696758</LatitudeDegrees><LongitudeDegrees>104.06788917</LongitudeDegrees></Position><AltitudeMeters>424</AltitudeMeters><HeartRateBpm><Value>124</Value></HeartRateBpm></Trackpoint>
<Trackpoint><Time>2024-07-18T23:48:27Z</Time><Position><LatitudeDegrees>30.53695925</LatitudeDegrees><LongitudeDegrees>104.06788252</LongitudeDegrees></Position><AltitudeMeters>424</AltitudeMeters><HeartRateBpm><Value>123</Value></HeartRateBpm></Trackpoint>
<Trackpoint><Time>2024-07-18T23:48:28Z</Time><Position><LatitudeDegrees>30.53694192</LatitudeDegrees><LongitudeDegrees>104.06787019</LongitudeDegrees></Position><AltitudeMeters>424</AltitudeMeters><HeartRateBpm><Value>123</Value></HeartRateBpm></Trackpoint>
<Trackpoint><Time>2024-07-18T23:48:30Z</Time><Position><LatitudeDegrees>30.53682992</LatitudeDegrees><LongitudeDegrees>104.0677962</LongitudeDegrees></Position><AltitudeMeters>424</AltitudeMeters><HeartRateBpm><Value>122</Value></HeartRateBpm></Trackpoint>
<Trackpoint><Time>2024-07-18T23:48:32Z</Time><Position><LatitudeDegrees>30.53675827</LatitudeDegrees><LongitudeDegrees>104.06775487</LongitudeDegrees></Position><AltitudeMeters>424</AltitudeMeters><HeartRateBpm><Value>120</Value></HeartRateBpm></Trackpoint>
<Trackpoint><Time>2024-07-18T23:48:33Z</Time><Position><LatitudeDegrees>30.53674928</LatitudeDegrees><LongitudeDegrees>104.06774888</LongitudeDegrees></Position><AltitudeMeters>424</AltitudeMeters><HeartRateBpm><Value>120</Value></HeartRateBpm></Trackpoint>
<Trackpoint><Time>2024-07-18T23:48:34Z</Time><Position><LatitudeDegrees>30.53673062</LatitudeDegrees><LongitudeDegrees>104.06773621</LongitudeDegrees></Position><AltitudeMeters>424</AltitudeMeters><HeartRateBpm><Value>119</Value></HeartRateBpm></Trackpoint>
<Trackpoint><Time>2024-07-18T23:48:36Z</Time><Position><LatitudeDegrees>30.53661829</LatitudeDegrees><LongitudeDegrees>104.06765122</LongitudeDegrees></Position><AltitudeMeters>425</AltitudeMeters><HeartRateBpm><Value>118</Value></HeartRateBpm></Trackpoint>
<Trackpoint><Time>2024-07-18T23:48:37Z</Time><Position><LatitudeDegrees>30.53660762</LatitudeDegrees><LongitudeDegrees>104.06764622</LongitudeDegrees></Position><AltitudeMeters>425</AltitudeMeters><HeartRateBpm><Value>118</Value></HeartRateBpm></Trackpoint>
<Trackpoint><Time>2024-07-18T23:48:38Z</Time><Position><LatitudeDegrees>30.5365883</LatitudeDegrees><LongitudeDegrees>104.06763723</LongitudeDegrees></Position><AltitudeMeters>425</AltitudeMeters><HeartRateBpm><Value>118</Value></HeartRateBpm></Trackpoint>
<Trackpoint><Time>2024-07-18T23:48:39Z</Time><Position><LatitudeDegrees>30.5365633</LatitudeDegrees><LongitudeDegrees>104.06762323</LongitudeDegrees></Position><AltitudeMeters>425</AltitudeMeters><HeartRateBpm><Value>118</Value></HeartRateBpm></Trackpoint>
<Trackpoint><Time>2024-07-18T23:48:40Z</Time><Position><LatitudeDegrees>30.5365343</LatitudeDegrees><LongitudeDegrees>104.0676049</LongitudeDegrees></Position><AltitudeMeters>425</AltitudeMeters><HeartRateBpm><Value>118</Value></HeartRateBpm></Trackpoint>
<Trackpoint><Time>2024-07-18T23:48:41Z</Time><Position><LatitudeDegrees>30.53650464</LatitudeDegrees><LongitudeDegrees>104.06758358</LongitudeDegrees></Position><AltitudeMeters>425</AltitudeMeters><HeartRateBpm><Value>116</Value></HeartRateBpm></Trackpoint>
<Trackpoint><Time>2024-07-18T23:48:42Z</Time><Position><LatitudeDegrees>30.53647198</LatitudeDegrees><LongitudeDegrees>104.06756025</LongitudeDegrees></Position><AltitudeMeters>425</AltitudeMeters><HeartRateBpm><Value>116</Value></HeartRateBpm></Trackpoint>
<Trackpoint><Time>2024-07-18T23:48:43Z</Time><Position><LatitudeDegrees>30.53643598</LatitudeDegrees><LongitudeDegrees>104.06753726</LongitudeDegrees></Position><AltitudeMeters>425</AltitudeMeters><HeartRateBpm><Value>116</Value></HeartRateBpm></Trackpoint>
<Trackpoint><Time>2024-07-18T23:48:44Z</Time><Position><LatitudeDegrees>30.53640133</LatitudeDegrees><LongitudeDegrees>104.06751626</LongitudeDegrees></Position><AltitudeMeters>425</AltitudeMeters><HeartRateBpm><Value>116</Value></HeartRateBpm></Trackpoint>
<Trackpoint><Time>2024-07-18T23:48:46Z</Time><Position><LatitudeDegrees>30.53626633</LatitudeDegrees><LongitudeDegrees>104.06744727</LongitudeDegrees></Position><AltitudeMeters>425</AltitudeMeters><HeartRateBpm><Value>114</Value></HeartRateBpm></Trackpoint>
<Trackpoint><Time>2024-07-18T23:48:47Z</Time><Position><LatitudeDegrees>30.536259</LatitudeDegrees><LongitudeDegrees>104.06744395</LongitudeDegrees></Position><AltitudeMeters>425</AltitudeMeters><HeartRateBpm><Value>114</Value></HeartRateBpm></Trackpoint>
<Trackpoint><Time>2024-07-18T23:48:48Z</Time><Position><LatitudeDegrees>30.53619435</LatitudeDegrees><LongitudeDegrees>104.06740595</LongitudeDegrees></Position><AltitudeMeters>425</AltitudeMeters><HeartRateBpm><Value>114</Value></HeartRateBpm></Trackpoint>
<Trackpoint><Time>2024-07-18T23:48:50Z</Time><Position><LatitudeDegrees>30.53619068</LatitudeDegrees><LongitudeDegrees>104.06740129</LongitudeDegrees></Position><AltitudeMeters>425</AltitudeMeters><HeartRateBpm><Value>115</Value></HeartRateBpm></Trackpoint>
<Trackpoint><Time>2024-07-18T23:48:51Z</Time><Position><LatitudeDegrees>30.53618401</LatitudeDegrees><LongitudeDegrees>104.06739296</LongitudeDegrees></Position><AltitudeMeters>425</AltitudeMeters><HeartRateBpm><Value>115</Value></HeartRateBpm></Trackpoint>
<Trackpoint><Time>2024-07-18T23:48:52Z</Time><Position><LatitudeDegrees>30.53617602</LatitudeDegrees><LongitudeDegrees>104.06738296</LongitudeDegrees></Position><AltitudeMeters>425</AltitudeMeters><HeartRateBpm><Value>115</Value></HeartRateBpm></Trackpoint>
<Trackpoint><Time>2024-07-18T23:48:54Z</Time><Position><LatitudeDegrees>30.53614802</LatitudeDegrees><LongitudeDegrees>104.06734729</LongitudeDegrees></Position><AltitudeMeters>425</AltitudeMeters><HeartRateBpm><Value>117</Value></HeartRateBpm></Trackpoint>
<Trackpoint><Time>2024-07-18T23:48:55Z</Time><Position><LatitudeDegrees>30.53614802</LatitudeDegrees><LongitudeDegrees>104.06734729</LongitudeDegrees></Position><AltitudeMeters>425</AltitudeMeters><HeartRateBpm><Value>117</Value></HeartRateBpm></Trackpoint>
</Track></Lap>
<Lap StartTime="2024-07-18T23:50:07Z">
<TotalTimeSeconds>232</TotalTimeSeconds><DistanceMeters>961.19</DistanceMeters><Track>
<Trackpoint><Time>2024-07-18T23:50:07Z</Time><Position><LatitudeDegrees>30.53603169</LatitudeDegrees><LongitudeDegrees>104.06728197</LongitudeDegrees></Position><AltitudeMeters>425</AltitudeMeters><HeartRateBpm><Value>114</Value></HeartRateBpm></Trackpoint>
<Trackpoint><Time>2024-07-18T23:50:08Z</Time><Position><LatitudeDegrees>30.53598136</LatitudeDegrees><LongitudeDegrees>104.0673123</LongitudeDegrees></Position><AltitudeMeters>425</AltitudeMeters><HeartRateBpm><Value>114</Value></HeartRateBpm></Trackpoint>
<Trackpoint><Time>2024-07-18T23:50:09Z</Time><Position><LatitudeDegrees>30.53571637</LatitudeDegrees><LongitudeDegrees>104.06726864</LongitudeDegrees></Position><AltitudeMeters>425</AltitudeMeters><HeartRateBpm><Value>114</Value></HeartRateBpm></Trackpoint>
<Trackpoint><Time>2024-07-18T23:50:10Z</Time><Position><LatitudeDegrees>30.53570604</LatitudeDegrees><LongitudeDegrees>104.06724531</LongitudeDegrees></Position><AltitudeMeters>424</AltitudeMeters><HeartRateBpm><Value>114</Value></HeartRateBpm></Trackpoint>
<Trackpoint><Time>2024-07-18T23:50:11Z</Time><Position><LatitudeDegrees>30.53567538</LatitudeDegrees><LongitudeDegrees>104.06720898</LongitudeDegrees></Position><AltitudeMeters>410</AltitudeMeters><HeartRateBpm><Value>114</Value></HeartRateBpm></Trackpoint>
<Trackpoint><Time>2024-07-18T23:50:13Z</Time><Position><LatitudeDegrees>30.53563439</LatitudeDegrees><LongitudeDegrees>104.06715866</LongitudeDegrees></Position><AltitudeMeters>409</AltitudeMeters><HeartRateBpm><Value>114</Value></HeartRateBpm></Trackpoint>
<Trackpoint><Time>2024-07-18T23:50:14Z</Time><Position><LatitudeDegrees>30.53559539</LatitudeDegrees><LongitudeDegrees>104.06710366</LongitudeDegrees></Position><AltitudeMeters>409</AltitudeMeters><HeartRateBpm><Value>114</Value></HeartRateBpm></Trackpoint>
<Trackpoint><Time>2024-07-18T23:50:16Z</Time><Position><LatitudeDegrees>30.53546305</LatitudeDegrees><LongitudeDegrees>104.066942</LongitudeDegrees></Position><AltitudeMeters>410</AltitudeMeters><HeartRateBpm><Value>115</Value></HeartRateBpm></Trackpoint>
<Trackpoint><Time>2024-07-18T23:50:18Z</Time><Position><LatitudeDegrees>30.53543206</LatitudeDegrees><LongitudeDegrees>104.06691633</LongitudeDegrees></Position><AltitudeMeters>410</AltitudeMeters><HeartRateBpm><Value>115</Value></HeartRateBpm></Trackpoint>
<Trackpoint><Time>2024-07-18T23:50:19Z</Time><Position><LatitudeDegrees>30.53541806</LatitudeDegrees><LongitudeDegrees>104.06688134</LongitudeDegrees></Position><AltitudeMeters>411</AltitudeMeters><HeartRateBpm><Value>115</Value></HeartRateBpm></Trackpoint>
<Trackpoint><Time>2024-07-18T23:50:21Z</Time><Position><LatitudeDegrees>30.53541674</LatitudeDegrees><LongitudeDegrees>104.06687702</LongitudeDegrees></Position><AltitudeMeters>411</AltitudeMeters><HeartRateBpm><Value>116</Value></HeartRateBpm></Trackpoint>
<Trackpoint><Time>2024-07-18T23:50:22Z</Time><Position><LatitudeDegrees>30.53541475</LatitudeDegrees><LongitudeDegrees>104.06686969</LongitudeDegrees></Position><AltitudeMeters>412</AltitudeMeters><HeartRateBpm><Value>117</Value></HeartRateBpm></Trackpoint>
<Trackpoint><Time>2024-07-18T23:50:23Z</Time><Position><LatitudeDegrees>30.53541175</LatitudeDegrees><LongitudeDegrees>104.06686003</LongitudeDegrees></Position><AltitudeMeters>412</AltitudeMeters><HeartRateBpm><Value>118</Value></HeartRateBpm></Trackpoint>
<Trackpoint><Time>2024-07-18T23:50:24Z</Time><Position><LatitudeDegrees>30.53539143</LatitudeDegrees><LongitudeDegrees>104.06680603</LongitudeDegrees></Position><AltitudeMeters>412</AltitudeMeters><HeartRateBpm><Value>116</Value></HeartRateBpm></Trackpoint>
<Trackpoint><Time>2024-07-18T23:50:25Z</Time><Position><LatitudeDegrees>30.53538844</LatitudeDegrees><LongitudeDegrees>104.06679871</LongitudeDegrees></Position><AltitudeMeters>413</AltitudeMeters><HeartRateBpm><Value>116</Value></HeartRateBpm></Trackpoint>
<Trackpoint><Time>2024-07-18T23:50:27Z</Time><Position><LatitudeDegrees>30.53538277</LatitudeDegrees><LongitudeDegrees>104.06678172</LongitudeDegrees></Position><AltitudeMeters>413</AltitudeMeters><HeartRateBpm><Value>116</Value></HeartRateBpm></Trackpoint>
<Trackpoint><Time>2024-07-18T23:50:28Z</Time><Position><LatitudeDegrees>30.53537411</LatitudeDegrees><LongitudeDegrees>104.06675505</LongitudeDegrees></Position><AltitudeMeters>413</AltitudeMeters><HeartRateBpm><Value>116</Value></HeartRateBpm></Trackpoint>
<Trackpoint><Time>2024-07-18T23:50:29Z</Time><Position><LatitudeDegrees>30.53536245</LatitudeDegrees><LongitudeDegrees>104.06672073</LongitudeDegrees></Position><AltitudeMeters>413</AltitudeMeters><HeartRateBpm><Value>116</Value></HeartRateBpm></Trackpoint>
<Trackpoint><Time>2024-07-18T23:50:30Z</Time><Position><LatitudeDegrees>30.53534812</LatitudeDegrees><LongitudeDegrees>104.06668074</LongitudeDegrees></Position><AltitudeMeters>414</AltitudeMeters><HeartRateBpm><Value>116</Value></HeartRateBpm></Trackpoint>
<Trackpoint><Time>2024-07-18T23:50:31Z</Time><Position><LatitudeDegrees>30.5353318</LatitudeDegrees><LongitudeDegrees>104.06663808</LongitudeDegrees></Position><AltitudeMeters>414</AltitudeMeters><HeartRateBpm><Value>116</Value></HeartRateBpm></Trackpoint>
<Trackpoint><Time>2024-07-18T23:50:32Z</Time><Position><LatitudeDegrees>30.53531413</LatitudeDegrees><LongitudeDegrees>104.06659375</LongitudeDegrees></Position><AltitudeMeters>414</AltitudeMeters><HeartRateBpm><Value>116</Value></HeartRateBpm></Trackpoint>
<Trackpoint><Time>2024-07-18T23:50:34Z</Time><Position><LatitudeDegrees>30.53523314</LatitudeDegrees><LongitudeDegrees>104.06638641</LongitudeDegrees></Position><AltitudeMeters>414</AltitudeMeters><HeartRateBpm><Value>117</Value></HeartRateBpm></Trackpoint>
<Trackpoint><Time>2024-07-18T23:50:35Z</Time><Position><LatitudeDegrees>30.53518549</LatitudeDegrees><LongitudeDegrees>104.06628076</LongitudeDegrees></Position><AltitudeMeters>414</AltitudeMeters><HeartRateBpm><Value>117</Value></HeartRateBpm></Trackpoint>
<Trackpoint><Time>2024-07-18T23:50:36Z</Time><Position><LatitudeDegrees>30.53518015</LatitudeDegrees><LongitudeDegrees>104.06626742</LongitudeDegrees></Position><AltitudeMeters>415</AltitudeMeters><HeartRateBpm><Value>116</Value></HeartRateBpm></Trackpoint>
<Trackpoint><Time>2024-07-18T23:50:38Z</Time><Position><LatitudeDegrees>30.53516782</LatitudeDegrees><LongitudeDegrees>104.0662421</LongitudeDegrees></Position><AltitudeMeters>415</AltitudeMeters><HeartRateBpm><Value>115</Value></HeartRateBpm></Trackpoint>
<Trackpoint><Time>2024-07-18T23:50:39Z</Time><Position><LatitudeDegrees>30.53508816</LatitudeDegrees><LongitudeDegrees>104.06608211</LongitudeDegrees></Position><AltitudeMeters>415</AltitudeMeters><HeartRateBpm><Value>114</Value></HeartRateBpm></Trackpoint>
<Trackpoint><Time>2024-07-18T23:50:41Z</Time><Position><LatitudeDegrees>30.53508216</LatitudeDegrees><LongitudeDegrees>104.06606944</LongitudeDegrees></Position><AltitudeMeters>415</AltitudeMeters><HeartRateBpm><Value>114</Value></HeartRateBpm></Trackpoint>
<Trackpoint><Time>2024-07-18T23:50:42Z</Time><Position><LatitudeDegrees>30.53507317</LatitudeDegrees><LongitudeDegrees>104.06604412</LongitudeDegrees></Position><AltitudeMeters>415</AltitudeMeters><HeartRateBpm><Value>115</Value></HeartRateBpm></Trackpoint>
<Trackpoint><Time>2024-07-18T23:50:43Z</Time><Position><LatitudeDegrees>30.53500184</LatitudeDegrees><LongitudeDegrees>104.06590012</LongitudeDegrees></Position><AltitudeMeters>415</AltitudeMeters><HeartRateBpm><Value>116</Value></HeartRateBpm></Trackpoint>
<Trackpoint><Time>2024-07-18T23:50:45Z</Time><Position><LatitudeDegrees>30.53496018</LatitudeDegrees><LongitudeDegrees>104.06581946</LongitudeDegrees></Position><AltitudeMeters>416</AltitudeMeters><HeartRateBpm><Value>117</Value></HeartRateBpm></Trackpoint>
<Trackpoint><Time>2024-07-18T23:50:46Z</Time><Position><LatitudeDegrees>30.53495352</LatitudeDegrees><LongitudeDegrees>104.06581013</LongitudeDegrees></Position><AltitudeMeters>416</AltitudeMeters><HeartRateBpm><Value>116</Value></HeartRateBpm></Trackpoint>
<Trackpoint><Time>2024-07-18T23:50:47Z</Time><Position><LatitudeDegrees>30.53494252</LatitudeDegrees><LongitudeDegrees>104.06579046</LongitudeDegrees></Position><AltitudeMeters>416</AltitudeMeters><HeartRateBpm><Value>116</Value></HeartRateBpm></Trackpoint>
<Trackpoint><Time>2024-07-18T23:50:48Z</Time><Position><LatitudeDegrees>30.53492985</LatitudeDegrees><LongitudeDegrees>104.06576381</LongitudeDegrees></Position><AltitudeMeters>416</AltitudeMeters><HeartRateBpm><Value>116</Value></HeartRateBpm></Trackpoint>
<Trackpoint><Time>2024-07-18T23:50:49Z</Time><Position><LatitudeDegrees>30.53491652</LatitudeDegrees><LongitudeDegrees>104.06573281</LongitudeDegrees></Position><AltitudeMeters>416</AltitudeMeters><HeartRateBpm><Value>116</Value></HeartRateBpm></Trackpoint>
<Trackpoint><Time>2024-07-18T23:50:50Z</Time><Position><LatitudeDegrees>30.53490186</LatitudeDegrees><LongitudeDegrees>104.06570015</LongitudeDegrees></Position><AltitudeMeters>416</AltitudeMeters><HeartRateBpm><Value>116</Value></HeartRateBpm></Trackpoint>
<Trackpoint><Time>2024-07-18T23:50:51Z</Time><Position><LatitudeDegrees>30.5348872</LatitudeDegrees><LongitudeDegrees>104.06566382</LongitudeDegrees></Position><AltitudeMeters>416</AltitudeMeters><HeartRateBpm><Value>117</Value></HeartRateBpm></Trackpoint>
<Trackpoint><Time>2024-07-18T23:50:53Z</Time><Position><LatitudeDegrees>30.53482388</LatitudeDegrees><LongitudeDegrees>104.06550449</LongitudeDegrees></Position><AltitudeMeters>416</AltitudeMeters><HeartRateBpm><Value>121</Value></HeartRateBpm></Trackpoint>
<Trackpoint><Time>2024-07-18T23:50:54Z</Time><Position><LatitudeDegrees>30.53481855</LatitudeDegrees><LongitudeDegrees>104.06549583</LongitudeDegrees></Position><AltitudeMeters>417</AltitudeMeters><HeartRateBpm><Value>122</Value></HeartRateBpm></Trackpoint>
<Trackpoint><Time>2024-07-18T23:50:55Z</Time><Position><LatitudeDegrees>30.53480788</LatitudeDegrees><LongitudeDegrees>104.06547816</LongitudeDegrees></Position><AltitudeMeters>417</AltitudeMeters><HeartRateBpm><Value>119</Value></HeartRateBpm></Trackpoint>
<Trackpoint><Time>2024-07-18T23:50:56Z</Time><Position><LatitudeDegrees>30.53479388</LatitudeDegrees><LongitudeDegrees>104.06545384</LongitudeDegrees></Position><AltitudeMeters>417</AltitudeMeters><HeartRateBpm><Value>119</Value></HeartRateBpm></Trackpoint>
<Trackpoint><Time>2024-07-18T23:50:57Z</Time><Position><LatitudeDegrees>30.53477789</LatitudeDegrees><LongitudeDegrees>104.06542484</LongitudeDegrees></Position><AltitudeMeters>417</AltitudeMeters><HeartRateBpm><Value>119</Value></HeartRateBpm></Trackpoint>
<Trackpoint><Time>2024-07-18T23:50:58Z</Time><Position><LatitudeDegrees>30.53470922</LatitudeDegrees><LongitudeDegrees>104.06529618</LongitudeDegrees></Position><AltitudeMeters>417</AltitudeMeters><HeartRateBpm><Value>119</Value></HeartRateBpm></Trackpoint>
<Trackpoint><Time>2024-07-18T23:51:00Z</Time><Position><LatitudeDegrees>30.53470457</LatitudeDegrees><LongitudeDegrees>104.06528752</LongitudeDegrees></Position><AltitudeMeters>417</AltitudeMeters><HeartRateBpm><Value>119</Value></HeartRateBpm></Trackpoint>
<Trackpoint><Time>2024-07-18T23:51:01Z</Time><Position><LatitudeDegrees>30.53469591</LatitudeDegrees><LongitudeDegrees>104.06526887</LongitudeDegrees></Position><AltitudeMeters>417</AltitudeMeters><HeartRateBpm><Value>119</Value></HeartRateBpm></Trackpoint>
<Trackpoint><Time>2024-07-18T23:51:03Z</Time><Position><LatitudeDegrees>30.53463758</LatitudeDegrees><LongitudeDegrees>104.0651382</LongitudeDegrees></Position><AltitudeMeters>417</AltitudeMeters><HeartRateBpm><Value>118</Value></HeartRateBpm></Trackpoint>
<Trackpoint><Time>2024-07-18T23:51:04Z</Time><Position><LatitudeDegrees>30.53463292</LatitudeDegrees><LongitudeDegrees>104.06512587</LongitudeDegrees></Position><AltitudeMeters>417</AltitudeMeters><HeartRateBpm><Value>118</Value></HeartRateBpm></Trackpoint>
<Trackpoint><Time>2024-07-18T23:51:05Z</Time><Position><LatitudeDegrees>30.53462259</LatitudeDegrees><LongitudeDegrees>104.06510188</LongitudeDegrees></Position><AltitudeMeters>418</AltitudeMeters><HeartRateBpm><Value>118</Value></HeartRateBpm></Trackpoint>
<Trackpoint><Time>2024-07-18T23:51:06Z</Time><Position><LatitudeDegrees>30.5346076</LatitudeDegrees><LongitudeDegrees>104.06506789</LongitudeDegrees></Position><AltitudeMeters>418</AltitudeMeters><HeartRateBpm><Value>115</Value></HeartRateBpm></Trackpoint>
<Trackpoint><Time>2024-07-18T23:51:07Z</Time><Position><LatitudeDegrees>30.53458793</LatitudeDegrees><LongitudeDegrees>104.06502656</LongitudeDegrees></Position><AltitudeMeters>418</AltitudeMeters><HeartRateBpm><Value>115</Value></HeartRateBpm></Trackpoint>
<Trackpoint><Time>2024-07-18T23:51:08Z</Time><Position><LatitudeDegrees>30.5345686</LatitudeDegrees><LongitudeDegrees>104.0649799</LongitudeDegrees></Position><AltitudeMeters>418</AltitudeMeters><HeartRateBpm><Value>115</Value></HeartRateBpm></Trackpoint>
<Trackpoint><Time>2024-07-18T23:51:09Z</Time><Position><LatitudeDegrees>30.53454926</LatitudeDegrees><LongitudeDegrees>104.06493024</LongitudeDegrees></Position><AltitudeMeters>418</AltitudeMeters><HeartRateBpm><Value>116</Value></HeartRateBpm></Trackpoint>
<Trackpoint><Time>2024-07-18T23:51:11Z</Time><Position><LatitudeDegrees>30.53446294</LatitudeDegrees><LongitudeDegrees>104.06472657</LongitudeDegrees></Position><AltitudeMeters>418</AltitudeMeters><HeartRateBpm><Value>116</Value></HeartRateBpm></Trackpoint>
<Trackpoint><Time>2024-07-18T23:51:12Z</Time><Position><LatitudeDegrees>30.53445695</LatitudeDegrees><LongitudeDegrees>104.06471192</LongitudeDegrees></Position><AltitudeMeters>418</AltitudeMeters><HeartRateBpm><Value>116</Value></HeartRateBpm></Trackpoint>
<Trackpoint><Time>2024-07-18T23:51:13Z</Time><Position><LatitudeDegrees>30.53444195</LatitudeDegrees><LongitudeDegrees>104.06468458</LongitudeDegrees></Position><AltitudeMeters>418</AltitudeMeters><HeartRateBpm><Value>116</Value></HeartRateBpm></Trackpoint>
<Trackpoint><Time>2024-07-18T23:51:14Z</Time><Position><LatitudeDegrees>30.53442196</LatitudeDegrees><LongitudeDegrees>104.06464758</LongitudeDegrees></Position><AltitudeMeters>418</AltitudeMeters><HeartRateBpm><Value>117</Value></HeartRateBpm></Trackpoint>
<Trackpoint><Time>2024-07-18T23:51:15Z</Time><Position><LatitudeDegrees>30.53439764</LatitudeDegrees><LongitudeDegrees>104.06460493</LongitudeDegrees></Position><AltitudeMeters>418</AltitudeMeters><HeartRateBpm><Value>118</Value></HeartRateBpm></Trackpoint>
<Trackpoint><Time>2024-07-18T23:51:16Z</Time><Position><LatitudeDegrees>30.53437264</LatitudeDegrees><LongitudeDegrees>104.06455826</LongitudeDegrees></Position><AltitudeMeters>418</AltitudeMeters><HeartRateBpm><Value>120</Value></HeartRateBpm></Trackpoint>
<Trackpoint><Time>2024-07-18T23:51:17Z</Time><Position><LatitudeDegrees>30.53434664</LatitudeDegrees><LongitudeDegrees>104.06450926</LongitudeDegrees></Position><AltitudeMeters>418</AltitudeMeters><HeartRateBpm><Value>120</Value></HeartRateBpm></Trackpoint>
<Trackpoint><Time>2024-07-18T23:51:18Z</Time><Position><LatitudeDegrees>30.53432031</LatitudeDegrees><LongitudeDegrees>104.06445659</LongitudeDegrees></Position><AltitudeMeters>418</AltitudeMeters><HeartRateBpm><Value>122</Value></HeartRateBpm></Trackpoint>
<Trackpoint><Time>2024-07-18T23:51:19Z</Time><Position><LatitudeDegrees>30.53429499</LatitudeDegrees><LongitudeDegrees>104.06440227</LongitudeDegrees></Position><AltitudeMeters>419</AltitudeMeters><HeartRateBpm><Value>123</Value></HeartRateBpm></Trackpoint>
<Trackpoint><Time>2024-07-18T23:51:20Z</Time><Position><LatitudeDegrees>30.53426799</LatitudeDegrees><LongitudeDegrees>104.06434695</LongitudeDegrees></Position><AltitudeMeters>419</AltitudeMeters><HeartRateBpm><Value>123</Value></HeartRateBpm></Trackpoint>
<Trackpoint><Time>2024-07-18T23:51:21Z</Time><Position><LatitudeDegrees>30.53423967</LatitudeDegrees><LongitudeDegrees>104.06429161</LongitudeDegrees></Position><AltitudeMeters>419</AltitudeMeters><HeartRateBpm><Value>123</Value></HeartRateBpm></Trackpoint>
<Trackpoint><Time>2024-07-18T23:51:23Z</Time><Position><LatitudeDegrees>30.53413668</LatitudeDegrees><LongitudeDegrees>104.06406496</LongitudeDegrees></Position><AltitudeMeters>419</AltitudeMeters><HeartRateBpm><Value>124</Value></HeartRateBpm></Trackpoint>
<Trackpoint><Time>2024-07-18T23:51:24Z</Time><Position><LatitudeDegrees>30.53413134</LatitudeDegrees><LongitudeDegrees>104.06404962</LongitudeDegrees></Position><AltitudeMeters>419</AltitudeMeters><HeartRateBpm><Value>123</Value></HeartRateBpm></Trackpoint>
<Trackpoint><Time>2024-07-18T23:51:26Z</Time><Position><LatitudeDegrees>30.53406635</LatitudeDegrees><LongitudeDegrees>104.06389097</LongitudeDegrees></Position><AltitudeMeters>419</AltitudeMeters><HeartRateBpm><Value>123</Value></HeartRateBpm></Trackpoint>
<Trackpoint><Time>2024-07-18T23:51:27Z</Time><Position><LatitudeDegrees>30.53401336</LatitudeDegrees><LongitudeDegrees>104.06377563</LongitudeDegrees></Position><AltitudeMeters>419</AltitudeMeters><HeartRateBpm><Value>125</Value></HeartRateBpm></Trackpoint>
<Trackpoint><Time>2024-07-18T23:51:29Z</Time><Position><LatitudeDegrees>30.53400636</LatitudeDegrees><LongitudeDegrees>104.06376098</LongitudeDegrees></Position><AltitudeMeters>420</AltitudeMeters><HeartRateBpm><Value>125</Value></HeartRateBpm></Trackpoint>
<Trackpoint><Time>2024-07-18T23:51:30Z</Time><Position><LatitudeDegrees>30.5339917</LatitudeDegrees><LongitudeDegrees>104.06373064</LongitudeDegrees></Position><AltitudeMeters>420</AltitudeMeters><HeartRateBpm><Value>125</Value></HeartRateBpm></Trackpoint>
<Trackpoint><Time>2024-07-18T23:51:31Z</Time><Position><LatitudeDegrees>30.5339737</LatitudeDegrees><LongitudeDegrees>104.06368699</LongitudeDegrees></Position><AltitudeMeters>420</AltitudeMeters><HeartRateBpm><Value>125</Value></HeartRateBpm></Trackpoint>
<Trackpoint><Time>2024-07-18T23:51:32Z</Time><Position><LatitudeDegrees>30.53395171</LatitudeDegrees><LongitudeDegrees>104.06363665</LongitudeDegrees></Position><AltitudeMeters>420</AltitudeMeters><HeartRateBpm><Value>125</Value></HeartRateBpm></Trackpoint>
<Trackpoint><Time>2024-07-18T23:51:33Z</Time><Position><LatitudeDegrees>30.53392737</LatitudeDegrees><LongitudeDegrees>104.06358099</LongitudeDegrees></Position><AltitudeMeters>420</AltitudeMeters><HeartRateBpm><Value>125</Value></HeartRateBpm></Trackpoint>
<Trackpoint><Time>2024-07-18T23:51:34Z</Time><Position><LatitudeDegrees>30.53389905</LatitudeDegrees><LongitudeDegrees>104.06352432</LongitudeDegrees></Position><AltitudeMeters>421</AltitudeMeters><HeartRateBpm><Value>125</Value></HeartRateBpm></Trackpoint>
<Trackpoint><Time>2024-07-18T23:51:36Z</Time><Position><LatitudeDegrees>30.53378238</LatitudeDegrees><LongitudeDegrees>104.06328332</LongitudeDegrees></Position><AltitudeMeters>421</AltitudeMeters><HeartRateBpm><Value>127</Value></HeartRateBpm></Trackpoint>
<Trackpoint><Time>2024-07-18T23:51:37Z</Time><Position><LatitudeDegrees>30.53377573</LatitudeDegrees><LongitudeDegrees>104.06326833</LongitudeDegrees></Position><AltitudeMeters>421</AltitudeMeters><HeartRateBpm><Value>127</Value></HeartRateBpm></Trackpoint>
<Trackpoint><Time>2024-07-18T23:51:38Z</Time><Position><LatitudeDegrees>30.53376173</LatitudeDegrees><LongitudeDegrees>104.06323733</LongitudeDegrees></Position><AltitudeMeters>421</AltitudeMeters><HeartRateBpm><Value>127</Value></HeartRateBpm></Trackpoint>
<Trackpoint><Time>2024-07-18T23:51:39Z</Time><Position><LatitudeDegrees>30.53374273</LatitudeDegrees><LongitudeDegrees>104.06319467</LongitudeDegrees></Position><AltitudeMeters>421</AltitudeMeters><HeartRateBpm><Value>127</Value></HeartRateBpm></Trackpoint>
<Trackpoint><Time>2024-07-18T23:51:40Z</Time><Position><LatitudeDegrees>30.53372073</LatitudeDegrees><LongitudeDegrees>104.06314402</LongitudeDegrees></Position><AltitudeMeters>421</AltitudeMeters><HeartRateBpm><Value>127</Value></HeartRateBpm></Trackpoint>
<Trackpoint><Time>2024-07-18T23:51:41Z</Time><Position><LatitudeDegrees>30.5336954</LatitudeDegrees><LongitudeDegrees>104.06309036</LongitudeDegrees></Position><AltitudeMeters>421</AltitudeMeters><HeartRateBpm><Value>127</Value></HeartRateBpm></Trackpoint>
<Trackpoint><Time>2024-07-18T23:51:43Z</Time><Position><LatitudeDegrees>30.53358107</LatitudeDegrees><LongitudeDegrees>104.06284637</LongitudeDegrees></Position><AltitudeMeters>422</AltitudeMeters><HeartRateBpm><Value>128</Value></HeartRateBpm></Trackpoint>
<Trackpoint><Time>2024-07-18T23:51:44Z</Time><Position><LatitudeDegrees>30.53357508</LatitudeDegrees><LongitudeDegrees>104.06283071</LongitudeDegrees></Position><AltitudeMeters>422</AltitudeMeters><HeartRateBpm><Value>128</Value></HeartRateBpm></Trackpoint>
<Trackpoint><Time>2024-07-18T23:51:45Z</Time><Position><LatitudeDegrees>30.53355975</LatitudeDegrees><LongitudeDegrees>104.06280438</LongitudeDegrees></Position><AltitudeMeters>422</AltitudeMeters><HeartRateBpm><Value>128</Value></HeartRateBpm></Trackpoint>
<Trackpoint><Time>2024-07-18T23:51:46Z</Time><Position><LatitudeDegrees>30.53346875</LatitudeDegrees><LongitudeDegrees>104.06262506</LongitudeDegrees></Position><AltitudeMeters>422</AltitudeMeters><HeartRateBpm><Value>127</Value></HeartRateBpm></Trackpoint>
<Trackpoint><Time>2024-07-18T23:51:48Z</Time><Position><LatitudeDegrees>30.53346276</LatitudeDegrees><LongitudeDegrees>104.06260906</LongitudeDegrees></Position><AltitudeMeters>422</AltitudeMeters><HeartRateBpm><Value>127</Value></HeartRateBpm></Trackpoint>
<Trackpoint><Time>2024-07-18T23:51:49Z</Time><Position><LatitudeDegrees>30.5334521</LatitudeDegrees><LongitudeDegrees>104.0625774</LongitudeDegrees></Position><AltitudeMeters>422</AltitudeMeters><HeartRateBpm><Value>127</Value></HeartRateBpm></Trackpoint>
<Trackpoint><Time>2024-07-18T23:51:50Z</Time><Position><LatitudeDegrees>30.5334351</LatitudeDegrees><LongitudeDegrees>104.06253808</LongitudeDegrees></Position><AltitudeMeters>422</AltitudeMeters><HeartRateBpm><Value>127</Value></HeartRateBpm></Trackpoint>
<Trackpoint><Time>2024-07-18T23:51:51Z</Time><Position><LatitudeDegrees>30.53341611</LatitudeDegrees><LongitudeDegrees>104.06249608</LongitudeDegrees></Position><AltitudeMeters>422</AltitudeMeters><HeartRateBpm><Value>127</Value></HeartRateBpm></Trackpoint>
<Trackpoint><Time>2024-07-18T23:51:52Z</Time><Position><LatitudeDegrees>30.53333812</LatitudeDegrees><LongitudeDegrees>104.06233075</LongitudeDegrees></Position><AltitudeMeters>422</AltitudeMeters><HeartRateBpm><Value>126</Value></HeartRateBpm></Trackpoint>
<Trackpoint><Time>2024-07-18T23:51:54Z</Time><Position><LatitudeDegrees>30.53333445</LatitudeDegrees><LongitudeDegrees>104.06232309</LongitudeDegrees></Position><AltitudeMeters>422</AltitudeMeters><HeartRateBpm><Value>126</Value></HeartRateBpm></Trackpoint>
<Trackpoint><Time>2024-07-18T23:51:56Z</Time><Position><LatitudeDegrees>30.53327279</LatitudeDegrees><LongitudeDegrees>104.06227576</LongitudeDegrees></Position><AltitudeMeters>422</AltitudeMeters><HeartRateBpm><Value>126</Value></HeartRateBpm></Trackpoint>
<Trackpoint><Time>2024-07-18T23:51:57Z</Time><Position><LatitudeDegrees>30.53326879</LatitudeDegrees><LongitudeDegrees>104.0622731</LongitudeDegrees></Position><AltitudeMeters>422</AltitudeMeters><HeartRateBpm><Value>126</Value></HeartRateBpm></Trackpoint>
<Trackpoint><Time>2024-07-18T23:51:58Z</Time><Position><LatitudeDegrees>30.53326045</LatitudeDegrees><LongitudeDegrees>104.06226444</LongitudeDegrees></Position><AltitudeMeters>422</AltitudeMeters><HeartRateBpm><Value>126</Value></HeartRateBpm></Trackpoint>
<Trackpoint><Time>2024-07-18T23:51:59Z</Time><Position><LatitudeDegrees>30.53325146</LatitudeDegrees><LongitudeDegrees>104.06225012</LongitudeDegrees></Position><AltitudeMeters>422</AltitudeMeters><HeartRateBpm><Value>126</Value></HeartRateBpm></Trackpoint>
<Trackpoint><Time>2024-07-18T23:52:01Z</Time><Position><LatitudeDegrees>30.53320914</LatitudeDegrees><LongitudeDegrees>104.06215413</LongitudeDegrees></Position><AltitudeMeters>422</AltitudeMeters><HeartRateBpm><Value>127</Value></HeartRateBpm></Trackpoint>
<Trackpoint><Time>2024-07-18T23:52:02Z</Time><Position><LatitudeDegrees>30.53320514</LatitudeDegrees><LongitudeDegrees>104.0621468</LongitudeDegrees></Position><AltitudeMeters>422</AltitudeMeters><HeartRateBpm><Value>127</Value></HeartRateBpm></Trackpoint>
<Trackpoint><Time>2024-07-18T23:52:03Z</Time><Position><LatitudeDegrees>30.53319681</LatitudeDegrees><LongitudeDegrees>104.06213048</LongitudeDegrees></Position><AltitudeMeters>422</AltitudeMeters><HeartRateBpm><Value>126</Value></HeartRateBpm></Trackpoint>
<Trackpoint><Time>2024-07-18T23:52:04Z</Time><Position><LatitudeDegrees>30.53314448</LatitudeDegrees><LongitudeDegrees>104.06202181</LongitudeDegrees></Position><AltitudeMeters>423</AltitudeMeters><HeartRateBpm><Value>126</Value></HeartRateBpm></Trackpoint>
<Trackpoint><Time>2024-07-18T23:52:06Z</Time><Position><LatitudeDegrees>30.53313983</LatitudeDegrees><LongitudeDegrees>104.06201181</LongitudeDegrees></Position><AltitudeMeters>423</AltitudeMeters><HeartRateBpm><Value>126</Value></HeartRateBpm></Trackpoint>
<Trackpoint><Time>2024-07-18T23:52:07Z</Time><Position><LatitudeDegrees>30.53313149</LatitudeDegrees><LongitudeDegrees>104.06199081</LongitudeDegrees></Position><AltitudeMeters>423</AltitudeMeters><HeartRateBpm><Value>126</Value></HeartRateBpm></Trackpoint>
<Trackpoint><Time>2024-07-18T23:52:09Z</Time><Position><LatitudeDegrees>30.53308183</LatitudeDegrees><LongitudeDegrees>104.06185449</LongitudeDegrees></Position><AltitudeMeters>423</AltitudeMeters><HeartRateBpm><Value>127</Value></HeartRateBpm></Trackpoint>
<Trackpoint><Time>2024-07-18T23:52:10Z</Time><Position><LatitudeDegrees>30.53307783</LatitudeDegrees><LongitudeDegrees>104.06184482</LongitudeDegrees></Position><AltitudeMeters>423</AltitudeMeters><HeartRateBpm><Value>127</Value></HeartRateBpm></Trackpoint>
<Trackpoint><Time>2024-07-18T23:52:11Z</Time><Position><LatitudeDegrees>30.53306917</LatitudeDegrees><LongitudeDegrees>104.06182683</LongitudeDegrees></Position><AltitudeMeters>423</AltitudeMeters><HeartRateBpm><Value>126</Value></HeartRateBpm></Trackpoint>
<Trackpoint><Time>2024-07-18T23:52:12Z</Time><Position><LatitudeDegrees>30.53301285</LatitudeDegrees><LongitudeDegrees>104.0617175</LongitudeDegrees></Position><AltitudeMeters>423</AltitudeMeters><HeartRateBpm><Value>126</Value></HeartRateBpm></Trackpoint>
<Trackpoint><Time>2024-07-18T23:52:13Z</Time><Position><LatitudeDegrees>30.53300819</LatitudeDegrees><LongitudeDegrees>104.06170884</LongitudeDegrees></Position><AltitudeMeters>423</AltitudeMeters><HeartRateBpm><Value>124</Value></HeartRateBpm></Trackpoint>
<Trackpoint><Time>2024-07-18T23:52:14Z</Time><Position><LatitudeDegrees>30.53299753</LatitudeDegrees><LongitudeDegrees>104.06169218</LongitudeDegrees></Position><AltitudeMeters>423</AltitudeMeters><HeartRateBpm><Value>122</Value></HeartRateBpm></Trackpoint>
<Trackpoint><Time>2024-07-18T23:52:16Z</Time><Position><LatitudeDegrees>30.53298187</LatitudeDegrees><LongitudeDegrees>104.06167052</LongitudeDegrees></Position><AltitudeMeters>423</AltitudeMeters><HeartRateBpm><Value>122</Value></HeartRateBpm></Trackpoint>
<Trackpoint><Time>2024-07-18T23:52:17Z</Time><Position><LatitudeDegrees>30.53296121</LatitudeDegrees><LongitudeDegrees>104.06164819</LongitudeDegrees></Position><AltitudeMeters>423</AltitudeMeters><HeartRateBpm><Value>122</Value></HeartRateBpm></Trackpoint>
<Trackpoint><Time>2024-07-18T23:52:18Z</Time><Position><LatitudeDegrees>30.53293554</LatitudeDegrees><LongitudeDegrees>104.06162886</LongitudeDegrees></Position><AltitudeMeters>423</AltitudeMeters><HeartRateBpm><Value>123</Value></HeartRateBpm></Trackpoint>
<Trackpoint><Time>2024-07-18T23:52:19Z</Time><Position><LatitudeDegrees>30.53290622</LatitudeDegrees><LongitudeDegrees>104.0616132</LongitudeDegrees></Position><AltitudeMeters>423</AltitudeMeters><HeartRateBpm><Value>123</Value></HeartRateBpm></Trackpoint>
<Trackpoint><Time>2024-07-18T23:52:21Z</Time><Position><LatitudeDegrees>30.53277355</LatitudeDegrees><LongitudeDegrees>104.06157954</LongitudeDegrees></Position><AltitudeMeters>423</AltitudeMeters><HeartRateBpm><Value>123</Value></HeartRateBpm></Trackpoint>
<Trackpoint><Time>2024-07-18T23:52:22Z</Time><Position><LatitudeDegrees>30.5327649</LatitudeDegrees><LongitudeDegrees>104.06158286</LongitudeDegrees></Position><AltitudeMeters>423</AltitudeMeters><HeartRateBpm><Value>123</Value></HeartRateBpm></Trackpoint>
<Trackpoint><Time>2024-07-18T23:52:23Z</Time><Position><LatitudeDegrees>30.53266424</LatitudeDegrees><LongitudeDegrees>104.06163385</LongitudeDegrees></Position><AltitudeMeters>423</AltitudeMeters><HeartRateBpm><Value>123</Value></HeartRateBpm></Trackpoint>
<Trackpoint><Time>2024-07-18T23:52:25Z</Time><Position><LatitudeDegrees>30.53265357</LatitudeDegrees><LongitudeDegrees>104.06163618</LongitudeDegrees></Position><AltitudeMeters>423</AltitudeMeters><HeartRateBpm><Value>124</Value></HeartRateBpm></Trackpoint>
<Trackpoint><Time>2024-07-18T23:52:27Z</Time><Position><LatitudeDegrees>30.53253458</LatitudeDegrees><LongitudeDegrees>104.06163918</LongitudeDegrees></Position><AltitudeMeters>423</AltitudeMeters><HeartRateBpm><Value>124</Value></HeartRateBpm></Trackpoint>
<Trackpoint><Time>2024-07-18T23:52:28Z</Time><Position><LatitudeDegrees>30.53245825</LatitudeDegrees><LongitudeDegrees>104.06161019</LongitudeDegrees></Position><AltitudeMeters>423</AltitudeMeters><HeartRateBpm><Value>124</Value></HeartRateBpm></Trackpoint>
<Trackpoint><Time>2024-07-18T23:52:30Z</Time><Position><LatitudeDegrees>30.53245059</LatitudeDegrees><LongitudeDegrees>104.06160485</LongitudeDegrees></Position><AltitudeMeters>423</AltitudeMeters><HeartRateBpm><Value>123</Value></HeartRateBpm></Trackpoint>
<Trackpoint><Time>2024-07-18T23:52:31Z</Time><Position><LatitudeDegrees>30.53243559</LatitudeDegrees><LongitudeDegrees>104.0615932</LongitudeDegrees></Position><AltitudeMeters>423</AltitudeMeters><HeartRateBpm><Value>123</Value></HeartRateBpm></Trackpoint>
<Trackpoint><Time>2024-07-18T23:52:32Z</Time><Position><LatitudeDegrees>30.53241594</LatitudeDegrees><LongitudeDegrees>104.06157653</LongitudeDegrees></Position><AltitudeMeters>423</AltitudeMeters><HeartRateBpm><Value>123</Value></HeartRateBpm></Trackpoint>
<Trackpoint><Time>2024-07-18T23:52:34Z</Time><Position><LatitudeDegrees>30.53230695</LatitudeDegrees><LongitudeDegrees>104.06149754</LongitudeDegrees></Position><AltitudeMeters>424</AltitudeMeters><HeartRateBpm><Value>123</Value></HeartRateBpm></Trackpoint>
<Trackpoint><Time>2024-07-18T23:52:35Z</Time><Position><LatitudeDegrees>30.53229761</LatitudeDegrees><LongitudeDegrees>104.06149222</LongitudeDegrees></Position><AltitudeMeters>424</AltitudeMeters><HeartRateBpm><Value>123</Value></HeartRateBpm></Trackpoint>
<Trackpoint><Time>2024-07-18T23:52:36Z</Time><Position><LatitudeDegrees>30.53219795</LatitudeDegrees><LongitudeDegrees>104.06142588</LongitudeDegrees></Position><AltitudeMeters>424</AltitudeMeters><HeartRateBpm><Value>124</Value></HeartRateBpm></Trackpoint>
<Trackpoint><Time>2024-07-18T23:52:38Z</Time><Position><LatitudeDegrees>30.53218862</LatitudeDegrees><LongitudeDegrees>104.06141923</LongitudeDegrees></Position><AltitudeMeters>424</AltitudeMeters><HeartRateBpm><Value>124</Value></HeartRateBpm></Trackpoint>
<Trackpoint><Time>2024-07-18T23:52:39Z</Time><Position><LatitudeDegrees>30.53216996</LatitudeDegrees><LongitudeDegrees>104.06140523</LongitudeDegrees></Position><AltitudeMeters>424</AltitudeMeters><HeartRateBpm><Value>124</Value></HeartRateBpm></Trackpoint>
<Trackpoint><Time>2024-07-18T23:52:40Z</Time><Position><LatitudeDegrees>30.5321443</LatitudeDegrees><LongitudeDegrees>104.06138389</LongitudeDegrees></Position><AltitudeMeters>424</AltitudeMeters><HeartRateBpm><Value>124</Value></HeartRateBpm></Trackpoint>
<Trackpoint><Time>2024-07-18T23:52:41Z</Time><Position><LatitudeDegrees>30.53211131</LatitudeDegrees><LongitudeDegrees>104.06135924</LongitudeDegrees></Position><AltitudeMeters>424</AltitudeMeters><HeartRateBpm><Value>124</Value></HeartRateBpm></Trackpoint>
<Trackpoint><Time>2024-07-18T23:52:43Z</Time><Position><LatitudeDegrees>30.53195731</LatitudeDegrees><LongitudeDegrees>104.06125225</LongitudeDegrees></Position><AltitudeMeters>424</AltitudeMeters><HeartRateBpm><Value>124</Value></HeartRateBpm></Trackpoint>
<Trackpoint><Time>2024-07-18T23:52:44Z</Time><Position><LatitudeDegrees>30.53194798</LatitudeDegrees><LongitudeDegrees>104.06124492</LongitudeDegrees></Position><AltitudeMeters>424</AltitudeMeters><HeartRateBpm><Value>124</Value></HeartRateBpm></Trackpoint>
<Trackpoint><Time>2024-07-18T23:52:45Z</Time><Position><LatitudeDegrees>30.53183932</LatitudeDegrees><LongitudeDegrees>104.06116726</LongitudeDegrees></Position><AltitudeMeters>424</AltitudeMeters><HeartRateBpm><Value>123</Value></HeartRateBpm></Trackpoint>
<Trackpoint><Time>2024-07-18T23:52:47Z</Time><Position><LatitudeDegrees>30.53182766</LatitudeDegrees><LongitudeDegrees>104.06115993</LongitudeDegrees></Position><AltitudeMeters>424</AltitudeMeters><HeartRateBpm><Value>122</Value></HeartRateBpm></Trackpoint>
<Trackpoint><Time>2024-07-18T23:52:49Z</Time><Position><LatitudeDegrees>30.53169866</LatitudeDegrees><LongitudeDegrees>104.06108327</LongitudeDegrees></Position><AltitudeMeters>424</AltitudeMeters><HeartRateBpm><Value>121</Value></HeartRateBpm></Trackpoint>
<Trackpoint><Time>2024-07-18T23:52:50Z</Time><Position><LatitudeDegrees>30.53168767</LatitudeDegrees><LongitudeDegrees>104.06107393</LongitudeDegrees></Position><AltitudeMeters>424</AltitudeMeters><HeartRateBpm><Value>121</Value></HeartRateBpm></Trackpoint>
<Trackpoint><Time>2024-07-18T23:52:51Z</Time><Position><LatitudeDegrees>30.53166601</LatitudeDegrees><LongitudeDegrees>104.06105794</LongitudeDegrees></Position><AltitudeMeters>424</AltitudeMeters><HeartRateBpm><Value>121</Value></HeartRateBpm></Trackpoint>
<Trackpoint><Time>2024-07-18T23:52:52Z</Time><Position><LatitudeDegrees>30.53163502</LatitudeDegrees><LongitudeDegrees>104.06103894</LongitudeDegrees></Position><AltitudeMeters>424</AltitudeMeters><HeartRateBpm><Value>122</Value></HeartRateBpm></Trackpoint>
<Trackpoint><Time>2024-07-18T23:52:53Z</Time><Position><LatitudeDegrees>30.53159868</LatitudeDegrees><LongitudeDegrees>104.06101794</LongitudeDegrees></Position><AltitudeMeters>424</AltitudeMeters><HeartRateBpm><Value>123</Value></HeartRateBpm></Trackpoint>
<Trackpoint><Time>2024-07-18T23:52:54Z</Time><Position><LatitudeDegrees>30.53155903</LatitudeDegrees><LongitudeDegrees>104.06099562</LongitudeDegrees></Position><AltitudeMeters>424</AltitudeMeters><HeartRateBpm><Value>123</Value></HeartRateBpm></Trackpoint>
<Trackpoint><Time>2024-07-18T23:52:56Z</Time><Position><LatitudeDegrees>30.53138936</LatitudeDegrees><LongitudeDegrees>104.06089895</LongitudeDegrees></Position><AltitudeMeters>424</AltitudeMeters><HeartRateBpm><Value>123</Value></HeartRateBpm></Trackpoint>
<Trackpoint><Time>2024-07-18T23:52:57Z</Time><Position><LatitudeDegrees>30.5313767</LatitudeDegrees><LongitudeDegrees>104.0608923</LongitudeDegrees></Position><AltitudeMeters>424</AltitudeMeters><HeartRateBpm><Value>123</Value></HeartRateBpm></Trackpoint>
<Trackpoint><Time>2024-07-18T23:52:58Z</Time><Position><LatitudeDegrees>30.53135204</LatitudeDegrees><LongitudeDegrees>104.06088096</LongitudeDegrees></Position><AltitudeMeters>424</AltitudeMeters><HeartRateBpm><Value>125</Value></HeartRateBpm></Trackpoint>
<Trackpoint><Time>2024-07-18T23:52:59Z</Time><Position><LatitudeDegrees>30.5313167</LatitudeDegrees><LongitudeDegrees>104.06086763</LongitudeDegrees></Position><AltitudeMeters>425</AltitudeMeters><HeartRateBpm><Value>125</Value></HeartRateBpm></Trackpoint>
<Trackpoint><Time>2024-07-18T23:53:01Z</Time><Position><LatitudeDegrees>30.53113704</LatitudeDegrees><LongitudeDegrees>104.06080597</LongitudeDegrees></Position><AltitudeMeters>425</AltitudeMeters><HeartRateBpm><Value>126</Value></HeartRateBpm></Trackpoint>
<Trackpoint><Time>2024-07-18T23:53:02Z</Time><Position><LatitudeDegrees>30.53112538</LatitudeDegrees><LongitudeDegrees>104.06080032</LongitudeDegrees></Position><AltitudeMeters>425</AltitudeMeters><HeartRateBpm><Value>126</Value></HeartRateBpm></Trackpoint>
<Trackpoint><Time>2024-07-18T23:53:03Z</Time><Position><LatitudeDegrees>30.53110171</LatitudeDegrees><LongitudeDegrees>104.06079166</LongitudeDegrees></Position><AltitudeMeters>425</AltitudeMeters><HeartRateBpm><Value>126</Value></HeartRateBpm></Trackpoint>
<Trackpoint><Time>2024-07-18T23:53:04Z</Time><Position><LatitudeDegrees>30.53106838</LatitudeDegrees><LongitudeDegrees>104.06078633</LongitudeDegrees></Position><AltitudeMeters>425</AltitudeMeters><HeartRateBpm><Value>126</Value></HeartRateBpm></Trackpoint>
<Trackpoint><Time>2024-07-18T23:53:05Z</Time><Position><LatitudeDegrees>30.53102872</LatitudeDegrees><LongitudeDegrees>104.06077834</LongitudeDegrees></Position><AltitudeMeters>425</AltitudeMeters><HeartRateBpm><Value>126</Value></HeartRateBpm></Trackpoint>
<Trackpoint><Time>2024-07-18T23:53:06Z</Time><Position><LatitudeDegrees>30.5309864</LatitudeDegrees><LongitudeDegrees>104.06076834</LongitudeDegrees></Position><AltitudeMeters>424</AltitudeMeters><HeartRateBpm><Value>126</Value></HeartRateBpm></Trackpoint>
<Trackpoint><Time>2024-07-18T23:53:07Z</Time><Position><LatitudeDegrees>30.53094273</LatitudeDegrees><LongitudeDegrees>104.06075467</LongitudeDegrees></Position><AltitudeMeters>424</AltitudeMeters><HeartRateBpm><Value>126</Value></HeartRateBpm></Trackpoint>
<Trackpoint><Time>2024-07-18T23:53:08Z</Time><Position><LatitudeDegrees>30.53089708</LatitudeDegrees><LongitudeDegrees>104.06073835</LongitudeDegrees></Position><AltitudeMeters>424</AltitudeMeters><HeartRateBpm><Value>128</Value></HeartRateBpm></Trackpoint>
<Trackpoint><Time>2024-07-18T23:53:09Z</Time><Position><LatitudeDegrees>30.53084941</LatitudeDegrees><LongitudeDegrees>104.06072201</LongitudeDegrees></Position><AltitudeMeters>424</AltitudeMeters><HeartRateBpm><Value>128</Value></HeartRateBpm></Trackpoint>
<Trackpoint><Time>2024-07-18T23:53:10Z</Time><Position><LatitudeDegrees>30.53080108</LatitudeDegrees><LongitudeDegrees>104.06070601</LongitudeDegrees></Position><AltitudeMeters>424</AltitudeMeters><HeartRateBpm><Value>128</Value></HeartRateBpm></Trackpoint>
<Trackpoint><Time>2024-07-18T23:53:11Z</Time><Position><LatitudeDegrees>30.53075109</LatitudeDegrees><LongitudeDegrees>104.06069101</LongitudeDegrees></Position><AltitudeMeters>424</AltitudeMeters><HeartRateBpm><Value>128</Value></HeartRateBpm></Trackpoint>
<Trackpoint><Time>2024-07-18T23:53:13Z</Time><Position><LatitudeDegrees>30.53057109</LatitudeDegrees><LongitudeDegrees>104.06063002</LongitudeDegrees></Position><AltitudeMeters>424</AltitudeMeters><HeartRateBpm><Value>129</Value></HeartRateBpm></Trackpoint>
<Trackpoint><Time>2024-07-18T23:53:15Z</Time><Position><LatitudeDegrees>30.53051475</LatitudeDegrees><LongitudeDegrees>104.0606047</LongitudeDegrees></Position><AltitudeMeters>424</AltitudeMeters><HeartRateBpm><Value>130</Value></HeartRateBpm></Trackpoint>
<Trackpoint><Time>2024-07-18T23:53:17Z</Time><Position><LatitudeDegrees>30.53051276</LatitudeDegrees><LongitudeDegrees>104.06061969</LongitudeDegrees></Position><AltitudeMeters>424</AltitudeMeters><HeartRateBpm><Value>131</Value></HeartRateBpm></Trackpoint>
<Trackpoint><Time>2024-07-18T23:53:18Z</Time><Position><LatitudeDegrees>30.53051276</LatitudeDegrees><LongitudeDegrees>104.06062002</LongitudeDegrees></Position><AltitudeMeters>424</AltitudeMeters><HeartRateBpm><Value>131</Value></HeartRateBpm></Trackpoint>
</Track></Lap>
<Lap StartTime="2024-07-18T23:53:59Z">
<TotalTimeSeconds>178</TotalTimeSeconds><DistanceMeters>713.83</DistanceMeters><Track>
<Trackpoint><Time>2024-07-18T23:53:59Z</Time><Position><LatitudeDegrees>30.53049076</LatitudeDegrees><LongitudeDegrees>104.06063068</LongitudeDegrees></Position><AltitudeMeters>424</AltitudeMeters><HeartRateBpm><Value>120</Value></HeartRateBpm></Trackpoint>
<Trackpoint><Time>2024-07-18T23:54:00Z</Time><Position><LatitudeDegrees>30.5304861</LatitudeDegrees><LongitudeDegrees>104.06062969</LongitudeDegrees></Position><AltitudeMeters>424</AltitudeMeters><HeartRateBpm><Value>120</Value></HeartRateBpm></Trackpoint>
<Trackpoint><Time>2024-07-18T23:54:01Z</Time><Position><LatitudeDegrees>30.53047644</LatitudeDegrees><LongitudeDegrees>104.0606277</LongitudeDegrees></Position><AltitudeMeters>424</AltitudeMeters><HeartRateBpm><Value>120</Value></HeartRateBpm></Trackpoint>
<Trackpoint><Time>2024-07-18T23:54:03Z</Time><Position><LatitudeDegrees>30.53039977</LatitudeDegrees><LongitudeDegrees>104.06061137</LongitudeDegrees></Position><AltitudeMeters>424</AltitudeMeters><HeartRateBpm><Value>122</Value></HeartRateBpm></Trackpoint>
<Trackpoint><Time>2024-07-18T23:54:04Z</Time><Position><LatitudeDegrees>30.53039178</LatitudeDegrees><LongitudeDegrees>104.06060938</LongitudeDegrees></Position><AltitudeMeters>424</AltitudeMeters><HeartRateBpm><Value>122</Value></HeartRateBpm></Trackpoint>
<Trackpoint><Time>2024-07-18T23:54:05Z</Time><Position><LatitudeDegrees>30.53029612</LatitudeDegrees><LongitudeDegrees>104.06058505</LongitudeDegrees></Position><AltitudeMeters>424</AltitudeMeters><HeartRateBpm><Value>122</Value></HeartRateBpm></Trackpoint>
<Trackpoint><Time>2024-07-18T23:54:07Z</Time><Position><LatitudeDegrees>30.53028613</LatitudeDegrees><LongitudeDegrees>104.06058239</LongitudeDegrees></Position><AltitudeMeters>424</AltitudeMeters><HeartRateBpm><Value>122</Value></HeartRateBpm></Trackpoint>
<Trackpoint><Time>2024-07-18T23:54:08Z</Time><Position><LatitudeDegrees>30.53026646</LatitudeDegrees><LongitudeDegrees>104.0605754</LongitudeDegrees></Position><AltitudeMeters>424</AltitudeMeters><HeartRateBpm><Value>123</Value></HeartRateBpm></Trackpoint>
<Trackpoint><Time>2024-07-18T23:54:09Z</Time><Position><LatitudeDegrees>30.5302368</LatitudeDegrees><LongitudeDegrees>104.06056506</LongitudeDegrees></Position><AltitudeMeters>424</AltitudeMeters><HeartRateBpm><Value>123</Value></HeartRateBpm></Trackpoint>
<Trackpoint><Time>2024-07-18T23:54:10Z</Time><Position><LatitudeDegrees>30.53020081</LatitudeDegrees><LongitudeDegrees>104.06055406</LongitudeDegrees></Position><AltitudeMeters>424</AltitudeMeters><HeartRateBpm><Value>123</Value></HeartRateBpm></Trackpoint>
<Trackpoint><Time>2024-07-18T23:54:11Z</Time><Position><LatitudeDegrees>30.53016016</LatitudeDegrees><LongitudeDegrees>104.06054273</LongitudeDegrees></Position><AltitudeMeters>424</AltitudeMeters><HeartRateBpm><Value>123</Value></HeartRateBpm></Trackpoint>
<Trackpoint><Time>2024-07-18T23:54:12Z</Time><Position><LatitudeDegrees>30.53011782</LatitudeDegrees><LongitudeDegrees>104.06052874</LongitudeDegrees></Position><AltitudeMeters>424</AltitudeMeters><HeartRateBpm><Value>122</Value></HeartRateBpm></Trackpoint>
<Trackpoint><Time>2024-07-18T23:54:13Z</Time><Position><LatitudeDegrees>30.53007349</LatitudeDegrees><LongitudeDegrees>104.06051374</LongitudeDegrees></Position><AltitudeMeters>424</AltitudeMeters><HeartRateBpm><Value>122</Value></HeartRateBpm></Trackpoint>
<Trackpoint><Time>2024-07-18T23:54:14Z</Time><Position><LatitudeDegrees>30.53002849</LatitudeDegrees><LongitudeDegrees>104.06049842</LongitudeDegrees></Position><AltitudeMeters>424</AltitudeMeters><HeartRateBpm><Value>122</Value></HeartRateBpm></Trackpoint>
<Trackpoint><Time>2024-07-18T23:54:15Z</Time><Position><LatitudeDegrees>30.52998317</LatitudeDegrees><LongitudeDegrees>104.06048308</LongitudeDegrees></Position><AltitudeMeters>424</AltitudeMeters><HeartRateBpm><Value>123</Value></HeartRateBpm></Trackpoint>
<Trackpoint><Time>2024-07-18T23:54:16Z</Time><Position><LatitudeDegrees>30.52980384</LatitudeDegrees><LongitudeDegrees>104.06042509</LongitudeDegrees></Position><AltitudeMeters>424</AltitudeMeters><HeartRateBpm><Value>123</Value></HeartRateBpm></Trackpoint>
<Trackpoint><Time>2024-07-18T23:54:17Z</Time><Position><LatitudeDegrees>30.52979351</LatitudeDegrees><LongitudeDegrees>104.06042143</LongitudeDegrees></Position><AltitudeMeters>424</AltitudeMeters><HeartRateBpm><Value>124</Value></HeartRateBpm></Trackpoint>
<Trackpoint><Time>2024-07-18T23:54:19Z</Time><Position><LatitudeDegrees>30.52977452</LatitudeDegrees><LongitudeDegrees>104.0604151</LongitudeDegrees></Position><AltitudeMeters>424</AltitudeMeters><HeartRateBpm><Value>123</Value></HeartRateBpm></Trackpoint>
<Trackpoint><Time>2024-07-18T23:54:20Z</Time><Position><LatitudeDegrees>30.52975285</LatitudeDegrees><LongitudeDegrees>104.06040878</LongitudeDegrees></Position><AltitudeMeters>424</AltitudeMeters><HeartRateBpm><Value>123</Value></HeartRateBpm></Trackpoint>
<Trackpoint><Time>2024-07-18T23:54:21Z</Time><Position><LatitudeDegrees>30.52972986</LatitudeDegrees><LongitudeDegrees>104.06040378</LongitudeDegrees></Position><AltitudeMeters>424</AltitudeMeters><HeartRateBpm><Value>123</Value></HeartRateBpm></Trackpoint>
<Trackpoint><Time>2024-07-18T23:54:22Z</Time><Position><LatitudeDegrees>30.52970353</LatitudeDegrees><LongitudeDegrees>104.06040279</LongitudeDegrees></Position><AltitudeMeters>423</AltitudeMeters><HeartRateBpm><Value>125</Value></HeartRateBpm></Trackpoint>
<Trackpoint><Time>2024-07-18T23:54:23Z</Time><Position><LatitudeDegrees>30.52967553</LatitudeDegrees><LongitudeDegrees>104.06039846</LongitudeDegrees></Position><AltitudeMeters>423</AltitudeMeters><HeartRateBpm><Value>125</Value></HeartRateBpm></Trackpoint>
<Trackpoint><Time>2024-07-18T23:54:24Z</Time><Position><LatitudeDegrees>30.52964521</LatitudeDegrees><LongitudeDegrees>104.06039079</LongitudeDegrees></Position><AltitudeMeters>423</AltitudeMeters><HeartRateBpm><Value>125</Value></HeartRateBpm></Trackpoint>
<Trackpoint><Time>2024-07-18T23:54:25Z</Time><Position><LatitudeDegrees>30.52961287</LatitudeDegrees><LongitudeDegrees>104.06038413</LongitudeDegrees></Position><AltitudeMeters>423</AltitudeMeters><HeartRateBpm><Value>125</Value></HeartRateBpm></Trackpoint>
<Trackpoint><Time>2024-07-18T23:54:27Z</Time><Position><LatitudeDegrees>30.52946454</LatitudeDegrees><LongitudeDegrees>104.0603658</LongitudeDegrees></Position><AltitudeMeters>423</AltitudeMeters><HeartRateBpm><Value>127</Value></HeartRateBpm></Trackpoint>
<Trackpoint><Time>2024-07-18T23:54:29Z</Time><Position><LatitudeDegrees>30.52937855</LatitudeDegrees><LongitudeDegrees>104.06035247</LongitudeDegrees></Position><AltitudeMeters>423</AltitudeMeters><HeartRateBpm><Value>128</Value></HeartRateBpm></Trackpoint>
<Trackpoint><Time>2024-07-18T23:54:30Z</Time><Position><LatitudeDegrees>30.52936789</LatitudeDegrees><LongitudeDegrees>104.06035247</LongitudeDegrees></Position><AltitudeMeters>423</AltitudeMeters><HeartRateBpm><Value>128</Value></HeartRateBpm></Trackpoint>
<Trackpoint><Time>2024-07-18T23:54:31Z</Time><Position><LatitudeDegrees>30.52922857</LatitudeDegrees><LongitudeDegrees>104.06036179</LongitudeDegrees></Position><AltitudeMeters>423</AltitudeMeters><HeartRateBpm><Value>128</Value></HeartRateBpm></Trackpoint>
<Trackpoint><Time>2024-07-18T23:54:33Z</Time><Position><LatitudeDegrees>30.52921524</LatitudeDegrees><LongitudeDegrees>104.06036179</LongitudeDegrees></Position><AltitudeMeters>423</AltitudeMeters><HeartRateBpm><Value>128</Value></HeartRateBpm></Trackpoint>
<Trackpoint><Time>2024-07-18T23:54:35Z</Time><Position><LatitudeDegrees>30.52906325</LatitudeDegrees><LongitudeDegrees>104.06035813</LongitudeDegrees></Position><AltitudeMeters>423</AltitudeMeters><HeartRateBpm><Value>129</Value></HeartRateBpm></Trackpoint>
<Trackpoint><Time>2024-07-18T23:54:36Z</Time><Position><LatitudeDegrees>30.52904859</LatitudeDegrees><LongitudeDegrees>104.06035813</LongitudeDegrees></Position><AltitudeMeters>423</AltitudeMeters><HeartRateBpm><Value>129</Value></HeartRateBpm></Trackpoint>
<Trackpoint><Time>2024-07-18T23:54:37Z</Time><Position><LatitudeDegrees>30.5290146</LatitudeDegrees><LongitudeDegrees>104.06036013</LongitudeDegrees></Position><AltitudeMeters>424</AltitudeMeters><HeartRateBpm><Value>128</Value></HeartRateBpm></Trackpoint>
<Trackpoint><Time>2024-07-18T23:54:39Z</Time><Position><LatitudeDegrees>30.52882861</LatitudeDegrees><LongitudeDegrees>104.06038646</LongitudeDegrees></Position><AltitudeMeters>423</AltitudeMeters><HeartRateBpm><Value>127</Value></HeartRateBpm></Trackpoint>
<Trackpoint><Time>2024-07-18T23:54:40Z</Time><Position><LatitudeDegrees>30.52881728</LatitudeDegrees><LongitudeDegrees>104.06038513</LongitudeDegrees></Position><AltitudeMeters>423</AltitudeMeters><HeartRateBpm><Value>127</Value></HeartRateBpm></Trackpoint>
<Trackpoint><Time>2024-07-18T23:54:41Z</Time><Position><LatitudeDegrees>30.52879595</LatitudeDegrees><LongitudeDegrees>104.0603828</LongitudeDegrees></Position><AltitudeMeters>422</AltitudeMeters><HeartRateBpm><Value>127</Value></HeartRateBpm></Trackpoint>
<Trackpoint><Time>2024-07-18T23:54:42Z</Time><Position><LatitudeDegrees>30.52876662</LatitudeDegrees><LongitudeDegrees>104.06038513</LongitudeDegrees></Position><AltitudeMeters>422</AltitudeMeters><HeartRateBpm><Value>127</Value></HeartRateBpm></Trackpoint>
<Trackpoint><Time>2024-07-18T23:54:43Z</Time><Position><LatitudeDegrees>30.52861896</LatitudeDegrees><LongitudeDegrees>104.0603918</LongitudeDegrees></Position><AltitudeMeters>422</AltitudeMeters><HeartRateBpm><Value>127</Value></HeartRateBpm></Trackpoint>
<Trackpoint><Time>2024-07-18T23:54:45Z</Time><Position><LatitudeDegrees>30.52860996</LatitudeDegrees><LongitudeDegrees>104.06039346</LongitudeDegrees></Position><AltitudeMeters>422</AltitudeMeters><HeartRateBpm><Value>126</Value></HeartRateBpm></Trackpoint>
<Trackpoint><Time>2024-07-18T23:54:47Z</Time><Position><LatitudeDegrees>30.52852064</LatitudeDegrees><LongitudeDegrees>104.06041612</LongitudeDegrees></Position><AltitudeMeters>422</AltitudeMeters><HeartRateBpm><Value>124</Value></HeartRateBpm></Trackpoint>
<Trackpoint><Time>2024-07-18T23:54:49Z</Time><Position><LatitudeDegrees>30.52846164</LatitudeDegrees><LongitudeDegrees>104.06043311</LongitudeDegrees></Position><AltitudeMeters>422</AltitudeMeters><HeartRateBpm><Value>122</Value></HeartRateBpm></Trackpoint>
<Trackpoint><Time>2024-07-18T23:54:51Z</Time><Position><LatitudeDegrees>30.52837597</LatitudeDegrees><LongitudeDegrees>104.06043311</LongitudeDegrees></Position><AltitudeMeters>422</AltitudeMeters><HeartRateBpm><Value>122</Value></HeartRateBpm></Trackpoint>
<Trackpoint><Time>2024-07-18T23:54:53Z</Time><Position><LatitudeDegrees>30.52829832</LatitudeDegrees><LongitudeDegrees>104.0604511</LongitudeDegrees></Position><AltitudeMeters>422</AltitudeMeters><HeartRateBpm><Value>120</Value></HeartRateBpm></Trackpoint>
<Trackpoint><Time>2024-07-18T23:54:55Z</Time><Position><LatitudeDegrees>30.52821832</LatitudeDegrees><LongitudeDegrees>104.06046977</LongitudeDegrees></Position><AltitudeMeters>422</AltitudeMeters><HeartRateBpm><Value>119</Value></HeartRateBpm></Trackpoint>
<Trackpoint><Time>2024-07-18T23:54:56Z</Time><Position><LatitudeDegrees>30.52820665</LatitudeDegrees><LongitudeDegrees>104.06047209</LongitudeDegrees></Position><AltitudeMeters>422</AltitudeMeters><HeartRateBpm><Value>119</Value></HeartRateBpm></Trackpoint>
<Trackpoint><Time>2024-07-18T23:54:57Z</Time><Position><LatitudeDegrees>30.52818333</LatitudeDegrees><LongitudeDegrees>104.06047709</LongitudeDegrees></Position><AltitudeMeters>422</AltitudeMeters><HeartRateBpm><Value>118</Value></HeartRateBpm></Trackpoint>
<Trackpoint><Time>2024-07-18T23:54:58Z</Time><Position><LatitudeDegrees>30.52814466</LatitudeDegrees><LongitudeDegrees>104.06048942</LongitudeDegrees></Position><AltitudeMeters>421</AltitudeMeters><HeartRateBpm><Value>118</Value></HeartRateBpm></Trackpoint>
<Trackpoint><Time>2024-07-18T23:54:59Z</Time><Position><LatitudeDegrees>30.52794634</LatitudeDegrees><LongitudeDegrees>104.06056942</LongitudeDegrees></Position><AltitudeMeters>421</AltitudeMeters><HeartRateBpm><Value>118</Value></HeartRateBpm></Trackpoint>
<Trackpoint><Time>2024-07-18T23:55:00Z</Time><Position><LatitudeDegrees>30.52793535</LatitudeDegrees><LongitudeDegrees>104.06057307</LongitudeDegrees></Position><AltitudeMeters>421</AltitudeMeters><HeartRateBpm><Value>118</Value></HeartRateBpm></Trackpoint>
<Trackpoint><Time>2024-07-18T23:55:01Z</Time><Position><LatitudeDegrees>30.52791201</LatitudeDegrees><LongitudeDegrees>104.06058307</LongitudeDegrees></Position><AltitudeMeters>421</AltitudeMeters><HeartRateBpm><Value>118</Value></HeartRateBpm></Trackpoint>
<Trackpoint><Time>2024-07-18T23:55:02Z</Time><Position><LatitudeDegrees>30.52787902</LatitudeDegrees><LongitudeDegrees>104.0605954</LongitudeDegrees></Position><AltitudeMeters>421</AltitudeMeters><HeartRateBpm><Value>118</Value></HeartRateBpm></Trackpoint>
<Trackpoint><Time>2024-07-18T23:55:03Z</Time><Position><LatitudeDegrees>30.52784002</LatitudeDegrees><LongitudeDegrees>104.06060972</LongitudeDegrees></Position><AltitudeMeters>421</AltitudeMeters><HeartRateBpm><Value>118</Value></HeartRateBpm></Trackpoint>
<Trackpoint><Time>2024-07-18T23:55:04Z</Time><Position><LatitudeDegrees>30.5277977</LatitudeDegrees><LongitudeDegrees>104.06062505</LongitudeDegrees></Position><AltitudeMeters>421</AltitudeMeters><HeartRateBpm><Value>118</Value></HeartRateBpm></Trackpoint>
<Trackpoint><Time>2024-07-18T23:55:05Z</Time><Position><LatitudeDegrees>30.52775437</LatitudeDegrees><LongitudeDegrees>104.06064138</LongitudeDegrees></Position><AltitudeMeters>421</AltitudeMeters><HeartRateBpm><Value>118</Value></HeartRateBpm></Trackpoint>
<Trackpoint><Time>2024-07-18T23:55:07Z</Time><Position><LatitudeDegrees>30.52757938</LatitudeDegrees><LongitudeDegrees>104.06073171</LongitudeDegrees></Position><AltitudeMeters>421</AltitudeMeters><HeartRateBpm><Value>118</Value></HeartRateBpm></Trackpoint>
<Trackpoint><Time>2024-07-18T23:55:08Z</Time><Position><LatitudeDegrees>30.52756904</LatitudeDegrees><LongitudeDegrees>104.0607387</LongitudeDegrees></Position><AltitudeMeters>421</AltitudeMeters><HeartRateBpm><Value>118</Value></HeartRateBpm></Trackpoint>
<Trackpoint><Time>2024-07-18T23:55:09Z</Time><Position><LatitudeDegrees>30.52754772</LatitudeDegrees><LongitudeDegrees>104.06075302</LongitudeDegrees></Position><AltitudeMeters>421</AltitudeMeters><HeartRateBpm><Value>120</Value></HeartRateBpm></Trackpoint>
<Trackpoint><Time>2024-07-18T23:55:10Z</Time><Position><LatitudeDegrees>30.52751972</LatitudeDegrees><LongitudeDegrees>104.06077136</LongitudeDegrees></Position><AltitudeMeters>421</AltitudeMeters><HeartRateBpm><Value>120</Value></HeartRateBpm></Trackpoint>
<Trackpoint><Time>2024-07-18T23:55:11Z</Time><Position><LatitudeDegrees>30.52748605</LatitudeDegrees><LongitudeDegrees>104.06079368</LongitudeDegrees></Position><AltitudeMeters>421</AltitudeMeters><HeartRateBpm><Value>120</Value></HeartRateBpm></Trackpoint>
<Trackpoint><Time>2024-07-18T23:55:12Z</Time><Position><LatitudeDegrees>30.52744973</LatitudeDegrees><LongitudeDegrees>104.06081968</LongitudeDegrees></Position><AltitudeMeters>421</AltitudeMeters><HeartRateBpm><Value>120</Value></HeartRateBpm></Trackpoint>
<Trackpoint><Time>2024-07-18T23:55:14Z</Time><Position><LatitudeDegrees>30.52729606</LatitudeDegrees><LongitudeDegrees>104.06094134</LongitudeDegrees></Position><AltitudeMeters>421</AltitudeMeters><HeartRateBpm><Value>121</Value></HeartRateBpm></Trackpoint>
<Trackpoint><Time>2024-07-18T23:55:15Z</Time><Position><LatitudeDegrees>30.52728741</LatitudeDegrees><LongitudeDegrees>104.060951</LongitudeDegrees></Position><AltitudeMeters>421</AltitudeMeters><HeartRateBpm><Value>121</Value></HeartRateBpm></Trackpoint>
<Trackpoint><Time>2024-07-18T23:55:16Z</Time><Position><LatitudeDegrees>30.52726708</LatitudeDegrees><LongitudeDegrees>104.06097099</LongitudeDegrees></Position><AltitudeMeters>421</AltitudeMeters><HeartRateBpm><Value>121</Value></HeartRateBpm></Trackpoint>
<Trackpoint><Time>2024-07-18T23:55:18Z</Time><Position><LatitudeDegrees>30.52714775</LatitudeDegrees><LongitudeDegrees>104.06111232</LongitudeDegrees></Position><AltitudeMeters>421</AltitudeMeters><HeartRateBpm><Value>123</Value></HeartRateBpm></Trackpoint>
<Trackpoint><Time>2024-07-18T23:55:19Z</Time><Position><LatitudeDegrees>30.52713942</LatitudeDegrees><LongitudeDegrees>104.06112332</LongitudeDegrees></Position><AltitudeMeters>421</AltitudeMeters><HeartRateBpm><Value>123</Value></HeartRateBpm></Trackpoint>
<Trackpoint><Time>2024-07-18T23:55:20Z</Time><Position><LatitudeDegrees>30.52712042</LatitudeDegrees><LongitudeDegrees>104.06114597</LongitudeDegrees></Position><AltitudeMeters>421</AltitudeMeters><HeartRateBpm><Value>123</Value></HeartRateBpm></Trackpoint>
<Trackpoint><Time>2024-07-18T23:55:21Z</Time><Position><LatitudeDegrees>30.52709609</LatitudeDegrees><LongitudeDegrees>104.06117564</LongitudeDegrees></Position><AltitudeMeters>421</AltitudeMeters><HeartRateBpm><Value>123</Value></HeartRateBpm></Trackpoint>
<Trackpoint><Time>2024-07-18T23:55:22Z</Time><Position><LatitudeDegrees>30.52706877</LatitudeDegrees><LongitudeDegrees>104.0612083</LongitudeDegrees></Position><AltitudeMeters>421</AltitudeMeters><HeartRateBpm><Value>124</Value></HeartRateBpm></Trackpoint>
<Trackpoint><Time>2024-07-18T23:55:23Z</Time><Position><LatitudeDegrees>30.5270411</LatitudeDegrees><LongitudeDegrees>104.06124396</LongitudeDegrees></Position><AltitudeMeters>421</AltitudeMeters><HeartRateBpm><Value>125</Value></HeartRateBpm></Trackpoint>
<Trackpoint><Time>2024-07-18T23:55:24Z</Time><Position><LatitudeDegrees>30.52701177</LatitudeDegrees><LongitudeDegrees>104.0612833</LongitudeDegrees></Position><AltitudeMeters>421</AltitudeMeters><HeartRateBpm><Value>125</Value></HeartRateBpm></Trackpoint>
<Trackpoint><Time>2024-07-18T23:55:26Z</Time><Position><LatitudeDegrees>30.52690578</LatitudeDegrees><LongitudeDegrees>104.06143795</LongitudeDegrees></Position><AltitudeMeters>421</AltitudeMeters><HeartRateBpm><Value>124</Value></HeartRateBpm></Trackpoint>
<Trackpoint><Time>2024-07-18T23:55:28Z</Time><Position><LatitudeDegrees>30.52685111</LatitudeDegrees><LongitudeDegrees>104.06152828</LongitudeDegrees></Position><AltitudeMeters>421</AltitudeMeters><HeartRateBpm><Value>125</Value></HeartRateBpm></Trackpoint>
<Trackpoint><Time>2024-07-18T23:55:29Z</Time><Position><LatitudeDegrees>30.52684612</LatitudeDegrees><LongitudeDegrees>104.0615376</LongitudeDegrees></Position><AltitudeMeters>421</AltitudeMeters><HeartRateBpm><Value>125</Value></HeartRateBpm></Trackpoint>
<Trackpoint><Time>2024-07-18T23:55:30Z</Time><Position><LatitudeDegrees>30.52683446</LatitudeDegrees><LongitudeDegrees>104.0615596</LongitudeDegrees></Position><AltitudeMeters>421</AltitudeMeters><HeartRateBpm><Value>125</Value></HeartRateBpm></Trackpoint>
<Trackpoint><Time>2024-07-18T23:55:32Z</Time><Position><LatitudeDegrees>30.52674847</LatitudeDegrees><LongitudeDegrees>104.06169627</LongitudeDegrees></Position><AltitudeMeters>421</AltitudeMeters><HeartRateBpm><Value>124</Value></HeartRateBpm></Trackpoint>
<Trackpoint><Time>2024-07-18T23:55:33Z</Time><Position><LatitudeDegrees>30.52669213</LatitudeDegrees><LongitudeDegrees>104.06178059</LongitudeDegrees></Position><AltitudeMeters>421</AltitudeMeters><HeartRateBpm><Value>123</Value></HeartRateBpm></Trackpoint>
<Trackpoint><Time>2024-07-18T23:55:35Z</Time><Position><LatitudeDegrees>30.52668348</LatitudeDegrees><LongitudeDegrees>104.06179526</LongitudeDegrees></Position><AltitudeMeters>421</AltitudeMeters><HeartRateBpm><Value>121</Value></HeartRateBpm></Trackpoint>
<Trackpoint><Time>2024-07-18T23:55:36Z</Time><Position><LatitudeDegrees>30.52666848</LatitudeDegrees><LongitudeDegrees>104.06182258</LongitudeDegrees></Position><AltitudeMeters>421</AltitudeMeters><HeartRateBpm><Value>121</Value></HeartRateBpm></Trackpoint>
<Trackpoint><Time>2024-07-18T23:55:38Z</Time><Position><LatitudeDegrees>30.52657882</LatitudeDegrees><LongitudeDegrees>104.06199658</LongitudeDegrees></Position><AltitudeMeters>421</AltitudeMeters><HeartRateBpm><Value>121</Value></HeartRateBpm></Trackpoint>
<Trackpoint><Time>2024-07-18T23:55:39Z</Time><Position><LatitudeDegrees>30.52652649</LatitudeDegrees><LongitudeDegrees>104.06209957</LongitudeDegrees></Position><AltitudeMeters>421</AltitudeMeters><HeartRateBpm><Value>118</Value></HeartRateBpm></Trackpoint>
<Trackpoint><Time>2024-07-18T23:55:41Z</Time><Position><LatitudeDegrees>30.52651983</LatitudeDegrees><LongitudeDegrees>104.06211224</LongitudeDegrees></Position><AltitudeMeters>421</AltitudeMeters><HeartRateBpm><Value>118</Value></HeartRateBpm></Trackpoint>
<Trackpoint><Time>2024-07-18T23:55:42Z</Time><Position><LatitudeDegrees>30.5265075</LatitudeDegrees><LongitudeDegrees>104.06214123</LongitudeDegrees></Position><AltitudeMeters>421</AltitudeMeters><HeartRateBpm><Value>119</Value></HeartRateBpm></Trackpoint>
<Trackpoint><Time>2024-07-18T23:55:43Z</Time><Position><LatitudeDegrees>30.52648983</LatitudeDegrees><LongitudeDegrees>104.06218122</LongitudeDegrees></Position><AltitudeMeters>421</AltitudeMeters><HeartRateBpm><Value>119</Value></HeartRateBpm></Trackpoint>
<Trackpoint><Time>2024-07-18T23:55:44Z</Time><Position><LatitudeDegrees>30.5264675</LatitudeDegrees><LongitudeDegrees>104.06222721</LongitudeDegrees></Position><AltitudeMeters>421</AltitudeMeters><HeartRateBpm><Value>124</Value></HeartRateBpm></Trackpoint>
<Trackpoint><Time>2024-07-18T23:55:45Z</Time><Position><LatitudeDegrees>30.52644284</LatitudeDegrees><LongitudeDegrees>104.06227421</LongitudeDegrees></Position><AltitudeMeters>421</AltitudeMeters><HeartRateBpm><Value>125</Value></HeartRateBpm></Trackpoint>
<Trackpoint><Time>2024-07-18T23:55:46Z</Time><Position><LatitudeDegrees>30.52641651</LatitudeDegrees><LongitudeDegrees>104.06232286</LongitudeDegrees></Position><AltitudeMeters>421</AltitudeMeters><HeartRateBpm><Value>126</Value></HeartRateBpm></Trackpoint>
<Trackpoint><Time>2024-07-18T23:55:47Z</Time><Position><LatitudeDegrees>30.52638984</LatitudeDegrees><LongitudeDegrees>104.06237253</LongitudeDegrees></Position><AltitudeMeters>421</AltitudeMeters><HeartRateBpm><Value>127</Value></HeartRateBpm></Trackpoint>
<Trackpoint><Time>2024-07-18T23:55:48Z</Time><Position><LatitudeDegrees>30.52636418</LatitudeDegrees><LongitudeDegrees>104.06242285</LongitudeDegrees></Position><AltitudeMeters>421</AltitudeMeters><HeartRateBpm><Value>127</Value></HeartRateBpm></Trackpoint>
<Trackpoint><Time>2024-07-18T23:55:49Z</Time><Position><LatitudeDegrees>30.52633553</LatitudeDegrees><LongitudeDegrees>104.06247484</LongitudeDegrees></Position><AltitudeMeters>421</AltitudeMeters><HeartRateBpm><Value>127</Value></HeartRateBpm></Trackpoint>
<Trackpoint><Time>2024-07-18T23:55:50Z</Time><Position><LatitudeDegrees>30.52630786</LatitudeDegrees><LongitudeDegrees>104.06252684</LongitudeDegrees></Position><AltitudeMeters>421</AltitudeMeters><HeartRateBpm><Value>127</Value></HeartRateBpm></Trackpoint>
<Trackpoint><Time>2024-07-18T23:55:51Z</Time><Position><LatitudeDegrees>30.52627986</LatitudeDegrees><LongitudeDegrees>104.0625775</LongitudeDegrees></Position><AltitudeMeters>421</AltitudeMeters><HeartRateBpm><Value>128</Value></HeartRateBpm></Trackpoint>
<Trackpoint><Time>2024-07-18T23:55:52Z</Time><Position><LatitudeDegrees>30.52625186</LatitudeDegrees><LongitudeDegrees>104.06263017</LongitudeDegrees></Position><AltitudeMeters>421</AltitudeMeters><HeartRateBpm><Value>128</Value></HeartRateBpm></Trackpoint>
<Trackpoint><Time>2024-07-18T23:55:53Z</Time><Position><LatitudeDegrees>30.52622487</LatitudeDegrees><LongitudeDegrees>104.06268449</LongitudeDegrees></Position><AltitudeMeters>421</AltitudeMeters><HeartRateBpm><Value>128</Value></HeartRateBpm></Trackpoint>
<Trackpoint><Time>2024-07-18T23:55:55Z</Time><Position><LatitudeDegrees>30.5261152</LatitudeDegrees><LongitudeDegrees>104.06289948</LongitudeDegrees></Position><AltitudeMeters>421</AltitudeMeters><HeartRateBpm><Value>128</Value></HeartRateBpm></Trackpoint>
<Trackpoint><Time>2024-07-18T23:55:56Z</Time><Position><LatitudeDegrees>30.52606521</LatitudeDegrees><LongitudeDegrees>104.06299914</LongitudeDegrees></Position><AltitudeMeters>421</AltitudeMeters><HeartRateBpm><Value>130</Value></HeartRateBpm></Trackpoint>
<Trackpoint><Time>2024-07-18T23:55:58Z</Time><Position><LatitudeDegrees>30.52605855</LatitudeDegrees><LongitudeDegrees>104.06301047</LongitudeDegrees></Position><AltitudeMeters>421</AltitudeMeters><HeartRateBpm><Value>130</Value></HeartRateBpm></Trackpoint>
<Trackpoint><Time>2024-07-18T23:55:59Z</Time><Position><LatitudeDegrees>30.52604555</LatitudeDegrees><LongitudeDegrees>104.06303647</LongitudeDegrees></Position><AltitudeMeters>421</AltitudeMeters><HeartRateBpm><Value>130</Value></HeartRateBpm></Trackpoint>
<Trackpoint><Time>2024-07-18T23:56:00Z</Time><Position><LatitudeDegrees>30.52602756</LatitudeDegrees><LongitudeDegrees>104.06307046</LongitudeDegrees></Position><AltitudeMeters>421</AltitudeMeters><HeartRateBpm><Value>130</Value></HeartRateBpm></Trackpoint>
<Trackpoint><Time>2024-07-18T23:56:02Z</Time><Position><LatitudeDegrees>30.52593956</LatitudeDegrees><LongitudeDegrees>104.06323845</LongitudeDegrees></Position><AltitudeMeters>421</AltitudeMeters><HeartRateBpm><Value>131</Value></HeartRateBpm></Trackpoint>
<Trackpoint><Time>2024-07-18T23:56:04Z</Time><Position><LatitudeDegrees>30.52589823</LatitudeDegrees><LongitudeDegrees>104.06332045</LongitudeDegrees></Position><AltitudeMeters>421</AltitudeMeters><HeartRateBpm><Value>132</Value></HeartRateBpm></Trackpoint>
<Trackpoint><Time>2024-07-18T23:56:05Z</Time><Position><LatitudeDegrees>30.52589258</LatitudeDegrees><LongitudeDegrees>104.06333111</LongitudeDegrees></Position><AltitudeMeters>421</AltitudeMeters><HeartRateBpm><Value>133</Value></HeartRateBpm></Trackpoint>
<Trackpoint><Time>2024-07-18T23:56:06Z</Time><Position><LatitudeDegrees>30.52588191</LatitudeDegrees><LongitudeDegrees>104.06334777</LongitudeDegrees></Position><AltitudeMeters>421</AltitudeMeters><HeartRateBpm><Value>133</Value></HeartRateBpm></Trackpoint>
<Trackpoint><Time>2024-07-18T23:56:08Z</Time><Position><LatitudeDegrees>30.52580459</LatitudeDegrees><LongitudeDegrees>104.06346411</LongitudeDegrees></Position><AltitudeMeters>421</AltitudeMeters><HeartRateBpm><Value>132</Value></HeartRateBpm></Trackpoint>
<Trackpoint><Time>2024-07-18T23:56:09Z</Time><Position><LatitudeDegrees>30.5257996</LatitudeDegrees><LongitudeDegrees>104.06347244</LongitudeDegrees></Position><AltitudeMeters>421</AltitudeMeters><HeartRateBpm><Value>131</Value></HeartRateBpm></Trackpoint>
<Trackpoint><Time>2024-07-18T23:56:10Z</Time><Position><LatitudeDegrees>30.5257886</LatitudeDegrees><LongitudeDegrees>104.06349344</LongitudeDegrees></Position><AltitudeMeters>421</AltitudeMeters><HeartRateBpm><Value>131</Value></HeartRateBpm></Trackpoint>
<Trackpoint><Time>2024-07-18T23:56:11Z</Time><Position><LatitudeDegrees>30.52577393</LatitudeDegrees><LongitudeDegrees>104.06352076</LongitudeDegrees></Position><AltitudeMeters>421</AltitudeMeters><HeartRateBpm><Value>131</Value></HeartRateBpm></Trackpoint>
<Trackpoint><Time>2024-07-18T23:56:12Z</Time><Position><LatitudeDegrees>30.52575394</LatitudeDegrees><LongitudeDegrees>104.0635541</LongitudeDegrees></Position><AltitudeMeters>421</AltitudeMeters><HeartRateBpm><Value>131</Value></HeartRateBpm></Trackpoint>
<Trackpoint><Time>2024-07-18T23:56:13Z</Time><Position><LatitudeDegrees>30.52565762</LatitudeDegrees><LongitudeDegrees>104.06370843</LongitudeDegrees></Position><AltitudeMeters>421</AltitudeMeters><HeartRateBpm><Value>130</Value></HeartRateBpm></Trackpoint>
<Trackpoint><Time>2024-07-18T23:56:14Z</Time><Position><LatitudeDegrees>30.52565095</LatitudeDegrees><LongitudeDegrees>104.06371743</LongitudeDegrees></Position><AltitudeMeters>421</AltitudeMeters><HeartRateBpm><Value>130</Value></HeartRateBpm></Trackpoint>
<Trackpoint><Time>2024-07-18T23:56:16Z</Time><Position><LatitudeDegrees>30.52563929</LatitudeDegrees><LongitudeDegrees>104.06373475</LongitudeDegrees></Position><AltitudeMeters>421</AltitudeMeters><HeartRateBpm><Value>129</Value></HeartRateBpm></Trackpoint>
<Trackpoint><Time>2024-07-18T23:56:17Z</Time><Position><LatitudeDegrees>30.52562497</LatitudeDegrees><LongitudeDegrees>104.06375808</LongitudeDegrees></Position><AltitudeMeters>421</AltitudeMeters><HeartRateBpm><Value>128</Value></HeartRateBpm></Trackpoint>
<Trackpoint><Time>2024-07-18T23:56:18Z</Time><Position><LatitudeDegrees>30.52560964</LatitudeDegrees><LongitudeDegrees>104.06378107</LongitudeDegrees></Position><AltitudeMeters>421</AltitudeMeters><HeartRateBpm><Value>127</Value></HeartRateBpm></Trackpoint>
<Trackpoint><Time>2024-07-18T23:56:20Z</Time><Position><LatitudeDegrees>30.52557664</LatitudeDegrees><LongitudeDegrees>104.06384107</LongitudeDegrees></Position><AltitudeMeters>421</AltitudeMeters><HeartRateBpm><Value>126</Value></HeartRateBpm></Trackpoint>
<Trackpoint><Time>2024-07-18T23:56:21Z</Time><Position><LatitudeDegrees>30.52557796</LatitudeDegrees><LongitudeDegrees>104.06384172</LongitudeDegrees></Position><AltitudeMeters>421</AltitudeMeters><HeartRateBpm><Value>126</Value></HeartRateBpm></Trackpoint>
</Track></Lap>
<Lap StartTime="2024-07-18T23:56:57Z">
<TotalTimeSeconds>179</TotalTimeSeconds><DistanceMeters>829.49</DistanceMeters><Track>
<Trackpoint><Time>2024-07-18T23:56:57Z</Time><Position><LatitudeDegrees>30.5255533</LatitudeDegrees><LongitudeDegrees>104.06388639</LongitudeDegrees></Position><AltitudeMeters>421</AltitudeMeters><HeartRateBpm><Value>116</Value></HeartRateBpm></Trackpoint>
<Trackpoint><Time>2024-07-18T23:56:58Z</Time><Position><LatitudeDegrees>30.52555097</LatitudeDegrees><LongitudeDegrees>104.06389105</LongitudeDegrees></Position><AltitudeMeters>421</AltitudeMeters><HeartRateBpm><Value>116</Value></HeartRateBpm></Trackpoint>
<Trackpoint><Time>2024-07-18T23:56:59Z</Time><Position><LatitudeDegrees>30.52552897</LatitudeDegrees><LongitudeDegrees>104.0639387</LongitudeDegrees></Position><AltitudeMeters>421</AltitudeMeters><HeartRateBpm><Value>116</Value></HeartRateBpm></Trackpoint>
<Trackpoint><Time>2024-07-18T23:57:00Z</Time><Position><LatitudeDegrees>30.52552598</LatitudeDegrees><LongitudeDegrees>104.0639427</LongitudeDegrees></Position><AltitudeMeters>421</AltitudeMeters><HeartRateBpm><Value>116</Value></HeartRateBpm></Trackpoint>
<Trackpoint><Time>2024-07-18T23:57:02Z</Time><Position><LatitudeDegrees>30.52551966</LatitudeDegrees><LongitudeDegrees>104.0639517</LongitudeDegrees></Position><AltitudeMeters>422</AltitudeMeters><HeartRateBpm><Value>117</Value></HeartRateBpm></Trackpoint>
<Trackpoint><Time>2024-07-18T23:57:03Z</Time><Position><LatitudeDegrees>30.525511</LatitudeDegrees><LongitudeDegrees>104.06396369</LongitudeDegrees></Position><AltitudeMeters>422</AltitudeMeters><HeartRateBpm><Value>117</Value></HeartRateBpm></Trackpoint>
<Trackpoint><Time>2024-07-18T23:57:04Z</Time><Position><LatitudeDegrees>30.52550133</LatitudeDegrees><LongitudeDegrees>104.06397636</LongitudeDegrees></Position><AltitudeMeters>422</AltitudeMeters><HeartRateBpm><Value>117</Value></HeartRateBpm></Trackpoint>
<Trackpoint><Time>2024-07-18T23:57:05Z</Time><Position><LatitudeDegrees>30.52549067</LatitudeDegrees><LongitudeDegrees>104.06399068</LongitudeDegrees></Position><AltitudeMeters>422</AltitudeMeters><HeartRateBpm><Value>117</Value></HeartRateBpm></Trackpoint>
<Trackpoint><Time>2024-07-18T23:57:06Z</Time><Position><LatitudeDegrees>30.52547867</LatitudeDegrees><LongitudeDegrees>104.06400734</LongitudeDegrees></Position><AltitudeMeters>422</AltitudeMeters><HeartRateBpm><Value>117</Value></HeartRateBpm></Trackpoint>
<Trackpoint><Time>2024-07-18T23:57:07Z</Time><Position><LatitudeDegrees>30.52546634</LatitudeDegrees><LongitudeDegrees>104.06402766</LongitudeDegrees></Position><AltitudeMeters>422</AltitudeMeters><HeartRateBpm><Value>117</Value></HeartRateBpm></Trackpoint>
<Trackpoint><Time>2024-07-18T23:57:08Z</Time><Position><LatitudeDegrees>30.52545301</LatitudeDegrees><LongitudeDegrees>104.06404933</LongitudeDegrees></Position><AltitudeMeters>422</AltitudeMeters><HeartRateBpm><Value>117</Value></HeartRateBpm></Trackpoint>
<Trackpoint><Time>2024-07-18T23:57:09Z</Time><Position><LatitudeDegrees>30.52543635</LatitudeDegrees><LongitudeDegrees>104.06407465</LongitudeDegrees></Position><AltitudeMeters>422</AltitudeMeters><HeartRateBpm><Value>117</Value></HeartRateBpm></Trackpoint>
<Trackpoint><Time>2024-07-18T23:57:10Z</Time><Position><LatitudeDegrees>30.52541469</LatitudeDegrees><LongitudeDegrees>104.06410331</LongitudeDegrees></Position><AltitudeMeters>422</AltitudeMeters><HeartRateBpm><Value>117</Value></HeartRateBpm></Trackpoint>
<Trackpoint><Time>2024-07-18T23:57:12Z</Time><Position><LatitudeDegrees>30.52531035</LatitudeDegrees><LongitudeDegrees>104.06422298</LongitudeDegrees></Position><AltitudeMeters>422</AltitudeMeters><HeartRateBpm><Value>117</Value></HeartRateBpm></Trackpoint>
<Trackpoint><Time>2024-07-18T23:57:14Z</Time><Position><LatitudeDegrees>30.52524103</LatitudeDegrees><LongitudeDegrees>104.0642853</LongitudeDegrees></Position><AltitudeMeters>422</AltitudeMeters><HeartRateBpm><Value>117</Value></HeartRateBpm></Trackpoint>
<Trackpoint><Time>2024-07-18T23:57:15Z</Time><Position><LatitudeDegrees>30.52517737</LatitudeDegrees><LongitudeDegrees>104.06433597</LongitudeDegrees></Position><AltitudeMeters>422</AltitudeMeters><HeartRateBpm><Value>118</Value></HeartRateBpm></Trackpoint>
<Trackpoint><Time>2024-07-18T23:57:16Z</Time><Position><LatitudeDegrees>30.52516937</LatitudeDegrees><LongitudeDegrees>104.06434162</LongitudeDegrees></Position><AltitudeMeters>422</AltitudeMeters><HeartRateBpm><Value>118</Value></HeartRateBpm></Trackpoint>
<Trackpoint><Time>2024-07-18T23:57:17Z</Time><Position><LatitudeDegrees>30.52515404</LatitudeDegrees><LongitudeDegrees>104.06435495</LongitudeDegrees></Position><AltitudeMeters>422</AltitudeMeters><HeartRateBpm><Value>118</Value></HeartRateBpm></Trackpoint>
<Trackpoint><Time>2024-07-18T23:57:19Z</Time><Position><LatitudeDegrees>30.52513238</LatitudeDegrees><LongitudeDegrees>104.06437561</LongitudeDegrees></Position><AltitudeMeters>422</AltitudeMeters><HeartRateBpm><Value>118</Value></HeartRateBpm></Trackpoint>
<Trackpoint><Time>2024-07-18T23:57:20Z</Time><Position><LatitudeDegrees>30.52510572</LatitudeDegrees><LongitudeDegrees>104.0644006</LongitudeDegrees></Position><AltitudeMeters>423</AltitudeMeters><HeartRateBpm><Value>118</Value></HeartRateBpm></Trackpoint>
<Trackpoint><Time>2024-07-18T23:57:21Z</Time><Position><LatitudeDegrees>30.52497806</LatitudeDegrees><LongitudeDegrees>104.06452027</LongitudeDegrees></Position><AltitudeMeters>423</AltitudeMeters><HeartRateBpm><Value>119</Value></HeartRateBpm></Trackpoint>
<Trackpoint><Time>2024-07-18T23:57:23Z</Time><Position><LatitudeDegrees>30.52496906</LatitudeDegrees><LongitudeDegrees>104.06452794</LongitudeDegrees></Position><AltitudeMeters>423</AltitudeMeters><HeartRateBpm><Value>119</Value></HeartRateBpm></Trackpoint>
<Trackpoint><Time>2024-07-18T23:57:24Z</Time><Position><LatitudeDegrees>30.52495107</LatitudeDegrees><LongitudeDegrees>104.0645446</LongitudeDegrees></Position><AltitudeMeters>423</AltitudeMeters><HeartRateBpm><Value>119</Value></HeartRateBpm></Trackpoint>
<Trackpoint><Time>2024-07-18T23:57:25Z</Time><Position><LatitudeDegrees>30.5249234</LatitudeDegrees><LongitudeDegrees>104.0645706</LongitudeDegrees></Position><AltitudeMeters>423</AltitudeMeters><HeartRateBpm><Value>119</Value></HeartRateBpm></Trackpoint>
<Trackpoint><Time>2024-07-18T23:57:26Z</Time><Position><LatitudeDegrees>30.52478975</LatitudeDegrees><LongitudeDegrees>104.06468527</LongitudeDegrees></Position><AltitudeMeters>423</AltitudeMeters><HeartRateBpm><Value>119</Value></HeartRateBpm></Trackpoint>
<Trackpoint><Time>2024-07-18T23:57:27Z</Time><Position><LatitudeDegrees>30.52477976</LatitudeDegrees><LongitudeDegrees>104.0646936</LongitudeDegrees></Position><AltitudeMeters>423</AltitudeMeters><HeartRateBpm><Value>119</Value></HeartRateBpm></Trackpoint>
<Trackpoint><Time>2024-07-18T23:57:29Z</Time><Position><LatitudeDegrees>30.52476009</LatitudeDegrees><LongitudeDegrees>104.06471126</LongitudeDegrees></Position><AltitudeMeters>423</AltitudeMeters><HeartRateBpm><Value>118</Value></HeartRateBpm></Trackpoint>
<Trackpoint><Time>2024-07-18T23:57:30Z</Time><Position><LatitudeDegrees>30.5247331</LatitudeDegrees><LongitudeDegrees>104.06473425</LongitudeDegrees></Position><AltitudeMeters>423</AltitudeMeters><HeartRateBpm><Value>117</Value></HeartRateBpm></Trackpoint>
<Trackpoint><Time>2024-07-18T23:57:31Z</Time><Position><LatitudeDegrees>30.52459644</LatitudeDegrees><LongitudeDegrees>104.06484692</LongitudeDegrees></Position><AltitudeMeters>423</AltitudeMeters><HeartRateBpm><Value>116</Value></HeartRateBpm></Trackpoint>
<Trackpoint><Time>2024-07-18T23:57:33Z</Time><Position><LatitudeDegrees>30.52458679</LatitudeDegrees><LongitudeDegrees>104.06485557</LongitudeDegrees></Position><AltitudeMeters>423</AltitudeMeters><HeartRateBpm><Value>116</Value></HeartRateBpm></Trackpoint>
<Trackpoint><Time>2024-07-18T23:57:34Z</Time><Position><LatitudeDegrees>30.52456612</LatitudeDegrees><LongitudeDegrees>104.06487391</LongitudeDegrees></Position><AltitudeMeters>423</AltitudeMeters><HeartRateBpm><Value>117</Value></HeartRateBpm></Trackpoint>
<Trackpoint><Time>2024-07-18T23:57:35Z</Time><Position><LatitudeDegrees>30.52453712</LatitudeDegrees><LongitudeDegrees>104.06490023</LongitudeDegrees></Position><AltitudeMeters>423</AltitudeMeters><HeartRateBpm><Value>117</Value></HeartRateBpm></Trackpoint>
<Trackpoint><Time>2024-07-18T23:57:36Z</Time><Position><LatitudeDegrees>30.52450313</LatitudeDegrees><LongitudeDegrees>104.0649299</LongitudeDegrees></Position><AltitudeMeters>423</AltitudeMeters><HeartRateBpm><Value>117</Value></HeartRateBpm></Trackpoint>
<Trackpoint><Time>2024-07-18T23:57:38Z</Time><Position><LatitudeDegrees>30.5243528</LatitudeDegrees><LongitudeDegrees>104.06506722</LongitudeDegrees></Position><AltitudeMeters>423</AltitudeMeters><HeartRateBpm><Value>119</Value></HeartRateBpm></Trackpoint>
<Trackpoint><Time>2024-07-18T23:57:39Z</Time><Position><LatitudeDegrees>30.52427881</LatitudeDegrees><LongitudeDegrees>104.06513989</LongitudeDegrees></Position><AltitudeMeters>423</AltitudeMeters><HeartRateBpm><Value>120</Value></HeartRateBpm></Trackpoint>
<Trackpoint><Time>2024-07-18T23:57:41Z</Time><Position><LatitudeDegrees>30.52426947</LatitudeDegrees><LongitudeDegrees>104.06514788</LongitudeDegrees></Position><AltitudeMeters>423</AltitudeMeters><HeartRateBpm><Value>123</Value></HeartRateBpm></Trackpoint>
<Trackpoint><Time>2024-07-18T23:57:42Z</Time><Position><LatitudeDegrees>30.52424948</LatitudeDegrees><LongitudeDegrees>104.06516288</LongitudeDegrees></Position><AltitudeMeters>423</AltitudeMeters><HeartRateBpm><Value>124</Value></HeartRateBpm></Trackpoint>
<Trackpoint><Time>2024-07-18T23:57:43Z</Time><Position><LatitudeDegrees>30.52422116</LatitudeDegrees><LongitudeDegrees>104.06518187</LongitudeDegrees></Position><AltitudeMeters>423</AltitudeMeters><HeartRateBpm><Value>124</Value></HeartRateBpm></Trackpoint>
<Trackpoint><Time>2024-07-18T23:57:44Z</Time><Position><LatitudeDegrees>30.52408049</LatitudeDegrees><LongitudeDegrees>104.06527187</LongitudeDegrees></Position><AltitudeMeters>422</AltitudeMeters><HeartRateBpm><Value>124</Value></HeartRateBpm></Trackpoint>
<Trackpoint><Time>2024-07-18T23:57:45Z</Time><Position><LatitudeDegrees>30.52406716</LatitudeDegrees><LongitudeDegrees>104.06528119</LongitudeDegrees></Position><AltitudeMeters>422</AltitudeMeters><HeartRateBpm><Value>124</Value></HeartRateBpm></Trackpoint>
<Trackpoint><Time>2024-07-18T23:57:47Z</Time><Position><LatitudeDegrees>30.52404284</LatitudeDegrees><LongitudeDegrees>104.06529818</LongitudeDegrees></Position><AltitudeMeters>422</AltitudeMeters><HeartRateBpm><Value>125</Value></HeartRateBpm></Trackpoint>
<Trackpoint><Time>2024-07-18T23:57:48Z</Time><Position><LatitudeDegrees>30.52401118</LatitudeDegrees><LongitudeDegrees>104.06532451</LongitudeDegrees></Position><AltitudeMeters>422</AltitudeMeters><HeartRateBpm><Value>127</Value></HeartRateBpm></Trackpoint>
<Trackpoint><Time>2024-07-18T23:57:50Z</Time><Position><LatitudeDegrees>30.52384718</LatitudeDegrees><LongitudeDegrees>104.0654555</LongitudeDegrees></Position><AltitudeMeters>421</AltitudeMeters><HeartRateBpm><Value>126</Value></HeartRateBpm></Trackpoint>
<Trackpoint><Time>2024-07-18T23:57:51Z</Time><Position><LatitudeDegrees>30.52383719</LatitudeDegrees><LongitudeDegrees>104.06546516</LongitudeDegrees></Position><AltitudeMeters>421</AltitudeMeters><HeartRateBpm><Value>126</Value></HeartRateBpm></Trackpoint>
<Trackpoint><Time>2024-07-18T23:57:52Z</Time><Position><LatitudeDegrees>30.52381652</LatitudeDegrees><LongitudeDegrees>104.06548548</LongitudeDegrees></Position><AltitudeMeters>421</AltitudeMeters><HeartRateBpm><Value>126</Value></HeartRateBpm></Trackpoint>
<Trackpoint><Time>2024-07-18T23:57:54Z</Time><Position><LatitudeDegrees>30.5236792</LatitudeDegrees><LongitudeDegrees>104.06559548</LongitudeDegrees></Position><AltitudeMeters>421</AltitudeMeters><HeartRateBpm><Value>128</Value></HeartRateBpm></Trackpoint>
<Trackpoint><Time>2024-07-18T23:57:56Z</Time><Position><LatitudeDegrees>30.52358621</LatitudeDegrees><LongitudeDegrees>104.06562547</LongitudeDegrees></Position><AltitudeMeters>421</AltitudeMeters><HeartRateBpm><Value>130</Value></HeartRateBpm></Trackpoint>
<Trackpoint><Time>2024-07-18T23:57:57Z</Time><Position><LatitudeDegrees>30.52357688</LatitudeDegrees><LongitudeDegrees>104.06563047</LongitudeDegrees></Position><AltitudeMeters>421</AltitudeMeters><HeartRateBpm><Value>131</Value></HeartRateBpm></Trackpoint>
<Trackpoint><Time>2024-07-18T23:57:58Z</Time><Position><LatitudeDegrees>30.52356021</LatitudeDegrees><LongitudeDegrees>104.0656428</LongitudeDegrees></Position><AltitudeMeters>421</AltitudeMeters><HeartRateBpm><Value>131</Value></HeartRateBpm></Trackpoint>
<Trackpoint><Time>2024-07-18T23:58:00Z</Time><Position><LatitudeDegrees>30.52345989</LatitudeDegrees><LongitudeDegrees>104.06569146</LongitudeDegrees></Position><AltitudeMeters>421</AltitudeMeters><HeartRateBpm><Value>132</Value></HeartRateBpm></Trackpoint>
<Trackpoint><Time>2024-07-18T23:58:01Z</Time><Position><LatitudeDegrees>30.52345189</LatitudeDegrees><LongitudeDegrees>104.06569646</LongitudeDegrees></Position><AltitudeMeters>421</AltitudeMeters><HeartRateBpm><Value>131</Value></HeartRateBpm></Trackpoint>
<Trackpoint><Time>2024-07-18T23:58:02Z</Time><Position><LatitudeDegrees>30.52343689</LatitudeDegrees><LongitudeDegrees>104.06570579</LongitudeDegrees></Position><AltitudeMeters>421</AltitudeMeters><HeartRateBpm><Value>131</Value></HeartRateBpm></Trackpoint>
<Trackpoint><Time>2024-07-18T23:58:03Z</Time><Position><LatitudeDegrees>30.52341456</LatitudeDegrees><LongitudeDegrees>104.06571879</LongitudeDegrees></Position><AltitudeMeters>421</AltitudeMeters><HeartRateBpm><Value>131</Value></HeartRateBpm></Trackpoint>
<Trackpoint><Time>2024-07-18T23:58:04Z</Time><Position><LatitudeDegrees>30.52338791</LatitudeDegrees><LongitudeDegrees>104.06573611</LongitudeDegrees></Position><AltitudeMeters>421</AltitudeMeters><HeartRateBpm><Value>131</Value></HeartRateBpm></Trackpoint>
<Trackpoint><Time>2024-07-18T23:58:05Z</Time><Position><LatitudeDegrees>30.52335924</LatitudeDegrees><LongitudeDegrees>104.06575878</LongitudeDegrees></Position><AltitudeMeters>421</AltitudeMeters><HeartRateBpm><Value>131</Value></HeartRateBpm></Trackpoint>
<Trackpoint><Time>2024-07-18T23:58:06Z</Time><Position><LatitudeDegrees>30.52323557</LatitudeDegrees><LongitudeDegrees>104.06587743</LongitudeDegrees></Position><AltitudeMeters>421</AltitudeMeters><HeartRateBpm><Value>131</Value></HeartRateBpm></Trackpoint>
<Trackpoint><Time>2024-07-18T23:58:07Z</Time><Position><LatitudeDegrees>30.52322724</LatitudeDegrees><LongitudeDegrees>104.06588476</LongitudeDegrees></Position><AltitudeMeters>421</AltitudeMeters><HeartRateBpm><Value>131</Value></HeartRateBpm></Trackpoint>
<Trackpoint><Time>2024-07-18T23:58:08Z</Time><Position><LatitudeDegrees>30.52320958</LatitudeDegrees><LongitudeDegrees>104.06589976</LongitudeDegrees></Position><AltitudeMeters>422</AltitudeMeters><HeartRateBpm><Value>131</Value></HeartRateBpm></Trackpoint>
<Trackpoint><Time>2024-07-18T23:58:10Z</Time><Position><LatitudeDegrees>30.52318426</LatitudeDegrees><LongitudeDegrees>104.06591841</LongitudeDegrees></Position><AltitudeMeters>422</AltitudeMeters><HeartRateBpm><Value>132</Value></HeartRateBpm></Trackpoint>
<Trackpoint><Time>2024-07-18T23:58:11Z</Time><Position><LatitudeDegrees>30.52303859</LatitudeDegrees><LongitudeDegrees>104.06597108</LongitudeDegrees></Position><AltitudeMeters>422</AltitudeMeters><HeartRateBpm><Value>131</Value></HeartRateBpm></Trackpoint>
<Trackpoint><Time>2024-07-18T23:58:13Z</Time><Position><LatitudeDegrees>30.5230276</LatitudeDegrees><LongitudeDegrees>104.0659744</LongitudeDegrees></Position><AltitudeMeters>422</AltitudeMeters><HeartRateBpm><Value>131</Value></HeartRateBpm></Trackpoint>
<Trackpoint><Time>2024-07-18T23:58:14Z</Time><Position><LatitudeDegrees>30.52300594</LatitudeDegrees><LongitudeDegrees>104.06598207</LongitudeDegrees></Position><AltitudeMeters>421</AltitudeMeters><HeartRateBpm><Value>131</Value></HeartRateBpm></Trackpoint>
<Trackpoint><Time>2024-07-18T23:58:15Z</Time><Position><LatitudeDegrees>30.52297527</LatitudeDegrees><LongitudeDegrees>104.0659904</LongitudeDegrees></Position><AltitudeMeters>421</AltitudeMeters><HeartRateBpm><Value>130</Value></HeartRateBpm></Trackpoint>
<Trackpoint><Time>2024-07-18T23:58:17Z</Time><Position><LatitudeDegrees>30.52280895</LatitudeDegrees><LongitudeDegrees>104.06603974</LongitudeDegrees></Position><AltitudeMeters>421</AltitudeMeters><HeartRateBpm><Value>130</Value></HeartRateBpm></Trackpoint>
<Trackpoint><Time>2024-07-18T23:58:18Z</Time><Position><LatitudeDegrees>30.52279795</LatitudeDegrees><LongitudeDegrees>104.06604139</LongitudeDegrees></Position><AltitudeMeters>421</AltitudeMeters><HeartRateBpm><Value>130</Value></HeartRateBpm></Trackpoint>
<Trackpoint><Time>2024-07-18T23:58:20Z</Time><Position><LatitudeDegrees>30.52266696</LatitudeDegrees><LongitudeDegrees>104.06604906</LongitudeDegrees></Position><AltitudeMeters>421</AltitudeMeters><HeartRateBpm><Value>129</Value></HeartRateBpm></Trackpoint>
<Trackpoint><Time>2024-07-18T23:58:22Z</Time><Position><LatitudeDegrees>30.5225803</LatitudeDegrees><LongitudeDegrees>104.06605539</LongitudeDegrees></Position><AltitudeMeters>421</AltitudeMeters><HeartRateBpm><Value>129</Value></HeartRateBpm></Trackpoint>
<Trackpoint><Time>2024-07-18T23:58:23Z</Time><Position><LatitudeDegrees>30.52256963</LatitudeDegrees><LongitudeDegrees>104.06605539</LongitudeDegrees></Position><AltitudeMeters>421</AltitudeMeters><HeartRateBpm><Value>130</Value></HeartRateBpm></Trackpoint>
<Trackpoint><Time>2024-07-18T23:58:24Z</Time><Position><LatitudeDegrees>30.52254763</LatitudeDegrees><LongitudeDegrees>104.06605406</LongitudeDegrees></Position><AltitudeMeters>421</AltitudeMeters><HeartRateBpm><Value>130</Value></HeartRateBpm></Trackpoint>
<Trackpoint><Time>2024-07-18T23:58:26Z</Time><Position><LatitudeDegrees>30.52239698</LatitudeDegrees><LongitudeDegrees>104.06603506</LongitudeDegrees></Position><AltitudeMeters>421</AltitudeMeters><HeartRateBpm><Value>131</Value></HeartRateBpm></Trackpoint>
<Trackpoint><Time>2024-07-18T23:58:27Z</Time><Position><LatitudeDegrees>30.52238465</LatitudeDegrees><LongitudeDegrees>104.06603273</LongitudeDegrees></Position><AltitudeMeters>421</AltitudeMeters><HeartRateBpm><Value>131</Value></HeartRateBpm></Trackpoint>
<Trackpoint><Time>2024-07-18T23:58:28Z</Time><Position><LatitudeDegrees>30.52235899</LatitudeDegrees><LongitudeDegrees>104.06602974</LongitudeDegrees></Position><AltitudeMeters>421</AltitudeMeters><HeartRateBpm><Value>131</Value></HeartRateBpm></Trackpoint>
<Trackpoint><Time>2024-07-18T23:58:29Z</Time><Position><LatitudeDegrees>30.52232232</LatitudeDegrees><LongitudeDegrees>104.06602407</LongitudeDegrees></Position><AltitudeMeters>421</AltitudeMeters><HeartRateBpm><Value>131</Value></HeartRateBpm></Trackpoint>
<Trackpoint><Time>2024-07-18T23:58:30Z</Time><Position><LatitudeDegrees>30.52214399</LatitudeDegrees><LongitudeDegrees>104.06598208</LongitudeDegrees></Position><AltitudeMeters>421</AltitudeMeters><HeartRateBpm><Value>131</Value></HeartRateBpm></Trackpoint>
<Trackpoint><Time>2024-07-18T23:58:32Z</Time><Position><LatitudeDegrees>30.52213266</LatitudeDegrees><LongitudeDegrees>104.06597575</LongitudeDegrees></Position><AltitudeMeters>421</AltitudeMeters><HeartRateBpm><Value>131</Value></HeartRateBpm></Trackpoint>
<Trackpoint><Time>2024-07-18T23:58:33Z</Time><Position><LatitudeDegrees>30.522109</LatitudeDegrees><LongitudeDegrees>104.06596409</LongitudeDegrees></Position><AltitudeMeters>421</AltitudeMeters><HeartRateBpm><Value>131</Value></HeartRateBpm></Trackpoint>
<Trackpoint><Time>2024-07-18T23:58:34Z</Time><Position><LatitudeDegrees>30.52194733</LatitudeDegrees><LongitudeDegrees>104.06588909</LongitudeDegrees></Position><AltitudeMeters>421</AltitudeMeters><HeartRateBpm><Value>131</Value></HeartRateBpm></Trackpoint>
<Trackpoint><Time>2024-07-18T23:58:36Z</Time><Position><LatitudeDegrees>30.52193466</LatitudeDegrees><LongitudeDegrees>104.0658821</LongitudeDegrees></Position><AltitudeMeters>421</AltitudeMeters><HeartRateBpm><Value>131</Value></HeartRateBpm></Trackpoint>
<Trackpoint><Time>2024-07-18T23:58:38Z</Time><Position><LatitudeDegrees>30.52178766</LatitudeDegrees><LongitudeDegrees>104.0658101</LongitudeDegrees></Position><AltitudeMeters>421</AltitudeMeters><HeartRateBpm><Value>132</Value></HeartRateBpm></Trackpoint>
<Trackpoint><Time>2024-07-18T23:58:40Z</Time><Position><LatitudeDegrees>30.52169267</LatitudeDegrees><LongitudeDegrees>104.06573011</LongitudeDegrees></Position><AltitudeMeters>421</AltitudeMeters><HeartRateBpm><Value>132</Value></HeartRateBpm></Trackpoint>
<Trackpoint><Time>2024-07-18T23:58:41Z</Time><Position><LatitudeDegrees>30.52168067</LatitudeDegrees><LongitudeDegrees>104.06572011</LongitudeDegrees></Position><AltitudeMeters>421</AltitudeMeters><HeartRateBpm><Value>133</Value></HeartRateBpm></Trackpoint>
<Trackpoint><Time>2024-07-18T23:58:42Z</Time><Position><LatitudeDegrees>30.52165668</LatitudeDegrees><LongitudeDegrees>104.06570112</LongitudeDegrees></Position><AltitudeMeters>421</AltitudeMeters><HeartRateBpm><Value>134</Value></HeartRateBpm></Trackpoint>
<Trackpoint><Time>2024-07-18T23:58:43Z</Time><Position><LatitudeDegrees>30.52162436</LatitudeDegrees><LongitudeDegrees>104.0656738</LongitudeDegrees></Position><AltitudeMeters>421</AltitudeMeters><HeartRateBpm><Value>135</Value></HeartRateBpm></Trackpoint>
<Trackpoint><Time>2024-07-18T23:58:44Z</Time><Position><LatitudeDegrees>30.52158637</LatitudeDegrees><LongitudeDegrees>104.06564113</LongitudeDegrees></Position><AltitudeMeters>421</AltitudeMeters><HeartRateBpm><Value>135</Value></HeartRateBpm></Trackpoint>
<Trackpoint><Time>2024-07-18T23:58:45Z</Time><Position><LatitudeDegrees>30.52154738</LatitudeDegrees><LongitudeDegrees>104.06560281</LongitudeDegrees></Position><AltitudeMeters>421</AltitudeMeters><HeartRateBpm><Value>135</Value></HeartRateBpm></Trackpoint>
<Trackpoint><Time>2024-07-18T23:58:46Z</Time><Position><LatitudeDegrees>30.52150771</LatitudeDegrees><LongitudeDegrees>104.06556282</LongitudeDegrees></Position><AltitudeMeters>422</AltitudeMeters><HeartRateBpm><Value>135</Value></HeartRateBpm></Trackpoint>
<Trackpoint><Time>2024-07-18T23:58:47Z</Time><Position><LatitudeDegrees>30.52146939</LatitudeDegrees><LongitudeDegrees>104.06551882</LongitudeDegrees></Position><AltitudeMeters>422</AltitudeMeters><HeartRateBpm><Value>135</Value></HeartRateBpm></Trackpoint>
<Trackpoint><Time>2024-07-18T23:58:48Z</Time><Position><LatitudeDegrees>30.5214314</LatitudeDegrees><LongitudeDegrees>104.06547482</LongitudeDegrees></Position><AltitudeMeters>422</AltitudeMeters><HeartRateBpm><Value>135</Value></HeartRateBpm></Trackpoint>
<Trackpoint><Time>2024-07-18T23:58:49Z</Time><Position><LatitudeDegrees>30.52139341</LatitudeDegrees><LongitudeDegrees>104.06542949</LongitudeDegrees></Position><AltitudeMeters>422</AltitudeMeters><HeartRateBpm><Value>135</Value></HeartRateBpm></Trackpoint>
<Trackpoint><Time>2024-07-18T23:58:50Z</Time><Position><LatitudeDegrees>30.52135974</LatitudeDegrees><LongitudeDegrees>104.06538184</LongitudeDegrees></Position><AltitudeMeters>422</AltitudeMeters><HeartRateBpm><Value>135</Value></HeartRateBpm></Trackpoint>
<Trackpoint><Time>2024-07-18T23:58:51Z</Time><Position><LatitudeDegrees>30.52133075</LatitudeDegrees><LongitudeDegrees>104.06533184</LongitudeDegrees></Position><AltitudeMeters>422</AltitudeMeters><HeartRateBpm><Value>135</Value></HeartRateBpm></Trackpoint>
<Trackpoint><Time>2024-07-18T23:58:52Z</Time><Position><LatitudeDegrees>30.52123409</LatitudeDegrees><LongitudeDegrees>104.06512584</LongitudeDegrees></Position><AltitudeMeters>422</AltitudeMeters><HeartRateBpm><Value>135</Value></HeartRateBpm></Trackpoint>
<Trackpoint><Time>2024-07-18T23:58:54Z</Time><Position><LatitudeDegrees>30.52122842</LatitudeDegrees><LongitudeDegrees>104.06511285</LongitudeDegrees></Position><AltitudeMeters>422</AltitudeMeters><HeartRateBpm><Value>135</Value></HeartRateBpm></Trackpoint>
<Trackpoint><Time>2024-07-18T23:58:55Z</Time><Position><LatitudeDegrees>30.5212171</LatitudeDegrees><LongitudeDegrees>104.06508818</LongitudeDegrees></Position><AltitudeMeters>422</AltitudeMeters><HeartRateBpm><Value>135</Value></HeartRateBpm></Trackpoint>
<Trackpoint><Time>2024-07-18T23:58:56Z</Time><Position><LatitudeDegrees>30.52120576</LatitudeDegrees><LongitudeDegrees>104.06505285</LongitudeDegrees></Position><AltitudeMeters>422</AltitudeMeters><HeartRateBpm><Value>135</Value></HeartRateBpm></Trackpoint>
<Trackpoint><Time>2024-07-18T23:58:57Z</Time><Position><LatitudeDegrees>30.52119676</LatitudeDegrees><LongitudeDegrees>104.06500986</LongitudeDegrees></Position><AltitudeMeters>422</AltitudeMeters><HeartRateBpm><Value>135</Value></HeartRateBpm></Trackpoint>
<Trackpoint><Time>2024-07-18T23:58:58Z</Time><Position><LatitudeDegrees>30.52118843</LatitudeDegrees><LongitudeDegrees>104.06496019</LongitudeDegrees></Position><AltitudeMeters>422</AltitudeMeters><HeartRateBpm><Value>135</Value></HeartRateBpm></Trackpoint>
<Trackpoint><Time>2024-07-18T23:59:00Z</Time><Position><LatitudeDegrees>30.52114677</LatitudeDegrees><LongitudeDegrees>104.06475353</LongitudeDegrees></Position><AltitudeMeters>422</AltitudeMeters><HeartRateBpm><Value>135</Value></HeartRateBpm></Trackpoint>
<Trackpoint><Time>2024-07-18T23:59:02Z</Time><Position><LatitudeDegrees>30.52107711</LatitudeDegrees><LongitudeDegrees>104.06472553</LongitudeDegrees></Position><AltitudeMeters>422</AltitudeMeters><HeartRateBpm><Value>134</Value></HeartRateBpm></Trackpoint>
<Trackpoint><Time>2024-07-18T23:59:03Z</Time><Position><LatitudeDegrees>30.52107045</LatitudeDegrees><LongitudeDegrees>104.0647242</LongitudeDegrees></Position><AltitudeMeters>422</AltitudeMeters><HeartRateBpm><Value>134</Value></HeartRateBpm></Trackpoint>
<Trackpoint><Time>2024-07-18T23:59:04Z</Time><Position><LatitudeDegrees>30.52105778</LatitudeDegrees><LongitudeDegrees>104.06471587</LongitudeDegrees></Position><AltitudeMeters>422</AltitudeMeters><HeartRateBpm><Value>134</Value></HeartRateBpm></Trackpoint>
<Trackpoint><Time>2024-07-18T23:59:05Z</Time><Position><LatitudeDegrees>30.52104212</LatitudeDegrees><LongitudeDegrees>104.06470054</LongitudeDegrees></Position><AltitudeMeters>422</AltitudeMeters><HeartRateBpm><Value>133</Value></HeartRateBpm></Trackpoint>
<Trackpoint><Time>2024-07-18T23:59:07Z</Time><Position><LatitudeDegrees>30.52095313</LatitudeDegrees><LongitudeDegrees>104.06460854</LongitudeDegrees></Position><AltitudeMeters>422</AltitudeMeters><HeartRateBpm><Value>133</Value></HeartRateBpm></Trackpoint>
<Trackpoint><Time>2024-07-18T23:59:08Z</Time><Position><LatitudeDegrees>30.52094646</LatitudeDegrees><LongitudeDegrees>104.06460389</LongitudeDegrees></Position><AltitudeMeters>423</AltitudeMeters><HeartRateBpm><Value>133</Value></HeartRateBpm></Trackpoint>
<Trackpoint><Time>2024-07-18T23:59:09Z</Time><Position><LatitudeDegrees>30.52093379</LatitudeDegrees><LongitudeDegrees>104.06459322</LongitudeDegrees></Position><AltitudeMeters>423</AltitudeMeters><HeartRateBpm><Value>133</Value></HeartRateBpm></Trackpoint>
<Trackpoint><Time>2024-07-18T23:59:10Z</Time><Position><LatitudeDegrees>30.52085614</LatitudeDegrees><LongitudeDegrees>104.06449923</LongitudeDegrees></Position><AltitudeMeters>423</AltitudeMeters><HeartRateBpm><Value>133</Value></HeartRateBpm></Trackpoint>
<Trackpoint><Time>2024-07-18T23:59:12Z</Time><Position><LatitudeDegrees>30.52085015</LatitudeDegrees><LongitudeDegrees>104.06448956</LongitudeDegrees></Position><AltitudeMeters>423</AltitudeMeters><HeartRateBpm><Value>133</Value></HeartRateBpm></Trackpoint>
<Trackpoint><Time>2024-07-18T23:59:13Z</Time><Position><LatitudeDegrees>30.52083881</LatitudeDegrees><LongitudeDegrees>104.06446891</LongitudeDegrees></Position><AltitudeMeters>423</AltitudeMeters><HeartRateBpm><Value>134</Value></HeartRateBpm></Trackpoint>
<Trackpoint><Time>2024-07-18T23:59:13Z</Time><Position><LatitudeDegrees>30.52082481</LatitudeDegrees><LongitudeDegrees>104.06443957</LongitudeDegrees></Position><AltitudeMeters>423</AltitudeMeters><HeartRateBpm><Value>134</Value></HeartRateBpm></Trackpoint>
<Trackpoint><Time>2024-07-18T23:59:15Z</Time><Position><LatitudeDegrees>30.52076716</LatitudeDegrees><LongitudeDegrees>104.06427492</LongitudeDegrees></Position><AltitudeMeters>423</AltitudeMeters><HeartRateBpm><Value>134</Value></HeartRateBpm></Trackpoint>
<Trackpoint><Time>2024-07-18T23:59:17Z</Time><Position><LatitudeDegrees>30.52070949</LatitudeDegrees><LongitudeDegrees>104.06419393</LongitudeDegrees></Position><AltitudeMeters>423</AltitudeMeters><HeartRateBpm><Value>133</Value></HeartRateBpm></Trackpoint>
<Trackpoint><Time>2024-07-18T23:59:19Z</Time><Position><LatitudeDegrees>30.52065482</LatitudeDegrees><LongitudeDegrees>104.0641086</LongitudeDegrees></Position><AltitudeMeters>423</AltitudeMeters><HeartRateBpm><Value>133</Value></HeartRateBpm></Trackpoint>
<Trackpoint><Time>2024-07-18T23:59:21Z</Time><Position><LatitudeDegrees>30.52062083</LatitudeDegrees><LongitudeDegrees>104.06401194</LongitudeDegrees></Position><AltitudeMeters>423</AltitudeMeters><HeartRateBpm><Value>133</Value></HeartRateBpm></Trackpoint>
<Trackpoint><Time>2024-07-18T23:59:23Z</Time><Position><LatitudeDegrees>30.52056984</LatitudeDegrees><LongitudeDegrees>104.06392595</LongitudeDegrees></Position><AltitudeMeters>423</AltitudeMeters><HeartRateBpm><Value>133</Value></HeartRateBpm></Trackpoint>
<Trackpoint><Time>2024-07-18T23:59:24Z</Time><Position><LatitudeDegrees>30.52056084</LatitudeDegrees><LongitudeDegrees>104.06391729</LongitudeDegrees></Position><AltitudeMeters>423</AltitudeMeters><HeartRateBpm><Value>133</Value></HeartRateBpm></Trackpoint>
<Trackpoint><Time>2024-07-18T23:59:26Z</Time><Position><LatitudeDegrees>30.52043885</LatitudeDegrees><LongitudeDegrees>104.06384463</LongitudeDegrees></Position><AltitudeMeters>423</AltitudeMeters><HeartRateBpm><Value>133</Value></HeartRateBpm></Trackpoint>
<Trackpoint><Time>2024-07-18T23:59:27Z</Time><Position><LatitudeDegrees>30.52042719</LatitudeDegrees><LongitudeDegrees>104.06384097</LongitudeDegrees></Position><AltitudeMeters>423</AltitudeMeters><HeartRateBpm><Value>133</Value></HeartRateBpm></Trackpoint>
<Trackpoint><Time>2024-07-18T23:59:29Z</Time><Position><LatitudeDegrees>30.5203142</LatitudeDegrees><LongitudeDegrees>104.06377363</LongitudeDegrees></Position><AltitudeMeters>423</AltitudeMeters><HeartRateBpm><Value>134</Value></HeartRateBpm></Trackpoint>
<Trackpoint><Time>2024-07-18T23:59:30Z</Time><Position><LatitudeDegrees>30.52030753</LatitudeDegrees><LongitudeDegrees>104.06375964</LongitudeDegrees></Position><AltitudeMeters>423</AltitudeMeters><HeartRateBpm><Value>134</Value></HeartRateBpm></Trackpoint>
<Trackpoint><Time>2024-07-18T23:59:32Z</Time><Position><LatitudeDegrees>30.52024153</LatitudeDegrees><LongitudeDegrees>104.06362364</LongitudeDegrees></Position><AltitudeMeters>423</AltitudeMeters><HeartRateBpm><Value>134</Value></HeartRateBpm></Trackpoint>
<Trackpoint><Time>2024-07-18T23:59:33Z</Time><Position><LatitudeDegrees>30.52023687</LatitudeDegrees><LongitudeDegrees>104.06361099</LongitudeDegrees></Position><AltitudeMeters>423</AltitudeMeters><HeartRateBpm><Value>134</Value></HeartRateBpm></Trackpoint>
<Trackpoint><Time>2024-07-18T23:59:34Z</Time><Position><LatitudeDegrees>30.52022887</LatitudeDegrees><LongitudeDegrees>104.063586</LongitudeDegrees></Position><AltitudeMeters>423</AltitudeMeters><HeartRateBpm><Value>134</Value></HeartRateBpm></Trackpoint>
<Trackpoint><Time>2024-07-18T23:59:36Z</Time><Position><LatitudeDegrees>30.52019755</LatitudeDegrees><LongitudeDegrees>104.06342801</LongitudeDegrees></Position><AltitudeMeters>423</AltitudeMeters><HeartRateBpm><Value>135</Value></HeartRateBpm></Trackpoint>
<Trackpoint><Time>2024-07-18T23:59:37Z</Time><Position><LatitudeDegrees>30.52019655</LatitudeDegrees><LongitudeDegrees>104.06341734</LongitudeDegrees></Position><AltitudeMeters>423</AltitudeMeters><HeartRateBpm><Value>135</Value></HeartRateBpm></Trackpoint>
<Trackpoint><Time>2024-07-18T23:59:38Z</Time><Position><LatitudeDegrees>30.52019589</LatitudeDegrees><LongitudeDegrees>104.06339402</LongitudeDegrees></Position><AltitudeMeters>423</AltitudeMeters><HeartRateBpm><Value>136</Value></HeartRateBpm></Trackpoint>
<Trackpoint><Time>2024-07-18T23:59:40Z</Time><Position><LatitudeDegrees>30.52019424</LatitudeDegrees><LongitudeDegrees>104.06324802</LongitudeDegrees></Position><AltitudeMeters>423</AltitudeMeters><HeartRateBpm><Value>136</Value></HeartRateBpm></Trackpoint>
<Trackpoint><Time>2024-07-18T23:59:41Z</Time><Position><LatitudeDegrees>30.52019391</LatitudeDegrees><LongitudeDegrees>104.06323702</LongitudeDegrees></Position><AltitudeMeters>423</AltitudeMeters><HeartRateBpm><Value>136</Value></HeartRateBpm></Trackpoint>
<Trackpoint><Time>2024-07-18T23:59:42Z</Time><Position><LatitudeDegrees>30.52018925</LatitudeDegrees><LongitudeDegrees>104.06321468</LongitudeDegrees></Position><AltitudeMeters>423</AltitudeMeters><HeartRateBpm><Value>135</Value></HeartRateBpm></Trackpoint>
<Trackpoint><Time>2024-07-18T23:59:43Z</Time><Position><LatitudeDegrees>30.52017759</LatitudeDegrees><LongitudeDegrees>104.06319002</LongitudeDegrees></Position><AltitudeMeters>423</AltitudeMeters><HeartRateBpm><Value>135</Value></HeartRateBpm></Trackpoint>
<Trackpoint><Time>2024-07-18T23:59:44Z</Time><Position><LatitudeDegrees>30.52016092</LatitudeDegrees><LongitudeDegrees>104.06316869</LongitudeDegrees></Position><AltitudeMeters>423</AltitudeMeters><HeartRateBpm><Value>135</Value></HeartRateBpm></Trackpoint>
<Trackpoint><Time>2024-07-18T23:59:45Z</Time><Position><LatitudeDegrees>30.52014493</LatitudeDegrees><LongitudeDegrees>104.06315003</LongitudeDegrees></Position><AltitudeMeters>423</AltitudeMeters><HeartRateBpm><Value>135</Value></HeartRateBpm></Trackpoint>
<Trackpoint><Time>2024-07-18T23:59:46Z</Time><Position><LatitudeDegrees>30.52013093</LatitudeDegrees><LongitudeDegrees>104.06313437</LongitudeDegrees></Position><AltitudeMeters>424</AltitudeMeters><HeartRateBpm><Value>135</Value></HeartRateBpm></Trackpoint>
<Trackpoint><Time>2024-07-18T23:59:47Z</Time><Position><LatitudeDegrees>30.5201226</LatitudeDegrees><LongitudeDegrees>104.06312238</LongitudeDegrees></Position><AltitudeMeters>424</AltitudeMeters><HeartRateBpm><Value>135</Value></HeartRateBpm></Trackpoint>
<Trackpoint><Time>2024-07-18T23:59:48Z</Time><Position><LatitudeDegrees>30.52011661</LatitudeDegrees><LongitudeDegrees>104.06311438</LongitudeDegrees></Position><AltitudeMeters>424</AltitudeMeters><HeartRateBpm><Value>135</Value></HeartRateBpm></Trackpoint>
</Track></Lap>
<Lap StartTime="2024-07-18T23:59:56Z">
<TotalTimeSeconds>115</TotalTimeSeconds><DistanceMeters>247.37</DistanceMeters><Track>
<Trackpoint><Time>2024-07-18T23:59:56Z</Time><Position><LatitudeDegrees>30.52011727</LatitudeDegrees><LongitudeDegrees>104.06308272</LongitudeDegrees></Position><AltitudeMeters>424</AltitudeMeters><HeartRateBpm><Value>133</Value></HeartRateBpm></Trackpoint>
<Trackpoint><Time>2024-07-18T23:59:57Z</Time><Position><LatitudeDegrees>30.52011627</LatitudeDegrees><LongitudeDegrees>104.06307673</LongitudeDegrees></Position><AltitudeMeters>424</AltitudeMeters><HeartRateBpm><Value>133</Value></HeartRateBpm></Trackpoint>
<Trackpoint><Time>2024-07-18T23:59:59Z</Time><Position><LatitudeDegrees>30.52011161</LatitudeDegrees><LongitudeDegrees>104.06306474</LongitudeDegrees></Position><AltitudeMeters>424</AltitudeMeters><HeartRateBpm><Value>132</Value></HeartRateBpm></Trackpoint>
<Trackpoint><Time>2024-07-19T00:00:00Z</Time><Position><LatitudeDegrees>30.52010262</LatitudeDegrees><LongitudeDegrees>104.06305175</LongitudeDegrees></Position><AltitudeMeters>424</AltitudeMeters><HeartRateBpm><Value>132</Value></HeartRateBpm></Trackpoint>
<Trackpoint><Time>2024-07-19T00:00:02Z</Time><Position><LatitudeDegrees>30.52005029</LatitudeDegrees><LongitudeDegrees>104.06298876</LongitudeDegrees></Position><AltitudeMeters>424</AltitudeMeters><HeartRateBpm><Value>131</Value></HeartRateBpm></Trackpoint>
<Trackpoint><Time>2024-07-19T00:00:03Z</Time><Position><LatitudeDegrees>30.52004796</LatitudeDegrees><LongitudeDegrees>104.0629811</LongitudeDegrees></Position><AltitudeMeters>424</AltitudeMeters><HeartRateBpm><Value>131</Value></HeartRateBpm></Trackpoint>
<Trackpoint><Time>2024-07-19T00:00:04Z</Time><Position><LatitudeDegrees>30.52004396</LatitudeDegrees><LongitudeDegrees>104.0629651</LongitudeDegrees></Position><AltitudeMeters>424</AltitudeMeters><HeartRateBpm><Value>131</Value></HeartRateBpm></Trackpoint>
<Trackpoint><Time>2024-07-19T00:00:05Z</Time><Position><LatitudeDegrees>30.52003664</LatitudeDegrees><LongitudeDegrees>104.06294177</LongitudeDegrees></Position><AltitudeMeters>424</AltitudeMeters><HeartRateBpm><Value>131</Value></HeartRateBpm></Trackpoint>
<Trackpoint><Time>2024-07-19T00:00:06Z</Time><Position><LatitudeDegrees>30.52002631</LatitudeDegrees><LongitudeDegrees>104.06291512</LongitudeDegrees></Position><AltitudeMeters>424</AltitudeMeters><HeartRateBpm><Value>132</Value></HeartRateBpm></Trackpoint>
<Trackpoint><Time>2024-07-19T00:00:07Z</Time><Position><LatitudeDegrees>30.52001231</LatitudeDegrees><LongitudeDegrees>104.06288712</LongitudeDegrees></Position><AltitudeMeters>424</AltitudeMeters><HeartRateBpm><Value>132</Value></HeartRateBpm></Trackpoint>
<Trackpoint><Time>2024-07-19T00:00:08Z</Time><Position><LatitudeDegrees>30.51999632</LatitudeDegrees><LongitudeDegrees>104.06285812</LongitudeDegrees></Position><AltitudeMeters>424</AltitudeMeters><HeartRateBpm><Value>132</Value></HeartRateBpm></Trackpoint>
<Trackpoint><Time>2024-07-19T00:00:09Z</Time><Position><LatitudeDegrees>30.51997933</LatitudeDegrees><LongitudeDegrees>104.06282913</LongitudeDegrees></Position><AltitudeMeters>424</AltitudeMeters><HeartRateBpm><Value>132</Value></HeartRateBpm></Trackpoint>
<Trackpoint><Time>2024-07-19T00:00:10Z</Time><Position><LatitudeDegrees>30.51996033</LatitudeDegrees><LongitudeDegrees>104.06280047</LongitudeDegrees></Position><AltitudeMeters>424</AltitudeMeters><HeartRateBpm><Value>132</Value></HeartRateBpm></Trackpoint>
<Trackpoint><Time>2024-07-19T00:00:11Z</Time><Position><LatitudeDegrees>30.519941</LatitudeDegrees><LongitudeDegrees>104.06277314</LongitudeDegrees></Position><AltitudeMeters>424</AltitudeMeters><HeartRateBpm><Value>132</Value></HeartRateBpm></Trackpoint>
<Trackpoint><Time>2024-07-19T00:00:12Z</Time><Position><LatitudeDegrees>30.51988301</LatitudeDegrees><LongitudeDegrees>104.06266815</LongitudeDegrees></Position><AltitudeMeters>424</AltitudeMeters><HeartRateBpm><Value>132</Value></HeartRateBpm></Trackpoint>
<Trackpoint><Time>2024-07-19T00:00:13Z</Time><Position><LatitudeDegrees>30.51988334</LatitudeDegrees><LongitudeDegrees>104.06265881</LongitudeDegrees></Position><AltitudeMeters>424</AltitudeMeters><HeartRateBpm><Value>132</Value></HeartRateBpm></Trackpoint>
<Trackpoint><Time>2024-07-19T00:00:15Z</Time><Position><LatitudeDegrees>30.51988533</LatitudeDegrees><LongitudeDegrees>104.06263948</LongitudeDegrees></Position><AltitudeMeters>424</AltitudeMeters><HeartRateBpm><Value>130</Value></HeartRateBpm></Trackpoint>
<Trackpoint><Time>2024-07-19T00:00:16Z</Time><Position><LatitudeDegrees>30.51986967</LatitudeDegrees><LongitudeDegrees>104.06252148</LongitudeDegrees></Position><AltitudeMeters>424</AltitudeMeters><HeartRateBpm><Value>124</Value></HeartRateBpm></Trackpoint>
<Trackpoint><Time>2024-07-19T00:00:17Z</Time><Position><LatitudeDegrees>30.519864</LatitudeDegrees><LongitudeDegrees>104.06251349</LongitudeDegrees></Position><AltitudeMeters>424</AltitudeMeters><HeartRateBpm><Value>122</Value></HeartRateBpm></Trackpoint>
<Trackpoint><Time>2024-07-19T00:00:19Z</Time><Position><LatitudeDegrees>30.51985068</LatitudeDegrees><LongitudeDegrees>104.06249749</LongitudeDegrees></Position><AltitudeMeters>424</AltitudeMeters><HeartRateBpm><Value>122</Value></HeartRateBpm></Trackpoint>
<Trackpoint><Time>2024-07-19T00:00:21Z</Time><Position><LatitudeDegrees>30.51976601</LatitudeDegrees><LongitudeDegrees>104.0624005</LongitudeDegrees></Position><AltitudeMeters>424</AltitudeMeters><HeartRateBpm><Value>121</Value></HeartRateBpm></Trackpoint>
<Trackpoint><Time>2024-07-19T00:00:22Z</Time><Position><LatitudeDegrees>30.51975768</LatitudeDegrees><LongitudeDegrees>104.06238717</LongitudeDegrees></Position><AltitudeMeters>424</AltitudeMeters><HeartRateBpm><Value>120</Value></HeartRateBpm></Trackpoint>
<Trackpoint><Time>2024-07-19T00:00:24Z</Time><Position><LatitudeDegrees>30.51968869</LatitudeDegrees><LongitudeDegrees>104.06228683</LongitudeDegrees></Position><AltitudeMeters>424</AltitudeMeters><HeartRateBpm><Value>119</Value></HeartRateBpm></Trackpoint>
<Trackpoint><Time>2024-07-19T00:00:25Z</Time><Position><LatitudeDegrees>30.51968302</LatitudeDegrees><LongitudeDegrees>104.06227918</LongitudeDegrees></Position><AltitudeMeters>424</AltitudeMeters><HeartRateBpm><Value>119</Value></HeartRateBpm></Trackpoint>
<Trackpoint><Time>2024-07-19T00:00:26Z</Time><Position><LatitudeDegrees>30.5196737</LatitudeDegrees><LongitudeDegrees>104.06226451</LongitudeDegrees></Position><AltitudeMeters>424</AltitudeMeters><HeartRateBpm><Value>119</Value></HeartRateBpm></Trackpoint>
<Trackpoint><Time>2024-07-19T00:00:27Z</Time><Position><LatitudeDegrees>30.5196197</LatitudeDegrees><LongitudeDegrees>104.06218785</LongitudeDegrees></Position><AltitudeMeters>424</AltitudeMeters><HeartRateBpm><Value>118</Value></HeartRateBpm></Trackpoint>
<Trackpoint><Time>2024-07-19T00:00:29Z</Time><Position><LatitudeDegrees>30.51961571</LatitudeDegrees><LongitudeDegrees>104.06218386</LongitudeDegrees></Position><AltitudeMeters>424</AltitudeMeters><HeartRateBpm><Value>118</Value></HeartRateBpm></Trackpoint>
<Trackpoint><Time>2024-07-19T00:00:30Z</Time><Position><LatitudeDegrees>30.51961271</LatitudeDegrees><LongitudeDegrees>104.0621752</LongitudeDegrees></Position><AltitudeMeters>424</AltitudeMeters><HeartRateBpm><Value>118</Value></HeartRateBpm></Trackpoint>
<Trackpoint><Time>2024-07-19T00:00:31Z</Time><Position><LatitudeDegrees>30.51961005</LatitudeDegrees><LongitudeDegrees>104.06216654</LongitudeDegrees></Position><AltitudeMeters>424</AltitudeMeters><HeartRateBpm><Value>118</Value></HeartRateBpm></Trackpoint>
<Trackpoint><Time>2024-07-19T00:00:33Z</Time><Position><LatitudeDegrees>30.51960105</LatitudeDegrees><LongitudeDegrees>104.06212687</LongitudeDegrees></Position><AltitudeMeters>424</AltitudeMeters><HeartRateBpm><Value>119</Value></HeartRateBpm></Trackpoint>
<Trackpoint><Time>2024-07-19T00:00:34Z</Time><Position><LatitudeDegrees>30.51960105</LatitudeDegrees><LongitudeDegrees>104.06212355</LongitudeDegrees></Position><AltitudeMeters>424</AltitudeMeters><HeartRateBpm><Value>119</Value></HeartRateBpm></Trackpoint>
<Trackpoint><Time>2024-07-19T00:00:35Z</Time><Position><LatitudeDegrees>30.51960073</LatitudeDegrees><LongitudeDegrees>104.06211589</LongitudeDegrees></Position><AltitudeMeters>424</AltitudeMeters><HeartRateBpm><Value>119</Value></HeartRateBpm></Trackpoint>
<Trackpoint><Time>2024-07-19T00:00:36Z</Time><Position><LatitudeDegrees>30.51959907</LatitudeDegrees><LongitudeDegrees>104.06210423</LongitudeDegrees></Position><AltitudeMeters>424</AltitudeMeters><HeartRateBpm><Value>119</Value></HeartRateBpm></Trackpoint>
<Trackpoint><Time>2024-07-19T00:00:37Z</Time><Position><LatitudeDegrees>30.51959608</LatitudeDegrees><LongitudeDegrees>104.0620889</LongitudeDegrees></Position><AltitudeMeters>423</AltitudeMeters><HeartRateBpm><Value>119</Value></HeartRateBpm></Trackpoint>
<Trackpoint><Time>2024-07-19T00:00:39Z</Time><Position><LatitudeDegrees>30.51955543</LatitudeDegrees><LongitudeDegrees>104.0620009</LongitudeDegrees></Position><AltitudeMeters>423</AltitudeMeters><HeartRateBpm><Value>119</Value></HeartRateBpm></Trackpoint>
<Trackpoint><Time>2024-07-19T00:00:40Z</Time><Position><LatitudeDegrees>30.51954976</LatitudeDegrees><LongitudeDegrees>104.06199457</LongitudeDegrees></Position><AltitudeMeters>423</AltitudeMeters><HeartRateBpm><Value>119</Value></HeartRateBpm></Trackpoint>
<Trackpoint><Time>2024-07-19T00:00:41Z</Time><Position><LatitudeDegrees>30.51953843</LatitudeDegrees><LongitudeDegrees>104.06198025</LongitudeDegrees></Position><AltitudeMeters>423</AltitudeMeters><HeartRateBpm><Value>119</Value></HeartRateBpm></Trackpoint>
<Trackpoint><Time>2024-07-19T00:00:43Z</Time><Position><LatitudeDegrees>30.51947144</LatitudeDegrees><LongitudeDegrees>104.06188092</LongitudeDegrees></Position><AltitudeMeters>423</AltitudeMeters><HeartRateBpm><Value>119</Value></HeartRateBpm></Trackpoint>
<Trackpoint><Time>2024-07-19T00:00:44Z</Time><Position><LatitudeDegrees>30.5194661</LatitudeDegrees><LongitudeDegrees>104.06187192</LongitudeDegrees></Position><AltitudeMeters>424</AltitudeMeters><HeartRateBpm><Value>120</Value></HeartRateBpm></Trackpoint>
<Trackpoint><Time>2024-07-19T00:00:45Z</Time><Position><LatitudeDegrees>30.5194551</LatitudeDegrees><LongitudeDegrees>104.06185227</LongitudeDegrees></Position><AltitudeMeters>423</AltitudeMeters><HeartRateBpm><Value>121</Value></HeartRateBpm></Trackpoint>
<Trackpoint><Time>2024-07-19T00:00:47Z</Time><Position><LatitudeDegrees>30.51938378</LatitudeDegrees><LongitudeDegrees>104.06172893</LongitudeDegrees></Position><AltitudeMeters>423</AltitudeMeters><HeartRateBpm><Value>121</Value></HeartRateBpm></Trackpoint>
<Trackpoint><Time>2024-07-19T00:00:48Z</Time><Position><LatitudeDegrees>30.51937811</LatitudeDegrees><LongitudeDegrees>104.06171793</LongitudeDegrees></Position><AltitudeMeters>423</AltitudeMeters><HeartRateBpm><Value>121</Value></HeartRateBpm></Trackpoint>
<Trackpoint><Time>2024-07-19T00:00:49Z</Time><Position><LatitudeDegrees>30.51932145</LatitudeDegrees><LongitudeDegrees>104.06160093</LongitudeDegrees></Position><AltitudeMeters>423</AltitudeMeters><HeartRateBpm><Value>121</Value></HeartRateBpm></Trackpoint>
<Trackpoint><Time>2024-07-19T00:00:50Z</Time><Position><LatitudeDegrees>30.51931578</LatitudeDegrees><LongitudeDegrees>104.06159093</LongitudeDegrees></Position><AltitudeMeters>423</AltitudeMeters><HeartRateBpm><Value>121</Value></HeartRateBpm></Trackpoint>
<Trackpoint><Time>2024-07-19T00:00:51Z</Time><Position><LatitudeDegrees>30.51930446</LatitudeDegrees><LongitudeDegrees>104.06157194</LongitudeDegrees></Position><AltitudeMeters>423</AltitudeMeters><HeartRateBpm><Value>120</Value></HeartRateBpm></Trackpoint>
<Trackpoint><Time>2024-07-19T00:00:52Z</Time><Position><LatitudeDegrees>30.51928813</LatitudeDegrees><LongitudeDegrees>104.06154728</LongitudeDegrees></Position><AltitudeMeters>423</AltitudeMeters><HeartRateBpm><Value>120</Value></HeartRateBpm></Trackpoint>
<Trackpoint><Time>2024-07-19T00:00:54Z</Time><Position><LatitudeDegrees>30.5192688</LatitudeDegrees><LongitudeDegrees>104.06152062</LongitudeDegrees></Position><AltitudeMeters>423</AltitudeMeters><HeartRateBpm><Value>119</Value></HeartRateBpm></Trackpoint>
<Trackpoint><Time>2024-07-19T00:00:55Z</Time><Position><LatitudeDegrees>30.5192498</LatitudeDegrees><LongitudeDegrees>104.06149563</LongitudeDegrees></Position><AltitudeMeters>423</AltitudeMeters><HeartRateBpm><Value>119</Value></HeartRateBpm></Trackpoint>
<Trackpoint><Time>2024-07-19T00:00:56Z</Time><Position><LatitudeDegrees>30.51917014</LatitudeDegrees><LongitudeDegrees>104.06144464</LongitudeDegrees></Position><AltitudeMeters>423</AltitudeMeters><HeartRateBpm><Value>119</Value></HeartRateBpm></Trackpoint>
<Trackpoint><Time>2024-07-19T00:00:57Z</Time><Position><LatitudeDegrees>30.51916481</LatitudeDegrees><LongitudeDegrees>104.06144964</LongitudeDegrees></Position><AltitudeMeters>423</AltitudeMeters><HeartRateBpm><Value>120</Value></HeartRateBpm></Trackpoint>
<Trackpoint><Time>2024-07-19T00:00:59Z</Time><Position><LatitudeDegrees>30.51915582</LatitudeDegrees><LongitudeDegrees>104.06146096</LongitudeDegrees></Position><AltitudeMeters>422</AltitudeMeters><HeartRateBpm><Value>120</Value></HeartRateBpm></Trackpoint>
<Trackpoint><Time>2024-07-19T00:01:00Z</Time><Position><LatitudeDegrees>30.51914382</LatitudeDegrees><LongitudeDegrees>104.06147795</LongitudeDegrees></Position><AltitudeMeters>422</AltitudeMeters><HeartRateBpm><Value>120</Value></HeartRateBpm></Trackpoint>
<Trackpoint><Time>2024-07-19T00:01:01Z</Time><Position><LatitudeDegrees>30.51908016</LatitudeDegrees><LongitudeDegrees>104.06156629</LongitudeDegrees></Position><AltitudeMeters>422</AltitudeMeters><HeartRateBpm><Value>121</Value></HeartRateBpm></Trackpoint>
<Trackpoint><Time>2024-07-19T00:01:03Z</Time><Position><LatitudeDegrees>30.51907483</LatitudeDegrees><LongitudeDegrees>104.06157029</LongitudeDegrees></Position><AltitudeMeters>422</AltitudeMeters><HeartRateBpm><Value>121</Value></HeartRateBpm></Trackpoint>
<Trackpoint><Time>2024-07-19T00:01:04Z</Time><Position><LatitudeDegrees>30.51906317</LatitudeDegrees><LongitudeDegrees>104.06157528</LongitudeDegrees></Position><AltitudeMeters>420</AltitudeMeters><HeartRateBpm><Value>121</Value></HeartRateBpm></Trackpoint>
<Trackpoint><Time>2024-07-19T00:01:05Z</Time><Position><LatitudeDegrees>30.51904717</LatitudeDegrees><LongitudeDegrees>104.06157728</LongitudeDegrees></Position><AltitudeMeters>419</AltitudeMeters><HeartRateBpm><Value>121</Value></HeartRateBpm></Trackpoint>
<Trackpoint><Time>2024-07-19T00:01:07Z</Time><Position><LatitudeDegrees>30.51896985</LatitudeDegrees><LongitudeDegrees>104.0615946</LongitudeDegrees></Position><AltitudeMeters>419</AltitudeMeters><HeartRateBpm><Value>123</Value></HeartRateBpm></Trackpoint>
<Trackpoint><Time>2024-07-19T00:01:08Z</Time><Position><LatitudeDegrees>30.51896553</LatitudeDegrees><LongitudeDegrees>104.06160059</LongitudeDegrees></Position><AltitudeMeters>418</AltitudeMeters><HeartRateBpm><Value>123</Value></HeartRateBpm></Trackpoint>
<Trackpoint><Time>2024-07-19T00:01:09Z</Time><Position><LatitudeDegrees>30.51895754</LatitudeDegrees><LongitudeDegrees>104.06161392</LongitudeDegrees></Position><AltitudeMeters>418</AltitudeMeters><HeartRateBpm><Value>123</Value></HeartRateBpm></Trackpoint>
<Trackpoint><Time>2024-07-19T00:01:10Z</Time><Position><LatitudeDegrees>30.51890054</LatitudeDegrees><LongitudeDegrees>104.06170059</LongitudeDegrees></Position><AltitudeMeters>418</AltitudeMeters><HeartRateBpm><Value>123</Value></HeartRateBpm></Trackpoint>
<Trackpoint><Time>2024-07-19T00:01:11Z</Time><Position><LatitudeDegrees>30.51889421</LatitudeDegrees><LongitudeDegrees>104.06170326</LongitudeDegrees></Position><AltitudeMeters>417</AltitudeMeters><HeartRateBpm><Value>122</Value></HeartRateBpm></Trackpoint>
<Trackpoint><Time>2024-07-19T00:01:13Z</Time><Position><LatitudeDegrees>30.51888156</LatitudeDegrees><LongitudeDegrees>104.06170459</LongitudeDegrees></Position><AltitudeMeters>417</AltitudeMeters><HeartRateBpm><Value>121</Value></HeartRateBpm></Trackpoint>
<Trackpoint><Time>2024-07-19T00:01:14Z</Time><Position><LatitudeDegrees>30.51886723</LatitudeDegrees><LongitudeDegrees>104.06169892</LongitudeDegrees></Position><AltitudeMeters>417</AltitudeMeters><HeartRateBpm><Value>120</Value></HeartRateBpm></Trackpoint>
<Trackpoint><Time>2024-07-19T00:01:15Z</Time><Position><LatitudeDegrees>30.51885357</LatitudeDegrees><LongitudeDegrees>104.06168593</LongitudeDegrees></Position><AltitudeMeters>417</AltitudeMeters><HeartRateBpm><Value>120</Value></HeartRateBpm></Trackpoint>
<Trackpoint><Time>2024-07-19T00:01:16Z</Time><Position><LatitudeDegrees>30.51884257</LatitudeDegrees><LongitudeDegrees>104.06167093</LongitudeDegrees></Position><AltitudeMeters>417</AltitudeMeters><HeartRateBpm><Value>119</Value></HeartRateBpm></Trackpoint>
<Trackpoint><Time>2024-07-19T00:01:17Z</Time><Position><LatitudeDegrees>30.51883423</LatitudeDegrees><LongitudeDegrees>104.06165828</LongitudeDegrees></Position><AltitudeMeters>417</AltitudeMeters><HeartRateBpm><Value>119</Value></HeartRateBpm></Trackpoint>
<Trackpoint><Time>2024-07-19T00:01:18Z</Time><Position><LatitudeDegrees>30.51882757</LatitudeDegrees><LongitudeDegrees>104.06164895</LongitudeDegrees></Position><AltitudeMeters>417</AltitudeMeters><HeartRateBpm><Value>119</Value></HeartRateBpm></Trackpoint>
</Track></Lap>
<Lap StartTime="2024-07-19T00:01:51Z">
<TotalTimeSeconds>165</TotalTimeSeconds><DistanceMeters>688.08</DistanceMeters><Track>
<Trackpoint><Time>2024-07-19T00:01:51Z</Time><Position><LatitudeDegrees>30.51881657</LatitudeDegrees><LongitudeDegrees>104.06162562</LongitudeDegrees></Position><AltitudeMeters>417</AltitudeMeters><HeartRateBpm><Value>108</Value></HeartRateBpm></Trackpoint>
<Trackpoint><Time>2024-07-19T00:01:53Z</Time><Position><LatitudeDegrees>30.51879291</LatitudeDegrees><LongitudeDegrees>104.06159996</LongitudeDegrees></Position><AltitudeMeters>417</AltitudeMeters><HeartRateBpm><Value>112</Value></HeartRateBpm></Trackpoint>
<Trackpoint><Time>2024-07-19T00:01:54Z</Time><Position><LatitudeDegrees>30.51878958</LatitudeDegrees><LongitudeDegrees>104.0615953</LongitudeDegrees></Position><AltitudeMeters>417</AltitudeMeters><HeartRateBpm><Value>113</Value></HeartRateBpm></Trackpoint>
<Trackpoint><Time>2024-07-19T00:01:55Z</Time><Position><LatitudeDegrees>30.51878225</LatitudeDegrees><LongitudeDegrees>104.06158396</LongitudeDegrees></Position><AltitudeMeters>417</AltitudeMeters><HeartRateBpm><Value>113</Value></HeartRateBpm></Trackpoint>
<Trackpoint><Time>2024-07-19T00:01:56Z</Time><Position><LatitudeDegrees>30.51877093</LatitudeDegrees><LongitudeDegrees>104.0615673</LongitudeDegrees></Position><AltitudeMeters>417</AltitudeMeters><HeartRateBpm><Value>116</Value></HeartRateBpm></Trackpoint>
<Trackpoint><Time>2024-07-19T00:01:57Z</Time><Position><LatitudeDegrees>30.51875726</LatitudeDegrees><LongitudeDegrees>104.06154664</LongitudeDegrees></Position><AltitudeMeters>417</AltitudeMeters><HeartRateBpm><Value>116</Value></HeartRateBpm></Trackpoint>
<Trackpoint><Time>2024-07-19T00:01:59Z</Time><Position><LatitudeDegrees>30.51867794</LatitudeDegrees><LongitudeDegrees>104.06143365</LongitudeDegrees></Position><AltitudeMeters>417</AltitudeMeters><HeartRateBpm><Value>122</Value></HeartRateBpm></Trackpoint>
<Trackpoint><Time>2024-07-19T00:02:00Z</Time><Position><LatitudeDegrees>30.51867161</LatitudeDegrees><LongitudeDegrees>104.06142265</LongitudeDegrees></Position><AltitudeMeters>417</AltitudeMeters><HeartRateBpm><Value>122</Value></HeartRateBpm></Trackpoint>
<Trackpoint><Time>2024-07-19T00:02:01Z</Time><Position><LatitudeDegrees>30.51865862</LatitudeDegrees><LongitudeDegrees>104.06140199</LongitudeDegrees></Position><AltitudeMeters>417</AltitudeMeters><HeartRateBpm><Value>122</Value></HeartRateBpm></Trackpoint>
<Trackpoint><Time>2024-07-19T00:02:02Z</Time><Position><LatitudeDegrees>30.51863929</LatitudeDegrees><LongitudeDegrees>104.06137433</LongitudeDegrees></Position><AltitudeMeters>417</AltitudeMeters><HeartRateBpm><Value>121</Value></HeartRateBpm></Trackpoint>
<Trackpoint><Time>2024-07-19T00:02:03Z</Time><Position><LatitudeDegrees>30.51861429</LatitudeDegrees><LongitudeDegrees>104.06134066</LongitudeDegrees></Position><AltitudeMeters>417</AltitudeMeters><HeartRateBpm><Value>121</Value></HeartRateBpm></Trackpoint>
<Trackpoint><Time>2024-07-19T00:02:04Z</Time><Position><LatitudeDegrees>30.51858829</LatitudeDegrees><LongitudeDegrees>104.06130267</LongitudeDegrees></Position><AltitudeMeters>416</AltitudeMeters><HeartRateBpm><Value>121</Value></HeartRateBpm></Trackpoint>
<Trackpoint><Time>2024-07-19T00:02:05Z</Time><Position><LatitudeDegrees>30.51856297</LatitudeDegrees><LongitudeDegrees>104.06126434</LongitudeDegrees></Position><AltitudeMeters>416</AltitudeMeters><HeartRateBpm><Value>121</Value></HeartRateBpm></Trackpoint>
<Trackpoint><Time>2024-07-19T00:02:06Z</Time><Position><LatitudeDegrees>30.51853831</LatitudeDegrees><LongitudeDegrees>104.06122634</LongitudeDegrees></Position><AltitudeMeters>416</AltitudeMeters><HeartRateBpm><Value>121</Value></HeartRateBpm></Trackpoint>
<Trackpoint><Time>2024-07-19T00:02:07Z</Time><Position><LatitudeDegrees>30.51851331</LatitudeDegrees><LongitudeDegrees>104.06118901</LongitudeDegrees></Position><AltitudeMeters>416</AltitudeMeters><HeartRateBpm><Value>121</Value></HeartRateBpm></Trackpoint>
<Trackpoint><Time>2024-07-19T00:02:08Z</Time><Position><LatitudeDegrees>30.51848766</LatitudeDegrees><LongitudeDegrees>104.06115268</LongitudeDegrees></Position><AltitudeMeters>416</AltitudeMeters><HeartRateBpm><Value>120</Value></HeartRateBpm></Trackpoint>
<Trackpoint><Time>2024-07-19T00:02:09Z</Time><Position><LatitudeDegrees>30.51838399</LatitudeDegrees><LongitudeDegrees>104.06100902</LongitudeDegrees></Position><AltitudeMeters>416</AltitudeMeters><HeartRateBpm><Value>120</Value></HeartRateBpm></Trackpoint>
<Trackpoint><Time>2024-07-19T00:02:10Z</Time><Position><LatitudeDegrees>30.51837832</LatitudeDegrees><LongitudeDegrees>104.06100102</LongitudeDegrees></Position><AltitudeMeters>416</AltitudeMeters><HeartRateBpm><Value>120</Value></HeartRateBpm></Trackpoint>
<Trackpoint><Time>2024-07-19T00:02:12Z</Time><Position><LatitudeDegrees>30.51836533</LatitudeDegrees><LongitudeDegrees>104.06098169</LongitudeDegrees></Position><AltitudeMeters>416</AltitudeMeters><HeartRateBpm><Value>119</Value></HeartRateBpm></Trackpoint>
<Trackpoint><Time>2024-07-19T00:02:13Z</Time><Position><LatitudeDegrees>30.51834767</LatitudeDegrees><LongitudeDegrees>104.06095503</LongitudeDegrees></Position><AltitudeMeters>416</AltitudeMeters><HeartRateBpm><Value>119</Value></HeartRateBpm></Trackpoint>
<Trackpoint><Time>2024-07-19T00:02:14Z</Time><Position><LatitudeDegrees>30.51832734</LatitudeDegrees><LongitudeDegrees>104.0609247</LongitudeDegrees></Position><AltitudeMeters>416</AltitudeMeters><HeartRateBpm><Value>120</Value></HeartRateBpm></Trackpoint>
<Trackpoint><Time>2024-07-19T00:02:15Z</Time><Position><LatitudeDegrees>30.51830602</LatitudeDegrees><LongitudeDegrees>104.06089104</LongitudeDegrees></Position><AltitudeMeters>416</AltitudeMeters><HeartRateBpm><Value>120</Value></HeartRateBpm></Trackpoint>
<Trackpoint><Time>2024-07-19T00:02:16Z</Time><Position><LatitudeDegrees>30.51828469</LatitudeDegrees><LongitudeDegrees>104.06085639</LongitudeDegrees></Position><AltitudeMeters>416</AltitudeMeters><HeartRateBpm><Value>119</Value></HeartRateBpm></Trackpoint>
<Trackpoint><Time>2024-07-19T00:02:17Z</Time><Position><LatitudeDegrees>30.5182627</LatitudeDegrees><LongitudeDegrees>104.06082072</LongitudeDegrees></Position><AltitudeMeters>416</AltitudeMeters><HeartRateBpm><Value>119</Value></HeartRateBpm></Trackpoint>
<Trackpoint><Time>2024-07-19T00:02:18Z</Time><Position><LatitudeDegrees>30.51823837</LatitudeDegrees><LongitudeDegrees>104.06078639</LongitudeDegrees></Position><AltitudeMeters>416</AltitudeMeters><HeartRateBpm><Value>119</Value></HeartRateBpm></Trackpoint>
<Trackpoint><Time>2024-07-19T00:02:19Z</Time><Position><LatitudeDegrees>30.51821204</LatitudeDegrees><LongitudeDegrees>104.0607524</LongitudeDegrees></Position><AltitudeMeters>416</AltitudeMeters><HeartRateBpm><Value>119</Value></HeartRateBpm></Trackpoint>
<Trackpoint><Time>2024-07-19T00:02:20Z</Time><Position><LatitudeDegrees>30.51818471</LatitudeDegrees><LongitudeDegrees>104.06071741</LongitudeDegrees></Position><AltitudeMeters>416</AltitudeMeters><HeartRateBpm><Value>118</Value></HeartRateBpm></Trackpoint>
<Trackpoint><Time>2024-07-19T00:02:21Z</Time><Position><LatitudeDegrees>30.51815705</LatitudeDegrees><LongitudeDegrees>104.06068007</LongitudeDegrees></Position><AltitudeMeters>416</AltitudeMeters><HeartRateBpm><Value>118</Value></HeartRateBpm></Trackpoint>
<Trackpoint><Time>2024-07-19T00:02:22Z</Time><Position><LatitudeDegrees>30.51812905</LatitudeDegrees><LongitudeDegrees>104.06064008</LongitudeDegrees></Position><AltitudeMeters>416</AltitudeMeters><HeartRateBpm><Value>118</Value></HeartRateBpm></Trackpoint>
<Trackpoint><Time>2024-07-19T00:02:23Z</Time><Position><LatitudeDegrees>30.51810138</LatitudeDegrees><LongitudeDegrees>104.06060043</LongitudeDegrees></Position><AltitudeMeters>416</AltitudeMeters><HeartRateBpm><Value>118</Value></HeartRateBpm></Trackpoint>
<Trackpoint><Time>2024-07-19T00:02:25Z</Time><Position><LatitudeDegrees>30.51797973</LatitudeDegrees><LongitudeDegrees>104.06043177</LongitudeDegrees></Position><AltitudeMeters>416</AltitudeMeters><HeartRateBpm><Value>117</Value></HeartRateBpm></Trackpoint>
<Trackpoint><Time>2024-07-19T00:02:26Z</Time><Position><LatitudeDegrees>30.51797173</LatitudeDegrees><LongitudeDegrees>104.06042245</LongitudeDegrees></Position><AltitudeMeters>416</AltitudeMeters><HeartRateBpm><Value>117</Value></HeartRateBpm></Trackpoint>
<Trackpoint><Time>2024-07-19T00:02:27Z</Time><Position><LatitudeDegrees>30.51795639</LatitudeDegrees><LongitudeDegrees>104.06040311</LongitudeDegrees></Position><AltitudeMeters>416</AltitudeMeters><HeartRateBpm><Value>117</Value></HeartRateBpm></Trackpoint>
<Trackpoint><Time>2024-07-19T00:02:28Z</Time><Position><LatitudeDegrees>30.51793406</LatitudeDegrees><LongitudeDegrees>104.06037412</LongitudeDegrees></Position><AltitudeMeters>416</AltitudeMeters><HeartRateBpm><Value>117</Value></HeartRateBpm></Trackpoint>
<Trackpoint><Time>2024-07-19T00:02:29Z</Time><Position><LatitudeDegrees>30.51790906</LatitudeDegrees><LongitudeDegrees>104.06033913</LongitudeDegrees></Position><AltitudeMeters>414</AltitudeMeters><HeartRateBpm><Value>119</Value></HeartRateBpm></Trackpoint>
<Trackpoint><Time>2024-07-19T00:02:30Z</Time><Position><LatitudeDegrees>30.51788274</LatitudeDegrees><LongitudeDegrees>104.0602998</LongitudeDegrees></Position><AltitudeMeters>414</AltitudeMeters><HeartRateBpm><Value>119</Value></HeartRateBpm></Trackpoint>
<Trackpoint><Time>2024-07-19T00:02:31Z</Time><Position><LatitudeDegrees>30.51785674</LatitudeDegrees><LongitudeDegrees>104.06025813</LongitudeDegrees></Position><AltitudeMeters>414</AltitudeMeters><HeartRateBpm><Value>119</Value></HeartRateBpm></Trackpoint>
<Trackpoint><Time>2024-07-19T00:02:33Z</Time><Position><LatitudeDegrees>30.51774475</LatitudeDegrees><LongitudeDegrees>104.06009481</LongitudeDegrees></Position><AltitudeMeters>414</AltitudeMeters><HeartRateBpm><Value>119</Value></HeartRateBpm></Trackpoint>
<Trackpoint><Time>2024-07-19T00:02:35Z</Time><Position><LatitudeDegrees>30.51768608</LatitudeDegrees><LongitudeDegrees>104.06000149</LongitudeDegrees></Position><AltitudeMeters>414</AltitudeMeters><HeartRateBpm><Value>118</Value></HeartRateBpm></Trackpoint>
<Trackpoint><Time>2024-07-19T00:02:36Z</Time><Position><LatitudeDegrees>30.51761542</LatitudeDegrees><LongitudeDegrees>104.05991915</LongitudeDegrees></Position><AltitudeMeters>415</AltitudeMeters><HeartRateBpm><Value>118</Value></HeartRateBpm></Trackpoint>
<Trackpoint><Time>2024-07-19T00:02:38Z</Time><Position><LatitudeDegrees>30.51760676</LatitudeDegrees><LongitudeDegrees>104.05990616</LongitudeDegrees></Position><AltitudeMeters>415</AltitudeMeters><HeartRateBpm><Value>118</Value></HeartRateBpm></Trackpoint>
<Trackpoint><Time>2024-07-19T00:02:39Z</Time><Position><LatitudeDegrees>30.51758877</LatitudeDegrees><LongitudeDegrees>104.05988116</LongitudeDegrees></Position><AltitudeMeters>415</AltitudeMeters><HeartRateBpm><Value>119</Value></HeartRateBpm></Trackpoint>
<Trackpoint><Time>2024-07-19T00:02:40Z</Time><Position><LatitudeDegrees>30.51747843</LatitudeDegrees><LongitudeDegrees>104.05972851</LongitudeDegrees></Position><AltitudeMeters>415</AltitudeMeters><HeartRateBpm><Value>119</Value></HeartRateBpm></Trackpoint>
<Trackpoint><Time>2024-07-19T00:02:42Z</Time><Position><LatitudeDegrees>30.51746944</LatitudeDegrees><LongitudeDegrees>104.05971751</LongitudeDegrees></Position><AltitudeMeters>415</AltitudeMeters><HeartRateBpm><Value>119</Value></HeartRateBpm></Trackpoint>
<Trackpoint><Time>2024-07-19T00:02:43Z</Time><Position><LatitudeDegrees>30.51745278</LatitudeDegrees><LongitudeDegrees>104.05969284</LongitudeDegrees></Position><AltitudeMeters>415</AltitudeMeters><HeartRateBpm><Value>121</Value></HeartRateBpm></Trackpoint>
<Trackpoint><Time>2024-07-19T00:02:44Z</Time><Position><LatitudeDegrees>30.51743044</LatitudeDegrees><LongitudeDegrees>104.05965918</LongitudeDegrees></Position><AltitudeMeters>415</AltitudeMeters><HeartRateBpm><Value>122</Value></HeartRateBpm></Trackpoint>
<Trackpoint><Time>2024-07-19T00:02:45Z</Time><Position><LatitudeDegrees>30.51740479</LatitudeDegrees><LongitudeDegrees>104.05961885</LongitudeDegrees></Position><AltitudeMeters>415</AltitudeMeters><HeartRateBpm><Value>122</Value></HeartRateBpm></Trackpoint>
<Trackpoint><Time>2024-07-19T00:02:46Z</Time><Position><LatitudeDegrees>30.51737746</LatitudeDegrees><LongitudeDegrees>104.05957385</LongitudeDegrees></Position><AltitudeMeters>415</AltitudeMeters><HeartRateBpm><Value>122</Value></HeartRateBpm></Trackpoint>
<Trackpoint><Time>2024-07-19T00:02:47Z</Time><Position><LatitudeDegrees>30.51735081</LatitudeDegrees><LongitudeDegrees>104.05952586</LongitudeDegrees></Position><AltitudeMeters>415</AltitudeMeters><HeartRateBpm><Value>123</Value></HeartRateBpm></Trackpoint>
<Trackpoint><Time>2024-07-19T00:02:48Z</Time><Position><LatitudeDegrees>30.51732481</LatitudeDegrees><LongitudeDegrees>104.05947586</LongitudeDegrees></Position><AltitudeMeters>416</AltitudeMeters><HeartRateBpm><Value>124</Value></HeartRateBpm></Trackpoint>
<Trackpoint><Time>2024-07-19T00:02:49Z</Time><Position><LatitudeDegrees>30.51730048</LatitudeDegrees><LongitudeDegrees>104.05942586</LongitudeDegrees></Position><AltitudeMeters>416</AltitudeMeters><HeartRateBpm><Value>124</Value></HeartRateBpm></Trackpoint>
<Trackpoint><Time>2024-07-19T00:02:51Z</Time><Position><LatitudeDegrees>30.51718916</LatitudeDegrees><LongitudeDegrees>104.05923187</LongitudeDegrees></Position><AltitudeMeters>416</AltitudeMeters><HeartRateBpm><Value>125</Value></HeartRateBpm></Trackpoint>
<Trackpoint><Time>2024-07-19T00:02:52Z</Time><Position><LatitudeDegrees>30.51718316</LatitudeDegrees><LongitudeDegrees>104.05922187</LongitudeDegrees></Position><AltitudeMeters>416</AltitudeMeters><HeartRateBpm><Value>125</Value></HeartRateBpm></Trackpoint>
<Trackpoint><Time>2024-07-19T00:02:53Z</Time><Position><LatitudeDegrees>30.51712817</LatitudeDegrees><LongitudeDegrees>104.05908054</LongitudeDegrees></Position><AltitudeMeters>416</AltitudeMeters><HeartRateBpm><Value>125</Value></HeartRateBpm></Trackpoint>
<Trackpoint><Time>2024-07-19T00:02:55Z</Time><Position><LatitudeDegrees>30.51712451</LatitudeDegrees><LongitudeDegrees>104.05906787</LongitudeDegrees></Position><AltitudeMeters>416</AltitudeMeters><HeartRateBpm><Value>125</Value></HeartRateBpm></Trackpoint>
<Trackpoint><Time>2024-07-19T00:02:56Z</Time><Position><LatitudeDegrees>30.51711586</LatitudeDegrees><LongitudeDegrees>104.05904355</LongitudeDegrees></Position><AltitudeMeters>416</AltitudeMeters><HeartRateBpm><Value>124</Value></HeartRateBpm></Trackpoint>
<Trackpoint><Time>2024-07-19T00:02:57Z</Time><Position><LatitudeDegrees>30.51706419</LatitudeDegrees><LongitudeDegrees>104.05887955</LongitudeDegrees></Position><AltitudeMeters>416</AltitudeMeters><HeartRateBpm><Value>124</Value></HeartRateBpm></Trackpoint>
<Trackpoint><Time>2024-07-19T00:02:58Z</Time><Position><LatitudeDegrees>30.51706186</LatitudeDegrees><LongitudeDegrees>104.05886556</LongitudeDegrees></Position><AltitudeMeters>416</AltitudeMeters><HeartRateBpm><Value>124</Value></HeartRateBpm></Trackpoint>
<Trackpoint><Time>2024-07-19T00:02:59Z</Time><Position><LatitudeDegrees>30.5170572</LatitudeDegrees><LongitudeDegrees>104.05883689</LongitudeDegrees></Position><AltitudeMeters>416</AltitudeMeters><HeartRateBpm><Value>124</Value></HeartRateBpm></Trackpoint>
<Trackpoint><Time>2024-07-19T00:03:01Z</Time><Position><LatitudeDegrees>30.51705353</LatitudeDegrees><LongitudeDegrees>104.0587989</LongitudeDegrees></Position><AltitudeMeters>416</AltitudeMeters><HeartRateBpm><Value>123</Value></HeartRateBpm></Trackpoint>
<Trackpoint><Time>2024-07-19T00:03:02Z</Time><Position><LatitudeDegrees>30.51704954</LatitudeDegrees><LongitudeDegrees>104.0587539</LongitudeDegrees></Position><AltitudeMeters>416</AltitudeMeters><HeartRateBpm><Value>124</Value></HeartRateBpm></Trackpoint>
<Trackpoint><Time>2024-07-19T00:03:03Z</Time><Position><LatitudeDegrees>30.51704521</LatitudeDegrees><LongitudeDegrees>104.05870457</LongitudeDegrees></Position><AltitudeMeters>417</AltitudeMeters><HeartRateBpm><Value>124</Value></HeartRateBpm></Trackpoint>
<Trackpoint><Time>2024-07-19T00:03:04Z</Time><Position><LatitudeDegrees>30.51704022</LatitudeDegrees><LongitudeDegrees>104.05865158</LongitudeDegrees></Position><AltitudeMeters>417</AltitudeMeters><HeartRateBpm><Value>124</Value></HeartRateBpm></Trackpoint>
<Trackpoint><Time>2024-07-19T00:03:05Z</Time><Position><LatitudeDegrees>30.51703689</LatitudeDegrees><LongitudeDegrees>104.05859658</LongitudeDegrees></Position><AltitudeMeters>417</AltitudeMeters><HeartRateBpm><Value>125</Value></HeartRateBpm></Trackpoint>
<Trackpoint><Time>2024-07-19T00:03:07Z</Time><Position><LatitudeDegrees>30.51703623</LatitudeDegrees><LongitudeDegrees>104.05836391</LongitudeDegrees></Position><AltitudeMeters>417</AltitudeMeters><HeartRateBpm><Value>124</Value></HeartRateBpm></Trackpoint>
<Trackpoint><Time>2024-07-19T00:03:08Z</Time><Position><LatitudeDegrees>30.51703723</LatitudeDegrees><LongitudeDegrees>104.05834925</LongitudeDegrees></Position><AltitudeMeters>417</AltitudeMeters><HeartRateBpm><Value>125</Value></HeartRateBpm></Trackpoint>
<Trackpoint><Time>2024-07-19T00:03:09Z</Time><Position><LatitudeDegrees>30.51704089</LatitudeDegrees><LongitudeDegrees>104.0583206</LongitudeDegrees></Position><AltitudeMeters>417</AltitudeMeters><HeartRateBpm><Value>125</Value></HeartRateBpm></Trackpoint>
<Trackpoint><Time>2024-07-19T00:03:10Z</Time><Position><LatitudeDegrees>30.51704589</LatitudeDegrees><LongitudeDegrees>104.05828226</LongitudeDegrees></Position><AltitudeMeters>417</AltitudeMeters><HeartRateBpm><Value>125</Value></HeartRateBpm></Trackpoint>
<Trackpoint><Time>2024-07-19T00:03:11Z</Time><Position><LatitudeDegrees>30.51705255</LatitudeDegrees><LongitudeDegrees>104.05823861</LongitudeDegrees></Position><AltitudeMeters>417</AltitudeMeters><HeartRateBpm><Value>125</Value></HeartRateBpm></Trackpoint>
<Trackpoint><Time>2024-07-19T00:03:12Z</Time><Position><LatitudeDegrees>30.51705955</LatitudeDegrees><LongitudeDegrees>104.05819194</LongitudeDegrees></Position><AltitudeMeters>417</AltitudeMeters><HeartRateBpm><Value>125</Value></HeartRateBpm></Trackpoint>
<Trackpoint><Time>2024-07-19T00:03:13Z</Time><Position><LatitudeDegrees>30.51706888</LatitudeDegrees><LongitudeDegrees>104.05814394</LongitudeDegrees></Position><AltitudeMeters>417</AltitudeMeters><HeartRateBpm><Value>125</Value></HeartRateBpm></Trackpoint>
<Trackpoint><Time>2024-07-19T00:03:14Z</Time><Position><LatitudeDegrees>30.51707988</LatitudeDegrees><LongitudeDegrees>104.05809428</LongitudeDegrees></Position><AltitudeMeters>417</AltitudeMeters><HeartRateBpm><Value>125</Value></HeartRateBpm></Trackpoint>
<Trackpoint><Time>2024-07-19T00:03:15Z</Time><Position><LatitudeDegrees>30.51713288</LatitudeDegrees><LongitudeDegrees>104.05788363</LongitudeDegrees></Position><AltitudeMeters>417</AltitudeMeters><HeartRateBpm><Value>125</Value></HeartRateBpm></Trackpoint>
<Trackpoint><Time>2024-07-19T00:03:17Z</Time><Position><LatitudeDegrees>30.51713821</LatitudeDegrees><LongitudeDegrees>104.05787063</LongitudeDegrees></Position><AltitudeMeters>417</AltitudeMeters><HeartRateBpm><Value>126</Value></HeartRateBpm></Trackpoint>
<Trackpoint><Time>2024-07-19T00:03:18Z</Time><Position><LatitudeDegrees>30.5171472</LatitudeDegrees><LongitudeDegrees>104.05784197</LongitudeDegrees></Position><AltitudeMeters>417</AltitudeMeters><HeartRateBpm><Value>126</Value></HeartRateBpm></Trackpoint>
<Trackpoint><Time>2024-07-19T00:03:19Z</Time><Position><LatitudeDegrees>30.5171612</LatitudeDegrees><LongitudeDegrees>104.05780364</LongitudeDegrees></Position><AltitudeMeters>417</AltitudeMeters><HeartRateBpm><Value>126</Value></HeartRateBpm></Trackpoint>
<Trackpoint><Time>2024-07-19T00:03:20Z</Time><Position><LatitudeDegrees>30.51717819</LatitudeDegrees><LongitudeDegrees>104.05775864</LongitudeDegrees></Position><AltitudeMeters>418</AltitudeMeters><HeartRateBpm><Value>126</Value></HeartRateBpm></Trackpoint>
<Trackpoint><Time>2024-07-19T00:03:21Z</Time><Position><LatitudeDegrees>30.51727151</LatitudeDegrees><LongitudeDegrees>104.05755565</LongitudeDegrees></Position><AltitudeMeters>418</AltitudeMeters><HeartRateBpm><Value>125</Value></HeartRateBpm></Trackpoint>
<Trackpoint><Time>2024-07-19T00:03:22Z</Time><Position><LatitudeDegrees>30.51727985</LatitudeDegrees><LongitudeDegrees>104.05754266</LongitudeDegrees></Position><AltitudeMeters>418</AltitudeMeters><HeartRateBpm><Value>125</Value></HeartRateBpm></Trackpoint>
<Trackpoint><Time>2024-07-19T00:03:24Z</Time><Position><LatitudeDegrees>30.51729684</LatitudeDegrees><LongitudeDegrees>104.05751666</LongitudeDegrees></Position><AltitudeMeters>418</AltitudeMeters><HeartRateBpm><Value>125</Value></HeartRateBpm></Trackpoint>
<Trackpoint><Time>2024-07-19T00:03:25Z</Time><Position><LatitudeDegrees>30.51732184</LatitudeDegrees><LongitudeDegrees>104.05748233</LongitudeDegrees></Position><AltitudeMeters>418</AltitudeMeters><HeartRateBpm><Value>125</Value></HeartRateBpm></Trackpoint>
<Trackpoint><Time>2024-07-19T00:03:27Z</Time><Position><LatitudeDegrees>30.51745016</LatitudeDegrees><LongitudeDegrees>104.05731901</LongitudeDegrees></Position><AltitudeMeters>418</AltitudeMeters><HeartRateBpm><Value>126</Value></HeartRateBpm></Trackpoint>
<Trackpoint><Time>2024-07-19T00:03:28Z</Time><Position><LatitudeDegrees>30.51745949</LatitudeDegrees><LongitudeDegrees>104.05730935</LongitudeDegrees></Position><AltitudeMeters>418</AltitudeMeters><HeartRateBpm><Value>125</Value></HeartRateBpm></Trackpoint>
<Trackpoint><Time>2024-07-19T00:03:28Z</Time><Position><LatitudeDegrees>30.51748082</LatitudeDegrees><LongitudeDegrees>104.05728935</LongitudeDegrees></Position><AltitudeMeters>418</AltitudeMeters><HeartRateBpm><Value>125</Value></HeartRateBpm></Trackpoint>
<Trackpoint><Time>2024-07-19T00:03:29Z</Time><Position><LatitudeDegrees>30.51750982</LatitudeDegrees><LongitudeDegrees>104.05726303</LongitudeDegrees></Position><AltitudeMeters>418</AltitudeMeters><HeartRateBpm><Value>125</Value></HeartRateBpm></Trackpoint>
<Trackpoint><Time>2024-07-19T00:03:30Z</Time><Position><LatitudeDegrees>30.51754447</LatitudeDegrees><LongitudeDegrees>104.05723303</LongitudeDegrees></Position><AltitudeMeters>418</AltitudeMeters><HeartRateBpm><Value>126</Value></HeartRateBpm></Trackpoint>
<Trackpoint><Time>2024-07-19T00:03:32Z</Time><Position><LatitudeDegrees>30.51770181</LatitudeDegrees><LongitudeDegrees>104.05709404</LongitudeDegrees></Position><AltitudeMeters>418</AltitudeMeters><HeartRateBpm><Value>125</Value></HeartRateBpm></Trackpoint>
<Trackpoint><Time>2024-07-19T00:03:33Z</Time><Position><LatitudeDegrees>30.51771247</LatitudeDegrees><LongitudeDegrees>104.05708538</LongitudeDegrees></Position><AltitudeMeters>418</AltitudeMeters><HeartRateBpm><Value>125</Value></HeartRateBpm></Trackpoint>
<Trackpoint><Time>2024-07-19T00:03:34Z</Time><Position><LatitudeDegrees>30.51773513</LatitudeDegrees><LongitudeDegrees>104.05707172</LongitudeDegrees></Position><AltitudeMeters>418</AltitudeMeters><HeartRateBpm><Value>126</Value></HeartRateBpm></Trackpoint>
<Trackpoint><Time>2024-07-19T00:03:36Z</Time><Position><LatitudeDegrees>30.51788045</LatitudeDegrees><LongitudeDegrees>104.05699139</LongitudeDegrees></Position><AltitudeMeters>418</AltitudeMeters><HeartRateBpm><Value>126</Value></HeartRateBpm></Trackpoint>
<Trackpoint><Time>2024-07-19T00:03:37Z</Time><Position><LatitudeDegrees>30.51789145</LatitudeDegrees><LongitudeDegrees>104.05698639</LongitudeDegrees></Position><AltitudeMeters>418</AltitudeMeters><HeartRateBpm><Value>126</Value></HeartRateBpm></Trackpoint>
<Trackpoint><Time>2024-07-19T00:03:38Z</Time><Position><LatitudeDegrees>30.51791512</LatitudeDegrees><LongitudeDegrees>104.05697573</LongitudeDegrees></Position><AltitudeMeters>418</AltitudeMeters><HeartRateBpm><Value>126</Value></HeartRateBpm></Trackpoint>
<Trackpoint><Time>2024-07-19T00:03:40Z</Time><Position><LatitudeDegrees>30.51806744</LatitudeDegrees><LongitudeDegrees>104.05690873</LongitudeDegrees></Position><AltitudeMeters>418</AltitudeMeters><HeartRateBpm><Value>126</Value></HeartRateBpm></Trackpoint>
<Trackpoint><Time>2024-07-19T00:03:41Z</Time><Position><LatitudeDegrees>30.51807811</LatitudeDegrees><LongitudeDegrees>104.05690307</LongitudeDegrees></Position><AltitudeMeters>418</AltitudeMeters><HeartRateBpm><Value>126</Value></HeartRateBpm></Trackpoint>
<Trackpoint><Time>2024-07-19T00:03:43Z</Time><Position><LatitudeDegrees>30.51820077</LatitudeDegrees><LongitudeDegrees>104.05685074</LongitudeDegrees></Position><AltitudeMeters>418</AltitudeMeters><HeartRateBpm><Value>125</Value></HeartRateBpm></Trackpoint>
<Trackpoint><Time>2024-07-19T00:03:44Z</Time><Position><LatitudeDegrees>30.51821242</LatitudeDegrees><LongitudeDegrees>104.05684674</LongitudeDegrees></Position><AltitudeMeters>418</AltitudeMeters><HeartRateBpm><Value>126</Value></HeartRateBpm></Trackpoint>
<Trackpoint><Time>2024-07-19T00:03:45Z</Time><Position><LatitudeDegrees>30.51823641</LatitudeDegrees><LongitudeDegrees>104.05684008</LongitudeDegrees></Position><AltitudeMeters>418</AltitudeMeters><HeartRateBpm><Value>127</Value></HeartRateBpm></Trackpoint>
<Trackpoint><Time>2024-07-19T00:03:46Z</Time><Position><LatitudeDegrees>30.51826941</LatitudeDegrees><LongitudeDegrees>104.05683041</LongitudeDegrees></Position><AltitudeMeters>418</AltitudeMeters><HeartRateBpm><Value>127</Value></HeartRateBpm></Trackpoint>
<Trackpoint><Time>2024-07-19T00:03:47Z</Time><Position><LatitudeDegrees>30.51830707</LatitudeDegrees><LongitudeDegrees>104.05681975</LongitudeDegrees></Position><AltitudeMeters>418</AltitudeMeters><HeartRateBpm><Value>128</Value></HeartRateBpm></Trackpoint>
<Trackpoint><Time>2024-07-19T00:03:48Z</Time><Position><LatitudeDegrees>30.51834607</LatitudeDegrees><LongitudeDegrees>104.05680676</LongitudeDegrees></Position><AltitudeMeters>418</AltitudeMeters><HeartRateBpm><Value>128</Value></HeartRateBpm></Trackpoint>
<Trackpoint><Time>2024-07-19T00:03:50Z</Time><Position><LatitudeDegrees>30.51850839</LatitudeDegrees><LongitudeDegrees>104.0567671</LongitudeDegrees></Position><AltitudeMeters>418</AltitudeMeters><HeartRateBpm><Value>127</Value></HeartRateBpm></Trackpoint>
<Trackpoint><Time>2024-07-19T00:03:52Z</Time><Position><LatitudeDegrees>30.51857806</LatitudeDegrees><LongitudeDegrees>104.05675643</LongitudeDegrees></Position><AltitudeMeters>418</AltitudeMeters><HeartRateBpm><Value>128</Value></HeartRateBpm></Trackpoint>
<Trackpoint><Time>2024-07-19T00:03:53Z</Time><Position><LatitudeDegrees>30.51858639</LatitudeDegrees><LongitudeDegrees>104.05675143</LongitudeDegrees></Position><AltitudeMeters>418</AltitudeMeters><HeartRateBpm><Value>128</Value></HeartRateBpm></Trackpoint>
<Trackpoint><Time>2024-07-19T00:03:54Z</Time><Position><LatitudeDegrees>30.51869005</LatitudeDegrees><LongitudeDegrees>104.05671444</LongitudeDegrees></Position><AltitudeMeters>419</AltitudeMeters><HeartRateBpm><Value>128</Value></HeartRateBpm></Trackpoint>
<Trackpoint><Time>2024-07-19T00:03:56Z</Time><Position><LatitudeDegrees>30.51869938</LatitudeDegrees><LongitudeDegrees>104.05671144</LongitudeDegrees></Position><AltitudeMeters>419</AltitudeMeters><HeartRateBpm><Value>128</Value></HeartRateBpm></Trackpoint>
<Trackpoint><Time>2024-07-19T00:03:57Z</Time><Position><LatitudeDegrees>30.51871872</LatitudeDegrees><LongitudeDegrees>104.05670579</LongitudeDegrees></Position><AltitudeMeters>419</AltitudeMeters><HeartRateBpm><Value>128</Value></HeartRateBpm></Trackpoint>
<Trackpoint><Time>2024-07-19T00:03:58Z</Time><Position><LatitudeDegrees>30.51874372</LatitudeDegrees><LongitudeDegrees>104.0566968</LongitudeDegrees></Position><AltitudeMeters>419</AltitudeMeters><HeartRateBpm><Value>128</Value></HeartRateBpm></Trackpoint>
<Trackpoint><Time>2024-07-19T00:03:59Z</Time><Position><LatitudeDegrees>30.51877204</LatitudeDegrees><LongitudeDegrees>104.0566878</LongitudeDegrees></Position><AltitudeMeters>419</AltitudeMeters><HeartRateBpm><Value>128</Value></HeartRateBpm></Trackpoint>
<Trackpoint><Time>2024-07-19T00:04:01Z</Time><Position><LatitudeDegrees>30.51888936</LatitudeDegrees><LongitudeDegrees>104.0566548</LongitudeDegrees></Position><AltitudeMeters>419</AltitudeMeters><HeartRateBpm><Value>127</Value></HeartRateBpm></Trackpoint>
<Trackpoint><Time>2024-07-19T00:04:02Z</Time><Position><LatitudeDegrees>30.5188957</LatitudeDegrees><LongitudeDegrees>104.05665181</LongitudeDegrees></Position><AltitudeMeters>419</AltitudeMeters><HeartRateBpm><Value>127</Value></HeartRateBpm></Trackpoint>
<Trackpoint><Time>2024-07-19T00:04:04Z</Time><Position><LatitudeDegrees>30.51896602</LatitudeDegrees><LongitudeDegrees>104.05661014</LongitudeDegrees></Position><AltitudeMeters>419</AltitudeMeters><HeartRateBpm><Value>126</Value></HeartRateBpm></Trackpoint>
<Trackpoint><Time>2024-07-19T00:04:05Z</Time><Position><LatitudeDegrees>30.51897169</LatitudeDegrees><LongitudeDegrees>104.05660714</LongitudeDegrees></Position><AltitudeMeters>419</AltitudeMeters><HeartRateBpm><Value>126</Value></HeartRateBpm></Trackpoint>
<Trackpoint><Time>2024-07-19T00:04:06Z</Time><Position><LatitudeDegrees>30.51898368</LatitudeDegrees><LongitudeDegrees>104.05660214</LongitudeDegrees></Position><AltitudeMeters>419</AltitudeMeters><HeartRateBpm><Value>126</Value></HeartRateBpm></Trackpoint>
<Trackpoint><Time>2024-07-19T00:04:07Z</Time><Position><LatitudeDegrees>30.51899967</LatitudeDegrees><LongitudeDegrees>104.05659682</LongitudeDegrees></Position><AltitudeMeters>419</AltitudeMeters><HeartRateBpm><Value>123</Value></HeartRateBpm></Trackpoint>
<Trackpoint><Time>2024-07-19T00:04:08Z</Time><Position><LatitudeDegrees>30.51901567</LatitudeDegrees><LongitudeDegrees>104.05659083</LongitudeDegrees></Position><AltitudeMeters>419</AltitudeMeters><HeartRateBpm><Value>122</Value></HeartRateBpm></Trackpoint>
<Trackpoint><Time>2024-07-19T00:04:10Z</Time><Position><LatitudeDegrees>30.51905666</LatitudeDegrees><LongitudeDegrees>104.05657017</LongitudeDegrees></Position><AltitudeMeters>419</AltitudeMeters><HeartRateBpm><Value>121</Value></HeartRateBpm></Trackpoint>
<Trackpoint><Time>2024-07-19T00:04:11Z</Time><Position><LatitudeDegrees>30.519056</LatitudeDegrees><LongitudeDegrees>104.05656884</LongitudeDegrees></Position><AltitudeMeters>419</AltitudeMeters><HeartRateBpm><Value>121</Value></HeartRateBpm></Trackpoint>
</Track></Lap>
<Lap StartTime="2024-07-19T00:04:36Z">
<TotalTimeSeconds>98</TotalTimeSeconds><DistanceMeters>32.49</DistanceMeters><Track>
<Trackpoint><Time>2024-07-19T00:04:36Z</Time><Position><LatitudeDegrees>30.51904533</LatitudeDegrees><LongitudeDegrees>104.05657549</LongitudeDegrees></Position><AltitudeMeters>419</AltitudeMeters><HeartRateBpm><Value>111</Value></HeartRateBpm></Trackpoint>
<Trackpoint><Time>2024-07-19T00:04:38Z</Time><Position><LatitudeDegrees>30.51902367</LatitudeDegrees><LongitudeDegrees>104.05658683</LongitudeDegrees></Position><AltitudeMeters>419</AltitudeMeters><HeartRateBpm><Value>109</Value></HeartRateBpm></Trackpoint>
<Trackpoint><Time>2024-07-19T00:04:40Z</Time><Position><LatitudeDegrees>30.51900101</LatitudeDegrees><LongitudeDegrees>104.05659516</LongitudeDegrees></Position><AltitudeMeters>419</AltitudeMeters><HeartRateBpm><Value>107</Value></HeartRateBpm></Trackpoint>
<Trackpoint><Time>2024-07-19T00:04:41Z</Time><Position><LatitudeDegrees>30.51899835</LatitudeDegrees><LongitudeDegrees>104.05659583</LongitudeDegrees></Position><AltitudeMeters>419</AltitudeMeters><HeartRateBpm><Value>107</Value></HeartRateBpm></Trackpoint>
<Trackpoint><Time>2024-07-19T00:04:42Z</Time><Position><LatitudeDegrees>30.51899302</LatitudeDegrees><LongitudeDegrees>104.05659816</LongitudeDegrees></Position><AltitudeMeters>419</AltitudeMeters><HeartRateBpm><Value>107</Value></HeartRateBpm></Trackpoint>
<Trackpoint><Time>2024-07-19T00:04:43Z</Time><Position><LatitudeDegrees>30.51898569</LatitudeDegrees><LongitudeDegrees>104.05660115</LongitudeDegrees></Position><AltitudeMeters>419</AltitudeMeters><HeartRateBpm><Value>108</Value></HeartRateBpm></Trackpoint>
<Trackpoint><Time>2024-07-19T00:04:44Z</Time><Position><LatitudeDegrees>30.51897703</LatitudeDegrees><LongitudeDegrees>104.05660447</LongitudeDegrees></Position><AltitudeMeters>419</AltitudeMeters><HeartRateBpm><Value>108</Value></HeartRateBpm></Trackpoint>
<Trackpoint><Time>2024-07-19T00:04:46Z</Time><Position><LatitudeDegrees>30.51893571</LatitudeDegrees><LongitudeDegrees>104.05662014</LongitudeDegrees></Position><AltitudeMeters>419</AltitudeMeters><HeartRateBpm><Value>109</Value></HeartRateBpm></Trackpoint>
<Trackpoint><Time>2024-07-19T00:04:48Z</Time><Position><LatitudeDegrees>30.51894036</LatitudeDegrees><LongitudeDegrees>104.05661647</LongitudeDegrees></Position><AltitudeMeters>419</AltitudeMeters><HeartRateBpm><Value>110</Value></HeartRateBpm></Trackpoint>
<Trackpoint><Time>2024-07-19T00:04:50Z</Time><Position><LatitudeDegrees>30.51896636</LatitudeDegrees><LongitudeDegrees>104.05660115</LongitudeDegrees></Position><AltitudeMeters>419</AltitudeMeters><HeartRateBpm><Value>109</Value></HeartRateBpm></Trackpoint>
<Trackpoint><Time>2024-07-19T00:04:52Z</Time><Position><LatitudeDegrees>30.51898836</LatitudeDegrees><LongitudeDegrees>104.05658782</LongitudeDegrees></Position><AltitudeMeters>419</AltitudeMeters><HeartRateBpm><Value>108</Value></HeartRateBpm></Trackpoint>
<Trackpoint><Time>2024-07-19T00:04:53Z</Time><Position><LatitudeDegrees>30.51901035</LatitudeDegrees><LongitudeDegrees>104.05657916</LongitudeDegrees></Position><AltitudeMeters>419</AltitudeMeters><HeartRateBpm><Value>108</Value></HeartRateBpm></Trackpoint>
<Trackpoint><Time>2024-07-19T00:04:54Z</Time><Position><LatitudeDegrees>30.51901302</LatitudeDegrees><LongitudeDegrees>104.05657783</LongitudeDegrees></Position><AltitudeMeters>419</AltitudeMeters><HeartRateBpm><Value>108</Value></HeartRateBpm></Trackpoint>
<Trackpoint><Time>2024-07-19T00:04:56Z</Time><Position><LatitudeDegrees>30.51901901</LatitudeDegrees><LongitudeDegrees>104.05657584</LongitudeDegrees></Position><AltitudeMeters>419</AltitudeMeters><HeartRateBpm><Value>108</Value></HeartRateBpm></Trackpoint>
<Trackpoint><Time>2024-07-19T00:04:58Z</Time><Position><LatitudeDegrees>30.51905833</LatitudeDegrees><LongitudeDegrees>104.05656217</LongitudeDegrees></Position><AltitudeMeters>419</AltitudeMeters><HeartRateBpm><Value>109</Value></HeartRateBpm></Trackpoint>
<Trackpoint><Time>2024-07-19T00:05:00Z</Time><Position><LatitudeDegrees>30.51906699</LatitudeDegrees><LongitudeDegrees>104.05655918</LongitudeDegrees></Position><AltitudeMeters>419</AltitudeMeters><HeartRateBpm><Value>110</Value></HeartRateBpm></Trackpoint>
<Trackpoint><Time>2024-07-19T00:05:01Z</Time><Position><LatitudeDegrees>30.51906667</LatitudeDegrees><LongitudeDegrees>104.05655918</LongitudeDegrees></Position><AltitudeMeters>419</AltitudeMeters><HeartRateBpm><Value>110</Value></HeartRateBpm></Trackpoint>
</Track></Lap>
<Lap StartTime="2024-07-19T00:06:14Z">
<TotalTimeSeconds>179</TotalTimeSeconds><DistanceMeters>586.81</DistanceMeters><Track>
<Trackpoint><Time>2024-07-19T00:06:14Z</Time><Position><LatitudeDegrees>30.51909967</LatitudeDegrees><LongitudeDegrees>104.05655385</LongitudeDegrees></Position><AltitudeMeters>419</AltitudeMeters><HeartRateBpm><Value>98</Value></HeartRateBpm></Trackpoint>
<Trackpoint><Time>2024-07-19T00:06:15Z</Time><Position><LatitudeDegrees>30.51910332</LatitudeDegrees><LongitudeDegrees>104.05655019</LongitudeDegrees></Position><AltitudeMeters>419</AltitudeMeters><HeartRateBpm><Value>98</Value></HeartRateBpm></Trackpoint>
<Trackpoint><Time>2024-07-19T00:06:16Z</Time><Position><LatitudeDegrees>30.51911232</LatitudeDegrees><LongitudeDegrees>104.05654286</LongitudeDegrees></Position><AltitudeMeters>419</AltitudeMeters><HeartRateBpm><Value>98</Value></HeartRateBpm></Trackpoint>
<Trackpoint><Time>2024-07-19T00:06:18Z</Time><Position><LatitudeDegrees>30.51918831</LatitudeDegrees><LongitudeDegrees>104.0565052</LongitudeDegrees></Position><AltitudeMeters>419</AltitudeMeters><HeartRateBpm><Value>99</Value></HeartRateBpm></Trackpoint>
<Trackpoint><Time>2024-07-19T00:06:19Z</Time><Position><LatitudeDegrees>30.51925165</LatitudeDegrees><LongitudeDegrees>104.05648753</LongitudeDegrees></Position><AltitudeMeters>419</AltitudeMeters><HeartRateBpm><Value>102</Value></HeartRateBpm></Trackpoint>
<Trackpoint><Time>2024-07-19T00:06:21Z</Time><Position><LatitudeDegrees>30.5192603</LatitudeDegrees><LongitudeDegrees>104.05648421</LongitudeDegrees></Position><AltitudeMeters>419</AltitudeMeters><HeartRateBpm><Value>102</Value></HeartRateBpm></Trackpoint>
<Trackpoint><Time>2024-07-19T00:06:22Z</Time><Position><LatitudeDegrees>30.51927896</LatitudeDegrees><LongitudeDegrees>104.05647755</LongitudeDegrees></Position><AltitudeMeters>422</AltitudeMeters><HeartRateBpm><Value>102</Value></HeartRateBpm></Trackpoint>
<Trackpoint><Time>2024-07-19T00:06:23Z</Time><Position><LatitudeDegrees>30.51930529</LatitudeDegrees><LongitudeDegrees>104.05646855</LongitudeDegrees></Position><AltitudeMeters>422</AltitudeMeters><HeartRateBpm><Value>102</Value></HeartRateBpm></Trackpoint>
<Trackpoint><Time>2024-07-19T00:06:24Z</Time><Position><LatitudeDegrees>30.51933695</LatitudeDegrees><LongitudeDegrees>104.05645789</LongitudeDegrees></Position><AltitudeMeters>422</AltitudeMeters><HeartRateBpm><Value>102</Value></HeartRateBpm></Trackpoint>
<Trackpoint><Time>2024-07-19T00:06:25Z</Time><Position><LatitudeDegrees>30.51937462</LatitudeDegrees><LongitudeDegrees>104.0564459</LongitudeDegrees></Position><AltitudeMeters>422</AltitudeMeters><HeartRateBpm><Value>105</Value></HeartRateBpm></Trackpoint>
<Trackpoint><Time>2024-07-19T00:06:26Z</Time><Position><LatitudeDegrees>30.51941294</LatitudeDegrees><LongitudeDegrees>104.05643624</LongitudeDegrees></Position><AltitudeMeters>422</AltitudeMeters><HeartRateBpm><Value>106</Value></HeartRateBpm></Trackpoint>
<Trackpoint><Time>2024-07-19T00:06:28Z</Time><Position><LatitudeDegrees>30.51957493</LatitudeDegrees><LongitudeDegrees>104.05639424</LongitudeDegrees></Position><AltitudeMeters>422</AltitudeMeters><HeartRateBpm><Value>107</Value></HeartRateBpm></Trackpoint>
<Trackpoint><Time>2024-07-19T00:06:30Z</Time><Position><LatitudeDegrees>30.51967093</LatitudeDegrees><LongitudeDegrees>104.05636925</LongitudeDegrees></Position><AltitudeMeters>422</AltitudeMeters><HeartRateBpm><Value>109</Value></HeartRateBpm></Trackpoint>
<Trackpoint><Time>2024-07-19T00:06:32Z</Time><Position><LatitudeDegrees>30.51976325</LatitudeDegrees><LongitudeDegrees>104.05633659</LongitudeDegrees></Position><AltitudeMeters>422</AltitudeMeters><HeartRateBpm><Value>110</Value></HeartRateBpm></Trackpoint>
<Trackpoint><Time>2024-07-19T00:06:34Z</Time><Position><LatitudeDegrees>30.51984759</LatitudeDegrees><LongitudeDegrees>104.05631293</LongitudeDegrees></Position><AltitudeMeters>422</AltitudeMeters><HeartRateBpm><Value>114</Value></HeartRateBpm></Trackpoint>
<Trackpoint><Time>2024-07-19T00:06:35Z</Time><Position><LatitudeDegrees>30.51985692</LatitudeDegrees><LongitudeDegrees>104.0563096</LongitudeDegrees></Position><AltitudeMeters>422</AltitudeMeters><HeartRateBpm><Value>115</Value></HeartRateBpm></Trackpoint>
<Trackpoint><Time>2024-07-19T00:06:36Z</Time><Position><LatitudeDegrees>30.51987659</LatitudeDegrees><LongitudeDegrees>104.05630327</LongitudeDegrees></Position><AltitudeMeters>422</AltitudeMeters><HeartRateBpm><Value>115</Value></HeartRateBpm></Trackpoint>
<Trackpoint><Time>2024-07-19T00:06:37Z</Time><Position><LatitudeDegrees>30.51990224</LatitudeDegrees><LongitudeDegrees>104.05629261</LongitudeDegrees></Position><AltitudeMeters>422</AltitudeMeters><HeartRateBpm><Value>115</Value></HeartRateBpm></Trackpoint>
<Trackpoint><Time>2024-07-19T00:06:38Z</Time><Position><LatitudeDegrees>30.51992957</LatitudeDegrees><LongitudeDegrees>104.0562946</LongitudeDegrees></Position><AltitudeMeters>422</AltitudeMeters><HeartRateBpm><Value>115</Value></HeartRateBpm></Trackpoint>
<Trackpoint><Time>2024-07-19T00:06:39Z</Time><Position><LatitudeDegrees>30.51995423</LatitudeDegrees><LongitudeDegrees>104.05630494</LongitudeDegrees></Position><AltitudeMeters>422</AltitudeMeters><HeartRateBpm><Value>116</Value></HeartRateBpm></Trackpoint>
<Trackpoint><Time>2024-07-19T00:06:40Z</Time><Position><LatitudeDegrees>30.51998057</LatitudeDegrees><LongitudeDegrees>104.0563216</LongitudeDegrees></Position><AltitudeMeters>422</AltitudeMeters><HeartRateBpm><Value>116</Value></HeartRateBpm></Trackpoint>
<Trackpoint><Time>2024-07-19T00:06:41Z</Time><Position><LatitudeDegrees>30.52000922</LatitudeDegrees><LongitudeDegrees>104.05634294</LongitudeDegrees></Position><AltitudeMeters>422</AltitudeMeters><HeartRateBpm><Value>116</Value></HeartRateBpm></Trackpoint>
<Trackpoint><Time>2024-07-19T00:06:42Z</Time><Position><LatitudeDegrees>30.52003822</LatitudeDegrees><LongitudeDegrees>104.05636793</LongitudeDegrees></Position><AltitudeMeters>422</AltitudeMeters><HeartRateBpm><Value>116</Value></HeartRateBpm></Trackpoint>
<Trackpoint><Time>2024-07-19T00:06:44Z</Time><Position><LatitudeDegrees>30.52016322</LatitudeDegrees><LongitudeDegrees>104.05646492</LongitudeDegrees></Position><AltitudeMeters>422</AltitudeMeters><HeartRateBpm><Value>117</Value></HeartRateBpm></Trackpoint>
<Trackpoint><Time>2024-07-19T00:06:45Z</Time><Position><LatitudeDegrees>30.52017022</LatitudeDegrees><LongitudeDegrees>104.05646858</LongitudeDegrees></Position><AltitudeMeters>422</AltitudeMeters><HeartRateBpm><Value>117</Value></HeartRateBpm></Trackpoint>
<Trackpoint><Time>2024-07-19T00:06:46Z</Time><Position><LatitudeDegrees>30.52018521</LatitudeDegrees><LongitudeDegrees>104.05647358</LongitudeDegrees></Position><AltitudeMeters>422</AltitudeMeters><HeartRateBpm><Value>117</Value></HeartRateBpm></Trackpoint>
<Trackpoint><Time>2024-07-19T00:06:48Z</Time><Position><LatitudeDegrees>30.52028355</LatitudeDegrees><LongitudeDegrees>104.05647692</LongitudeDegrees></Position><AltitudeMeters>422</AltitudeMeters><HeartRateBpm><Value>117</Value></HeartRateBpm></Trackpoint>
<Trackpoint><Time>2024-07-19T00:06:49Z</Time><Position><LatitudeDegrees>30.52028954</LatitudeDegrees><LongitudeDegrees>104.05647192</LongitudeDegrees></Position><AltitudeMeters>422</AltitudeMeters><HeartRateBpm><Value>119</Value></HeartRateBpm></Trackpoint>
<Trackpoint><Time>2024-07-19T00:06:50Z</Time><Position><LatitudeDegrees>30.52030086</LatitudeDegrees><LongitudeDegrees>104.05645925</LongitudeDegrees></Position><AltitudeMeters>422</AltitudeMeters><HeartRateBpm><Value>119</Value></HeartRateBpm></Trackpoint>
<Trackpoint><Time>2024-07-19T00:06:51Z</Time><Position><LatitudeDegrees>30.52031553</LatitudeDegrees><LongitudeDegrees>104.05643725</LongitudeDegrees></Position><AltitudeMeters>422</AltitudeMeters><HeartRateBpm><Value>119</Value></HeartRateBpm></Trackpoint>
<Trackpoint><Time>2024-07-19T00:06:52Z</Time><Position><LatitudeDegrees>30.52033086</LatitudeDegrees><LongitudeDegrees>104.05640892</LongitudeDegrees></Position><AltitudeMeters>422</AltitudeMeters><HeartRateBpm><Value>119</Value></HeartRateBpm></Trackpoint>
<Trackpoint><Time>2024-07-19T00:06:54Z</Time><Position><LatitudeDegrees>30.52040553</LatitudeDegrees><LongitudeDegrees>104.05629493</LongitudeDegrees></Position><AltitudeMeters>422</AltitudeMeters><HeartRateBpm><Value>121</Value></HeartRateBpm></Trackpoint>
<Trackpoint><Time>2024-07-19T00:06:55Z</Time><Position><LatitudeDegrees>30.52041918</LatitudeDegrees><LongitudeDegrees>104.05630026</LongitudeDegrees></Position><AltitudeMeters>422</AltitudeMeters><HeartRateBpm><Value>121</Value></HeartRateBpm></Trackpoint>
<Trackpoint><Time>2024-07-19T00:06:57Z</Time><Position><LatitudeDegrees>30.52053685</LatitudeDegrees><LongitudeDegrees>104.05633258</LongitudeDegrees></Position><AltitudeMeters>422</AltitudeMeters><HeartRateBpm><Value>121</Value></HeartRateBpm></Trackpoint>
<Trackpoint><Time>2024-07-19T00:06:58Z</Time><Position><LatitudeDegrees>30.52054451</LatitudeDegrees><LongitudeDegrees>104.05633591</LongitudeDegrees></Position><AltitudeMeters>422</AltitudeMeters><HeartRateBpm><Value>120</Value></HeartRateBpm></Trackpoint>
<Trackpoint><Time>2024-07-19T00:06:59Z</Time><Position><LatitudeDegrees>30.52064251</LatitudeDegrees><LongitudeDegrees>104.05638457</LongitudeDegrees></Position><AltitudeMeters>422</AltitudeMeters><HeartRateBpm><Value>120</Value></HeartRateBpm></Trackpoint>
<Trackpoint><Time>2024-07-19T00:07:00Z</Time><Position><LatitudeDegrees>30.52065184</LatitudeDegrees><LongitudeDegrees>104.05638757</LongitudeDegrees></Position><AltitudeMeters>422</AltitudeMeters><HeartRateBpm><Value>120</Value></HeartRateBpm></Trackpoint>
<Trackpoint><Time>2024-07-19T00:07:02Z</Time><Position><LatitudeDegrees>30.52067216</LatitudeDegrees><LongitudeDegrees>104.0563889</LongitudeDegrees></Position><AltitudeMeters>422</AltitudeMeters><HeartRateBpm><Value>119</Value></HeartRateBpm></Trackpoint>
<Trackpoint><Time>2024-07-19T00:07:03Z</Time><Position><LatitudeDegrees>30.52069816</LatitudeDegrees><LongitudeDegrees>104.05639222</LongitudeDegrees></Position><AltitudeMeters>422</AltitudeMeters><HeartRateBpm><Value>119</Value></HeartRateBpm></Trackpoint>
<Trackpoint><Time>2024-07-19T00:07:04Z</Time><Position><LatitudeDegrees>30.52072915</LatitudeDegrees><LongitudeDegrees>104.05639889</LongitudeDegrees></Position><AltitudeMeters>422</AltitudeMeters><HeartRateBpm><Value>119</Value></HeartRateBpm></Trackpoint>
<Trackpoint><Time>2024-07-19T00:07:06Z</Time><Position><LatitudeDegrees>30.52087382</LatitudeDegrees><LongitudeDegrees>104.05642322</LongitudeDegrees></Position><AltitudeMeters>422</AltitudeMeters><HeartRateBpm><Value>121</Value></HeartRateBpm></Trackpoint>
<Trackpoint><Time>2024-07-19T00:07:07Z</Time><Position><LatitudeDegrees>30.52088348</LatitudeDegrees><LongitudeDegrees>104.05642388</LongitudeDegrees></Position><AltitudeMeters>422</AltitudeMeters><HeartRateBpm><Value>121</Value></HeartRateBpm></Trackpoint>
<Trackpoint><Time>2024-07-19T00:07:08Z</Time><Position><LatitudeDegrees>30.52090481</LatitudeDegrees><LongitudeDegrees>104.05642453</LongitudeDegrees></Position><AltitudeMeters>422</AltitudeMeters><HeartRateBpm><Value>121</Value></HeartRateBpm></Trackpoint>
<Trackpoint><Time>2024-07-19T00:07:09Z</Time><Position><LatitudeDegrees>30.52093413</LatitudeDegrees><LongitudeDegrees>104.05642421</LongitudeDegrees></Position><AltitudeMeters>422</AltitudeMeters><HeartRateBpm><Value>121</Value></HeartRateBpm></Trackpoint>
<Trackpoint><Time>2024-07-19T00:07:10Z</Time><Position><LatitudeDegrees>30.52110713</LatitudeDegrees><LongitudeDegrees>104.05642388</LongitudeDegrees></Position><AltitudeMeters>422</AltitudeMeters><HeartRateBpm><Value>118</Value></HeartRateBpm></Trackpoint>
<Trackpoint><Time>2024-07-19T00:07:12Z</Time><Position><LatitudeDegrees>30.52111847</LatitudeDegrees><LongitudeDegrees>104.05642921</LongitudeDegrees></Position><AltitudeMeters>422</AltitudeMeters><HeartRateBpm><Value>118</Value></HeartRateBpm></Trackpoint>
<Trackpoint><Time>2024-07-19T00:07:14Z</Time><Position><LatitudeDegrees>30.5212528</LatitudeDegrees><LongitudeDegrees>104.0564672</LongitudeDegrees></Position><AltitudeMeters>422</AltitudeMeters><HeartRateBpm><Value>118</Value></HeartRateBpm></Trackpoint>
<Trackpoint><Time>2024-07-19T00:07:16Z</Time><Position><LatitudeDegrees>30.52135247</LatitudeDegrees><LongitudeDegrees>104.05647187</LongitudeDegrees></Position><AltitudeMeters>422</AltitudeMeters><HeartRateBpm><Value>119</Value></HeartRateBpm></Trackpoint>
<Trackpoint><Time>2024-07-19T00:07:17Z</Time><Position><LatitudeDegrees>30.52136579</LatitudeDegrees><LongitudeDegrees>104.05647386</LongitudeDegrees></Position><AltitudeMeters>421</AltitudeMeters><HeartRateBpm><Value>119</Value></HeartRateBpm></Trackpoint>
<Trackpoint><Time>2024-07-19T00:07:18Z</Time><Position><LatitudeDegrees>30.52139246</LatitudeDegrees><LongitudeDegrees>104.05647786</LongitudeDegrees></Position><AltitudeMeters>421</AltitudeMeters><HeartRateBpm><Value>119</Value></HeartRateBpm></Trackpoint>
<Trackpoint><Time>2024-07-19T00:07:19Z</Time><Position><LatitudeDegrees>30.52142778</LatitudeDegrees><LongitudeDegrees>104.05648418</LongitudeDegrees></Position><AltitudeMeters>421</AltitudeMeters><HeartRateBpm><Value>119</Value></HeartRateBpm></Trackpoint>
<Trackpoint><Time>2024-07-19T00:07:20Z</Time><Position><LatitudeDegrees>30.52147211</LatitudeDegrees><LongitudeDegrees>104.05649418</LongitudeDegrees></Position><AltitudeMeters>421</AltitudeMeters><HeartRateBpm><Value>121</Value></HeartRateBpm></Trackpoint>
<Trackpoint><Time>2024-07-19T00:07:21Z</Time><Position><LatitudeDegrees>30.5215131</LatitudeDegrees><LongitudeDegrees>104.05650518</LongitudeDegrees></Position><AltitudeMeters>421</AltitudeMeters><HeartRateBpm><Value>122</Value></HeartRateBpm></Trackpoint>
<Trackpoint><Time>2024-07-19T00:07:22Z</Time><Position><LatitudeDegrees>30.52156309</LatitudeDegrees><LongitudeDegrees>104.05651685</LongitudeDegrees></Position><AltitudeMeters>421</AltitudeMeters><HeartRateBpm><Value>122</Value></HeartRateBpm></Trackpoint>
<Trackpoint><Time>2024-07-19T00:07:23Z</Time><Position><LatitudeDegrees>30.52161476</LatitudeDegrees><LongitudeDegrees>104.0565265</LongitudeDegrees></Position><AltitudeMeters>421</AltitudeMeters><HeartRateBpm><Value>123</Value></HeartRateBpm></Trackpoint>
<Trackpoint><Time>2024-07-19T00:07:24Z</Time><Position><LatitudeDegrees>30.52166575</LatitudeDegrees><LongitudeDegrees>104.05653684</LongitudeDegrees></Position><AltitudeMeters>421</AltitudeMeters><HeartRateBpm><Value>123</Value></HeartRateBpm></Trackpoint>
<Trackpoint><Time>2024-07-19T00:07:25Z</Time><Position><LatitudeDegrees>30.52171675</LatitudeDegrees><LongitudeDegrees>104.05654949</LongitudeDegrees></Position><AltitudeMeters>421</AltitudeMeters><HeartRateBpm><Value>124</Value></HeartRateBpm></Trackpoint>
<Trackpoint><Time>2024-07-19T00:07:26Z</Time><Position><LatitudeDegrees>30.52176707</LatitudeDegrees><LongitudeDegrees>104.05656249</LongitudeDegrees></Position><AltitudeMeters>421</AltitudeMeters><HeartRateBpm><Value>124</Value></HeartRateBpm></Trackpoint>
<Trackpoint><Time>2024-07-19T00:07:27Z</Time><Position><LatitudeDegrees>30.52196374</LatitudeDegrees><LongitudeDegrees>104.05660183</LongitudeDegrees></Position><AltitudeMeters>421</AltitudeMeters><HeartRateBpm><Value>125</Value></HeartRateBpm></Trackpoint>
<Trackpoint><Time>2024-07-19T00:07:29Z</Time><Position><LatitudeDegrees>30.52197441</LatitudeDegrees><LongitudeDegrees>104.05660448</LongitudeDegrees></Position><AltitudeMeters>421</AltitudeMeters><HeartRateBpm><Value>125</Value></HeartRateBpm></Trackpoint>
<Trackpoint><Time>2024-07-19T00:07:30Z</Time><Position><LatitudeDegrees>30.52199873</LatitudeDegrees><LongitudeDegrees>104.05660782</LongitudeDegrees></Position><AltitudeMeters>421</AltitudeMeters><HeartRateBpm><Value>125</Value></HeartRateBpm></Trackpoint>
<Trackpoint><Time>2024-07-19T00:07:31Z</Time><Position><LatitudeDegrees>30.52203272</LatitudeDegrees><LongitudeDegrees>104.05661015</LongitudeDegrees></Position><AltitudeMeters>421</AltitudeMeters><HeartRateBpm><Value>125</Value></HeartRateBpm></Trackpoint>
<Trackpoint><Time>2024-07-19T00:07:32Z</Time><Position><LatitudeDegrees>30.52207172</LatitudeDegrees><LongitudeDegrees>104.05660748</LongitudeDegrees></Position><AltitudeMeters>421</AltitudeMeters><HeartRateBpm><Value>125</Value></HeartRateBpm></Trackpoint>
<Trackpoint><Time>2024-07-19T00:07:34Z</Time><Position><LatitudeDegrees>30.52223971</LatitudeDegrees><LongitudeDegrees>104.05659448</LongitudeDegrees></Position><AltitudeMeters>421</AltitudeMeters><HeartRateBpm><Value>124</Value></HeartRateBpm></Trackpoint>
<Trackpoint><Time>2024-07-19T00:07:35Z</Time><Position><LatitudeDegrees>30.52233071</LatitudeDegrees><LongitudeDegrees>104.05659481</LongitudeDegrees></Position><AltitudeMeters>421</AltitudeMeters><HeartRateBpm><Value>123</Value></HeartRateBpm></Trackpoint>
<Trackpoint><Time>2024-07-19T00:07:37Z</Time><Position><LatitudeDegrees>30.52234137</LatitudeDegrees><LongitudeDegrees>104.05659415</LongitudeDegrees></Position><AltitudeMeters>421</AltitudeMeters><HeartRateBpm><Value>123</Value></HeartRateBpm></Trackpoint>
<Trackpoint><Time>2024-07-19T00:07:38Z</Time><Position><LatitudeDegrees>30.52236137</LatitudeDegrees><LongitudeDegrees>104.05659548</LongitudeDegrees></Position><AltitudeMeters>421</AltitudeMeters><HeartRateBpm><Value>123</Value></HeartRateBpm></Trackpoint>
<Trackpoint><Time>2024-07-19T00:07:39Z</Time><Position><LatitudeDegrees>30.52238569</LatitudeDegrees><LongitudeDegrees>104.05660048</LongitudeDegrees></Position><AltitudeMeters>421</AltitudeMeters><HeartRateBpm><Value>123</Value></HeartRateBpm></Trackpoint>
<Trackpoint><Time>2024-07-19T00:07:40Z</Time><Position><LatitudeDegrees>30.52241369</LatitudeDegrees><LongitudeDegrees>104.05661147</LongitudeDegrees></Position><AltitudeMeters>421</AltitudeMeters><HeartRateBpm><Value>123</Value></HeartRateBpm></Trackpoint>
<Trackpoint><Time>2024-07-19T00:07:42Z</Time><Position><LatitudeDegrees>30.52250336</LatitudeDegrees><LongitudeDegrees>104.05668781</LongitudeDegrees></Position><AltitudeMeters>421</AltitudeMeters><HeartRateBpm><Value>122</Value></HeartRateBpm></Trackpoint>
<Trackpoint><Time>2024-07-19T00:07:43Z</Time><Position><LatitudeDegrees>30.52250635</LatitudeDegrees><LongitudeDegrees>104.0566938</LongitudeDegrees></Position><AltitudeMeters>421</AltitudeMeters><HeartRateBpm><Value>122</Value></HeartRateBpm></Trackpoint>
<Trackpoint><Time>2024-07-19T00:07:43Z</Time><Position><LatitudeDegrees>30.52251134</LatitudeDegrees><LongitudeDegrees>104.0567088</LongitudeDegrees></Position><AltitudeMeters>421</AltitudeMeters><HeartRateBpm><Value>122</Value></HeartRateBpm></Trackpoint>
<Trackpoint><Time>2024-07-19T00:07:44Z</Time><Position><LatitudeDegrees>30.52252</LatitudeDegrees><LongitudeDegrees>104.05672813</LongitudeDegrees></Position><AltitudeMeters>421</AltitudeMeters><HeartRateBpm><Value>122</Value></HeartRateBpm></Trackpoint>
<Trackpoint><Time>2024-07-19T00:07:45Z</Time><Position><LatitudeDegrees>30.52253433</LatitudeDegrees><LongitudeDegrees>104.0567478</LongitudeDegrees></Position><AltitudeMeters>421</AltitudeMeters><HeartRateBpm><Value>121</Value></HeartRateBpm></Trackpoint>
<Trackpoint><Time>2024-07-19T00:07:46Z</Time><Position><LatitudeDegrees>30.52255298</LatitudeDegrees><LongitudeDegrees>104.05676713</LongitudeDegrees></Position><AltitudeMeters>421</AltitudeMeters><HeartRateBpm><Value>121</Value></HeartRateBpm></Trackpoint>
<Trackpoint><Time>2024-07-19T00:07:47Z</Time><Position><LatitudeDegrees>30.52257398</LatitudeDegrees><LongitudeDegrees>104.05678245</LongitudeDegrees></Position><AltitudeMeters>421</AltitudeMeters><HeartRateBpm><Value>121</Value></HeartRateBpm></Trackpoint>
<Trackpoint><Time>2024-07-19T00:07:48Z</Time><Position><LatitudeDegrees>30.52259531</LatitudeDegrees><LongitudeDegrees>104.05679512</LongitudeDegrees></Position><AltitudeMeters>421</AltitudeMeters><HeartRateBpm><Value>122</Value></HeartRateBpm></Trackpoint>
<Trackpoint><Time>2024-07-19T00:07:49Z</Time><Position><LatitudeDegrees>30.52261731</LatitudeDegrees><LongitudeDegrees>104.05680879</LongitudeDegrees></Position><AltitudeMeters>421</AltitudeMeters><HeartRateBpm><Value>122</Value></HeartRateBpm></Trackpoint>
<Trackpoint><Time>2024-07-19T00:07:51Z</Time><Position><LatitudeDegrees>30.52268263</LatitudeDegrees><LongitudeDegrees>104.05688978</LongitudeDegrees></Position><AltitudeMeters>421</AltitudeMeters><HeartRateBpm><Value>122</Value></HeartRateBpm></Trackpoint>
<Trackpoint><Time>2024-07-19T00:07:52Z</Time><Position><LatitudeDegrees>30.52268496</LatitudeDegrees><LongitudeDegrees>104.05689743</LongitudeDegrees></Position><AltitudeMeters>421</AltitudeMeters><HeartRateBpm><Value>122</Value></HeartRateBpm></Trackpoint>
<Trackpoint><Time>2024-07-19T00:07:53Z</Time><Position><LatitudeDegrees>30.52269095</LatitudeDegrees><LongitudeDegrees>104.05691177</LongitudeDegrees></Position><AltitudeMeters>421</AltitudeMeters><HeartRateBpm><Value>122</Value></HeartRateBpm></Trackpoint>
<Trackpoint><Time>2024-07-19T00:07:54Z</Time><Position><LatitudeDegrees>30.52270329</LatitudeDegrees><LongitudeDegrees>104.05692942</LongitudeDegrees></Position><AltitudeMeters>421</AltitudeMeters><HeartRateBpm><Value>121</Value></HeartRateBpm></Trackpoint>
<Trackpoint><Time>2024-07-19T00:07:55Z</Time><Position><LatitudeDegrees>30.52272129</LatitudeDegrees><LongitudeDegrees>104.05694775</LongitudeDegrees></Position><AltitudeMeters>421</AltitudeMeters><HeartRateBpm><Value>121</Value></HeartRateBpm></Trackpoint>
<Trackpoint><Time>2024-07-19T00:07:56Z</Time><Position><LatitudeDegrees>30.52274294</LatitudeDegrees><LongitudeDegrees>104.05696408</LongitudeDegrees></Position><AltitudeMeters>421</AltitudeMeters><HeartRateBpm><Value>122</Value></HeartRateBpm></Trackpoint>
<Trackpoint><Time>2024-07-19T00:07:57Z</Time><Position><LatitudeDegrees>30.52276727</LatitudeDegrees><LongitudeDegrees>104.05697741</LongitudeDegrees></Position><AltitudeMeters>421</AltitudeMeters><HeartRateBpm><Value>123</Value></HeartRateBpm></Trackpoint>
<Trackpoint><Time>2024-07-19T00:07:58Z</Time><Position><LatitudeDegrees>30.52279426</LatitudeDegrees><LongitudeDegrees>104.05698607</LongitudeDegrees></Position><AltitudeMeters>421</AltitudeMeters><HeartRateBpm><Value>123</Value></HeartRateBpm></Trackpoint>
<Trackpoint><Time>2024-07-19T00:07:59Z</Time><Position><LatitudeDegrees>30.52290825</LatitudeDegrees><LongitudeDegrees>104.05697474</LongitudeDegrees></Position><AltitudeMeters>421</AltitudeMeters><HeartRateBpm><Value>123</Value></HeartRateBpm></Trackpoint>
<Trackpoint><Time>2024-07-19T00:08:01Z</Time><Position><LatitudeDegrees>30.52291325</LatitudeDegrees><LongitudeDegrees>104.05696841</LongitudeDegrees></Position><AltitudeMeters>421</AltitudeMeters><HeartRateBpm><Value>123</Value></HeartRateBpm></Trackpoint>
<Trackpoint><Time>2024-07-19T00:08:02Z</Time><Position><LatitudeDegrees>30.52296491</LatitudeDegrees><LongitudeDegrees>104.05690741</LongitudeDegrees></Position><AltitudeMeters>421</AltitudeMeters><HeartRateBpm><Value>122</Value></HeartRateBpm></Trackpoint>
<Trackpoint><Time>2024-07-19T00:08:04Z</Time><Position><LatitudeDegrees>30.52297058</LatitudeDegrees><LongitudeDegrees>104.05690576</LongitudeDegrees></Position><AltitudeMeters>421</AltitudeMeters><HeartRateBpm><Value>123</Value></HeartRateBpm></Trackpoint>
<Trackpoint><Time>2024-07-19T00:08:05Z</Time><Position><LatitudeDegrees>30.52298357</LatitudeDegrees><LongitudeDegrees>104.05690641</LongitudeDegrees></Position><AltitudeMeters>421</AltitudeMeters><HeartRateBpm><Value>123</Value></HeartRateBpm></Trackpoint>
<Trackpoint><Time>2024-07-19T00:08:06Z</Time><Position><LatitudeDegrees>30.52299956</LatitudeDegrees><LongitudeDegrees>104.05691041</LongitudeDegrees></Position><AltitudeMeters>421</AltitudeMeters><HeartRateBpm><Value>123</Value></HeartRateBpm></Trackpoint>
<Trackpoint><Time>2024-07-19T00:08:07Z</Time><Position><LatitudeDegrees>30.52301756</LatitudeDegrees><LongitudeDegrees>104.0569184</LongitudeDegrees></Position><AltitudeMeters>421</AltitudeMeters><HeartRateBpm><Value>123</Value></HeartRateBpm></Trackpoint>
<Trackpoint><Time>2024-07-19T00:08:08Z</Time><Position><LatitudeDegrees>30.52303755</LatitudeDegrees><LongitudeDegrees>104.05692774</LongitudeDegrees></Position><AltitudeMeters>421</AltitudeMeters><HeartRateBpm><Value>121</Value></HeartRateBpm></Trackpoint>
<Trackpoint><Time>2024-07-19T00:08:09Z</Time><Position><LatitudeDegrees>30.52306088</LatitudeDegrees><LongitudeDegrees>104.05693773</LongitudeDegrees></Position><AltitudeMeters>421</AltitudeMeters><HeartRateBpm><Value>121</Value></HeartRateBpm></Trackpoint>
<Trackpoint><Time>2024-07-19T00:08:11Z</Time><Position><LatitudeDegrees>30.52318322</LatitudeDegrees><LongitudeDegrees>104.05697539</LongitudeDegrees></Position><AltitudeMeters>421</AltitudeMeters><HeartRateBpm><Value>122</Value></HeartRateBpm></Trackpoint>
<Trackpoint><Time>2024-07-19T00:08:12Z</Time><Position><LatitudeDegrees>30.52319187</LatitudeDegrees><LongitudeDegrees>104.05697606</LongitudeDegrees></Position><AltitudeMeters>421</AltitudeMeters><HeartRateBpm><Value>122</Value></HeartRateBpm></Trackpoint>
<Trackpoint><Time>2024-07-19T00:08:13Z</Time><Position><LatitudeDegrees>30.52320954</LatitudeDegrees><LongitudeDegrees>104.05697473</LongitudeDegrees></Position><AltitudeMeters>421</AltitudeMeters><HeartRateBpm><Value>123</Value></HeartRateBpm></Trackpoint>
<Trackpoint><Time>2024-07-19T00:08:14Z</Time><Position><LatitudeDegrees>30.52323286</LatitudeDegrees><LongitudeDegrees>104.05696907</LongitudeDegrees></Position><AltitudeMeters>422</AltitudeMeters><HeartRateBpm><Value>123</Value></HeartRateBpm></Trackpoint>
<Trackpoint><Time>2024-07-19T00:08:15Z</Time><Position><LatitudeDegrees>30.52334753</LatitudeDegrees><LongitudeDegrees>104.05691074</LongitudeDegrees></Position><AltitudeMeters>422</AltitudeMeters><HeartRateBpm><Value>123</Value></HeartRateBpm></Trackpoint>
<Trackpoint><Time>2024-07-19T00:08:17Z</Time><Position><LatitudeDegrees>30.52335485</LatitudeDegrees><LongitudeDegrees>104.0569054</LongitudeDegrees></Position><AltitudeMeters>422</AltitudeMeters><HeartRateBpm><Value>123</Value></HeartRateBpm></Trackpoint>
<Trackpoint><Time>2024-07-19T00:08:19Z</Time><Position><LatitudeDegrees>30.52344285</LatitudeDegrees><LongitudeDegrees>104.05687374</LongitudeDegrees></Position><AltitudeMeters>422</AltitudeMeters><HeartRateBpm><Value>124</Value></HeartRateBpm></Trackpoint>
<Trackpoint><Time>2024-07-19T00:08:20Z</Time><Position><LatitudeDegrees>30.52345084</LatitudeDegrees><LongitudeDegrees>104.05687607</LongitudeDegrees></Position><AltitudeMeters>422</AltitudeMeters><HeartRateBpm><Value>124</Value></HeartRateBpm></Trackpoint>
<Trackpoint><Time>2024-07-19T00:08:21Z</Time><Position><LatitudeDegrees>30.52346684</LatitudeDegrees><LongitudeDegrees>104.0568834</LongitudeDegrees></Position><AltitudeMeters>422</AltitudeMeters><HeartRateBpm><Value>124</Value></HeartRateBpm></Trackpoint>
<Trackpoint><Time>2024-07-19T00:08:23Z</Time><Position><LatitudeDegrees>30.52356617</LatitudeDegrees><LongitudeDegrees>104.05692373</LongitudeDegrees></Position><AltitudeMeters>422</AltitudeMeters><HeartRateBpm><Value>125</Value></HeartRateBpm></Trackpoint>
<Trackpoint><Time>2024-07-19T00:08:24Z</Time><Position><LatitudeDegrees>30.52362617</LatitudeDegrees><LongitudeDegrees>104.05691839</LongitudeDegrees></Position><AltitudeMeters>422</AltitudeMeters><HeartRateBpm><Value>126</Value></HeartRateBpm></Trackpoint>
<Trackpoint><Time>2024-07-19T00:08:26Z</Time><Position><LatitudeDegrees>30.52363249</LatitudeDegrees><LongitudeDegrees>104.05691373</LongitudeDegrees></Position><AltitudeMeters>422</AltitudeMeters><HeartRateBpm><Value>125</Value></HeartRateBpm></Trackpoint>
<Trackpoint><Time>2024-07-19T00:08:27Z</Time><Position><LatitudeDegrees>30.52364316</LatitudeDegrees><LongitudeDegrees>104.05690273</LongitudeDegrees></Position><AltitudeMeters>422</AltitudeMeters><HeartRateBpm><Value>123</Value></HeartRateBpm></Trackpoint>
<Trackpoint><Time>2024-07-19T00:08:29Z</Time><Position><LatitudeDegrees>30.52369281</LatitudeDegrees><LongitudeDegrees>104.05681373</LongitudeDegrees></Position><AltitudeMeters>422</AltitudeMeters><HeartRateBpm><Value>123</Value></HeartRateBpm></Trackpoint>
<Trackpoint><Time>2024-07-19T00:08:30Z</Time><Position><LatitudeDegrees>30.52369648</LatitudeDegrees><LongitudeDegrees>104.05680574</LongitudeDegrees></Position><AltitudeMeters>422</AltitudeMeters><HeartRateBpm><Value>123</Value></HeartRateBpm></Trackpoint>
<Trackpoint><Time>2024-07-19T00:08:31Z</Time><Position><LatitudeDegrees>30.52370514</LatitudeDegrees><LongitudeDegrees>104.05678908</LongitudeDegrees></Position><AltitudeMeters>422</AltitudeMeters><HeartRateBpm><Value>123</Value></HeartRateBpm></Trackpoint>
<Trackpoint><Time>2024-07-19T00:08:32Z</Time><Position><LatitudeDegrees>30.52371813</LatitudeDegrees><LongitudeDegrees>104.05676575</LongitudeDegrees></Position><AltitudeMeters>422</AltitudeMeters><HeartRateBpm><Value>123</Value></HeartRateBpm></Trackpoint>
<Trackpoint><Time>2024-07-19T00:08:33Z</Time><Position><LatitudeDegrees>30.52373279</LatitudeDegrees><LongitudeDegrees>104.05673875</LongitudeDegrees></Position><AltitudeMeters>422</AltitudeMeters><HeartRateBpm><Value>123</Value></HeartRateBpm></Trackpoint>
<Trackpoint><Time>2024-07-19T00:08:34Z</Time><Position><LatitudeDegrees>30.52374745</LatitudeDegrees><LongitudeDegrees>104.05671309</LongitudeDegrees></Position><AltitudeMeters>422</AltitudeMeters><HeartRateBpm><Value>121</Value></HeartRateBpm></Trackpoint>
<Trackpoint><Time>2024-07-19T00:08:35Z</Time><Position><LatitudeDegrees>30.52379144</LatitudeDegrees><LongitudeDegrees>104.05662409</LongitudeDegrees></Position><AltitudeMeters>422</AltitudeMeters><HeartRateBpm><Value>120</Value></HeartRateBpm></Trackpoint>
<Trackpoint><Time>2024-07-19T00:08:37Z</Time><Position><LatitudeDegrees>30.52379144</LatitudeDegrees><LongitudeDegrees>104.05662242</LongitudeDegrees></Position><AltitudeMeters>422</AltitudeMeters><HeartRateBpm><Value>120</Value></HeartRateBpm></Trackpoint>
<Trackpoint><Time>2024-07-19T00:08:38Z</Time><Position><LatitudeDegrees>30.52379078</LatitudeDegrees><LongitudeDegrees>104.0566201</LongitudeDegrees></Position><AltitudeMeters>422</AltitudeMeters><HeartRateBpm><Value>118</Value></HeartRateBpm></Trackpoint>
<Trackpoint><Time>2024-07-19T00:08:39Z</Time><Position><LatitudeDegrees>30.52379012</LatitudeDegrees><LongitudeDegrees>104.05661777</LongitudeDegrees></Position><AltitudeMeters>422</AltitudeMeters><HeartRateBpm><Value>118</Value></HeartRateBpm></Trackpoint>
<Trackpoint><Time>2024-07-19T00:08:41Z</Time><Position><LatitudeDegrees>30.52378779</LatitudeDegrees><LongitudeDegrees>104.0566151</LongitudeDegrees></Position><AltitudeMeters>422</AltitudeMeters><HeartRateBpm><Value>115</Value></HeartRateBpm></Trackpoint>
<Trackpoint><Time>2024-07-19T00:08:43Z</Time><Position><LatitudeDegrees>30.52378679</LatitudeDegrees><LongitudeDegrees>104.05661277</LongitudeDegrees></Position><AltitudeMeters>422</AltitudeMeters><HeartRateBpm><Value>114</Value></HeartRateBpm></Trackpoint>
<Trackpoint><Time>2024-07-19T00:08:44Z</Time><Position><LatitudeDegrees>30.52378679</LatitudeDegrees><LongitudeDegrees>104.05661244</LongitudeDegrees></Position><AltitudeMeters>422</AltitudeMeters><HeartRateBpm><Value>114</Value></HeartRateBpm></Trackpoint>
</Track></Lap>
<Lap StartTime="2024-07-19T00:09:13Z">
<TotalTimeSeconds>150</TotalTimeSeconds><DistanceMeters>456.84</DistanceMeters><Track>
<Trackpoint><Time>2024-07-19T00:09:13Z</Time><Position><LatitudeDegrees>30.52380812</LatitudeDegrees><LongitudeDegrees>104.05655511</LongitudeDegrees></Position><AltitudeMeters>422</AltitudeMeters><HeartRateBpm><Value>99</Value></HeartRateBpm></Trackpoint>
<Trackpoint><Time>2024-07-19T00:09:14Z</Time><Position><LatitudeDegrees>30.52381077</LatitudeDegrees><LongitudeDegrees>104.05654744</LongitudeDegrees></Position><AltitudeMeters>422</AltitudeMeters><HeartRateBpm><Value>99</Value></HeartRateBpm></Trackpoint>
<Trackpoint><Time>2024-07-19T00:09:15Z</Time><Position><LatitudeDegrees>30.5238171</LatitudeDegrees><LongitudeDegrees>104.05652879</LongitudeDegrees></Position><AltitudeMeters>422</AltitudeMeters><HeartRateBpm><Value>99</Value></HeartRateBpm></Trackpoint>
<Trackpoint><Time>2024-07-19T00:09:17Z</Time><Position><LatitudeDegrees>30.52385075</LatitudeDegrees><LongitudeDegrees>104.05639145</LongitudeDegrees></Position><AltitudeMeters>422</AltitudeMeters><HeartRateBpm><Value>98</Value></HeartRateBpm></Trackpoint>
<Trackpoint><Time>2024-07-19T00:09:19Z</Time><Position><LatitudeDegrees>30.52389109</LatitudeDegrees><LongitudeDegrees>104.05628146</LongitudeDegrees></Position><AltitudeMeters>422</AltitudeMeters><HeartRateBpm><Value>99</Value></HeartRateBpm></Trackpoint>
<Trackpoint><Time>2024-07-19T00:09:20Z</Time><Position><LatitudeDegrees>30.52389809</LatitudeDegrees><LongitudeDegrees>104.0562718</LongitudeDegrees></Position><AltitudeMeters>422</AltitudeMeters><HeartRateBpm><Value>99</Value></HeartRateBpm></Trackpoint>
<Trackpoint><Time>2024-07-19T00:09:21Z</Time><Position><LatitudeDegrees>30.52391309</LatitudeDegrees><LongitudeDegrees>104.05625213</LongitudeDegrees></Position><AltitudeMeters>422</AltitudeMeters><HeartRateBpm><Value>100</Value></HeartRateBpm></Trackpoint>
<Trackpoint><Time>2024-07-19T00:09:23Z</Time><Position><LatitudeDegrees>30.52401108</LatitudeDegrees><LongitudeDegrees>104.05613614</LongitudeDegrees></Position><AltitudeMeters>422</AltitudeMeters><HeartRateBpm><Value>101</Value></HeartRateBpm></Trackpoint>
<Trackpoint><Time>2024-07-19T00:09:24Z</Time><Position><LatitudeDegrees>30.52402073</LatitudeDegrees><LongitudeDegrees>104.05612981</LongitudeDegrees></Position><AltitudeMeters>422</AltitudeMeters><HeartRateBpm><Value>102</Value></HeartRateBpm></Trackpoint>
<Trackpoint><Time>2024-07-19T00:09:25Z</Time><Position><LatitudeDegrees>30.52403973</LatitudeDegrees><LongitudeDegrees>104.05610815</LongitudeDegrees></Position><AltitudeMeters>422</AltitudeMeters><HeartRateBpm><Value>102</Value></HeartRateBpm></Trackpoint>
<Trackpoint><Time>2024-07-19T00:09:27Z</Time><Position><LatitudeDegrees>30.52414839</LatitudeDegrees><LongitudeDegrees>104.05592216</LongitudeDegrees></Position><AltitudeMeters>422</AltitudeMeters><HeartRateBpm><Value>103</Value></HeartRateBpm></Trackpoint>
<Trackpoint><Time>2024-07-19T00:09:28Z</Time><Position><LatitudeDegrees>30.52415639</LatitudeDegrees><LongitudeDegrees>104.05590683</LongitudeDegrees></Position><AltitudeMeters>422</AltitudeMeters><HeartRateBpm><Value>103</Value></HeartRateBpm></Trackpoint>
<Trackpoint><Time>2024-07-19T00:09:29Z</Time><Position><LatitudeDegrees>30.52416771</LatitudeDegrees><LongitudeDegrees>104.05587417</LongitudeDegrees></Position><AltitudeMeters>422</AltitudeMeters><HeartRateBpm><Value>103</Value></HeartRateBpm></Trackpoint>
<Trackpoint><Time>2024-07-19T00:09:31Z</Time><Position><LatitudeDegrees>30.5241997</LatitudeDegrees><LongitudeDegrees>104.0556655</LongitudeDegrees></Position><AltitudeMeters>422</AltitudeMeters><HeartRateBpm><Value>108</Value></HeartRateBpm></Trackpoint>
<Trackpoint><Time>2024-07-19T00:09:33Z</Time><Position><LatitudeDegrees>30.52419705</LatitudeDegrees><LongitudeDegrees>104.05555951</LongitudeDegrees></Position><AltitudeMeters>422</AltitudeMeters><HeartRateBpm><Value>113</Value></HeartRateBpm></Trackpoint>
<Trackpoint><Time>2024-07-19T00:09:35Z</Time><Position><LatitudeDegrees>30.52422271</LatitudeDegrees><LongitudeDegrees>104.05545451</LongitudeDegrees></Position><AltitudeMeters>422</AltitudeMeters><HeartRateBpm><Value>116</Value></HeartRateBpm></Trackpoint>
<Trackpoint><Time>2024-07-19T00:09:36Z</Time><Position><LatitudeDegrees>30.52425205</LatitudeDegrees><LongitudeDegrees>104.05534785</LongitudeDegrees></Position><AltitudeMeters>422</AltitudeMeters><HeartRateBpm><Value>117</Value></HeartRateBpm></Trackpoint>
<Trackpoint><Time>2024-07-19T00:09:37Z</Time><Position><LatitudeDegrees>30.52425704</LatitudeDegrees><LongitudeDegrees>104.05533651</LongitudeDegrees></Position><AltitudeMeters>422</AltitudeMeters><HeartRateBpm><Value>117</Value></HeartRateBpm></Trackpoint>
<Trackpoint><Time>2024-07-19T00:09:39Z</Time><Position><LatitudeDegrees>30.52427136</LatitudeDegrees><LongitudeDegrees>104.05531551</LongitudeDegrees></Position><AltitudeMeters>422</AltitudeMeters><HeartRateBpm><Value>117</Value></HeartRateBpm></Trackpoint>
<Trackpoint><Time>2024-07-19T00:09:40Z</Time><Position><LatitudeDegrees>30.52429136</LatitudeDegrees><LongitudeDegrees>104.05528586</LongitudeDegrees></Position><AltitudeMeters>422</AltitudeMeters><HeartRateBpm><Value>117</Value></HeartRateBpm></Trackpoint>
<Trackpoint><Time>2024-07-19T00:09:41Z</Time><Position><LatitudeDegrees>30.52431668</LatitudeDegrees><LongitudeDegrees>104.05525386</LongitudeDegrees></Position><AltitudeMeters>422</AltitudeMeters><HeartRateBpm><Value>117</Value></HeartRateBpm></Trackpoint>
<Trackpoint><Time>2024-07-19T00:09:42Z</Time><Position><LatitudeDegrees>30.52434301</LatitudeDegrees><LongitudeDegrees>104.05522086</LongitudeDegrees></Position><AltitudeMeters>422</AltitudeMeters><HeartRateBpm><Value>117</Value></HeartRateBpm></Trackpoint>
<Trackpoint><Time>2024-07-19T00:09:43Z</Time><Position><LatitudeDegrees>30.52436966</LatitudeDegrees><LongitudeDegrees>104.0551862</LongitudeDegrees></Position><AltitudeMeters>422</AltitudeMeters><HeartRateBpm><Value>117</Value></HeartRateBpm></Trackpoint>
<Trackpoint><Time>2024-07-19T00:09:44Z</Time><Position><LatitudeDegrees>30.52439266</LatitudeDegrees><LongitudeDegrees>104.05515287</LongitudeDegrees></Position><AltitudeMeters>422</AltitudeMeters><HeartRateBpm><Value>117</Value></HeartRateBpm></Trackpoint>
<Trackpoint><Time>2024-07-19T00:09:45Z</Time><Position><LatitudeDegrees>30.52441465</LatitudeDegrees><LongitudeDegrees>104.05512054</LongitudeDegrees></Position><AltitudeMeters>422</AltitudeMeters><HeartRateBpm><Value>117</Value></HeartRateBpm></Trackpoint>
<Trackpoint><Time>2024-07-19T00:09:46Z</Time><Position><LatitudeDegrees>30.52443432</LatitudeDegrees><LongitudeDegrees>104.05509054</LongitudeDegrees></Position><AltitudeMeters>422</AltitudeMeters><HeartRateBpm><Value>116</Value></HeartRateBpm></Trackpoint>
<Trackpoint><Time>2024-07-19T00:09:47Z</Time><Position><LatitudeDegrees>30.52445165</LatitudeDegrees><LongitudeDegrees>104.05506789</LongitudeDegrees></Position><AltitudeMeters>422</AltitudeMeters><HeartRateBpm><Value>116</Value></HeartRateBpm></Trackpoint>
<Trackpoint><Time>2024-07-19T00:09:48Z</Time><Position><LatitudeDegrees>30.52446598</LatitudeDegrees><LongitudeDegrees>104.05504689</LongitudeDegrees></Position><AltitudeMeters>422</AltitudeMeters><HeartRateBpm><Value>116</Value></HeartRateBpm></Trackpoint>
<Trackpoint><Time>2024-07-19T00:09:49Z</Time><Position><LatitudeDegrees>30.52447998</LatitudeDegrees><LongitudeDegrees>104.05502656</LongitudeDegrees></Position><AltitudeMeters>422</AltitudeMeters><HeartRateBpm><Value>116</Value></HeartRateBpm></Trackpoint>
<Trackpoint><Time>2024-07-19T00:09:50Z</Time><Position><LatitudeDegrees>30.52449397</LatitudeDegrees><LongitudeDegrees>104.05500823</LongitudeDegrees></Position><AltitudeMeters>422</AltitudeMeters><HeartRateBpm><Value>116</Value></HeartRateBpm></Trackpoint>
<Trackpoint><Time>2024-07-19T00:09:51Z</Time><Position><LatitudeDegrees>30.5245073</LatitudeDegrees><LongitudeDegrees>104.05499456</LongitudeDegrees></Position><AltitudeMeters>422</AltitudeMeters><HeartRateBpm><Value>116</Value></HeartRateBpm></Trackpoint>
<Trackpoint><Time>2024-07-19T00:09:52Z</Time><Position><LatitudeDegrees>30.52451997</LatitudeDegrees><LongitudeDegrees>104.05498223</LongitudeDegrees></Position><AltitudeMeters>422</AltitudeMeters><HeartRateBpm><Value>116</Value></HeartRateBpm></Trackpoint>
<Trackpoint><Time>2024-07-19T00:09:53Z</Time><Position><LatitudeDegrees>30.52453196</LatitudeDegrees><LongitudeDegrees>104.05496924</LongitudeDegrees></Position><AltitudeMeters>422</AltitudeMeters><HeartRateBpm><Value>116</Value></HeartRateBpm></Trackpoint>
<Trackpoint><Time>2024-07-19T00:09:55Z</Time><Position><LatitudeDegrees>30.52457662</LatitudeDegrees><LongitudeDegrees>104.05491591</LongitudeDegrees></Position><AltitudeMeters>422</AltitudeMeters><HeartRateBpm><Value>115</Value></HeartRateBpm></Trackpoint>
<Trackpoint><Time>2024-07-19T00:09:56Z</Time><Position><LatitudeDegrees>30.52457896</LatitudeDegrees><LongitudeDegrees>104.05491324</LongitudeDegrees></Position><AltitudeMeters>422</AltitudeMeters><HeartRateBpm><Value>115</Value></HeartRateBpm></Trackpoint>
<Trackpoint><Time>2024-07-19T00:09:57Z</Time><Position><LatitudeDegrees>30.52458562</LatitudeDegrees><LongitudeDegrees>104.05490692</LongitudeDegrees></Position><AltitudeMeters>422</AltitudeMeters><HeartRateBpm><Value>115</Value></HeartRateBpm></Trackpoint>
<Trackpoint><Time>2024-07-19T00:09:58Z</Time><Position><LatitudeDegrees>30.52459561</LatitudeDegrees><LongitudeDegrees>104.05489592</LongitudeDegrees></Position><AltitudeMeters>422</AltitudeMeters><HeartRateBpm><Value>115</Value></HeartRateBpm></Trackpoint>
<Trackpoint><Time>2024-07-19T00:09:59Z</Time><Position><LatitudeDegrees>30.52464227</LatitudeDegrees><LongitudeDegrees>104.05482892</LongitudeDegrees></Position><AltitudeMeters>422</AltitudeMeters><HeartRateBpm><Value>115</Value></HeartRateBpm></Trackpoint>
<Trackpoint><Time>2024-07-19T00:10:01Z</Time><Position><LatitudeDegrees>30.52464559</LatitudeDegrees><LongitudeDegrees>104.05482325</LongitudeDegrees></Position><AltitudeMeters>422</AltitudeMeters><HeartRateBpm><Value>115</Value></HeartRateBpm></Trackpoint>
<Trackpoint><Time>2024-07-19T00:10:02Z</Time><Position><LatitudeDegrees>30.52465292</LatitudeDegrees><LongitudeDegrees>104.05481225</LongitudeDegrees></Position><AltitudeMeters>422</AltitudeMeters><HeartRateBpm><Value>115</Value></HeartRateBpm></Trackpoint>
<Trackpoint><Time>2024-07-19T00:10:03Z</Time><Position><LatitudeDegrees>30.52466458</LatitudeDegrees><LongitudeDegrees>104.05479858</LongitudeDegrees></Position><AltitudeMeters>422</AltitudeMeters><HeartRateBpm><Value>115</Value></HeartRateBpm></Trackpoint>
<Trackpoint><Time>2024-07-19T00:10:05Z</Time><Position><LatitudeDegrees>30.52473925</LatitudeDegrees><LongitudeDegrees>104.05474393</LongitudeDegrees></Position><AltitudeMeters>427</AltitudeMeters><HeartRateBpm><Value>117</Value></HeartRateBpm></Trackpoint>
<Trackpoint><Time>2024-07-19T00:10:06Z</Time><Position><LatitudeDegrees>30.52474758</LatitudeDegrees><LongitudeDegrees>104.05474159</LongitudeDegrees></Position><AltitudeMeters>427</AltitudeMeters><HeartRateBpm><Value>117</Value></HeartRateBpm></Trackpoint>
<Trackpoint><Time>2024-07-19T00:10:07Z</Time><Position><LatitudeDegrees>30.52484558</LatitudeDegrees><LongitudeDegrees>104.0547216</LongitudeDegrees></Position><AltitudeMeters>427</AltitudeMeters><HeartRateBpm><Value>117</Value></HeartRateBpm></Trackpoint>
<Trackpoint><Time>2024-07-19T00:10:09Z</Time><Position><LatitudeDegrees>30.52485524</LatitudeDegrees><LongitudeDegrees>104.05472027</LongitudeDegrees></Position><AltitudeMeters>427</AltitudeMeters><HeartRateBpm><Value>118</Value></HeartRateBpm></Trackpoint>
<Trackpoint><Time>2024-07-19T00:10:11Z</Time><Position><LatitudeDegrees>30.52496857</LatitudeDegrees><LongitudeDegrees>104.05470128</LongitudeDegrees></Position><AltitudeMeters>427</AltitudeMeters><HeartRateBpm><Value>119</Value></HeartRateBpm></Trackpoint>
<Trackpoint><Time>2024-07-19T00:10:12Z</Time><Position><LatitudeDegrees>30.52497856</LatitudeDegrees><LongitudeDegrees>104.05469628</LongitudeDegrees></Position><AltitudeMeters>427</AltitudeMeters><HeartRateBpm><Value>119</Value></HeartRateBpm></Trackpoint>
<Trackpoint><Time>2024-07-19T00:10:13Z</Time><Position><LatitudeDegrees>30.5249979</LatitudeDegrees><LongitudeDegrees>104.05468495</LongitudeDegrees></Position><AltitudeMeters>427</AltitudeMeters><HeartRateBpm><Value>120</Value></HeartRateBpm></Trackpoint>
<Trackpoint><Time>2024-07-19T00:10:15Z</Time><Position><LatitudeDegrees>30.52512522</LatitudeDegrees><LongitudeDegrees>104.05456562</LongitudeDegrees></Position><AltitudeMeters>427</AltitudeMeters><HeartRateBpm><Value>121</Value></HeartRateBpm></Trackpoint>
<Trackpoint><Time>2024-07-19T00:10:16Z</Time><Position><LatitudeDegrees>30.52513155</LatitudeDegrees><LongitudeDegrees>104.05455863</LongitudeDegrees></Position><AltitudeMeters>427</AltitudeMeters><HeartRateBpm><Value>123</Value></HeartRateBpm></Trackpoint>
<Trackpoint><Time>2024-07-19T00:10:17Z</Time><Position><LatitudeDegrees>30.52514154</LatitudeDegrees><LongitudeDegrees>104.05454963</LongitudeDegrees></Position><AltitudeMeters>427</AltitudeMeters><HeartRateBpm><Value>123</Value></HeartRateBpm></Trackpoint>
<Trackpoint><Time>2024-07-19T00:10:18Z</Time><Position><LatitudeDegrees>30.52516121</LatitudeDegrees><LongitudeDegrees>104.05453297</LongitudeDegrees></Position><AltitudeMeters>426</AltitudeMeters><HeartRateBpm><Value>123</Value></HeartRateBpm></Trackpoint>
<Trackpoint><Time>2024-07-19T00:10:19Z</Time><Position><LatitudeDegrees>30.52518853</LatitudeDegrees><LongitudeDegrees>104.05451264</LongitudeDegrees></Position><AltitudeMeters>426</AltitudeMeters><HeartRateBpm><Value>126</Value></HeartRateBpm></Trackpoint>
<Trackpoint><Time>2024-07-19T00:10:20Z</Time><Position><LatitudeDegrees>30.5252192</LatitudeDegrees><LongitudeDegrees>104.05448898</LongitudeDegrees></Position><AltitudeMeters>426</AltitudeMeters><HeartRateBpm><Value>127</Value></HeartRateBpm></Trackpoint>
<Trackpoint><Time>2024-07-19T00:10:21Z</Time><Position><LatitudeDegrees>30.52525287</LatitudeDegrees><LongitudeDegrees>104.05446565</LongitudeDegrees></Position><AltitudeMeters>426</AltitudeMeters><HeartRateBpm><Value>127</Value></HeartRateBpm></Trackpoint>
<Trackpoint><Time>2024-07-19T00:10:22Z</Time><Position><LatitudeDegrees>30.52528719</LatitudeDegrees><LongitudeDegrees>104.05443966</LongitudeDegrees></Position><AltitudeMeters>426</AltitudeMeters><HeartRateBpm><Value>127</Value></HeartRateBpm></Trackpoint>
<Trackpoint><Time>2024-07-19T00:10:23Z</Time><Position><LatitudeDegrees>30.52532419</LatitudeDegrees><LongitudeDegrees>104.054418</LongitudeDegrees></Position><AltitudeMeters>426</AltitudeMeters><HeartRateBpm><Value>127</Value></HeartRateBpm></Trackpoint>
<Trackpoint><Time>2024-07-19T00:10:24Z</Time><Position><LatitudeDegrees>30.52536052</LatitudeDegrees><LongitudeDegrees>104.05439766</LongitudeDegrees></Position><AltitudeMeters>426</AltitudeMeters><HeartRateBpm><Value>128</Value></HeartRateBpm></Trackpoint>
<Trackpoint><Time>2024-07-19T00:10:25Z</Time><Position><LatitudeDegrees>30.52539885</LatitudeDegrees><LongitudeDegrees>104.05438734</LongitudeDegrees></Position><AltitudeMeters>426</AltitudeMeters><HeartRateBpm><Value>128</Value></HeartRateBpm></Trackpoint>
<Trackpoint><Time>2024-07-19T00:10:26Z</Time><Position><LatitudeDegrees>30.52543484</LatitudeDegrees><LongitudeDegrees>104.05437834</LongitudeDegrees></Position><AltitudeMeters>426</AltitudeMeters><HeartRateBpm><Value>130</Value></HeartRateBpm></Trackpoint>
<Trackpoint><Time>2024-07-19T00:10:27Z</Time><Position><LatitudeDegrees>30.5254725</LatitudeDegrees><LongitudeDegrees>104.05437168</LongitudeDegrees></Position><AltitudeMeters>426</AltitudeMeters><HeartRateBpm><Value>130</Value></HeartRateBpm></Trackpoint>
<Trackpoint><Time>2024-07-19T00:10:28Z</Time><Position><LatitudeDegrees>30.52550816</LatitudeDegrees><LongitudeDegrees>104.05436835</LongitudeDegrees></Position><AltitudeMeters>426</AltitudeMeters><HeartRateBpm><Value>130</Value></HeartRateBpm></Trackpoint>
<Trackpoint><Time>2024-07-19T00:10:29Z</Time><Position><LatitudeDegrees>30.52554249</LatitudeDegrees><LongitudeDegrees>104.05436503</LongitudeDegrees></Position><AltitudeMeters>426</AltitudeMeters><HeartRateBpm><Value>130</Value></HeartRateBpm></Trackpoint>
<Trackpoint><Time>2024-07-19T00:10:31Z</Time><Position><LatitudeDegrees>30.52565616</LatitudeDegrees><LongitudeDegrees>104.05430704</LongitudeDegrees></Position><AltitudeMeters>426</AltitudeMeters><HeartRateBpm><Value>130</Value></HeartRateBpm></Trackpoint>
<Trackpoint><Time>2024-07-19T00:10:33Z</Time><Position><LatitudeDegrees>30.52566215</LatitudeDegrees><LongitudeDegrees>104.05424371</LongitudeDegrees></Position><AltitudeMeters>426</AltitudeMeters><HeartRateBpm><Value>130</Value></HeartRateBpm></Trackpoint>
<Trackpoint><Time>2024-07-19T00:10:34Z</Time><Position><LatitudeDegrees>30.52566115</LatitudeDegrees><LongitudeDegrees>104.05423538</LongitudeDegrees></Position><AltitudeMeters>426</AltitudeMeters><HeartRateBpm><Value>130</Value></HeartRateBpm></Trackpoint>
<Trackpoint><Time>2024-07-19T00:10:35Z</Time><Position><LatitudeDegrees>30.52565683</LatitudeDegrees><LongitudeDegrees>104.05421805</LongitudeDegrees></Position><AltitudeMeters>426</AltitudeMeters><HeartRateBpm><Value>130</Value></HeartRateBpm></Trackpoint>
<Trackpoint><Time>2024-07-19T00:10:36Z</Time><Position><LatitudeDegrees>30.52560383</LatitudeDegrees><LongitudeDegrees>104.05411472</LongitudeDegrees></Position><AltitudeMeters>425</AltitudeMeters><HeartRateBpm><Value>132</Value></HeartRateBpm></Trackpoint>
<Trackpoint><Time>2024-07-19T00:10:37Z</Time><Position><LatitudeDegrees>30.52559816</LatitudeDegrees><LongitudeDegrees>104.05410639</LongitudeDegrees></Position><AltitudeMeters>425</AltitudeMeters><HeartRateBpm><Value>131</Value></HeartRateBpm></Trackpoint>
<Trackpoint><Time>2024-07-19T00:10:39Z</Time><Position><LatitudeDegrees>30.52558584</LatitudeDegrees><LongitudeDegrees>104.05408806</LongitudeDegrees></Position><AltitudeMeters>425</AltitudeMeters><HeartRateBpm><Value>131</Value></HeartRateBpm></Trackpoint>
<Trackpoint><Time>2024-07-19T00:10:41Z</Time><Position><LatitudeDegrees>30.5255145</LatitudeDegrees><LongitudeDegrees>104.05397773</LongitudeDegrees></Position><AltitudeMeters>425</AltitudeMeters><HeartRateBpm><Value>130</Value></HeartRateBpm></Trackpoint>
<Trackpoint><Time>2024-07-19T00:10:42Z</Time><Position><LatitudeDegrees>30.52550985</LatitudeDegrees><LongitudeDegrees>104.05397007</LongitudeDegrees></Position><AltitudeMeters>425</AltitudeMeters><HeartRateBpm><Value>130</Value></HeartRateBpm></Trackpoint>
<Trackpoint><Time>2024-07-19T00:10:43Z</Time><Position><LatitudeDegrees>30.52550218</LatitudeDegrees><LongitudeDegrees>104.05395407</LongitudeDegrees></Position><AltitudeMeters>425</AltitudeMeters><HeartRateBpm><Value>130</Value></HeartRateBpm></Trackpoint>
<Trackpoint><Time>2024-07-19T00:10:44Z</Time><Position><LatitudeDegrees>30.52549418</LatitudeDegrees><LongitudeDegrees>104.05393041</LongitudeDegrees></Position><AltitudeMeters>425</AltitudeMeters><HeartRateBpm><Value>129</Value></HeartRateBpm></Trackpoint>
<Trackpoint><Time>2024-07-19T00:10:45Z</Time><Position><LatitudeDegrees>30.52548886</LatitudeDegrees><LongitudeDegrees>104.05389974</LongitudeDegrees></Position><AltitudeMeters>425</AltitudeMeters><HeartRateBpm><Value>129</Value></HeartRateBpm></Trackpoint>
<Trackpoint><Time>2024-07-19T00:10:47Z</Time><Position><LatitudeDegrees>30.52549485</LatitudeDegrees><LongitudeDegrees>104.05374608</LongitudeDegrees></Position><AltitudeMeters>425</AltitudeMeters><HeartRateBpm><Value>128</Value></HeartRateBpm></Trackpoint>
<Trackpoint><Time>2024-07-19T00:10:48Z</Time><Position><LatitudeDegrees>30.5254965</LatitudeDegrees><LongitudeDegrees>104.05373542</LongitudeDegrees></Position><AltitudeMeters>425</AltitudeMeters><HeartRateBpm><Value>128</Value></HeartRateBpm></Trackpoint>
<Trackpoint><Time>2024-07-19T00:10:49Z</Time><Position><LatitudeDegrees>30.52550017</LatitudeDegrees><LongitudeDegrees>104.05371342</LongitudeDegrees></Position><AltitudeMeters>425</AltitudeMeters><HeartRateBpm><Value>127</Value></HeartRateBpm></Trackpoint>
<Trackpoint><Time>2024-07-19T00:10:50Z</Time><Position><LatitudeDegrees>30.52550483</LatitudeDegrees><LongitudeDegrees>104.05368275</LongitudeDegrees></Position><AltitudeMeters>425</AltitudeMeters><HeartRateBpm><Value>126</Value></HeartRateBpm></Trackpoint>
<Trackpoint><Time>2024-07-19T00:10:51Z</Time><Position><LatitudeDegrees>30.52550782</LatitudeDegrees><LongitudeDegrees>104.05364776</LongitudeDegrees></Position><AltitudeMeters>425</AltitudeMeters><HeartRateBpm><Value>126</Value></HeartRateBpm></Trackpoint>
<Trackpoint><Time>2024-07-19T00:10:53Z</Time><Position><LatitudeDegrees>30.52549849</LatitudeDegrees><LongitudeDegrees>104.0535101</LongitudeDegrees></Position><AltitudeMeters>425</AltitudeMeters><HeartRateBpm><Value>126</Value></HeartRateBpm></Trackpoint>
<Trackpoint><Time>2024-07-19T00:10:54Z</Time><Position><LatitudeDegrees>30.52550048</LatitudeDegrees><LongitudeDegrees>104.05350244</LongitudeDegrees></Position><AltitudeMeters>425</AltitudeMeters><HeartRateBpm><Value>127</Value></HeartRateBpm></Trackpoint>
<Trackpoint><Time>2024-07-19T00:10:55Z</Time><Position><LatitudeDegrees>30.52550947</LatitudeDegrees><LongitudeDegrees>104.05348877</LongitudeDegrees></Position><AltitudeMeters>425</AltitudeMeters><HeartRateBpm><Value>127</Value></HeartRateBpm></Trackpoint>
<Trackpoint><Time>2024-07-19T00:10:56Z</Time><Position><LatitudeDegrees>30.52552581</LatitudeDegrees><LongitudeDegrees>104.05347411</LongitudeDegrees></Position><AltitudeMeters>425</AltitudeMeters><HeartRateBpm><Value>125</Value></HeartRateBpm></Trackpoint>
<Trackpoint><Time>2024-07-19T00:10:57Z</Time><Position><LatitudeDegrees>30.52554781</LatitudeDegrees><LongitudeDegrees>104.05345777</LongitudeDegrees></Position><AltitudeMeters>425</AltitudeMeters><HeartRateBpm><Value>125</Value></HeartRateBpm></Trackpoint>
<Trackpoint><Time>2024-07-19T00:10:58Z</Time><Position><LatitudeDegrees>30.52557246</LatitudeDegrees><LongitudeDegrees>104.05343944</LongitudeDegrees></Position><AltitudeMeters>425</AltitudeMeters><HeartRateBpm><Value>125</Value></HeartRateBpm></Trackpoint>
<Trackpoint><Time>2024-07-19T00:10:59Z</Time><Position><LatitudeDegrees>30.5255978</LatitudeDegrees><LongitudeDegrees>104.05342145</LongitudeDegrees></Position><AltitudeMeters>425</AltitudeMeters><HeartRateBpm><Value>124</Value></HeartRateBpm></Trackpoint>
<Trackpoint><Time>2024-07-19T00:11:01Z</Time><Position><LatitudeDegrees>30.52569746</LatitudeDegrees><LongitudeDegrees>104.05338078</LongitudeDegrees></Position><AltitudeMeters>425</AltitudeMeters><HeartRateBpm><Value>124</Value></HeartRateBpm></Trackpoint>
<Trackpoint><Time>2024-07-19T00:11:02Z</Time><Position><LatitudeDegrees>30.52570113</LatitudeDegrees><LongitudeDegrees>104.05338645</LongitudeDegrees></Position><AltitudeMeters>425</AltitudeMeters><HeartRateBpm><Value>124</Value></HeartRateBpm></Trackpoint>
<Trackpoint><Time>2024-07-19T00:11:03Z</Time><Position><LatitudeDegrees>30.52570745</LatitudeDegrees><LongitudeDegrees>104.05340177</LongitudeDegrees></Position><AltitudeMeters>425</AltitudeMeters><HeartRateBpm><Value>124</Value></HeartRateBpm></Trackpoint>
<Trackpoint><Time>2024-07-19T00:11:04Z</Time><Position><LatitudeDegrees>30.52571879</LatitudeDegrees><LongitudeDegrees>104.05342377</LongitudeDegrees></Position><AltitudeMeters>425</AltitudeMeters><HeartRateBpm><Value>123</Value></HeartRateBpm></Trackpoint>
<Trackpoint><Time>2024-07-19T00:11:05Z</Time><Position><LatitudeDegrees>30.52573711</LatitudeDegrees><LongitudeDegrees>104.05344511</LongitudeDegrees></Position><AltitudeMeters>425</AltitudeMeters><HeartRateBpm><Value>122</Value></HeartRateBpm></Trackpoint>
<Trackpoint><Time>2024-07-19T00:11:06Z</Time><Position><LatitudeDegrees>30.52576044</LatitudeDegrees><LongitudeDegrees>104.05345976</LongitudeDegrees></Position><AltitudeMeters>425</AltitudeMeters><HeartRateBpm><Value>122</Value></HeartRateBpm></Trackpoint>
<Trackpoint><Time>2024-07-19T00:11:07Z</Time><Position><LatitudeDegrees>30.5257861</LatitudeDegrees><LongitudeDegrees>104.05346776</LongitudeDegrees></Position><AltitudeMeters>425</AltitudeMeters><HeartRateBpm><Value>122</Value></HeartRateBpm></Trackpoint>
<Trackpoint><Time>2024-07-19T00:11:08Z</Time><Position><LatitudeDegrees>30.5258111</LatitudeDegrees><LongitudeDegrees>104.05347043</LongitudeDegrees></Position><AltitudeMeters>425</AltitudeMeters><HeartRateBpm><Value>122</Value></HeartRateBpm></Trackpoint>
<Trackpoint><Time>2024-07-19T00:11:09Z</Time><Position><LatitudeDegrees>30.52583276</LatitudeDegrees><LongitudeDegrees>104.05346776</LongitudeDegrees></Position><AltitudeMeters>425</AltitudeMeters><HeartRateBpm><Value>122</Value></HeartRateBpm></Trackpoint>
<Trackpoint><Time>2024-07-19T00:11:10Z</Time><Position><LatitudeDegrees>30.52584942</LatitudeDegrees><LongitudeDegrees>104.05346043</LongitudeDegrees></Position><AltitudeMeters>425</AltitudeMeters><HeartRateBpm><Value>122</Value></HeartRateBpm></Trackpoint>
<Trackpoint><Time>2024-07-19T00:11:11Z</Time><Position><LatitudeDegrees>30.52587808</LatitudeDegrees><LongitudeDegrees>104.05342777</LongitudeDegrees></Position><AltitudeMeters>425</AltitudeMeters><HeartRateBpm><Value>121</Value></HeartRateBpm></Trackpoint>
</Track></Lap>
<Lap StartTime="2024-07-19T00:11:43Z">
<TotalTimeSeconds>158</TotalTimeSeconds><DistanceMeters>511.21</DistanceMeters><Track>
<Trackpoint><Time>2024-07-19T00:11:43Z</Time><Position><LatitudeDegrees>30.52587442</LatitudeDegrees><LongitudeDegrees>104.05341744</LongitudeDegrees></Position><AltitudeMeters>425</AltitudeMeters><HeartRateBpm><Value>110</Value></HeartRateBpm></Trackpoint>
<Trackpoint><Time>2024-07-19T00:11:45Z</Time><Position><LatitudeDegrees>30.52586742</LatitudeDegrees><LongitudeDegrees>104.05339445</LongitudeDegrees></Position><AltitudeMeters>425</AltitudeMeters><HeartRateBpm><Value>110</Value></HeartRateBpm></Trackpoint>
<Trackpoint><Time>2024-07-19T00:11:46Z</Time><Position><LatitudeDegrees>30.5258671</LatitudeDegrees><LongitudeDegrees>104.05338979</LongitudeDegrees></Position><AltitudeMeters>425</AltitudeMeters><HeartRateBpm><Value>110</Value></HeartRateBpm></Trackpoint>
<Trackpoint><Time>2024-07-19T00:11:47Z</Time><Position><LatitudeDegrees>30.5258671</LatitudeDegrees><LongitudeDegrees>104.05338013</LongitudeDegrees></Position><AltitudeMeters>425</AltitudeMeters><HeartRateBpm><Value>110</Value></HeartRateBpm></Trackpoint>
<Trackpoint><Time>2024-07-19T00:11:49Z</Time><Position><LatitudeDegrees>30.52587376</LatitudeDegrees><LongitudeDegrees>104.05330114</LongitudeDegrees></Position><AltitudeMeters>425</AltitudeMeters><HeartRateBpm><Value>114</Value></HeartRateBpm></Trackpoint>
<Trackpoint><Time>2024-07-19T00:11:51Z</Time><Position><LatitudeDegrees>30.52588508</LatitudeDegrees><LongitudeDegrees>104.05322848</LongitudeDegrees></Position><AltitudeMeters>424</AltitudeMeters><HeartRateBpm><Value>113</Value></HeartRateBpm></Trackpoint>
<Trackpoint><Time>2024-07-19T00:11:52Z</Time><Position><LatitudeDegrees>30.52588775</LatitudeDegrees><LongitudeDegrees>104.05321748</LongitudeDegrees></Position><AltitudeMeters>424</AltitudeMeters><HeartRateBpm><Value>113</Value></HeartRateBpm></Trackpoint>
<Trackpoint><Time>2024-07-19T00:11:53Z</Time><Position><LatitudeDegrees>30.52589441</LatitudeDegrees><LongitudeDegrees>104.05319548</LongitudeDegrees></Position><AltitudeMeters>424</AltitudeMeters><HeartRateBpm><Value>112</Value></HeartRateBpm></Trackpoint>
<Trackpoint><Time>2024-07-19T00:11:54Z</Time><Position><LatitudeDegrees>30.52590275</LatitudeDegrees><LongitudeDegrees>104.05316515</LongitudeDegrees></Position><AltitudeMeters>424</AltitudeMeters><HeartRateBpm><Value>112</Value></HeartRateBpm></Trackpoint>
<Trackpoint><Time>2024-07-19T00:11:55Z</Time><Position><LatitudeDegrees>30.52591208</LatitudeDegrees><LongitudeDegrees>104.05312816</LongitudeDegrees></Position><AltitudeMeters>424</AltitudeMeters><HeartRateBpm><Value>112</Value></HeartRateBpm></Trackpoint>
<Trackpoint><Time>2024-07-19T00:11:57Z</Time><Position><LatitudeDegrees>30.5259464</LatitudeDegrees><LongitudeDegrees>104.05295049</LongitudeDegrees></Position><AltitudeMeters>424</AltitudeMeters><HeartRateBpm><Value>111</Value></HeartRateBpm></Trackpoint>
<Trackpoint><Time>2024-07-19T00:11:58Z</Time><Position><LatitudeDegrees>30.52595406</LatitudeDegrees><LongitudeDegrees>104.05285317</LongitudeDegrees></Position><AltitudeMeters>424</AltitudeMeters><HeartRateBpm><Value>110</Value></HeartRateBpm></Trackpoint>
<Trackpoint><Time>2024-07-19T00:11:59Z</Time><Position><LatitudeDegrees>30.52595538</LatitudeDegrees><LongitudeDegrees>104.05283683</LongitudeDegrees></Position><AltitudeMeters>424</AltitudeMeters><HeartRateBpm><Value>109</Value></HeartRateBpm></Trackpoint>
<Trackpoint><Time>2024-07-19T00:12:00Z</Time><Position><LatitudeDegrees>30.52598205</LatitudeDegrees><LongitudeDegrees>104.05268651</LongitudeDegrees></Position><AltitudeMeters>424</AltitudeMeters><HeartRateBpm><Value>108</Value></HeartRateBpm></Trackpoint>
<Trackpoint><Time>2024-07-19T00:12:02Z</Time><Position><LatitudeDegrees>30.52598305</LatitudeDegrees><LongitudeDegrees>104.05267251</LongitudeDegrees></Position><AltitudeMeters>424</AltitudeMeters><HeartRateBpm><Value>108</Value></HeartRateBpm></Trackpoint>
<Trackpoint><Time>2024-07-19T00:12:03Z</Time><Position><LatitudeDegrees>30.52598637</LatitudeDegrees><LongitudeDegrees>104.05264385</LongitudeDegrees></Position><AltitudeMeters>424</AltitudeMeters><HeartRateBpm><Value>108</Value></HeartRateBpm></Trackpoint>
<Trackpoint><Time>2024-07-19T00:12:04Z</Time><Position><LatitudeDegrees>30.52600937</LatitudeDegrees><LongitudeDegrees>104.05245419</LongitudeDegrees></Position><AltitudeMeters>424</AltitudeMeters><HeartRateBpm><Value>109</Value></HeartRateBpm></Trackpoint>
<Trackpoint><Time>2024-07-19T00:12:06Z</Time><Position><LatitudeDegrees>30.52601071</LatitudeDegrees><LongitudeDegrees>104.05243919</LongitudeDegrees></Position><AltitudeMeters>424</AltitudeMeters><HeartRateBpm><Value>109</Value></HeartRateBpm></Trackpoint>
<Trackpoint><Time>2024-07-19T00:12:07Z</Time><Position><LatitudeDegrees>30.5260147</LatitudeDegrees><LongitudeDegrees>104.05240886</LongitudeDegrees></Position><AltitudeMeters>424</AltitudeMeters><HeartRateBpm><Value>109</Value></HeartRateBpm></Trackpoint>
<Trackpoint><Time>2024-07-19T00:12:08Z</Time><Position><LatitudeDegrees>30.52602003</LatitudeDegrees><LongitudeDegrees>104.05236686</LongitudeDegrees></Position><AltitudeMeters>424</AltitudeMeters><HeartRateBpm><Value>109</Value></HeartRateBpm></Trackpoint>
<Trackpoint><Time>2024-07-19T00:12:10Z</Time><Position><LatitudeDegrees>30.52604236</LatitudeDegrees><LongitudeDegrees>104.05216287</LongitudeDegrees></Position><AltitudeMeters>424</AltitudeMeters><HeartRateBpm><Value>112</Value></HeartRateBpm></Trackpoint>
<Trackpoint><Time>2024-07-19T00:12:12Z</Time><Position><LatitudeDegrees>30.52605235</LatitudeDegrees><LongitudeDegrees>104.05204954</LongitudeDegrees></Position><AltitudeMeters>424</AltitudeMeters><HeartRateBpm><Value>113</Value></HeartRateBpm></Trackpoint>
<Trackpoint><Time>2024-07-19T00:12:14Z</Time><Position><LatitudeDegrees>30.52606101</LatitudeDegrees><LongitudeDegrees>104.05194755</LongitudeDegrees></Position><AltitudeMeters>424</AltitudeMeters><HeartRateBpm><Value>114</Value></HeartRateBpm></Trackpoint>
<Trackpoint><Time>2024-07-19T00:12:15Z</Time><Position><LatitudeDegrees>30.52606434</LatitudeDegrees><LongitudeDegrees>104.05193422</LongitudeDegrees></Position><AltitudeMeters>424</AltitudeMeters><HeartRateBpm><Value>115</Value></HeartRateBpm></Trackpoint>
<Trackpoint><Time>2024-07-19T00:12:17Z</Time><Position><LatitudeDegrees>30.52609767</LatitudeDegrees><LongitudeDegrees>104.05178523</LongitudeDegrees></Position><AltitudeMeters>424</AltitudeMeters><HeartRateBpm><Value>115</Value></HeartRateBpm></Trackpoint>
<Trackpoint><Time>2024-07-19T00:12:18Z</Time><Position><LatitudeDegrees>30.52609933</LatitudeDegrees><LongitudeDegrees>104.05177123</LongitudeDegrees></Position><AltitudeMeters>424</AltitudeMeters><HeartRateBpm><Value>115</Value></HeartRateBpm></Trackpoint>
<Trackpoint><Time>2024-07-19T00:12:19Z</Time><Position><LatitudeDegrees>30.52610333</LatitudeDegrees><LongitudeDegrees>104.05174424</LongitudeDegrees></Position><AltitudeMeters>424</AltitudeMeters><HeartRateBpm><Value>115</Value></HeartRateBpm></Trackpoint>
<Trackpoint><Time>2024-07-19T00:12:21Z</Time><Position><LatitudeDegrees>30.52612466</LatitudeDegrees><LongitudeDegrees>104.0515719</LongitudeDegrees></Position><AltitudeMeters>424</AltitudeMeters><HeartRateBpm><Value>115</Value></HeartRateBpm></Trackpoint>
<Trackpoint><Time>2024-07-19T00:12:22Z</Time><Position><LatitudeDegrees>30.52612598</LatitudeDegrees><LongitudeDegrees>104.05155758</LongitudeDegrees></Position><AltitudeMeters>424</AltitudeMeters><HeartRateBpm><Value>116</Value></HeartRateBpm></Trackpoint>
<Trackpoint><Time>2024-07-19T00:12:24Z</Time><Position><LatitudeDegrees>30.52613998</LatitudeDegrees><LongitudeDegrees>104.05139692</LongitudeDegrees></Position><AltitudeMeters>424</AltitudeMeters><HeartRateBpm><Value>115</Value></HeartRateBpm></Trackpoint>
<Trackpoint><Time>2024-07-19T00:12:25Z</Time><Position><LatitudeDegrees>30.52613631</LatitudeDegrees><LongitudeDegrees>104.05138327</LongitudeDegrees></Position><AltitudeMeters>424</AltitudeMeters><HeartRateBpm><Value>114</Value></HeartRateBpm></Trackpoint>
<Trackpoint><Time>2024-07-19T00:12:26Z</Time><Position><LatitudeDegrees>30.52612899</LatitudeDegrees><LongitudeDegrees>104.05135527</LongitudeDegrees></Position><AltitudeMeters>424</AltitudeMeters><HeartRateBpm><Value>114</Value></HeartRateBpm></Trackpoint>
<Trackpoint><Time>2024-07-19T00:12:27Z</Time><Position><LatitudeDegrees>30.52611532</LatitudeDegrees><LongitudeDegrees>104.05131793</LongitudeDegrees></Position><AltitudeMeters>424</AltitudeMeters><HeartRateBpm><Value>114</Value></HeartRateBpm></Trackpoint>
<Trackpoint><Time>2024-07-19T00:12:28Z</Time><Position><LatitudeDegrees>30.526097</LatitudeDegrees><LongitudeDegrees>104.05127561</LongitudeDegrees></Position><AltitudeMeters>424</AltitudeMeters><HeartRateBpm><Value>115</Value></HeartRateBpm></Trackpoint>
<Trackpoint><Time>2024-07-19T00:12:29Z</Time><Position><LatitudeDegrees>30.52607434</LatitudeDegrees><LongitudeDegrees>104.05123161</LongitudeDegrees></Position><AltitudeMeters>424</AltitudeMeters><HeartRateBpm><Value>115</Value></HeartRateBpm></Trackpoint>
<Trackpoint><Time>2024-07-19T00:12:30Z</Time><Position><LatitudeDegrees>30.52604902</LatitudeDegrees><LongitudeDegrees>104.05118629</LongitudeDegrees></Position><AltitudeMeters>424</AltitudeMeters><HeartRateBpm><Value>115</Value></HeartRateBpm></Trackpoint>
<Trackpoint><Time>2024-07-19T00:12:31Z</Time><Position><LatitudeDegrees>30.52602169</LatitudeDegrees><LongitudeDegrees>104.05113995</LongitudeDegrees></Position><AltitudeMeters>424</AltitudeMeters><HeartRateBpm><Value>115</Value></HeartRateBpm></Trackpoint>
<Trackpoint><Time>2024-07-19T00:12:32Z</Time><Position><LatitudeDegrees>30.52599236</LatitudeDegrees><LongitudeDegrees>104.05109396</LongitudeDegrees></Position><AltitudeMeters>423</AltitudeMeters><HeartRateBpm><Value>115</Value></HeartRateBpm></Trackpoint>
<Trackpoint><Time>2024-07-19T00:12:33Z</Time><Position><LatitudeDegrees>30.52596036</LatitudeDegrees><LongitudeDegrees>104.05104831</LongitudeDegrees></Position><AltitudeMeters>424</AltitudeMeters><HeartRateBpm><Value>115</Value></HeartRateBpm></Trackpoint>
<Trackpoint><Time>2024-07-19T00:12:34Z</Time><Position><LatitudeDegrees>30.52582003</LatitudeDegrees><LongitudeDegrees>104.05087264</LongitudeDegrees></Position><AltitudeMeters>424</AltitudeMeters><HeartRateBpm><Value>115</Value></HeartRateBpm></Trackpoint>
<Trackpoint><Time>2024-07-19T00:12:36Z</Time><Position><LatitudeDegrees>30.52581104</LatitudeDegrees><LongitudeDegrees>104.05086132</LongitudeDegrees></Position><AltitudeMeters>424</AltitudeMeters><HeartRateBpm><Value>116</Value></HeartRateBpm></Trackpoint>
<Trackpoint><Time>2024-07-19T00:12:37Z</Time><Position><LatitudeDegrees>30.52579538</LatitudeDegrees><LongitudeDegrees>104.05083898</LongitudeDegrees></Position><AltitudeMeters>424</AltitudeMeters><HeartRateBpm><Value>117</Value></HeartRateBpm></Trackpoint>
<Trackpoint><Time>2024-07-19T00:12:38Z</Time><Position><LatitudeDegrees>30.52577472</LatitudeDegrees><LongitudeDegrees>104.05080832</LongitudeDegrees></Position><AltitudeMeters>424</AltitudeMeters><HeartRateBpm><Value>117</Value></HeartRateBpm></Trackpoint>
<Trackpoint><Time>2024-07-19T00:12:39Z</Time><Position><LatitudeDegrees>30.52574838</LatitudeDegrees><LongitudeDegrees>104.05077165</LongitudeDegrees></Position><AltitudeMeters>424</AltitudeMeters><HeartRateBpm><Value>117</Value></HeartRateBpm></Trackpoint>
<Trackpoint><Time>2024-07-19T00:12:40Z</Time><Position><LatitudeDegrees>30.52562806</LatitudeDegrees><LongitudeDegrees>104.05060066</LongitudeDegrees></Position><AltitudeMeters>424</AltitudeMeters><HeartRateBpm><Value>117</Value></HeartRateBpm></Trackpoint>
<Trackpoint><Time>2024-07-19T00:12:41Z</Time><Position><LatitudeDegrees>30.52562039</LatitudeDegrees><LongitudeDegrees>104.05058899</LongitudeDegrees></Position><AltitudeMeters>423</AltitudeMeters><HeartRateBpm><Value>117</Value></HeartRateBpm></Trackpoint>
<Trackpoint><Time>2024-07-19T00:12:43Z</Time><Position><LatitudeDegrees>30.52560407</LatitudeDegrees><LongitudeDegrees>104.05056467</LongitudeDegrees></Position><AltitudeMeters>423</AltitudeMeters><HeartRateBpm><Value>117</Value></HeartRateBpm></Trackpoint>
<Trackpoint><Time>2024-07-19T00:12:45Z</Time><Position><LatitudeDegrees>30.52549207</LatitudeDegrees><LongitudeDegrees>104.050428</LongitudeDegrees></Position><AltitudeMeters>423</AltitudeMeters><HeartRateBpm><Value>117</Value></HeartRateBpm></Trackpoint>
<Trackpoint><Time>2024-07-19T00:12:46Z</Time><Position><LatitudeDegrees>30.52548374</LatitudeDegrees><LongitudeDegrees>104.050418</LongitudeDegrees></Position><AltitudeMeters>423</AltitudeMeters><HeartRateBpm><Value>117</Value></HeartRateBpm></Trackpoint>
<Trackpoint><Time>2024-07-19T00:12:47Z</Time><Position><LatitudeDegrees>30.52546475</LatitudeDegrees><LongitudeDegrees>104.05040001</LongitudeDegrees></Position><AltitudeMeters>423</AltitudeMeters><HeartRateBpm><Value>117</Value></HeartRateBpm></Trackpoint>
<Trackpoint><Time>2024-07-19T00:12:48Z</Time><Position><LatitudeDegrees>30.52535441</LatitudeDegrees><LongitudeDegrees>104.05027235</LongitudeDegrees></Position><AltitudeMeters>423</AltitudeMeters><HeartRateBpm><Value>119</Value></HeartRateBpm></Trackpoint>
<Trackpoint><Time>2024-07-19T00:12:50Z</Time><Position><LatitudeDegrees>30.52534741</LatitudeDegrees><LongitudeDegrees>104.05026269</LongitudeDegrees></Position><AltitudeMeters>423</AltitudeMeters><HeartRateBpm><Value>120</Value></HeartRateBpm></Trackpoint>
<Trackpoint><Time>2024-07-19T00:12:51Z</Time><Position><LatitudeDegrees>30.52526109</LatitudeDegrees><LongitudeDegrees>104.05016403</LongitudeDegrees></Position><AltitudeMeters>423</AltitudeMeters><HeartRateBpm><Value>121</Value></HeartRateBpm></Trackpoint>
<Trackpoint><Time>2024-07-19T00:12:53Z</Time><Position><LatitudeDegrees>30.52525343</LatitudeDegrees><LongitudeDegrees>104.05015303</LongitudeDegrees></Position><AltitudeMeters>423</AltitudeMeters><HeartRateBpm><Value>121</Value></HeartRateBpm></Trackpoint>
<Trackpoint><Time>2024-07-19T00:12:54Z</Time><Position><LatitudeDegrees>30.52523743</LatitudeDegrees><LongitudeDegrees>104.05013171</LongitudeDegrees></Position><AltitudeMeters>423</AltitudeMeters><HeartRateBpm><Value>121</Value></HeartRateBpm></Trackpoint>
<Trackpoint><Time>2024-07-19T00:12:55Z</Time><Position><LatitudeDegrees>30.52521444</LatitudeDegrees><LongitudeDegrees>104.05010371</LongitudeDegrees></Position><AltitudeMeters>423</AltitudeMeters><HeartRateBpm><Value>120</Value></HeartRateBpm></Trackpoint>
<Trackpoint><Time>2024-07-19T00:12:56Z</Time><Position><LatitudeDegrees>30.52518944</LatitudeDegrees><LongitudeDegrees>104.05006904</LongitudeDegrees></Position><AltitudeMeters>423</AltitudeMeters><HeartRateBpm><Value>120</Value></HeartRateBpm></Trackpoint>
<Trackpoint><Time>2024-07-19T00:12:57Z</Time><Position><LatitudeDegrees>30.52516178</LatitudeDegrees><LongitudeDegrees>104.05003138</LongitudeDegrees></Position><AltitudeMeters>423</AltitudeMeters><HeartRateBpm><Value>120</Value></HeartRateBpm></Trackpoint>
<Trackpoint><Time>2024-07-19T00:12:58Z</Time><Position><LatitudeDegrees>30.52503879</LatitudeDegrees><LongitudeDegrees>104.04986571</LongitudeDegrees></Position><AltitudeMeters>423</AltitudeMeters><HeartRateBpm><Value>121</Value></HeartRateBpm></Trackpoint>
<Trackpoint><Time>2024-07-19T00:13:00Z</Time><Position><LatitudeDegrees>30.52503013</LatitudeDegrees><LongitudeDegrees>104.04985471</LongitudeDegrees></Position><AltitudeMeters>423</AltitudeMeters><HeartRateBpm><Value>121</Value></HeartRateBpm></Trackpoint>
<Trackpoint><Time>2024-07-19T00:13:01Z</Time><Position><LatitudeDegrees>30.5250128</LatitudeDegrees><LongitudeDegrees>104.04983305</LongitudeDegrees></Position><AltitudeMeters>423</AltitudeMeters><HeartRateBpm><Value>122</Value></HeartRateBpm></Trackpoint>
<Trackpoint><Time>2024-07-19T00:13:02Z</Time><Position><LatitudeDegrees>30.52498781</LatitudeDegrees><LongitudeDegrees>104.04980406</LongitudeDegrees></Position><AltitudeMeters>423</AltitudeMeters><HeartRateBpm><Value>124</Value></HeartRateBpm></Trackpoint>
<Trackpoint><Time>2024-07-19T00:13:03Z</Time><Position><LatitudeDegrees>30.52495947</LatitudeDegrees><LongitudeDegrees>104.04977007</LongitudeDegrees></Position><AltitudeMeters>423</AltitudeMeters><HeartRateBpm><Value>125</Value></HeartRateBpm></Trackpoint>
<Trackpoint><Time>2024-07-19T00:13:04Z</Time><Position><LatitudeDegrees>30.52492781</LatitudeDegrees><LongitudeDegrees>104.04973175</LongitudeDegrees></Position><AltitudeMeters>423</AltitudeMeters><HeartRateBpm><Value>125</Value></HeartRateBpm></Trackpoint>
<Trackpoint><Time>2024-07-19T00:13:05Z</Time><Position><LatitudeDegrees>30.52479215</LatitudeDegrees><LongitudeDegrees>104.04957342</LongitudeDegrees></Position><AltitudeMeters>423</AltitudeMeters><HeartRateBpm><Value>126</Value></HeartRateBpm></Trackpoint>
<Trackpoint><Time>2024-07-19T00:13:06Z</Time><Position><LatitudeDegrees>30.52478515</LatitudeDegrees><LongitudeDegrees>104.04956308</LongitudeDegrees></Position><AltitudeMeters>423</AltitudeMeters><HeartRateBpm><Value>126</Value></HeartRateBpm></Trackpoint>
<Trackpoint><Time>2024-07-19T00:13:08Z</Time><Position><LatitudeDegrees>30.52477015</LatitudeDegrees><LongitudeDegrees>104.04954142</LongitudeDegrees></Position><AltitudeMeters>423</AltitudeMeters><HeartRateBpm><Value>126</Value></HeartRateBpm></Trackpoint>
<Trackpoint><Time>2024-07-19T00:13:09Z</Time><Position><LatitudeDegrees>30.52474782</LatitudeDegrees><LongitudeDegrees>104.04951376</LongitudeDegrees></Position><AltitudeMeters>423</AltitudeMeters><HeartRateBpm><Value>124</Value></HeartRateBpm></Trackpoint>
<Trackpoint><Time>2024-07-19T00:13:10Z</Time><Position><LatitudeDegrees>30.52471882</LatitudeDegrees><LongitudeDegrees>104.04948343</LongitudeDegrees></Position><AltitudeMeters>423</AltitudeMeters><HeartRateBpm><Value>123</Value></HeartRateBpm></Trackpoint>
<Trackpoint><Time>2024-07-19T00:13:11Z</Time><Position><LatitudeDegrees>30.52468616</LatitudeDegrees><LongitudeDegrees>104.04945376</LongitudeDegrees></Position><AltitudeMeters>423</AltitudeMeters><HeartRateBpm><Value>121</Value></HeartRateBpm></Trackpoint>
<Trackpoint><Time>2024-07-19T00:13:12Z</Time><Position><LatitudeDegrees>30.52465017</LatitudeDegrees><LongitudeDegrees>104.0494261</LongitudeDegrees></Position><AltitudeMeters>423</AltitudeMeters><HeartRateBpm><Value>121</Value></HeartRateBpm></Trackpoint>
<Trackpoint><Time>2024-07-19T00:13:13Z</Time><Position><LatitudeDegrees>30.52461417</LatitudeDegrees><LongitudeDegrees>104.04939877</LongitudeDegrees></Position><AltitudeMeters>423</AltitudeMeters><HeartRateBpm><Value>121</Value></HeartRateBpm></Trackpoint>
<Trackpoint><Time>2024-07-19T00:13:15Z</Time><Position><LatitudeDegrees>30.52446718</LatitudeDegrees><LongitudeDegrees>104.04930111</LongitudeDegrees></Position><AltitudeMeters>423</AltitudeMeters><HeartRateBpm><Value>121</Value></HeartRateBpm></Trackpoint>
<Trackpoint><Time>2024-07-19T00:13:16Z</Time><Position><LatitudeDegrees>30.52445685</LatitudeDegrees><LongitudeDegrees>104.04929745</LongitudeDegrees></Position><AltitudeMeters>423</AltitudeMeters><HeartRateBpm><Value>121</Value></HeartRateBpm></Trackpoint>
<Trackpoint><Time>2024-07-19T00:13:17Z</Time><Position><LatitudeDegrees>30.52433686</LatitudeDegrees><LongitudeDegrees>104.04928311</LongitudeDegrees></Position><AltitudeMeters>422</AltitudeMeters><HeartRateBpm><Value>121</Value></HeartRateBpm></Trackpoint>
<Trackpoint><Time>2024-07-19T00:13:19Z</Time><Position><LatitudeDegrees>30.52432619</LatitudeDegrees><LongitudeDegrees>104.04928311</LongitudeDegrees></Position><AltitudeMeters>422</AltitudeMeters><HeartRateBpm><Value>119</Value></HeartRateBpm></Trackpoint>
<Trackpoint><Time>2024-07-19T00:13:20Z</Time><Position><LatitudeDegrees>30.52420953</LatitudeDegrees><LongitudeDegrees>104.04928478</LongitudeDegrees></Position><AltitudeMeters>422</AltitudeMeters><HeartRateBpm><Value>118</Value></HeartRateBpm></Trackpoint>
<Trackpoint><Time>2024-07-19T00:13:22Z</Time><Position><LatitudeDegrees>30.52420153</LatitudeDegrees><LongitudeDegrees>104.04928345</LongitudeDegrees></Position><AltitudeMeters>422</AltitudeMeters><HeartRateBpm><Value>118</Value></HeartRateBpm></Trackpoint>
<Trackpoint><Time>2024-07-19T00:13:23Z</Time><Position><LatitudeDegrees>30.52418854</LatitudeDegrees><LongitudeDegrees>104.04928179</LongitudeDegrees></Position><AltitudeMeters>422</AltitudeMeters><HeartRateBpm><Value>118</Value></HeartRateBpm></Trackpoint>
<Trackpoint><Time>2024-07-19T00:13:24Z</Time><Position><LatitudeDegrees>30.52417554</LatitudeDegrees><LongitudeDegrees>104.04928012</LongitudeDegrees></Position><AltitudeMeters>422</AltitudeMeters><HeartRateBpm><Value>118</Value></HeartRateBpm></Trackpoint>
<Trackpoint><Time>2024-07-19T00:13:26Z</Time><Position><LatitudeDegrees>30.52414255</LatitudeDegrees><LongitudeDegrees>104.04927879</LongitudeDegrees></Position><AltitudeMeters>422</AltitudeMeters><HeartRateBpm><Value>118</Value></HeartRateBpm></Trackpoint>
<Trackpoint><Time>2024-07-19T00:13:28Z</Time><Position><LatitudeDegrees>30.52414189</LatitudeDegrees><LongitudeDegrees>104.0492778</LongitudeDegrees></Position><AltitudeMeters>422</AltitudeMeters><HeartRateBpm><Value>116</Value></HeartRateBpm></Trackpoint>
<Trackpoint><Time>2024-07-19T00:13:30Z</Time><Position><LatitudeDegrees>30.52414189</LatitudeDegrees><LongitudeDegrees>104.04927747</LongitudeDegrees></Position><AltitudeMeters>422</AltitudeMeters><HeartRateBpm><Value>115</Value></HeartRateBpm></Trackpoint>
<Trackpoint><Time>2024-07-19T00:13:31Z</Time><Position><LatitudeDegrees>30.52414189</LatitudeDegrees><LongitudeDegrees>104.04927747</LongitudeDegrees></Position><AltitudeMeters>422</AltitudeMeters><HeartRateBpm><Value>114</Value></HeartRateBpm></Trackpoint>
</Track></Lap>
<Lap StartTime="2024-07-19T00:14:21Z">
<TotalTimeSeconds>90</TotalTimeSeconds><DistanceMeters>396.51</DistanceMeters><Track>
<Trackpoint><Time>2024-07-19T00:14:21Z</Time><Position><LatitudeDegrees>30.5241269</LatitudeDegrees><LongitudeDegrees>104.0492848</LongitudeDegrees></Position><AltitudeMeters>422</AltitudeMeters><HeartRateBpm><Value>124</Value></HeartRateBpm></Trackpoint>
<Trackpoint><Time>2024-07-19T00:14:22Z</Time><Position><LatitudeDegrees>30.52412123</LatitudeDegrees><LongitudeDegrees>104.0492848</LongitudeDegrees></Position><AltitudeMeters>423</AltitudeMeters><HeartRateBpm><Value>127</Value></HeartRateBpm></Trackpoint>
<Trackpoint><Time>2024-07-19T00:14:23Z</Time><Position><LatitudeDegrees>30.5241079</LatitudeDegrees><LongitudeDegrees>104.04928448</LongitudeDegrees></Position><AltitudeMeters>423</AltitudeMeters><HeartRateBpm><Value>127</Value></HeartRateBpm></Trackpoint>
<Trackpoint><Time>2024-07-19T00:14:24Z</Time><Position><LatitudeDegrees>30.52400624</LatitudeDegrees><LongitudeDegrees>104.04928114</LongitudeDegrees></Position><AltitudeMeters>423</AltitudeMeters><HeartRateBpm><Value>128</Value></HeartRateBpm></Trackpoint>
<Trackpoint><Time>2024-07-19T00:14:26Z</Time><Position><LatitudeDegrees>30.52399657</LatitudeDegrees><LongitudeDegrees>104.04928114</LongitudeDegrees></Position><AltitudeMeters>423</AltitudeMeters><HeartRateBpm><Value>127</Value></HeartRateBpm></Trackpoint>
<Trackpoint><Time>2024-07-19T00:14:27Z</Time><Position><LatitudeDegrees>30.52397591</LatitudeDegrees><LongitudeDegrees>104.04928081</LongitudeDegrees></Position><AltitudeMeters>423</AltitudeMeters><HeartRateBpm><Value>126</Value></HeartRateBpm></Trackpoint>
<Trackpoint><Time>2024-07-19T00:14:28Z</Time><Position><LatitudeDegrees>30.52394757</LatitudeDegrees><LongitudeDegrees>104.04928081</LongitudeDegrees></Position><AltitudeMeters>423</AltitudeMeters><HeartRateBpm><Value>126</Value></HeartRateBpm></Trackpoint>
<Trackpoint><Time>2024-07-19T00:14:29Z</Time><Position><LatitudeDegrees>30.52391492</LatitudeDegrees><LongitudeDegrees>104.04928049</LongitudeDegrees></Position><AltitudeMeters>423</AltitudeMeters><HeartRateBpm><Value>126</Value></HeartRateBpm></Trackpoint>
<Trackpoint><Time>2024-07-19T00:14:30Z</Time><Position><LatitudeDegrees>30.52388125</LatitudeDegrees><LongitudeDegrees>104.04928049</LongitudeDegrees></Position><AltitudeMeters>423</AltitudeMeters><HeartRateBpm><Value>126</Value></HeartRateBpm></Trackpoint>
<Trackpoint><Time>2024-07-19T00:14:31Z</Time><Position><LatitudeDegrees>30.52384659</LatitudeDegrees><LongitudeDegrees>104.04928049</LongitudeDegrees></Position><AltitudeMeters>423</AltitudeMeters><HeartRateBpm><Value>126</Value></HeartRateBpm></Trackpoint>
<Trackpoint><Time>2024-07-19T00:14:32Z</Time><Position><LatitudeDegrees>30.52369693</LatitudeDegrees><LongitudeDegrees>104.04927882</LongitudeDegrees></Position><AltitudeMeters>423</AltitudeMeters><HeartRateBpm><Value>126</Value></HeartRateBpm></Trackpoint>
<Trackpoint><Time>2024-07-19T00:14:34Z</Time><Position><LatitudeDegrees>30.52368726</LatitudeDegrees><LongitudeDegrees>104.04927783</LongitudeDegrees></Position><AltitudeMeters>423</AltitudeMeters><HeartRateBpm><Value>127</Value></HeartRateBpm></Trackpoint>
<Trackpoint><Time>2024-07-19T00:14:35Z</Time><Position><LatitudeDegrees>30.52366594</LatitudeDegrees><LongitudeDegrees>104.04927483</LongitudeDegrees></Position><AltitudeMeters>423</AltitudeMeters><HeartRateBpm><Value>127</Value></HeartRateBpm></Trackpoint>
<Trackpoint><Time>2024-07-19T00:14:36Z</Time><Position><LatitudeDegrees>30.52363461</LatitudeDegrees><LongitudeDegrees>104.04927317</LongitudeDegrees></Position><AltitudeMeters>423</AltitudeMeters><HeartRateBpm><Value>127</Value></HeartRateBpm></Trackpoint>
<Trackpoint><Time>2024-07-19T00:14:38Z</Time><Position><LatitudeDegrees>30.52347628</LatitudeDegrees><LongitudeDegrees>104.04926951</LongitudeDegrees></Position><AltitudeMeters>423</AltitudeMeters><HeartRateBpm><Value>125</Value></HeartRateBpm></Trackpoint>
<Trackpoint><Time>2024-07-19T00:14:39Z</Time><Position><LatitudeDegrees>30.52337896</LatitudeDegrees><LongitudeDegrees>104.04925485</LongitudeDegrees></Position><AltitudeMeters>423</AltitudeMeters><HeartRateBpm><Value>120</Value></HeartRateBpm></Trackpoint>
<Trackpoint><Time>2024-07-19T00:14:40Z</Time><Position><LatitudeDegrees>30.5233683</LatitudeDegrees><LongitudeDegrees>104.04925551</LongitudeDegrees></Position><AltitudeMeters>423</AltitudeMeters><HeartRateBpm><Value>117</Value></HeartRateBpm></Trackpoint>
<Trackpoint><Time>2024-07-19T00:14:42Z</Time><Position><LatitudeDegrees>30.5233473</LatitudeDegrees><LongitudeDegrees>104.04925617</LongitudeDegrees></Position><AltitudeMeters>423</AltitudeMeters><HeartRateBpm><Value>117</Value></HeartRateBpm></Trackpoint>
<Trackpoint><Time>2024-07-19T00:14:44Z</Time><Position><LatitudeDegrees>30.5232243</LatitudeDegrees><LongitudeDegrees>104.04926683</LongitudeDegrees></Position><AltitudeMeters>423</AltitudeMeters><HeartRateBpm><Value>116</Value></HeartRateBpm></Trackpoint>
<Trackpoint><Time>2024-07-19T00:14:45Z</Time><Position><LatitudeDegrees>30.5232133</LatitudeDegrees><LongitudeDegrees>104.04926351</LongitudeDegrees></Position><AltitudeMeters>423</AltitudeMeters><HeartRateBpm><Value>116</Value></HeartRateBpm></Trackpoint>
<Trackpoint><Time>2024-07-19T00:14:46Z</Time><Position><LatitudeDegrees>30.52319031</LatitudeDegrees><LongitudeDegrees>104.04926084</LongitudeDegrees></Position><AltitudeMeters>423</AltitudeMeters><HeartRateBpm><Value>116</Value></HeartRateBpm></Trackpoint>
<Trackpoint><Time>2024-07-19T00:14:48Z</Time><Position><LatitudeDegrees>30.52304465</LatitudeDegrees><LongitudeDegrees>104.04924285</LongitudeDegrees></Position><AltitudeMeters>423</AltitudeMeters><HeartRateBpm><Value>117</Value></HeartRateBpm></Trackpoint>
<Trackpoint><Time>2024-07-19T00:14:49Z</Time><Position><LatitudeDegrees>30.52303132</LatitudeDegrees><LongitudeDegrees>104.04924218</LongitudeDegrees></Position><AltitudeMeters>423</AltitudeMeters><HeartRateBpm><Value>117</Value></HeartRateBpm></Trackpoint>
<Trackpoint><Time>2024-07-19T00:14:50Z</Time><Position><LatitudeDegrees>30.52300499</LatitudeDegrees><LongitudeDegrees>104.04924218</LongitudeDegrees></Position><AltitudeMeters>423</AltitudeMeters><HeartRateBpm><Value>117</Value></HeartRateBpm></Trackpoint>
<Trackpoint><Time>2024-07-19T00:14:51Z</Time><Position><LatitudeDegrees>30.52296866</LatitudeDegrees><LongitudeDegrees>104.04924285</LongitudeDegrees></Position><AltitudeMeters>423</AltitudeMeters><HeartRateBpm><Value>117</Value></HeartRateBpm></Trackpoint>
<Trackpoint><Time>2024-07-19T00:14:52Z</Time><Position><LatitudeDegrees>30.52292533</LatitudeDegrees><LongitudeDegrees>104.04924417</LongitudeDegrees></Position><AltitudeMeters>423</AltitudeMeters><HeartRateBpm><Value>118</Value></HeartRateBpm></Trackpoint>
<Trackpoint><Time>2024-07-19T00:14:54Z</Time><Position><LatitudeDegrees>30.52272866</LatitudeDegrees><LongitudeDegrees>104.04924851</LongitudeDegrees></Position><AltitudeMeters>424</AltitudeMeters><HeartRateBpm><Value>117</Value></HeartRateBpm></Trackpoint>
<Trackpoint><Time>2024-07-19T00:14:55Z</Time><Position><LatitudeDegrees>30.52271534</LatitudeDegrees><LongitudeDegrees>104.04924684</LongitudeDegrees></Position><AltitudeMeters>424</AltitudeMeters><HeartRateBpm><Value>116</Value></HeartRateBpm></Trackpoint>
<Trackpoint><Time>2024-07-19T00:14:56Z</Time><Position><LatitudeDegrees>30.52268934</LatitudeDegrees><LongitudeDegrees>104.04924385</LongitudeDegrees></Position><AltitudeMeters>424</AltitudeMeters><HeartRateBpm><Value>116</Value></HeartRateBpm></Trackpoint>
<Trackpoint><Time>2024-07-19T00:14:57Z</Time><Position><LatitudeDegrees>30.52252934</LatitudeDegrees><LongitudeDegrees>104.04923285</LongitudeDegrees></Position><AltitudeMeters>423</AltitudeMeters><HeartRateBpm><Value>116</Value></HeartRateBpm></Trackpoint>
<Trackpoint><Time>2024-07-19T00:14:59Z</Time><Position><LatitudeDegrees>30.52251702</LatitudeDegrees><LongitudeDegrees>104.04923218</LongitudeDegrees></Position><AltitudeMeters>423</AltitudeMeters><HeartRateBpm><Value>117</Value></HeartRateBpm></Trackpoint>
<Trackpoint><Time>2024-07-19T00:15:00Z</Time><Position><LatitudeDegrees>30.52249202</LatitudeDegrees><LongitudeDegrees>104.04923053</LongitudeDegrees></Position><AltitudeMeters>423</AltitudeMeters><HeartRateBpm><Value>117</Value></HeartRateBpm></Trackpoint>
<Trackpoint><Time>2024-07-19T00:15:01Z</Time><Position><LatitudeDegrees>30.52245602</LatitudeDegrees><LongitudeDegrees>104.04922753</LongitudeDegrees></Position><AltitudeMeters>423</AltitudeMeters><HeartRateBpm><Value>116</Value></HeartRateBpm></Trackpoint>
<Trackpoint><Time>2024-07-19T00:15:02Z</Time><Position><LatitudeDegrees>30.52241368</LatitudeDegrees><LongitudeDegrees>104.0492242</LongitudeDegrees></Position><AltitudeMeters>422</AltitudeMeters><HeartRateBpm><Value>116</Value></HeartRateBpm></Trackpoint>
<Trackpoint><Time>2024-07-19T00:15:03Z</Time><Position><LatitudeDegrees>30.52236769</LatitudeDegrees><LongitudeDegrees>104.04922054</LongitudeDegrees></Position><AltitudeMeters>422</AltitudeMeters><HeartRateBpm><Value>117</Value></HeartRateBpm></Trackpoint>
<Trackpoint><Time>2024-07-19T00:15:04Z</Time><Position><LatitudeDegrees>30.52232137</LatitudeDegrees><LongitudeDegrees>104.04921688</LongitudeDegrees></Position><AltitudeMeters>422</AltitudeMeters><HeartRateBpm><Value>117</Value></HeartRateBpm></Trackpoint>
<Trackpoint><Time>2024-07-19T00:15:05Z</Time><Position><LatitudeDegrees>30.5222727</LatitudeDegrees><LongitudeDegrees>104.04921389</LongitudeDegrees></Position><AltitudeMeters>422</AltitudeMeters><HeartRateBpm><Value>118</Value></HeartRateBpm></Trackpoint>
<Trackpoint><Time>2024-07-19T00:15:06Z</Time><Position><LatitudeDegrees>30.52222305</LatitudeDegrees><LongitudeDegrees>104.04921256</LongitudeDegrees></Position><AltitudeMeters>422</AltitudeMeters><HeartRateBpm><Value>118</Value></HeartRateBpm></Trackpoint>
<Trackpoint><Time>2024-07-19T00:15:07Z</Time><Position><LatitudeDegrees>30.52201505</LatitudeDegrees><LongitudeDegrees>104.04919889</LongitudeDegrees></Position><AltitudeMeters>422</AltitudeMeters><HeartRateBpm><Value>118</Value></HeartRateBpm></Trackpoint>
<Trackpoint><Time>2024-07-19T00:15:08Z</Time><Position><LatitudeDegrees>30.52200305</LatitudeDegrees><LongitudeDegrees>104.04919756</LongitudeDegrees></Position><AltitudeMeters>422</AltitudeMeters><HeartRateBpm><Value>118</Value></HeartRateBpm></Trackpoint>
<Trackpoint><Time>2024-07-19T00:15:10Z</Time><Position><LatitudeDegrees>30.52198072</LatitudeDegrees><LongitudeDegrees>104.04919523</LongitudeDegrees></Position><AltitudeMeters>422</AltitudeMeters><HeartRateBpm><Value>119</Value></HeartRateBpm></Trackpoint>
<Trackpoint><Time>2024-07-19T00:15:12Z</Time><Position><LatitudeDegrees>30.52183272</LatitudeDegrees><LongitudeDegrees>104.04917857</LongitudeDegrees></Position><AltitudeMeters>422</AltitudeMeters><HeartRateBpm><Value>118</Value></HeartRateBpm></Trackpoint>
<Trackpoint><Time>2024-07-19T00:15:13Z</Time><Position><LatitudeDegrees>30.52182073</LatitudeDegrees><LongitudeDegrees>104.0491779</LongitudeDegrees></Position><AltitudeMeters>422</AltitudeMeters><HeartRateBpm><Value>118</Value></HeartRateBpm></Trackpoint>
<Trackpoint><Time>2024-07-19T00:15:14Z</Time><Position><LatitudeDegrees>30.52179607</LatitudeDegrees><LongitudeDegrees>104.04917857</LongitudeDegrees></Position><AltitudeMeters>422</AltitudeMeters><HeartRateBpm><Value>118</Value></HeartRateBpm></Trackpoint>
<Trackpoint><Time>2024-07-19T00:15:16Z</Time><Position><LatitudeDegrees>30.52163808</LatitudeDegrees><LongitudeDegrees>104.0491809</LongitudeDegrees></Position><AltitudeMeters>422</AltitudeMeters><HeartRateBpm><Value>117</Value></HeartRateBpm></Trackpoint>
<Trackpoint><Time>2024-07-19T00:15:17Z</Time><Position><LatitudeDegrees>30.52153374</LatitudeDegrees><LongitudeDegrees>104.04918489</LongitudeDegrees></Position><AltitudeMeters>422</AltitudeMeters><HeartRateBpm><Value>116</Value></HeartRateBpm></Trackpoint>
<Trackpoint><Time>2024-07-19T00:15:19Z</Time><Position><LatitudeDegrees>30.52152141</LatitudeDegrees><LongitudeDegrees>104.04918556</LongitudeDegrees></Position><AltitudeMeters>422</AltitudeMeters><HeartRateBpm><Value>116</Value></HeartRateBpm></Trackpoint>
<Trackpoint><Time>2024-07-19T00:15:20Z</Time><Position><LatitudeDegrees>30.52149641</LatitudeDegrees><LongitudeDegrees>104.04918655</LongitudeDegrees></Position><AltitudeMeters>422</AltitudeMeters><HeartRateBpm><Value>116</Value></HeartRateBpm></Trackpoint>
<Trackpoint><Time>2024-07-19T00:15:21Z</Time><Position><LatitudeDegrees>30.52146442</LatitudeDegrees><LongitudeDegrees>104.04918788</LongitudeDegrees></Position><AltitudeMeters>422</AltitudeMeters><HeartRateBpm><Value>116</Value></HeartRateBpm></Trackpoint>
<Trackpoint><Time>2024-07-19T00:15:23Z</Time><Position><LatitudeDegrees>30.52130175</LatitudeDegrees><LongitudeDegrees>104.04918589</LongitudeDegrees></Position><AltitudeMeters>422</AltitudeMeters><HeartRateBpm><Value>114</Value></HeartRateBpm></Trackpoint>
<Trackpoint><Time>2024-07-19T00:15:24Z</Time><Position><LatitudeDegrees>30.52128975</LatitudeDegrees><LongitudeDegrees>104.04918522</LongitudeDegrees></Position><AltitudeMeters>422</AltitudeMeters><HeartRateBpm><Value>114</Value></HeartRateBpm></Trackpoint>
<Trackpoint><Time>2024-07-19T00:15:25Z</Time><Position><LatitudeDegrees>30.52126776</LatitudeDegrees><LongitudeDegrees>104.04918655</LongitudeDegrees></Position><AltitudeMeters>422</AltitudeMeters><HeartRateBpm><Value>114</Value></HeartRateBpm></Trackpoint>
<Trackpoint><Time>2024-07-19T00:15:26Z</Time><Position><LatitudeDegrees>30.5212471</LatitudeDegrees><LongitudeDegrees>104.04918788</LongitudeDegrees></Position><AltitudeMeters>422</AltitudeMeters><HeartRateBpm><Value>114</Value></HeartRateBpm></Trackpoint>
<Trackpoint><Time>2024-07-19T00:15:28Z</Time><Position><LatitudeDegrees>30.52117611</LatitudeDegrees><LongitudeDegrees>104.04918821</LongitudeDegrees></Position><AltitudeMeters>422</AltitudeMeters><HeartRateBpm><Value>112</Value></HeartRateBpm></Trackpoint>
<Trackpoint><Time>2024-07-19T00:15:29Z</Time><Position><LatitudeDegrees>30.52117077</LatitudeDegrees><LongitudeDegrees>104.04918755</LongitudeDegrees></Position><AltitudeMeters>422</AltitudeMeters><HeartRateBpm><Value>110</Value></HeartRateBpm></Trackpoint>
<Trackpoint><Time>2024-07-19T00:15:30Z</Time><Position><LatitudeDegrees>30.52115945</LatitudeDegrees><LongitudeDegrees>104.04918689</LongitudeDegrees></Position><AltitudeMeters>422</AltitudeMeters><HeartRateBpm><Value>110</Value></HeartRateBpm></Trackpoint>
<Trackpoint><Time>2024-07-19T00:15:31Z</Time><Position><LatitudeDegrees>30.52114246</LatitudeDegrees><LongitudeDegrees>104.04918522</LongitudeDegrees></Position><AltitudeMeters>422</AltitudeMeters><HeartRateBpm><Value>110</Value></HeartRateBpm></Trackpoint>
<Trackpoint><Time>2024-07-19T00:15:32Z</Time><Position><LatitudeDegrees>30.52104346</LatitudeDegrees><LongitudeDegrees>104.04916157</LongitudeDegrees></Position><AltitudeMeters>422</AltitudeMeters><HeartRateBpm><Value>111</Value></HeartRateBpm></Trackpoint>
<Trackpoint><Time>2024-07-19T00:15:34Z</Time><Position><LatitudeDegrees>30.5210338</LatitudeDegrees><LongitudeDegrees>104.0491589</LongitudeDegrees></Position><AltitudeMeters>422</AltitudeMeters><HeartRateBpm><Value>111</Value></HeartRateBpm></Trackpoint>
<Trackpoint><Time>2024-07-19T00:15:36Z</Time><Position><LatitudeDegrees>30.5209248</LatitudeDegrees><LongitudeDegrees>104.04914958</LongitudeDegrees></Position><AltitudeMeters>422</AltitudeMeters><HeartRateBpm><Value>109</Value></HeartRateBpm></Trackpoint>
<Trackpoint><Time>2024-07-19T00:15:37Z</Time><Position><LatitudeDegrees>30.52091448</LatitudeDegrees><LongitudeDegrees>104.04915057</LongitudeDegrees></Position><AltitudeMeters>422</AltitudeMeters><HeartRateBpm><Value>109</Value></HeartRateBpm></Trackpoint>
<Trackpoint><Time>2024-07-19T00:15:39Z</Time><Position><LatitudeDegrees>30.52078916</LatitudeDegrees><LongitudeDegrees>104.04914823</LongitudeDegrees></Position><AltitudeMeters>422</AltitudeMeters><HeartRateBpm><Value>109</Value></HeartRateBpm></Trackpoint>
<Trackpoint><Time>2024-07-19T00:15:40Z</Time><Position><LatitudeDegrees>30.52077816</LatitudeDegrees><LongitudeDegrees>104.04914358</LongitudeDegrees></Position><AltitudeMeters>422</AltitudeMeters><HeartRateBpm><Value>109</Value></HeartRateBpm></Trackpoint>
<Trackpoint><Time>2024-07-19T00:15:42Z</Time><Position><LatitudeDegrees>30.52068982</LatitudeDegrees><LongitudeDegrees>104.04907324</LongitudeDegrees></Position><AltitudeMeters>422</AltitudeMeters><HeartRateBpm><Value>108</Value></HeartRateBpm></Trackpoint>
<Trackpoint><Time>2024-07-19T00:15:43Z</Time><Position><LatitudeDegrees>30.5206885</LatitudeDegrees><LongitudeDegrees>104.04906625</LongitudeDegrees></Position><AltitudeMeters>422</AltitudeMeters><HeartRateBpm><Value>109</Value></HeartRateBpm></Trackpoint>
<Trackpoint><Time>2024-07-19T00:15:44Z</Time><Position><LatitudeDegrees>30.52068684</LatitudeDegrees><LongitudeDegrees>104.04905525</LongitudeDegrees></Position><AltitudeMeters>422</AltitudeMeters><HeartRateBpm><Value>109</Value></HeartRateBpm></Trackpoint>
<Trackpoint><Time>2024-07-19T00:15:45Z</Time><Position><LatitudeDegrees>30.52068519</LatitudeDegrees><LongitudeDegrees>104.04904326</LongitudeDegrees></Position><AltitudeMeters>422</AltitudeMeters><HeartRateBpm><Value>109</Value></HeartRateBpm></Trackpoint>
<Trackpoint><Time>2024-07-19T00:15:46Z</Time><Position><LatitudeDegrees>30.52067885</LatitudeDegrees><LongitudeDegrees>104.0490106</LongitudeDegrees></Position><AltitudeMeters>422</AltitudeMeters><HeartRateBpm><Value>109</Value></HeartRateBpm></Trackpoint>
<Trackpoint><Time>2024-07-19T00:15:48Z</Time><Position><LatitudeDegrees>30.52067753</LatitudeDegrees><LongitudeDegrees>104.04900861</LongitudeDegrees></Position><AltitudeMeters>422</AltitudeMeters><HeartRateBpm><Value>110</Value></HeartRateBpm></Trackpoint>
<Trackpoint><Time>2024-07-19T00:15:49Z</Time><Position><LatitudeDegrees>30.5206752</LatitudeDegrees><LongitudeDegrees>104.04900494</LongitudeDegrees></Position><AltitudeMeters>423</AltitudeMeters><HeartRateBpm><Value>109</Value></HeartRateBpm></Trackpoint>
</Track></Lap>
<Lap StartTime="2024-07-19T00:15:51Z">
<TotalTimeSeconds>31</TotalTimeSeconds><DistanceMeters>65.83</DistanceMeters><Track>
<Trackpoint><Time>2024-07-19T00:15:51Z</Time><Position><LatitudeDegrees>30.52067187</LatitudeDegrees><LongitudeDegrees>104.04896162</LongitudeDegrees></Position><AltitudeMeters>423</AltitudeMeters><HeartRateBpm><Value>109</Value></HeartRateBpm></Trackpoint>
<Trackpoint><Time>2024-07-19T00:15:53Z</Time><Position><LatitudeDegrees>30.52066622</LatitudeDegrees><LongitudeDegrees>104.04889863</LongitudeDegrees></Position><AltitudeMeters>423</AltitudeMeters><HeartRateBpm><Value>109</Value></HeartRateBpm></Trackpoint>
<Trackpoint><Time>2024-07-19T00:15:54Z</Time><Position><LatitudeDegrees>30.52066522</LatitudeDegrees><LongitudeDegrees>104.04888897</LongitudeDegrees></Position><AltitudeMeters>423</AltitudeMeters><HeartRateBpm><Value>109</Value></HeartRateBpm></Trackpoint>
<Trackpoint><Time>2024-07-19T00:15:56Z</Time><Position><LatitudeDegrees>30.52065689</LatitudeDegrees><LongitudeDegrees>104.04878864</LongitudeDegrees></Position><AltitudeMeters>423</AltitudeMeters><HeartRateBpm><Value>110</Value></HeartRateBpm></Trackpoint>
<Trackpoint><Time>2024-07-19T00:15:57Z</Time><Position><LatitudeDegrees>30.52065623</LatitudeDegrees><LongitudeDegrees>104.04877865</LongitudeDegrees></Position><AltitudeMeters>423</AltitudeMeters><HeartRateBpm><Value>109</Value></HeartRateBpm></Trackpoint>
<Trackpoint><Time>2024-07-19T00:15:59Z</Time><Position><LatitudeDegrees>30.52065123</LatitudeDegrees><LongitudeDegrees>104.04868065</LongitudeDegrees></Position><AltitudeMeters>423</AltitudeMeters><HeartRateBpm><Value>109</Value></HeartRateBpm></Trackpoint>
<Trackpoint><Time>2024-07-19T00:16:00Z</Time><Position><LatitudeDegrees>30.52064957</LatitudeDegrees><LongitudeDegrees>104.04867332</LongitudeDegrees></Position><AltitudeMeters>423</AltitudeMeters><HeartRateBpm><Value>109</Value></HeartRateBpm></Trackpoint>
<Trackpoint><Time>2024-07-19T00:16:01Z</Time><Position><LatitudeDegrees>30.52064424</LatitudeDegrees><LongitudeDegrees>104.04865933</LongitudeDegrees></Position><AltitudeMeters>423</AltitudeMeters><HeartRateBpm><Value>108</Value></HeartRateBpm></Trackpoint>
<Trackpoint><Time>2024-07-19T00:16:02Z</Time><Position><LatitudeDegrees>30.52063591</LatitudeDegrees><LongitudeDegrees>104.04864067</LongitudeDegrees></Position><AltitudeMeters>423</AltitudeMeters><HeartRateBpm><Value>108</Value></HeartRateBpm></Trackpoint>
<Trackpoint><Time>2024-07-19T00:16:03Z</Time><Position><LatitudeDegrees>30.52062891</LatitudeDegrees><LongitudeDegrees>104.04861967</LongitudeDegrees></Position><AltitudeMeters>423</AltitudeMeters><HeartRateBpm><Value>107</Value></HeartRateBpm></Trackpoint>
<Trackpoint><Time>2024-07-19T00:16:04Z</Time><Position><LatitudeDegrees>30.52062658</LatitudeDegrees><LongitudeDegrees>104.04859768</LongitudeDegrees></Position><AltitudeMeters>423</AltitudeMeters><HeartRateBpm><Value>107</Value></HeartRateBpm></Trackpoint>
<Trackpoint><Time>2024-07-19T00:16:05Z</Time><Position><LatitudeDegrees>30.52062891</LatitudeDegrees><LongitudeDegrees>104.04857768</LongitudeDegrees></Position><AltitudeMeters>423</AltitudeMeters><HeartRateBpm><Value>107</Value></HeartRateBpm></Trackpoint>
<Trackpoint><Time>2024-07-19T00:16:06Z</Time><Position><LatitudeDegrees>30.52063291</LatitudeDegrees><LongitudeDegrees>104.04856168</LongitudeDegrees></Position><AltitudeMeters>422</AltitudeMeters><HeartRateBpm><Value>107</Value></HeartRateBpm></Trackpoint>
<Trackpoint><Time>2024-07-19T00:16:07Z</Time><Position><LatitudeDegrees>30.52066657</LatitudeDegrees><LongitudeDegrees>104.04850901</LongitudeDegrees></Position><AltitudeMeters>422</AltitudeMeters><HeartRateBpm><Value>108</Value></HeartRateBpm></Trackpoint>
<Trackpoint><Time>2024-07-19T00:16:08Z</Time><Position><LatitudeDegrees>30.52067057</LatitudeDegrees><LongitudeDegrees>104.04850735</LongitudeDegrees></Position><AltitudeMeters>422</AltitudeMeters><HeartRateBpm><Value>108</Value></HeartRateBpm></Trackpoint>
<Trackpoint><Time>2024-07-19T00:16:10Z</Time><Position><LatitudeDegrees>30.5206789</LatitudeDegrees><LongitudeDegrees>104.04850335</LongitudeDegrees></Position><AltitudeMeters>422</AltitudeMeters><HeartRateBpm><Value>108</Value></HeartRateBpm></Trackpoint>
<Trackpoint><Time>2024-07-19T00:16:11Z</Time><Position><LatitudeDegrees>30.52073157</LatitudeDegrees><LongitudeDegrees>104.04847103</LongitudeDegrees></Position><AltitudeMeters>422</AltitudeMeters><HeartRateBpm><Value>107</Value></HeartRateBpm></Trackpoint>
<Trackpoint><Time>2024-07-19T00:16:13Z</Time><Position><LatitudeDegrees>30.52073389</LatitudeDegrees><LongitudeDegrees>104.04846936</LongitudeDegrees></Position><AltitudeMeters>422</AltitudeMeters><HeartRateBpm><Value>108</Value></HeartRateBpm></Trackpoint>
<Trackpoint><Time>2024-07-19T00:16:14Z</Time><Position><LatitudeDegrees>30.52076756</LatitudeDegrees><LongitudeDegrees>104.04845036</LongitudeDegrees></Position><AltitudeMeters>422</AltitudeMeters><HeartRateBpm><Value>110</Value></HeartRateBpm></Trackpoint>
<Trackpoint><Time>2024-07-19T00:16:15Z</Time><Position><LatitudeDegrees>30.52077089</LatitudeDegrees><LongitudeDegrees>104.04844904</LongitudeDegrees></Position><AltitudeMeters>422</AltitudeMeters><HeartRateBpm><Value>111</Value></HeartRateBpm></Trackpoint>
<Trackpoint><Time>2024-07-19T00:16:16Z</Time><Position><LatitudeDegrees>30.52080756</LatitudeDegrees><LongitudeDegrees>104.04843071</LongitudeDegrees></Position><AltitudeMeters>421</AltitudeMeters><HeartRateBpm><Value>111</Value></HeartRateBpm></Trackpoint>
<Trackpoint><Time>2024-07-19T00:16:18Z</Time><Position><LatitudeDegrees>30.52080855</LatitudeDegrees><LongitudeDegrees>104.04842904</LongitudeDegrees></Position><AltitudeMeters>421</AltitudeMeters><HeartRateBpm><Value>111</Value></HeartRateBpm></Trackpoint>
<Trackpoint><Time>2024-07-19T00:16:19Z</Time><Position><LatitudeDegrees>30.52080789</LatitudeDegrees><LongitudeDegrees>104.04842338</LongitudeDegrees></Position><AltitudeMeters>421</AltitudeMeters><HeartRateBpm><Value>111</Value></HeartRateBpm></Trackpoint>
<Trackpoint><Time>2024-07-19T00:16:21Z</Time><Position><LatitudeDegrees>30.52081288</LatitudeDegrees><LongitudeDegrees>104.04840238</LongitudeDegrees></Position><AltitudeMeters>421</AltitudeMeters><HeartRateBpm><Value>110</Value></HeartRateBpm></Trackpoint>
<Trackpoint><Time>2024-07-19T00:16:22Z</Time><Position><LatitudeDegrees>30.52081455</LatitudeDegrees><LongitudeDegrees>104.04840405</LongitudeDegrees></Position><AltitudeMeters>420</AltitudeMeters><HeartRateBpm><Value>109</Value></HeartRateBpm></Trackpoint>
</Track></Lap>
<Creator xsi:type="Device_t"><Name>Huami Amazfit Bip with barometer</Name><UnitId>0</UnitId><ProductID>0</ProductID><Version><VersionMajor>1</VersionMajor><VersionMinor>2</VersionMinor><BuildMajor>15</BuildMajor><BuildMinor>0</BuildMinor></Version></Creator>
</Activity>
</Activities>
</TrainingCenterDatabase>
