<?xml version="1.0" encoding="UTF-8" standalone="no" ?>
<TrainingCenterDatabase xmlns="http://www.garmin.com/xmlschemas/TrainingCenterDatabase/v2" xmlns:xsi="http://www.w3.org/2001/XMLSchema-instance" xsi:schemaLocation="http://www.garmin.com/xmlschemas/TrainingCenterDatabase/v2 http://www.garmin.com/xmlschemas/TrainingCenterDatabasev2.xsd">
  <Activities>
    <Activity Sport="Other">
      <Id>2024-09-21T13:41:29Z</Id>
      <Notes>核心训练</Notes>
      <Lap StartTime="2024-09-21T13:41:29Z">
        <TotalTimeSeconds>1837</TotalTimeSeconds>
        <DistanceMeters>30</DistanceMeters>
        <Calories>172</Calories>
        <AverageHeartRateBpm>
          <Value>100</Value>
        </AverageHeartRateBpm>
        <MaximumHeartRateBpm>
          <Value>127</Value>
        </MaximumHeartRateBpm>
        <Intensity>Active</Intensity>
        <TriggerMethod>Manual</TriggerMethod>
	  <Track>
        <Trackpoint>
          <Time>2024-09-21T13:41:30Z</Time>
          <DistanceMeters>0.0</DistanceMeters>
          <HeartRateBpm>
            <Value>83</Value>
          </HeartRateBpm>
          <SensorState>Absent</SensorState>
        </Trackpoint>
        <Trackpoint>
          <Time>2024-09-21T13:41:33Z</Time>
          <DistanceMeters>0.0</DistanceMeters>
          <HeartRateBpm>
            <Value>82</Value>
          </HeartRateBpm>
          <SensorState>Absent</SensorState>
        </Trackpoint>
        <Trackpoint>
          <Time>2024-09-21T13:41:35Z</Time>
          <DistanceMeters>0.0</DistanceMeters>
          <HeartRateBpm>
            <Value>81</Value>
          </HeartRateBpm>
          <SensorState>Absent</SensorState>
        </Trackpoint>
        <Trackpoint>
          <Time>2024-09-21T13:41:36Z</Time>
          <DistanceMeters>0.0</DistanceMeters>
          <HeartRateBpm>
            <Value>81</Value>
          </HeartRateBpm>
          <SensorState>Absent</SensorState>
        </Trackpoint>
        <Trackpoint>
          <Time>2024-09-21T13:41:41Z</Time>
          <DistanceMeters>0.0</DistanceMeters>
          <HeartRateBpm>
            <Value>81</Value>
          </HeartRateBpm>
          <SensorState>Absent</SensorState>
        </Trackpoint>
        <Trackpoint>
          <Time>2024-09-21T13:41:43Z</Time>
          <DistanceMeters>0.0</DistanceMeters>
          <HeartRateBpm>
            <Value>82</Value>
          </HeartRateBpm>
          <SensorState>Absent</SensorState>
        </Trackpoint>
        <Trackpoint>
          <Time>2024-09-21T13:41:47Z</Time>
          <DistanceMeters>0.0</DistanceMeters>
          <HeartRateBpm>
            <Value>83</Value>
          </HeartRateBpm>
          <SensorState>Absent</SensorState>
        </Trackpoint>
        <Trackpoint>
          <Time>2024-09-21T13:41:49Z</Time>
          <DistanceMeters>0.0</DistanceMeters>
          <HeartRateBpm>
            <Value>82</Value>
          </HeartRateBpm>
          <SensorState>Absent</SensorState>
        </Trackpoint>
        <Trackpoint>
          <Time>2024-09-21T13:41:50Z</Time>
          <DistanceMeters>0.0</DistanceMeters>
          <HeartRateBpm>
            <Value>83</Value>
          </HeartRateBpm>
          <SensorState>Absent</SensorState>
        </Trackpoint>
        <Trackpoint>
          <Time>2024-09-21T13:41:52Z</Time>
          <DistanceMeters>0.0</DistanceMeters>
          <HeartRateBpm>
            <Value>85</Value>
          </HeartRateBpm>
          <SensorState>Absent</SensorState>
        </Trackpoint>
        <Trackpoint>
          <Time>2024-09-21T13:41:54Z</Time>
          <DistanceMeters>0.0</DistanceMeters>
          <HeartRateBpm>
            <Value>86</Value>
          </HeartRateBpm>
          <SensorState>Absent</SensorState>
        </Trackpoint>
        <Trackpoint>
          <Time>2024-09-21T13:41:56Z</Time>
          <DistanceMeters>0.0</DistanceMeters>
          <HeartRateBpm>
            <Value>87</Value>
          </HeartRateBpm>
          <SensorState>Absent</SensorState>
        </Trackpoint>
        <Trackpoint>
          <Time>2024-09-21T13:41:56Z</Time>
          <DistanceMeters>0.0</DistanceMeters>
          <HeartRateBpm>
            <Value>87</Value>
          </HeartRateBpm>
          <SensorState>Absent</SensorState>
        </Trackpoint>
        <Trackpoint>
          <Time>2024-09-21T13:42:00Z</Time>
          <DistanceMeters>0.0</DistanceMeters>
          <HeartRateBpm>
            <Value>91</Value>
          </HeartRateBpm>
          <SensorState>Absent</SensorState>
        </Trackpoint>
        <Trackpoint>
          <Time>2024-09-21T13:42:01Z</Time>
          <DistanceMeters>0.0</DistanceMeters>
          <HeartRateBpm>
            <Value>87</Value>
          </HeartRateBpm>
          <SensorState>Absent</SensorState>
        </Trackpoint>
        <Trackpoint>
          <Time>2024-09-21T13:42:06Z</Time>
          <DistanceMeters>0.0</DistanceMeters>
          <HeartRateBpm>
            <Value>87</Value>
          </HeartRateBpm>
          <SensorState>Absent</SensorState>
        </Trackpoint>
        <Trackpoint>
          <Time>2024-09-21T13:42:08Z</Time>
          <DistanceMeters>0.0</DistanceMeters>
          <HeartRateBpm>
            <Value>89</Value>
          </HeartRateBpm>
          <SensorState>Absent</SensorState>
        </Trackpoint>
        <Trackpoint>
          <Time>2024-09-21T13:42:10Z</Time>
          <DistanceMeters>0.0</DistanceMeters>
          <HeartRateBpm>
            <Value>90</Value>
          </HeartRateBpm>
          <SensorState>Absent</SensorState>
        </Trackpoint>
        <Trackpoint>
          <Time>2024-09-21T13:42:11Z</Time>
          <DistanceMeters>0.0</DistanceMeters>
          <HeartRateBpm>
            <Value>91</Value>
          </HeartRateBpm>
          <SensorState>Absent</SensorState>
        </Trackpoint>
        <Trackpoint>
          <Time>2024-09-21T13:42:13Z</Time>
          <DistanceMeters>0.0</DistanceMeters>
          <HeartRateBpm>
            <Value>93</Value>
          </HeartRateBpm>
          <SensorState>Absent</SensorState>
        </Trackpoint>
        <Trackpoint>
          <Time>2024-09-21T13:42:14Z</Time>
          <DistanceMeters>0.0</DistanceMeters>
          <HeartRateBpm>
            <Value>93</Value>
          </HeartRateBpm>
          <SensorState>Absent</SensorState>
        </Trackpoint>
        <Trackpoint>
          <Time>2024-09-21T13:42:19Z</Time>
          <DistanceMeters>0.0</DistanceMeters>
          <HeartRateBpm>
            <Value>93</Value>
          </HeartRateBpm>
          <SensorState>Absent</SensorState>
        </Trackpoint>
        <Trackpoint>
          <Time>2024-09-21T13:42:23Z</Time>
          <DistanceMeters>0.0</DistanceMeters>
          <HeartRateBpm>
            <Value>94</Value>
          </HeartRateBpm>
          <SensorState>Absent</SensorState>
        </Trackpoint>
        <Trackpoint>
          <Time>2024-09-21T13:42:25Z</Time>
          <DistanceMeters>0.0</DistanceMeters>
          <HeartRateBpm>
            <Value>95</Value>
          </HeartRateBpm>
          <SensorState>Absent</SensorState>
        </Trackpoint>
        <Trackpoint>
          <Time>2024-09-21T13:42:30Z</Time>
          <DistanceMeters>1.0</DistanceMeters>
          <HeartRateBpm>
            <Value>94</Value>
          </HeartRateBpm>
          <SensorState>Absent</SensorState>
        </Trackpoint>
        <Trackpoint>
          <Time>2024-09-21T13:42:33Z</Time>
          <DistanceMeters>1.0</DistanceMeters>
          <HeartRateBpm>
            <Value>93</Value>
          </HeartRateBpm>
          <SensorState>Absent</SensorState>
        </Trackpoint>
        <Trackpoint>
          <Time>2024-09-21T13:42:38Z</Time>
          <DistanceMeters>1.0</DistanceMeters>
          <HeartRateBpm>
            <Value>92</Value>
          </HeartRateBpm>
          <SensorState>Absent</SensorState>
        </Trackpoint>
        <Trackpoint>
          <Time>2024-09-21T13:42:41Z</Time>
          <DistanceMeters>1.0</DistanceMeters>
          <HeartRateBpm>
            <Value>93</Value>
          </HeartRateBpm>
          <SensorState>Absent</SensorState>
        </Trackpoint>
        <Trackpoint>
          <Time>2024-09-21T13:42:42Z</Time>
          <DistanceMeters>1.0</DistanceMeters>
          <HeartRateBpm>
            <Value>94</Value>
          </HeartRateBpm>
          <SensorState>Absent</SensorState>
        </Trackpoint>
        <Trackpoint>
          <Time>2024-09-21T13:42:43Z</Time>
          <DistanceMeters>1.0</DistanceMeters>
          <HeartRateBpm>
            <Value>95</Value>
          </HeartRateBpm>
          <SensorState>Absent</SensorState>
        </Trackpoint>
        <Trackpoint>
          <Time>2024-09-21T13:42:45Z</Time>
          <DistanceMeters>1.0</DistanceMeters>
          <HeartRateBpm>
            <Value>96</Value>
          </HeartRateBpm>
          <SensorState>Absent</SensorState>
        </Trackpoint>
        <Trackpoint>
          <Time>2024-09-21T13:42:46Z</Time>
          <DistanceMeters>1.0</DistanceMeters>
          <HeartRateBpm>
            <Value>95</Value>
          </HeartRateBpm>
          <SensorState>Absent</SensorState>
        </Trackpoint>
        <Trackpoint>
          <Time>2024-09-21T13:42:47Z</Time>
          <DistanceMeters>1.0</DistanceMeters>
          <HeartRateBpm>
            <Value>93</Value>
          </HeartRateBpm>
          <SensorState>Absent</SensorState>
        </Trackpoint>
        <Trackpoint>
          <Time>2024-09-21T13:42:49Z</Time>
          <DistanceMeters>1.0</DistanceMeters>
          <HeartRateBpm>
            <Value>91</Value>
          </HeartRateBpm>
          <SensorState>Absent</SensorState>
        </Trackpoint>
        <Trackpoint>
          <Time>2024-09-21T13:42:50Z</Time>
          <DistanceMeters>1.0</DistanceMeters>
          <HeartRateBpm>
            <Value>92</Value>
          </HeartRateBpm>
          <SensorState>Absent</SensorState>
        </Trackpoint>
        <Trackpoint>
          <Time>2024-09-21T13:42:51Z</Time>
          <DistanceMeters>1.0</DistanceMeters>
          <HeartRateBpm>
            <Value>93</Value>
          </HeartRateBpm>
          <SensorState>Absent</SensorState>
        </Trackpoint>
        <Trackpoint>
          <Time>2024-09-21T13:42:53Z</Time>
          <DistanceMeters>1.0</DistanceMeters>
          <HeartRateBpm>
            <Value>97</Value>
          </HeartRateBpm>
          <SensorState>Absent</SensorState>
        </Trackpoint>
        <Trackpoint>
          <Time>2024-09-21T13:42:54Z</Time>
          <DistanceMeters>1.0</DistanceMeters>
          <HeartRateBpm>
            <Value>98</Value>
          </HeartRateBpm>
          <SensorState>Absent</SensorState>
        </Trackpoint>
        <Trackpoint>
          <Time>2024-09-21T13:42:55Z</Time>
          <DistanceMeters>1.0</DistanceMeters>
          <HeartRateBpm>
            <Value>99</Value>
          </HeartRateBpm>
          <SensorState>Absent</SensorState>
        </Trackpoint>
        <Trackpoint>
          <Time>2024-09-21T13:42:56Z</Time>
          <DistanceMeters>1.0</DistanceMeters>
          <HeartRateBpm>
            <Value>99</Value>
          </HeartRateBpm>
          <SensorState>Absent</SensorState>
        </Trackpoint>
        <Trackpoint>
          <Time>2024-09-21T13:42:56Z</Time>
          <DistanceMeters>1.0</DistanceMeters>
          <HeartRateBpm>
            <Value>98</Value>
          </HeartRateBpm>
          <SensorState>Absent</SensorState>
        </Trackpoint>
        <Trackpoint>
          <Time>2024-09-21T13:42:58Z</Time>
          <DistanceMeters>1.0</DistanceMeters>
          <HeartRateBpm>
            <Value>97</Value>
          </HeartRateBpm>
          <SensorState>Absent</SensorState>
        </Trackpoint>
        <Trackpoint>
          <Time>2024-09-21T13:42:59Z</Time>
          <DistanceMeters>1.0</DistanceMeters>
          <HeartRateBpm>
            <Value>95</Value>
          </HeartRateBpm>
          <SensorState>Absent</SensorState>
        </Trackpoint>
        <Trackpoint>
          <Time>2024-09-21T13:43:00Z</Time>
          <DistanceMeters>1.0</DistanceMeters>
          <HeartRateBpm>
            <Value>94</Value>
          </HeartRateBpm>
          <SensorState>Absent</SensorState>
        </Trackpoint>
        <Trackpoint>
          <Time>2024-09-21T13:43:01Z</Time>
          <DistanceMeters>1.0</DistanceMeters>
          <HeartRateBpm>
            <Value>94</Value>
          </HeartRateBpm>
          <SensorState>Absent</SensorState>
        </Trackpoint>
        <Trackpoint>
          <Time>2024-09-21T13:43:03Z</Time>
          <DistanceMeters>1.0</DistanceMeters>
          <HeartRateBpm>
            <Value>93</Value>
          </HeartRateBpm>
          <SensorState>Absent</SensorState>
        </Trackpoint>
        <Trackpoint>
          <Time>2024-09-21T13:43:04Z</Time>
          <DistanceMeters>1.0</DistanceMeters>
          <HeartRateBpm>
            <Value>93</Value>
          </HeartRateBpm>
          <SensorState>Absent</SensorState>
        </Trackpoint>
        <Trackpoint>
          <Time>2024-09-21T13:43:07Z</Time>
          <DistanceMeters>1.0</DistanceMeters>
          <HeartRateBpm>
            <Value>92</Value>
          </HeartRateBpm>
          <SensorState>Absent</SensorState>
        </Trackpoint>
        <Trackpoint>
          <Time>2024-09-21T13:43:12Z</Time>
          <DistanceMeters>1.0</DistanceMeters>
          <HeartRateBpm>
            <Value>92</Value>
          </HeartRateBpm>
          <SensorState>Absent</SensorState>
        </Trackpoint>
        <Trackpoint>
          <Time>2024-09-21T13:43:13Z</Time>
          <DistanceMeters>1.0</DistanceMeters>
          <HeartRateBpm>
            <Value>91</Value>
          </HeartRateBpm>
          <SensorState>Absent</SensorState>
        </Trackpoint>
        <Trackpoint>
          <Time>2024-09-21T13:43:15Z</Time>
          <DistanceMeters>1.0</DistanceMeters>
          <HeartRateBpm>
            <Value>92</Value>
          </HeartRateBpm>
          <SensorState>Absent</SensorState>
        </Trackpoint>
        <Trackpoint>
          <Time>2024-09-21T13:43:16Z</Time>
          <DistanceMeters>1.0</DistanceMeters>
          <HeartRateBpm>
            <Value>93</Value>
          </HeartRateBpm>
          <SensorState>Absent</SensorState>
        </Trackpoint>
        <Trackpoint>
          <Time>2024-09-21T13:43:17Z</Time>
          <DistanceMeters>1.0</DistanceMeters>
          <HeartRateBpm>
            <Value>94</Value>
          </HeartRateBpm>
          <SensorState>Absent</SensorState>
        </Trackpoint>
        <Trackpoint>
          <Time>2024-09-21T13:43:18Z</Time>
          <DistanceMeters>1.0</DistanceMeters>
          <HeartRateBpm>
            <Value>95</Value>
          </HeartRateBpm>
          <SensorState>Absent</SensorState>
        </Trackpoint>
        <Trackpoint>
          <Time>2024-09-21T13:43:20Z</Time>
          <DistanceMeters>1.0</DistanceMeters>
          <HeartRateBpm>
            <Value>96</Value>
          </HeartRateBpm>
          <SensorState>Absent</SensorState>
        </Trackpoint>
        <Trackpoint>
          <Time>2024-09-21T13:43:22Z</Time>
          <DistanceMeters>1.0</DistanceMeters>
          <HeartRateBpm>
            <Value>98</Value>
          </HeartRateBpm>
          <SensorState>Absent</SensorState>
        </Trackpoint>
        <Trackpoint>
          <Time>2024-09-21T13:43:27Z</Time>
          <DistanceMeters>1.0</DistanceMeters>
          <HeartRateBpm>
            <Value>98</Value>
          </HeartRateBpm>
          <SensorState>Absent</SensorState>
        </Trackpoint>
        <Trackpoint>
          <Time>2024-09-21T13:43:33Z</Time>
          <DistanceMeters>2.0</DistanceMeters>
          <HeartRateBpm>
            <Value>99</Value>
          </HeartRateBpm>
          <SensorState>Absent</SensorState>
        </Trackpoint>
        <Trackpoint>
          <Time>2024-09-21T13:43:34Z</Time>
          <DistanceMeters>2.0</DistanceMeters>
          <HeartRateBpm>
            <Value>99</Value>
          </HeartRateBpm>
          <SensorState>Absent</SensorState>
        </Trackpoint>
        <Trackpoint>
          <Time>2024-09-21T13:43:35Z</Time>
          <DistanceMeters>2.0</DistanceMeters>
          <HeartRateBpm>
            <Value>100</Value>
          </HeartRateBpm>
          <SensorState>Absent</SensorState>
        </Trackpoint>
        <Trackpoint>
          <Time>2024-09-21T13:43:37Z</Time>
          <DistanceMeters>2.0</DistanceMeters>
          <HeartRateBpm>
            <Value>101</Value>
          </HeartRateBpm>
          <SensorState>Absent</SensorState>
        </Trackpoint>
        <Trackpoint>
          <Time>2024-09-21T13:43:42Z</Time>
          <DistanceMeters>2.0</DistanceMeters>
          <HeartRateBpm>
            <Value>101</Value>
          </HeartRateBpm>
          <SensorState>Absent</SensorState>
        </Trackpoint>
        <Trackpoint>
          <Time>2024-09-21T13:43:47Z</Time>
          <DistanceMeters>2.0</DistanceMeters>
          <HeartRateBpm>
            <Value>101</Value>
          </HeartRateBpm>
          <SensorState>Absent</SensorState>
        </Trackpoint>
        <Trackpoint>
          <Time>2024-09-21T13:43:48Z</Time>
          <DistanceMeters>2.0</DistanceMeters>
          <HeartRateBpm>
            <Value>100</Value>
          </HeartRateBpm>
          <SensorState>Absent</SensorState>
        </Trackpoint>
        <Trackpoint>
          <Time>2024-09-21T13:43:49Z</Time>
          <DistanceMeters>2.0</DistanceMeters>
          <HeartRateBpm>
            <Value>98</Value>
          </HeartRateBpm>
          <SensorState>Absent</SensorState>
        </Trackpoint>
        <Trackpoint>
          <Time>2024-09-21T13:43:51Z</Time>
          <DistanceMeters>2.0</DistanceMeters>
          <HeartRateBpm>
            <Value>97</Value>
          </HeartRateBpm>
          <SensorState>Absent</SensorState>
        </Trackpoint>
        <Trackpoint>
          <Time>2024-09-21T13:43:52Z</Time>
          <DistanceMeters>2.0</DistanceMeters>
          <HeartRateBpm>
            <Value>95</Value>
          </HeartRateBpm>
          <SensorState>Absent</SensorState>
        </Trackpoint>
        <Trackpoint>
          <Time>2024-09-21T13:43:53Z</Time>
          <DistanceMeters>2.0</DistanceMeters>
          <HeartRateBpm>
            <Value>91</Value>
          </HeartRateBpm>
          <SensorState>Absent</SensorState>
        </Trackpoint>
        <Trackpoint>
          <Time>2024-09-21T13:43:54Z</Time>
          <DistanceMeters>2.0</DistanceMeters>
          <HeartRateBpm>
            <Value>91</Value>
          </HeartRateBpm>
          <SensorState>Absent</SensorState>
        </Trackpoint>
        <Trackpoint>
          <Time>2024-09-21T13:43:55Z</Time>
          <DistanceMeters>2.0</DistanceMeters>
          <HeartRateBpm>
            <Value>89</Value>
          </HeartRateBpm>
          <SensorState>Absent</SensorState>
        </Trackpoint>
        <Trackpoint>
          <Time>2024-09-21T13:43:56Z</Time>
          <DistanceMeters>2.0</DistanceMeters>
          <HeartRateBpm>
            <Value>88</Value>
          </HeartRateBpm>
          <SensorState>Absent</SensorState>
        </Trackpoint>
        <Trackpoint>
          <Time>2024-09-21T13:43:57Z</Time>
          <DistanceMeters>2.0</DistanceMeters>
          <HeartRateBpm>
            <Value>86</Value>
          </HeartRateBpm>
          <SensorState>Absent</SensorState>
        </Trackpoint>
        <Trackpoint>
          <Time>2024-09-21T13:44:00Z</Time>
          <DistanceMeters>2.0</DistanceMeters>
          <HeartRateBpm>
            <Value>92</Value>
          </HeartRateBpm>
          <SensorState>Absent</SensorState>
        </Trackpoint>
        <Trackpoint>
          <Time>2024-09-21T13:44:00Z</Time>
          <DistanceMeters>2.0</DistanceMeters>
          <HeartRateBpm>
            <Value>85</Value>
          </HeartRateBpm>
          <SensorState>Absent</SensorState>
        </Trackpoint>
        <Trackpoint>
          <Time>2024-09-21T13:44:00Z</Time>
          <DistanceMeters>2.0</DistanceMeters>
          <HeartRateBpm>
            <Value>85</Value>
          </HeartRateBpm>
          <SensorState>Absent</SensorState>
        </Trackpoint>
        <Trackpoint>
          <Time>2024-09-21T13:44:03Z</Time>
          <DistanceMeters>2.0</DistanceMeters>
          <HeartRateBpm>
            <Value>86</Value>
          </HeartRateBpm>
          <SensorState>Absent</SensorState>
        </Trackpoint>
        <Trackpoint>
          <Time>2024-09-21T13:44:08Z</Time>
          <DistanceMeters>2.0</DistanceMeters>
          <HeartRateBpm>
            <Value>87</Value>
          </HeartRateBpm>
          <SensorState>Absent</SensorState>
        </Trackpoint>
        <Trackpoint>
          <Time>2024-09-21T13:44:13Z</Time>
          <DistanceMeters>2.0</DistanceMeters>
          <HeartRateBpm>
            <Value>87</Value>
          </HeartRateBpm>
          <SensorState>Absent</SensorState>
        </Trackpoint>
        <Trackpoint>
          <Time>2024-09-21T13:44:15Z</Time>
          <DistanceMeters>2.0</DistanceMeters>
          <HeartRateBpm>
            <Value>89</Value>
          </HeartRateBpm>
          <SensorState>Absent</SensorState>
        </Trackpoint>
        <Trackpoint>
          <Time>2024-09-21T13:44:21Z</Time>
          <DistanceMeters>2.0</DistanceMeters>
          <HeartRateBpm>
            <Value>89</Value>
          </HeartRateBpm>
          <SensorState>Absent</SensorState>
        </Trackpoint>
        <Trackpoint>
          <Time>2024-09-21T13:44:22Z</Time>
          <DistanceMeters>2.0</DistanceMeters>
          <HeartRateBpm>
            <Value>90</Value>
          </HeartRateBpm>
          <SensorState>Absent</SensorState>
        </Trackpoint>
        <Trackpoint>
          <Time>2024-09-21T13:44:27Z</Time>
          <DistanceMeters>2.0</DistanceMeters>
          <HeartRateBpm>
            <Value>89</Value>
          </HeartRateBpm>
          <SensorState>Absent</SensorState>
        </Trackpoint>
        <Trackpoint>
          <Time>2024-09-21T13:44:28Z</Time>
          <DistanceMeters>2.0</DistanceMeters>
          <HeartRateBpm>
            <Value>91</Value>
          </HeartRateBpm>
          <SensorState>Absent</SensorState>
        </Trackpoint>
        <Trackpoint>
          <Time>2024-09-21T13:44:29Z</Time>
          <DistanceMeters>3.0</DistanceMeters>
          <HeartRateBpm>
            <Value>91</Value>
          </HeartRateBpm>
          <SensorState>Absent</SensorState>
        </Trackpoint>
        <Trackpoint>
          <Time>2024-09-21T13:44:33Z</Time>
          <DistanceMeters>3.0</DistanceMeters>
          <HeartRateBpm>
            <Value>91</Value>
          </HeartRateBpm>
          <SensorState>Absent</SensorState>
        </Trackpoint>
        <Trackpoint>
          <Time>2024-09-21T13:44:37Z</Time>
          <DistanceMeters>3.0</DistanceMeters>
          <HeartRateBpm>
            <Value>90</Value>
          </HeartRateBpm>
          <SensorState>Absent</SensorState>
        </Trackpoint>
        <Trackpoint>
          <Time>2024-09-21T13:44:39Z</Time>
          <DistanceMeters>3.0</DistanceMeters>
          <HeartRateBpm>
            <Value>91</Value>
          </HeartRateBpm>
          <SensorState>Absent</SensorState>
        </Trackpoint>
        <Trackpoint>
          <Time>2024-09-21T13:44:40Z</Time>
          <DistanceMeters>3.0</DistanceMeters>
          <HeartRateBpm>
            <Value>93</Value>
          </HeartRateBpm>
          <SensorState>Absent</SensorState>
        </Trackpoint>
        <Trackpoint>
          <Time>2024-09-21T13:44:41Z</Time>
          <DistanceMeters>3.0</DistanceMeters>
          <HeartRateBpm>
            <Value>95</Value>
          </HeartRateBpm>
          <SensorState>Absent</SensorState>
        </Trackpoint>
        <Trackpoint>
          <Time>2024-09-21T13:44:43Z</Time>
          <DistanceMeters>3.0</DistanceMeters>
          <HeartRateBpm>
            <Value>96</Value>
          </HeartRateBpm>
          <SensorState>Absent</SensorState>
        </Trackpoint>
        <Trackpoint>
          <Time>2024-09-21T13:44:44Z</Time>
          <DistanceMeters>3.0</DistanceMeters>
          <HeartRateBpm>
            <Value>97</Value>
          </HeartRateBpm>
          <SensorState>Absent</SensorState>
        </Trackpoint>
        <Trackpoint>
          <Time>2024-09-21T13:44:44Z</Time>
          <DistanceMeters>3.0</DistanceMeters>
          <HeartRateBpm>
            <Value>97</Value>
          </HeartRateBpm>
          <SensorState>Absent</SensorState>
        </Trackpoint>
        <Trackpoint>
          <Time>2024-09-21T13:44:49Z</Time>
          <DistanceMeters>3.0</DistanceMeters>
          <HeartRateBpm>
            <Value>98</Value>
          </HeartRateBpm>
          <SensorState>Absent</SensorState>
        </Trackpoint>
        <Trackpoint>
          <Time>2024-09-21T13:44:55Z</Time>
          <DistanceMeters>3.0</DistanceMeters>
          <HeartRateBpm>
            <Value>98</Value>
          </HeartRateBpm>
          <SensorState>Absent</SensorState>
        </Trackpoint>
        <Trackpoint>
          <Time>2024-09-21T13:44:58Z</Time>
          <DistanceMeters>3.0</DistanceMeters>
          <HeartRateBpm>
            <Value>99</Value>
          </HeartRateBpm>
          <SensorState>Absent</SensorState>
        </Trackpoint>
        <Trackpoint>
          <Time>2024-09-21T13:44:59Z</Time>
          <DistanceMeters>3.0</DistanceMeters>
          <HeartRateBpm>
            <Value>100</Value>
          </HeartRateBpm>
          <SensorState>Absent</SensorState>
        </Trackpoint>
        <Trackpoint>
          <Time>2024-09-21T13:45:00Z</Time>
          <DistanceMeters>3.0</DistanceMeters>
          <HeartRateBpm>
            <Value>98</Value>
          </HeartRateBpm>
          <SensorState>Absent</SensorState>
        </Trackpoint>
        <Trackpoint>
          <Time>2024-09-21T13:45:03Z</Time>
          <DistanceMeters>3.0</DistanceMeters>
          <HeartRateBpm>
            <Value>101</Value>
          </HeartRateBpm>
          <SensorState>Absent</SensorState>
        </Trackpoint>
        <Trackpoint>
          <Time>2024-09-21T13:45:04Z</Time>
          <DistanceMeters>3.0</DistanceMeters>
          <HeartRateBpm>
            <Value>102</Value>
          </HeartRateBpm>
          <SensorState>Absent</SensorState>
        </Trackpoint>
        <Trackpoint>
          <Time>2024-09-21T13:45:08Z</Time>
          <DistanceMeters>3.0</DistanceMeters>
          <HeartRateBpm>
            <Value>104</Value>
          </HeartRateBpm>
          <SensorState>Absent</SensorState>
        </Trackpoint>
        <Trackpoint>
          <Time>2024-09-21T13:45:08Z</Time>
          <DistanceMeters>3.0</DistanceMeters>
          <HeartRateBpm>
            <Value>104</Value>
          </HeartRateBpm>
          <SensorState>Absent</SensorState>
        </Trackpoint>
        <Trackpoint>
          <Time>2024-09-21T13:45:14Z</Time>
          <DistanceMeters>3.0</DistanceMeters>
          <HeartRateBpm>
            <Value>103</Value>
          </HeartRateBpm>
          <SensorState>Absent</SensorState>
        </Trackpoint>
        <Trackpoint>
          <Time>2024-09-21T13:45:19Z</Time>
          <DistanceMeters>3.0</DistanceMeters>
          <HeartRateBpm>
            <Value>102</Value>
          </HeartRateBpm>
          <SensorState>Absent</SensorState>
        </Trackpoint>
        <Trackpoint>
          <Time>2024-09-21T13:45:20Z</Time>
          <DistanceMeters>3.0</DistanceMeters>
          <HeartRateBpm>
            <Value>101</Value>
          </HeartRateBpm>
          <SensorState>Absent</SensorState>
        </Trackpoint>
        <Trackpoint>
          <Time>2024-09-21T13:45:22Z</Time>
          <DistanceMeters>3.0</DistanceMeters>
          <HeartRateBpm>
            <Value>100</Value>
          </HeartRateBpm>
          <SensorState>Absent</SensorState>
        </Trackpoint>
        <Trackpoint>
          <Time>2024-09-21T13:45:28Z</Time>
          <DistanceMeters>3.0</DistanceMeters>
          <HeartRateBpm>
            <Value>101</Value>
          </HeartRateBpm>
          <SensorState>Absent</SensorState>
        </Trackpoint>
        <Trackpoint>
          <Time>2024-09-21T13:45:32Z</Time>
          <DistanceMeters>4.0</DistanceMeters>
          <HeartRateBpm>
            <Value>102</Value>
          </HeartRateBpm>
          <SensorState>Absent</SensorState>
        </Trackpoint>
        <Trackpoint>
          <Time>2024-09-21T13:45:37Z</Time>
          <DistanceMeters>4.0</DistanceMeters>
          <HeartRateBpm>
            <Value>102</Value>
          </HeartRateBpm>
          <SensorState>Absent</SensorState>
        </Trackpoint>
        <Trackpoint>
          <Time>2024-09-21T13:45:41Z</Time>
          <DistanceMeters>4.0</DistanceMeters>
          <HeartRateBpm>
            <Value>101</Value>
          </HeartRateBpm>
          <SensorState>Absent</SensorState>
        </Trackpoint>
        <Trackpoint>
          <Time>2024-09-21T13:45:42Z</Time>
          <DistanceMeters>4.0</DistanceMeters>
          <HeartRateBpm>
            <Value>100</Value>
          </HeartRateBpm>
          <SensorState>Absent</SensorState>
        </Trackpoint>
        <Trackpoint>
          <Time>2024-09-21T13:45:43Z</Time>
          <DistanceMeters>4.0</DistanceMeters>
          <HeartRateBpm>
            <Value>99</Value>
          </HeartRateBpm>
          <SensorState>Absent</SensorState>
        </Trackpoint>
        <Trackpoint>
          <Time>2024-09-21T13:45:44Z</Time>
          <DistanceMeters>4.0</DistanceMeters>
          <HeartRateBpm>
            <Value>98</Value>
          </HeartRateBpm>
          <SensorState>Absent</SensorState>
        </Trackpoint>
        <Trackpoint>
          <Time>2024-09-21T13:45:45Z</Time>
          <DistanceMeters>4.0</DistanceMeters>
          <HeartRateBpm>
            <Value>97</Value>
          </HeartRateBpm>
          <SensorState>Absent</SensorState>
        </Trackpoint>
        <Trackpoint>
          <Time>2024-09-21T13:45:47Z</Time>
          <DistanceMeters>4.0</DistanceMeters>
          <HeartRateBpm>
            <Value>96</Value>
          </HeartRateBpm>
          <SensorState>Absent</SensorState>
        </Trackpoint>
        <Trackpoint>
          <Time>2024-09-21T13:45:49Z</Time>
          <DistanceMeters>4.0</DistanceMeters>
          <HeartRateBpm>
            <Value>95</Value>
          </HeartRateBpm>
          <SensorState>Absent</SensorState>
        </Trackpoint>
        <Trackpoint>
          <Time>2024-09-21T13:45:53Z</Time>
          <DistanceMeters>4.0</DistanceMeters>
          <HeartRateBpm>
            <Value>97</Value>
          </HeartRateBpm>
          <SensorState>Absent</SensorState>
        </Trackpoint>
        <Trackpoint>
          <Time>2024-09-21T13:45:55Z</Time>
          <DistanceMeters>4.0</DistanceMeters>
          <HeartRateBpm>
            <Value>96</Value>
          </HeartRateBpm>
          <SensorState>Absent</SensorState>
        </Trackpoint>
        <Trackpoint>
          <Time>2024-09-21T13:46:00Z</Time>
          <DistanceMeters>4.0</DistanceMeters>
          <HeartRateBpm>
            <Value>109</Value>
          </HeartRateBpm>
          <SensorState>Absent</SensorState>
        </Trackpoint>
        <Trackpoint>
          <Time>2024-09-21T13:46:01Z</Time>
          <DistanceMeters>4.0</DistanceMeters>
          <HeartRateBpm>
            <Value>98</Value>
          </HeartRateBpm>
          <SensorState>Absent</SensorState>
        </Trackpoint>
        <Trackpoint>
          <Time>2024-09-21T13:46:04Z</Time>
          <DistanceMeters>4.0</DistanceMeters>
          <HeartRateBpm>
            <Value>99</Value>
          </HeartRateBpm>
          <SensorState>Absent</SensorState>
        </Trackpoint>
        <Trackpoint>
          <Time>2024-09-21T13:46:07Z</Time>
          <DistanceMeters>4.0</DistanceMeters>
          <HeartRateBpm>
            <Value>101</Value>
          </HeartRateBpm>
          <SensorState>Absent</SensorState>
        </Trackpoint>
        <Trackpoint>
          <Time>2024-09-21T13:46:08Z</Time>
          <DistanceMeters>4.0</DistanceMeters>
          <HeartRateBpm>
            <Value>104</Value>
          </HeartRateBpm>
          <SensorState>Absent</SensorState>
        </Trackpoint>
        <Trackpoint>
          <Time>2024-09-21T13:46:08Z</Time>
          <DistanceMeters>4.0</DistanceMeters>
          <HeartRateBpm>
            <Value>104</Value>
          </HeartRateBpm>
          <SensorState>Absent</SensorState>
        </Trackpoint>
        <Trackpoint>
          <Time>2024-09-21T13:46:09Z</Time>
          <DistanceMeters>4.0</DistanceMeters>
          <HeartRateBpm>
            <Value>105</Value>
          </HeartRateBpm>
          <SensorState>Absent</SensorState>
        </Trackpoint>
        <Trackpoint>
          <Time>2024-09-21T13:46:12Z</Time>
          <DistanceMeters>4.0</DistanceMeters>
          <HeartRateBpm>
            <Value>106</Value>
          </HeartRateBpm>
          <SensorState>Absent</SensorState>
        </Trackpoint>
        <Trackpoint>
          <Time>2024-09-21T13:46:13Z</Time>
          <DistanceMeters>4.0</DistanceMeters>
          <HeartRateBpm>
            <Value>109</Value>
          </HeartRateBpm>
          <SensorState>Absent</SensorState>
        </Trackpoint>
        <Trackpoint>
          <Time>2024-09-21T13:46:15Z</Time>
          <DistanceMeters>4.0</DistanceMeters>
          <HeartRateBpm>
            <Value>110</Value>
          </HeartRateBpm>
          <SensorState>Absent</SensorState>
        </Trackpoint>
        <Trackpoint>
          <Time>2024-09-21T13:46:16Z</Time>
          <DistanceMeters>4.0</DistanceMeters>
          <HeartRateBpm>
            <Value>110</Value>
          </HeartRateBpm>
          <SensorState>Absent</SensorState>
        </Trackpoint>
        <Trackpoint>
          <Time>2024-09-21T13:46:17Z</Time>
          <DistanceMeters>4.0</DistanceMeters>
          <HeartRateBpm>
            <Value>112</Value>
          </HeartRateBpm>
          <SensorState>Absent</SensorState>
        </Trackpoint>
        <Trackpoint>
          <Time>2024-09-21T13:46:19Z</Time>
          <DistanceMeters>4.0</DistanceMeters>
          <HeartRateBpm>
            <Value>116</Value>
          </HeartRateBpm>
          <SensorState>Absent</SensorState>
        </Trackpoint>
        <Trackpoint>
          <Time>2024-09-21T13:46:20Z</Time>
          <DistanceMeters>4.0</DistanceMeters>
          <HeartRateBpm>
            <Value>116</Value>
          </HeartRateBpm>
          <SensorState>Absent</SensorState>
        </Trackpoint>
        <Trackpoint>
          <Time>2024-09-21T13:46:20Z</Time>
          <DistanceMeters>4.0</DistanceMeters>
          <HeartRateBpm>
            <Value>119</Value>
          </HeartRateBpm>
          <SensorState>Absent</SensorState>
        </Trackpoint>
        <Trackpoint>
          <Time>2024-09-21T13:46:21Z</Time>
          <DistanceMeters>4.0</DistanceMeters>
          <HeartRateBpm>
            <Value>120</Value>
          </HeartRateBpm>
          <SensorState>Absent</SensorState>
        </Trackpoint>
        <Trackpoint>
          <Time>2024-09-21T13:46:23Z</Time>
          <DistanceMeters>4.0</DistanceMeters>
          <HeartRateBpm>
            <Value>121</Value>
          </HeartRateBpm>
          <SensorState>Absent</SensorState>
        </Trackpoint>
        <Trackpoint>
          <Time>2024-09-21T13:46:25Z</Time>
          <DistanceMeters>4.0</DistanceMeters>
          <HeartRateBpm>
            <Value>122</Value>
          </HeartRateBpm>
          <SensorState>Absent</SensorState>
        </Trackpoint>
        <Trackpoint>
          <Time>2024-09-21T13:46:26Z</Time>
          <DistanceMeters>4.0</DistanceMeters>
          <HeartRateBpm>
            <Value>122</Value>
          </HeartRateBpm>
          <SensorState>Absent</SensorState>
        </Trackpoint>
        <Trackpoint>
          <Time>2024-09-21T13:46:27Z</Time>
          <DistanceMeters>4.0</DistanceMeters>
          <HeartRateBpm>
            <Value>123</Value>
          </HeartRateBpm>
          <SensorState>Absent</SensorState>
        </Trackpoint>
        <Trackpoint>
          <Time>2024-09-21T13:46:28Z</Time>
          <DistanceMeters>4.0</DistanceMeters>
          <HeartRateBpm>
            <Value>124</Value>
          </HeartRateBpm>
          <SensorState>Absent</SensorState>
        </Trackpoint>
        <Trackpoint>
          <Time>2024-09-21T13:46:29Z</Time>
          <DistanceMeters>5.0</DistanceMeters>
          <HeartRateBpm>
            <Value>126</Value>
          </HeartRateBpm>
          <SensorState>Absent</SensorState>
        </Trackpoint>
        <Trackpoint>
          <Time>2024-09-21T13:46:30Z</Time>
          <DistanceMeters>5.0</DistanceMeters>
          <HeartRateBpm>
            <Value>127</Value>
          </HeartRateBpm>
          <SensorState>Absent</SensorState>
        </Trackpoint>
        <Trackpoint>
          <Time>2024-09-21T13:46:32Z</Time>
          <DistanceMeters>5.0</DistanceMeters>
          <HeartRateBpm>
            <Value>126</Value>
          </HeartRateBpm>
          <SensorState>Absent</SensorState>
        </Trackpoint>
        <Trackpoint>
          <Time>2024-09-21T13:46:33Z</Time>
          <DistanceMeters>5.0</DistanceMeters>
          <HeartRateBpm>
            <Value>125</Value>
          </HeartRateBpm>
          <SensorState>Absent</SensorState>
        </Trackpoint>
        <Trackpoint>
          <Time>2024-09-21T13:46:34Z</Time>
          <DistanceMeters>5.0</DistanceMeters>
          <HeartRateBpm>
            <Value>123</Value>
          </HeartRateBpm>
          <SensorState>Absent</SensorState>
        </Trackpoint>
        <Trackpoint>
          <Time>2024-09-21T13:46:35Z</Time>
          <DistanceMeters>5.0</DistanceMeters>
          <HeartRateBpm>
            <Value>119</Value>
          </HeartRateBpm>
          <SensorState>Absent</SensorState>
        </Trackpoint>
        <Trackpoint>
          <Time>2024-09-21T13:46:37Z</Time>
          <DistanceMeters>5.0</DistanceMeters>
          <HeartRateBpm>
            <Value>118</Value>
          </HeartRateBpm>
          <SensorState>Absent</SensorState>
        </Trackpoint>
        <Trackpoint>
          <Time>2024-09-21T13:46:38Z</Time>
          <DistanceMeters>5.0</DistanceMeters>
          <HeartRateBpm>
            <Value>117</Value>
          </HeartRateBpm>
          <SensorState>Absent</SensorState>
        </Trackpoint>
        <Trackpoint>
          <Time>2024-09-21T13:46:39Z</Time>
          <DistanceMeters>5.0</DistanceMeters>
          <HeartRateBpm>
            <Value>114</Value>
          </HeartRateBpm>
          <SensorState>Absent</SensorState>
        </Trackpoint>
        <Trackpoint>
          <Time>2024-09-21T13:46:40Z</Time>
          <DistanceMeters>5.0</DistanceMeters>
          <HeartRateBpm>
            <Value>114</Value>
          </HeartRateBpm>
          <SensorState>Absent</SensorState>
        </Trackpoint>
        <Trackpoint>
          <Time>2024-09-21T13:46:41Z</Time>
          <DistanceMeters>5.0</DistanceMeters>
          <HeartRateBpm>
            <Value>113</Value>
          </HeartRateBpm>
          <SensorState>Absent</SensorState>
        </Trackpoint>
        <Trackpoint>
          <Time>2024-09-21T13:46:42Z</Time>
          <DistanceMeters>5.0</DistanceMeters>
          <HeartRateBpm>
            <Value>112</Value>
          </HeartRateBpm>
          <SensorState>Absent</SensorState>
        </Trackpoint>
        <Trackpoint>
          <Time>2024-09-21T13:46:45Z</Time>
          <DistanceMeters>5.0</DistanceMeters>
          <HeartRateBpm>
            <Value>113</Value>
          </HeartRateBpm>
          <SensorState>Absent</SensorState>
        </Trackpoint>
        <Trackpoint>
          <Time>2024-09-21T13:46:46Z</Time>
          <DistanceMeters>5.0</DistanceMeters>
          <HeartRateBpm>
            <Value>112</Value>
          </HeartRateBpm>
          <SensorState>Absent</SensorState>
        </Trackpoint>
        <Trackpoint>
          <Time>2024-09-21T13:46:47Z</Time>
          <DistanceMeters>5.0</DistanceMeters>
          <HeartRateBpm>
            <Value>111</Value>
          </HeartRateBpm>
          <SensorState>Absent</SensorState>
        </Trackpoint>
        <Trackpoint>
          <Time>2024-09-21T13:46:49Z</Time>
          <DistanceMeters>5.0</DistanceMeters>
          <HeartRateBpm>
            <Value>113</Value>
          </HeartRateBpm>
          <SensorState>Absent</SensorState>
        </Trackpoint>
        <Trackpoint>
          <Time>2024-09-21T13:46:50Z</Time>
          <DistanceMeters>5.0</DistanceMeters>
          <HeartRateBpm>
            <Value>115</Value>
          </HeartRateBpm>
          <SensorState>Absent</SensorState>
        </Trackpoint>
        <Trackpoint>
          <Time>2024-09-21T13:46:51Z</Time>
          <DistanceMeters>5.0</DistanceMeters>
          <HeartRateBpm>
            <Value>116</Value>
          </HeartRateBpm>
          <SensorState>Absent</SensorState>
        </Trackpoint>
        <Trackpoint>
          <Time>2024-09-21T13:46:56Z</Time>
          <DistanceMeters>5.0</DistanceMeters>
          <HeartRateBpm>
            <Value>115</Value>
          </HeartRateBpm>
          <SensorState>Absent</SensorState>
        </Trackpoint>
        <Trackpoint>
          <Time>2024-09-21T13:46:57Z</Time>
          <DistanceMeters>5.0</DistanceMeters>
          <HeartRateBpm>
            <Value>116</Value>
          </HeartRateBpm>
          <SensorState>Absent</SensorState>
        </Trackpoint>
        <Trackpoint>
          <Time>2024-09-21T13:46:59Z</Time>
          <DistanceMeters>5.0</DistanceMeters>
          <HeartRateBpm>
            <Value>117</Value>
          </HeartRateBpm>
          <SensorState>Absent</SensorState>
        </Trackpoint>
        <Trackpoint>
          <Time>2024-09-21T13:47:00Z</Time>
          <DistanceMeters>5.0</DistanceMeters>
          <HeartRateBpm>
            <Value>116</Value>
          </HeartRateBpm>
          <SensorState>Absent</SensorState>
        </Trackpoint>
        <Trackpoint>
          <Time>2024-09-21T13:47:01Z</Time>
          <DistanceMeters>5.0</DistanceMeters>
          <HeartRateBpm>
            <Value>118</Value>
          </HeartRateBpm>
          <SensorState>Absent</SensorState>
        </Trackpoint>
        <Trackpoint>
          <Time>2024-09-21T13:47:04Z</Time>
          <DistanceMeters>5.0</DistanceMeters>
          <HeartRateBpm>
            <Value>117</Value>
          </HeartRateBpm>
          <SensorState>Absent</SensorState>
        </Trackpoint>
        <Trackpoint>
          <Time>2024-09-21T13:47:05Z</Time>
          <DistanceMeters>5.0</DistanceMeters>
          <HeartRateBpm>
            <Value>116</Value>
          </HeartRateBpm>
          <SensorState>Absent</SensorState>
        </Trackpoint>
        <Trackpoint>
          <Time>2024-09-21T13:47:11Z</Time>
          <DistanceMeters>5.0</DistanceMeters>
          <HeartRateBpm>
            <Value>115</Value>
          </HeartRateBpm>
          <SensorState>Absent</SensorState>
        </Trackpoint>
        <Trackpoint>
          <Time>2024-09-21T13:47:12Z</Time>
          <DistanceMeters>5.0</DistanceMeters>
          <HeartRateBpm>
            <Value>114</Value>
          </HeartRateBpm>
          <SensorState>Absent</SensorState>
        </Trackpoint>
        <Trackpoint>
          <Time>2024-09-21T13:47:15Z</Time>
          <DistanceMeters>5.0</DistanceMeters>
          <HeartRateBpm>
            <Value>116</Value>
          </HeartRateBpm>
          <SensorState>Absent</SensorState>
        </Trackpoint>
        <Trackpoint>
          <Time>2024-09-21T13:47:16Z</Time>
          <DistanceMeters>5.0</DistanceMeters>
          <HeartRateBpm>
            <Value>117</Value>
          </HeartRateBpm>
          <SensorState>Absent</SensorState>
        </Trackpoint>
        <Trackpoint>
          <Time>2024-09-21T13:47:21Z</Time>
          <DistanceMeters>5.0</DistanceMeters>
          <HeartRateBpm>
            <Value>118</Value>
          </HeartRateBpm>
          <SensorState>Absent</SensorState>
        </Trackpoint>
        <Trackpoint>
          <Time>2024-09-21T13:47:26Z</Time>
          <DistanceMeters>5.0</DistanceMeters>
          <HeartRateBpm>
            <Value>120</Value>
          </HeartRateBpm>
          <SensorState>Absent</SensorState>
        </Trackpoint>
        <Trackpoint>
          <Time>2024-09-21T13:47:26Z</Time>
          <DistanceMeters>5.0</DistanceMeters>
          <HeartRateBpm>
            <Value>120</Value>
          </HeartRateBpm>
          <SensorState>Absent</SensorState>
        </Trackpoint>
        <Trackpoint>
          <Time>2024-09-21T13:47:27Z</Time>
          <DistanceMeters>5.0</DistanceMeters>
          <HeartRateBpm>
            <Value>123</Value>
          </HeartRateBpm>
          <SensorState>Absent</SensorState>
        </Trackpoint>
        <Trackpoint>
          <Time>2024-09-21T13:47:33Z</Time>
          <DistanceMeters>6.0</DistanceMeters>
          <HeartRateBpm>
            <Value>122</Value>
          </HeartRateBpm>
          <SensorState>Absent</SensorState>
        </Trackpoint>
        <Trackpoint>
          <Time>2024-09-21T13:47:37Z</Time>
          <DistanceMeters>6.0</DistanceMeters>
          <HeartRateBpm>
            <Value>123</Value>
          </HeartRateBpm>
          <SensorState>Absent</SensorState>
        </Trackpoint>
        <Trackpoint>
          <Time>2024-09-21T13:47:39Z</Time>
          <DistanceMeters>6.0</DistanceMeters>
          <HeartRateBpm>
            <Value>124</Value>
          </HeartRateBpm>
          <SensorState>Absent</SensorState>
        </Trackpoint>
        <Trackpoint>
          <Time>2024-09-21T13:47:40Z</Time>
          <DistanceMeters>6.0</DistanceMeters>
          <HeartRateBpm>
            <Value>122</Value>
          </HeartRateBpm>
          <SensorState>Absent</SensorState>
        </Trackpoint>
        <Trackpoint>
          <Time>2024-09-21T13:47:42Z</Time>
          <DistanceMeters>6.0</DistanceMeters>
          <HeartRateBpm>
            <Value>121</Value>
          </HeartRateBpm>
          <SensorState>Absent</SensorState>
        </Trackpoint>
        <Trackpoint>
          <Time>2024-09-21T13:47:44Z</Time>
          <DistanceMeters>6.0</DistanceMeters>
          <HeartRateBpm>
            <Value>119</Value>
          </HeartRateBpm>
          <SensorState>Absent</SensorState>
        </Trackpoint>
        <Trackpoint>
          <Time>2024-09-21T13:47:48Z</Time>
          <DistanceMeters>6.0</DistanceMeters>
          <HeartRateBpm>
            <Value>118</Value>
          </HeartRateBpm>
          <SensorState>Absent</SensorState>
        </Trackpoint>
        <Trackpoint>
          <Time>2024-09-21T13:47:51Z</Time>
          <DistanceMeters>6.0</DistanceMeters>
          <HeartRateBpm>
            <Value>116</Value>
          </HeartRateBpm>
          <SensorState>Absent</SensorState>
        </Trackpoint>
        <Trackpoint>
          <Time>2024-09-21T13:47:56Z</Time>
          <DistanceMeters>6.0</DistanceMeters>
          <HeartRateBpm>
            <Value>116</Value>
          </HeartRateBpm>
          <SensorState>Absent</SensorState>
        </Trackpoint>
        <Trackpoint>
          <Time>2024-09-21T13:48:00Z</Time>
          <DistanceMeters>6.0</DistanceMeters>
          <HeartRateBpm>
            <Value>107</Value>
          </HeartRateBpm>
          <SensorState>Absent</SensorState>
        </Trackpoint>
        <Trackpoint>
          <Time>2024-09-21T13:48:01Z</Time>
          <DistanceMeters>6.0</DistanceMeters>
          <HeartRateBpm>
            <Value>117</Value>
          </HeartRateBpm>
          <SensorState>Absent</SensorState>
        </Trackpoint>
        <Trackpoint>
          <Time>2024-09-21T13:48:04Z</Time>
          <DistanceMeters>6.0</DistanceMeters>
          <HeartRateBpm>
            <Value>116</Value>
          </HeartRateBpm>
          <SensorState>Absent</SensorState>
        </Trackpoint>
        <Trackpoint>
          <Time>2024-09-21T13:48:05Z</Time>
          <DistanceMeters>6.0</DistanceMeters>
          <HeartRateBpm>
            <Value>115</Value>
          </HeartRateBpm>
          <SensorState>Absent</SensorState>
        </Trackpoint>
        <Trackpoint>
          <Time>2024-09-21T13:48:06Z</Time>
          <DistanceMeters>6.0</DistanceMeters>
          <HeartRateBpm>
            <Value>113</Value>
          </HeartRateBpm>
          <SensorState>Absent</SensorState>
        </Trackpoint>
        <Trackpoint>
          <Time>2024-09-21T13:48:06Z</Time>
          <DistanceMeters>6.0</DistanceMeters>
          <HeartRateBpm>
            <Value>113</Value>
          </HeartRateBpm>
          <SensorState>Absent</SensorState>
        </Trackpoint>
        <Trackpoint>
          <Time>2024-09-21T13:48:10Z</Time>
          <DistanceMeters>6.0</DistanceMeters>
          <HeartRateBpm>
            <Value>111</Value>
          </HeartRateBpm>
          <SensorState>Absent</SensorState>
        </Trackpoint>
        <Trackpoint>
          <Time>2024-09-21T13:48:11Z</Time>
          <DistanceMeters>6.0</DistanceMeters>
          <HeartRateBpm>
            <Value>107</Value>
          </HeartRateBpm>
          <SensorState>Absent</SensorState>
        </Trackpoint>
        <Trackpoint>
          <Time>2024-09-21T13:48:12Z</Time>
          <DistanceMeters>6.0</DistanceMeters>
          <HeartRateBpm>
            <Value>107</Value>
          </HeartRateBpm>
          <SensorState>Absent</SensorState>
        </Trackpoint>
        <Trackpoint>
          <Time>2024-09-21T13:48:13Z</Time>
          <DistanceMeters>6.0</DistanceMeters>
          <HeartRateBpm>
            <Value>105</Value>
          </HeartRateBpm>
          <SensorState>Absent</SensorState>
        </Trackpoint>
        <Trackpoint>
          <Time>2024-09-21T13:48:14Z</Time>
          <DistanceMeters>6.0</DistanceMeters>
          <HeartRateBpm>
            <Value>104</Value>
          </HeartRateBpm>
          <SensorState>Absent</SensorState>
        </Trackpoint>
        <Trackpoint>
          <Time>2024-09-21T13:48:15Z</Time>
          <DistanceMeters>6.0</DistanceMeters>
          <HeartRateBpm>
            <Value>101</Value>
          </HeartRateBpm>
          <SensorState>Absent</SensorState>
        </Trackpoint>
        <Trackpoint>
          <Time>2024-09-21T13:48:16Z</Time>
          <DistanceMeters>6.0</DistanceMeters>
          <HeartRateBpm>
            <Value>101</Value>
          </HeartRateBpm>
          <SensorState>Absent</SensorState>
        </Trackpoint>
        <Trackpoint>
          <Time>2024-09-21T13:48:18Z</Time>
          <DistanceMeters>6.0</DistanceMeters>
          <HeartRateBpm>
            <Value>100</Value>
          </HeartRateBpm>
          <SensorState>Absent</SensorState>
        </Trackpoint>
        <Trackpoint>
          <Time>2024-09-21T13:48:19Z</Time>
          <DistanceMeters>6.0</DistanceMeters>
          <HeartRateBpm>
            <Value>98</Value>
          </HeartRateBpm>
          <SensorState>Absent</SensorState>
        </Trackpoint>
        <Trackpoint>
          <Time>2024-09-21T13:48:23Z</Time>
          <DistanceMeters>6.0</DistanceMeters>
          <HeartRateBpm>
            <Value>99</Value>
          </HeartRateBpm>
          <SensorState>Absent</SensorState>
        </Trackpoint>
        <Trackpoint>
          <Time>2024-09-21T13:48:28Z</Time>
          <DistanceMeters>6.0</DistanceMeters>
          <HeartRateBpm>
            <Value>100</Value>
          </HeartRateBpm>
          <SensorState>Absent</SensorState>
        </Trackpoint>
        <Trackpoint>
          <Time>2024-09-21T13:48:33Z</Time>
          <DistanceMeters>7.0</DistanceMeters>
          <HeartRateBpm>
            <Value>100</Value>
          </HeartRateBpm>
          <SensorState>Absent</SensorState>
        </Trackpoint>
        <Trackpoint>
          <Time>2024-09-21T13:48:38Z</Time>
          <DistanceMeters>7.0</DistanceMeters>
          <HeartRateBpm>
            <Value>102</Value>
          </HeartRateBpm>
          <SensorState>Absent</SensorState>
        </Trackpoint>
        <Trackpoint>
          <Time>2024-09-21T13:48:44Z</Time>
          <DistanceMeters>7.0</DistanceMeters>
          <HeartRateBpm>
            <Value>102</Value>
          </HeartRateBpm>
          <SensorState>Absent</SensorState>
        </Trackpoint>
        <Trackpoint>
          <Time>2024-09-21T13:48:45Z</Time>
          <DistanceMeters>7.0</DistanceMeters>
          <HeartRateBpm>
            <Value>104</Value>
          </HeartRateBpm>
          <SensorState>Absent</SensorState>
        </Trackpoint>
        <Trackpoint>
          <Time>2024-09-21T13:48:46Z</Time>
          <DistanceMeters>7.0</DistanceMeters>
          <HeartRateBpm>
            <Value>105</Value>
          </HeartRateBpm>
          <SensorState>Absent</SensorState>
        </Trackpoint>
        <Trackpoint>
          <Time>2024-09-21T13:48:49Z</Time>
          <DistanceMeters>7.0</DistanceMeters>
          <HeartRateBpm>
            <Value>106</Value>
          </HeartRateBpm>
          <SensorState>Absent</SensorState>
        </Trackpoint>
        <Trackpoint>
          <Time>2024-09-21T13:48:52Z</Time>
          <DistanceMeters>7.0</DistanceMeters>
          <HeartRateBpm>
            <Value>105</Value>
          </HeartRateBpm>
          <SensorState>Absent</SensorState>
        </Trackpoint>
        <Trackpoint>
          <Time>2024-09-21T13:48:57Z</Time>
          <DistanceMeters>7.0</DistanceMeters>
          <HeartRateBpm>
            <Value>105</Value>
          </HeartRateBpm>
          <SensorState>Absent</SensorState>
        </Trackpoint>
        <Trackpoint>
          <Time>2024-09-21T13:49:00Z</Time>
          <DistanceMeters>7.0</DistanceMeters>
          <HeartRateBpm>
            <Value>104</Value>
          </HeartRateBpm>
          <SensorState>Absent</SensorState>
        </Trackpoint>
        <Trackpoint>
          <Time>2024-09-21T13:49:00Z</Time>
          <DistanceMeters>7.0</DistanceMeters>
          <HeartRateBpm>
            <Value>106</Value>
          </HeartRateBpm>
          <SensorState>Absent</SensorState>
        </Trackpoint>
        <Trackpoint>
          <Time>2024-09-21T13:49:02Z</Time>
          <DistanceMeters>7.0</DistanceMeters>
          <HeartRateBpm>
            <Value>107</Value>
          </HeartRateBpm>
          <SensorState>Absent</SensorState>
        </Trackpoint>
        <Trackpoint>
          <Time>2024-09-21T13:49:02Z</Time>
          <DistanceMeters>7.0</DistanceMeters>
          <HeartRateBpm>
            <Value>107</Value>
          </HeartRateBpm>
          <SensorState>Absent</SensorState>
        </Trackpoint>
        <Trackpoint>
          <Time>2024-09-21T13:49:03Z</Time>
          <DistanceMeters>7.0</DistanceMeters>
          <HeartRateBpm>
            <Value>105</Value>
          </HeartRateBpm>
          <SensorState>Absent</SensorState>
        </Trackpoint>
        <Trackpoint>
          <Time>2024-09-21T13:49:04Z</Time>
          <DistanceMeters>7.0</DistanceMeters>
          <HeartRateBpm>
            <Value>104</Value>
          </HeartRateBpm>
          <SensorState>Absent</SensorState>
        </Trackpoint>
        <Trackpoint>
          <Time>2024-09-21T13:49:06Z</Time>
          <DistanceMeters>7.0</DistanceMeters>
          <HeartRateBpm>
            <Value>103</Value>
          </HeartRateBpm>
          <SensorState>Absent</SensorState>
        </Trackpoint>
        <Trackpoint>
          <Time>2024-09-21T13:49:08Z</Time>
          <DistanceMeters>7.0</DistanceMeters>
          <HeartRateBpm>
            <Value>104</Value>
          </HeartRateBpm>
          <SensorState>Absent</SensorState>
        </Trackpoint>
        <Trackpoint>
          <Time>2024-09-21T13:49:10Z</Time>
          <DistanceMeters>7.0</DistanceMeters>
          <HeartRateBpm>
            <Value>103</Value>
          </HeartRateBpm>
          <SensorState>Absent</SensorState>
        </Trackpoint>
        <Trackpoint>
          <Time>2024-09-21T13:49:14Z</Time>
          <DistanceMeters>7.0</DistanceMeters>
          <HeartRateBpm>
            <Value>104</Value>
          </HeartRateBpm>
          <SensorState>Absent</SensorState>
        </Trackpoint>
        <Trackpoint>
          <Time>2024-09-21T13:49:15Z</Time>
          <DistanceMeters>7.0</DistanceMeters>
          <HeartRateBpm>
            <Value>103</Value>
          </HeartRateBpm>
          <SensorState>Absent</SensorState>
        </Trackpoint>
        <Trackpoint>
          <Time>2024-09-21T13:49:16Z</Time>
          <DistanceMeters>7.0</DistanceMeters>
          <HeartRateBpm>
            <Value>101</Value>
          </HeartRateBpm>
          <SensorState>Absent</SensorState>
        </Trackpoint>
        <Trackpoint>
          <Time>2024-09-21T13:49:17Z</Time>
          <DistanceMeters>7.0</DistanceMeters>
          <HeartRateBpm>
            <Value>101</Value>
          </HeartRateBpm>
          <SensorState>Absent</SensorState>
        </Trackpoint>
        <Trackpoint>
          <Time>2024-09-21T13:49:21Z</Time>
          <DistanceMeters>7.0</DistanceMeters>
          <HeartRateBpm>
            <Value>102</Value>
          </HeartRateBpm>
          <SensorState>Absent</SensorState>
        </Trackpoint>
        <Trackpoint>
          <Time>2024-09-21T13:49:22Z</Time>
          <DistanceMeters>7.0</DistanceMeters>
          <HeartRateBpm>
            <Value>104</Value>
          </HeartRateBpm>
          <SensorState>Absent</SensorState>
        </Trackpoint>
        <Trackpoint>
          <Time>2024-09-21T13:49:28Z</Time>
          <DistanceMeters>7.0</DistanceMeters>
          <HeartRateBpm>
            <Value>104</Value>
          </HeartRateBpm>
          <SensorState>Absent</SensorState>
        </Trackpoint>
        <Trackpoint>
          <Time>2024-09-21T13:49:30Z</Time>
          <DistanceMeters>8.0</DistanceMeters>
          <HeartRateBpm>
            <Value>103</Value>
          </HeartRateBpm>
          <SensorState>Absent</SensorState>
        </Trackpoint>
        <Trackpoint>
          <Time>2024-09-21T13:49:32Z</Time>
          <DistanceMeters>8.0</DistanceMeters>
          <HeartRateBpm>
            <Value>102</Value>
          </HeartRateBpm>
          <SensorState>Absent</SensorState>
        </Trackpoint>
        <Trackpoint>
          <Time>2024-09-21T13:49:33Z</Time>
          <DistanceMeters>8.0</DistanceMeters>
          <HeartRateBpm>
            <Value>101</Value>
          </HeartRateBpm>
          <SensorState>Absent</SensorState>
        </Trackpoint>
        <Trackpoint>
          <Time>2024-09-21T13:49:34Z</Time>
          <DistanceMeters>8.0</DistanceMeters>
          <HeartRateBpm>
            <Value>100</Value>
          </HeartRateBpm>
          <SensorState>Absent</SensorState>
        </Trackpoint>
        <Trackpoint>
          <Time>2024-09-21T13:49:36Z</Time>
          <DistanceMeters>8.0</DistanceMeters>
          <HeartRateBpm>
            <Value>102</Value>
          </HeartRateBpm>
          <SensorState>Absent</SensorState>
        </Trackpoint>
        <Trackpoint>
          <Time>2024-09-21T13:49:37Z</Time>
          <DistanceMeters>8.0</DistanceMeters>
          <HeartRateBpm>
            <Value>103</Value>
          </HeartRateBpm>
          <SensorState>Absent</SensorState>
        </Trackpoint>
        <Trackpoint>
          <Time>2024-09-21T13:49:38Z</Time>
          <DistanceMeters>8.0</DistanceMeters>
          <HeartRateBpm>
            <Value>104</Value>
          </HeartRateBpm>
          <SensorState>Absent</SensorState>
        </Trackpoint>
        <Trackpoint>
          <Time>2024-09-21T13:49:41Z</Time>
          <DistanceMeters>8.0</DistanceMeters>
          <HeartRateBpm>
            <Value>105</Value>
          </HeartRateBpm>
          <SensorState>Absent</SensorState>
        </Trackpoint>
        <Trackpoint>
          <Time>2024-09-21T13:49:43Z</Time>
          <DistanceMeters>8.0</DistanceMeters>
          <HeartRateBpm>
            <Value>106</Value>
          </HeartRateBpm>
          <SensorState>Absent</SensorState>
        </Trackpoint>
        <Trackpoint>
          <Time>2024-09-21T13:49:48Z</Time>
          <DistanceMeters>8.0</DistanceMeters>
          <HeartRateBpm>
            <Value>105</Value>
          </HeartRateBpm>
          <SensorState>Absent</SensorState>
        </Trackpoint>
        <Trackpoint>
          <Time>2024-09-21T13:49:50Z</Time>
          <DistanceMeters>8.0</DistanceMeters>
          <HeartRateBpm>
            <Value>104</Value>
          </HeartRateBpm>
          <SensorState>Absent</SensorState>
        </Trackpoint>
        <Trackpoint>
          <Time>2024-09-21T13:49:55Z</Time>
          <DistanceMeters>8.0</DistanceMeters>
          <HeartRateBpm>
            <Value>104</Value>
          </HeartRateBpm>
          <SensorState>Absent</SensorState>
        </Trackpoint>
        <Trackpoint>
          <Time>2024-09-21T13:49:56Z</Time>
          <DistanceMeters>8.0</DistanceMeters>
          <HeartRateBpm>
            <Value>105</Value>
          </HeartRateBpm>
          <SensorState>Absent</SensorState>
        </Trackpoint>
        <Trackpoint>
          <Time>2024-09-21T13:49:58Z</Time>
          <DistanceMeters>8.0</DistanceMeters>
          <HeartRateBpm>
            <Value>106</Value>
          </HeartRateBpm>
          <SensorState>Absent</SensorState>
        </Trackpoint>
        <Trackpoint>
          <Time>2024-09-21T13:49:58Z</Time>
          <DistanceMeters>8.0</DistanceMeters>
          <HeartRateBpm>
            <Value>108</Value>
          </HeartRateBpm>
          <SensorState>Absent</SensorState>
        </Trackpoint>
        <Trackpoint>
          <Time>2024-09-21T13:49:59Z</Time>
          <DistanceMeters>8.0</DistanceMeters>
          <HeartRateBpm>
            <Value>108</Value>
          </HeartRateBpm>
          <SensorState>Absent</SensorState>
        </Trackpoint>
        <Trackpoint>
          <Time>2024-09-21T13:50:00Z</Time>
          <DistanceMeters>8.0</DistanceMeters>
          <HeartRateBpm>
            <Value>94</Value>
          </HeartRateBpm>
          <SensorState>Absent</SensorState>
        </Trackpoint>
        <Trackpoint>
          <Time>2024-09-21T13:50:00Z</Time>
          <DistanceMeters>8.0</DistanceMeters>
          <HeartRateBpm>
            <Value>109</Value>
          </HeartRateBpm>
          <SensorState>Absent</SensorState>
        </Trackpoint>
        <Trackpoint>
          <Time>2024-09-21T13:50:01Z</Time>
          <DistanceMeters>8.0</DistanceMeters>
          <HeartRateBpm>
            <Value>102</Value>
          </HeartRateBpm>
          <SensorState>Absent</SensorState>
        </Trackpoint>
        <Trackpoint>
          <Time>2024-09-21T13:50:02Z</Time>
          <DistanceMeters>8.0</DistanceMeters>
          <HeartRateBpm>
            <Value>102</Value>
          </HeartRateBpm>
          <SensorState>Absent</SensorState>
        </Trackpoint>
        <Trackpoint>
          <Time>2024-09-21T13:50:02Z</Time>
          <DistanceMeters>8.0</DistanceMeters>
          <HeartRateBpm>
            <Value>97</Value>
          </HeartRateBpm>
          <SensorState>Absent</SensorState>
        </Trackpoint>
        <Trackpoint>
          <Time>2024-09-21T13:50:03Z</Time>
          <DistanceMeters>8.0</DistanceMeters>
          <HeartRateBpm>
            <Value>95</Value>
          </HeartRateBpm>
          <SensorState>Absent</SensorState>
        </Trackpoint>
        <Trackpoint>
          <Time>2024-09-21T13:50:04Z</Time>
          <DistanceMeters>8.0</DistanceMeters>
          <HeartRateBpm>
            <Value>95</Value>
          </HeartRateBpm>
          <SensorState>Absent</SensorState>
        </Trackpoint>
        <Trackpoint>
          <Time>2024-09-21T13:50:04Z</Time>
          <DistanceMeters>8.0</DistanceMeters>
          <HeartRateBpm>
            <Value>91</Value>
          </HeartRateBpm>
          <SensorState>Absent</SensorState>
        </Trackpoint>
        <Trackpoint>
          <Time>2024-09-21T13:50:06Z</Time>
          <DistanceMeters>8.0</DistanceMeters>
          <HeartRateBpm>
            <Value>90</Value>
          </HeartRateBpm>
          <SensorState>Absent</SensorState>
        </Trackpoint>
        <Trackpoint>
          <Time>2024-09-21T13:50:08Z</Time>
          <DistanceMeters>8.0</DistanceMeters>
          <HeartRateBpm>
            <Value>89</Value>
          </HeartRateBpm>
          <SensorState>Absent</SensorState>
        </Trackpoint>
        <Trackpoint>
          <Time>2024-09-21T13:50:08Z</Time>
          <DistanceMeters>8.0</DistanceMeters>
          <HeartRateBpm>
            <Value>89</Value>
          </HeartRateBpm>
          <SensorState>Absent</SensorState>
        </Trackpoint>
        <Trackpoint>
          <Time>2024-09-21T13:50:13Z</Time>
          <DistanceMeters>8.0</DistanceMeters>
          <HeartRateBpm>
            <Value>88</Value>
          </HeartRateBpm>
          <SensorState>Absent</SensorState>
        </Trackpoint>
        <Trackpoint>
          <Time>2024-09-21T13:50:19Z</Time>
          <DistanceMeters>8.0</DistanceMeters>
          <HeartRateBpm>
            <Value>88</Value>
          </HeartRateBpm>
          <SensorState>Absent</SensorState>
        </Trackpoint>
        <Trackpoint>
          <Time>2024-09-21T13:50:21Z</Time>
          <DistanceMeters>8.0</DistanceMeters>
          <HeartRateBpm>
            <Value>89</Value>
          </HeartRateBpm>
          <SensorState>Absent</SensorState>
        </Trackpoint>
        <Trackpoint>
          <Time>2024-09-21T13:50:23Z</Time>
          <DistanceMeters>8.0</DistanceMeters>
          <HeartRateBpm>
            <Value>88</Value>
          </HeartRateBpm>
          <SensorState>Absent</SensorState>
        </Trackpoint>
        <Trackpoint>
          <Time>2024-09-21T13:50:26Z</Time>
          <DistanceMeters>8.0</DistanceMeters>
          <HeartRateBpm>
            <Value>89</Value>
          </HeartRateBpm>
          <SensorState>Absent</SensorState>
        </Trackpoint>
        <Trackpoint>
          <Time>2024-09-21T13:50:30Z</Time>
          <DistanceMeters>9.0</DistanceMeters>
          <HeartRateBpm>
            <Value>91</Value>
          </HeartRateBpm>
          <SensorState>Absent</SensorState>
        </Trackpoint>
        <Trackpoint>
          <Time>2024-09-21T13:50:32Z</Time>
          <DistanceMeters>9.0</DistanceMeters>
          <HeartRateBpm>
            <Value>92</Value>
          </HeartRateBpm>
          <SensorState>Absent</SensorState>
        </Trackpoint>
        <Trackpoint>
          <Time>2024-09-21T13:50:33Z</Time>
          <DistanceMeters>9.0</DistanceMeters>
          <HeartRateBpm>
            <Value>91</Value>
          </HeartRateBpm>
          <SensorState>Absent</SensorState>
        </Trackpoint>
        <Trackpoint>
          <Time>2024-09-21T13:50:39Z</Time>
          <DistanceMeters>9.0</DistanceMeters>
          <HeartRateBpm>
            <Value>90</Value>
          </HeartRateBpm>
          <SensorState>Absent</SensorState>
        </Trackpoint>
        <Trackpoint>
          <Time>2024-09-21T13:50:41Z</Time>
          <DistanceMeters>9.0</DistanceMeters>
          <HeartRateBpm>
            <Value>91</Value>
          </HeartRateBpm>
          <SensorState>Absent</SensorState>
        </Trackpoint>
        <Trackpoint>
          <Time>2024-09-21T13:50:43Z</Time>
          <DistanceMeters>9.0</DistanceMeters>
          <HeartRateBpm>
            <Value>90</Value>
          </HeartRateBpm>
          <SensorState>Absent</SensorState>
        </Trackpoint>
        <Trackpoint>
          <Time>2024-09-21T13:50:47Z</Time>
          <DistanceMeters>9.0</DistanceMeters>
          <HeartRateBpm>
            <Value>89</Value>
          </HeartRateBpm>
          <SensorState>Absent</SensorState>
        </Trackpoint>
        <Trackpoint>
          <Time>2024-09-21T13:50:48Z</Time>
          <DistanceMeters>9.0</DistanceMeters>
          <HeartRateBpm>
            <Value>88</Value>
          </HeartRateBpm>
          <SensorState>Absent</SensorState>
        </Trackpoint>
        <Trackpoint>
          <Time>2024-09-21T13:50:50Z</Time>
          <DistanceMeters>9.0</DistanceMeters>
          <HeartRateBpm>
            <Value>89</Value>
          </HeartRateBpm>
          <SensorState>Absent</SensorState>
        </Trackpoint>
        <Trackpoint>
          <Time>2024-09-21T13:50:54Z</Time>
          <DistanceMeters>9.0</DistanceMeters>
          <HeartRateBpm>
            <Value>88</Value>
          </HeartRateBpm>
          <SensorState>Absent</SensorState>
        </Trackpoint>
        <Trackpoint>
          <Time>2024-09-21T13:50:57Z</Time>
          <DistanceMeters>9.0</DistanceMeters>
          <HeartRateBpm>
            <Value>89</Value>
          </HeartRateBpm>
          <SensorState>Absent</SensorState>
        </Trackpoint>
        <Trackpoint>
          <Time>2024-09-21T13:50:59Z</Time>
          <DistanceMeters>9.0</DistanceMeters>
          <HeartRateBpm>
            <Value>91</Value>
          </HeartRateBpm>
          <SensorState>Absent</SensorState>
        </Trackpoint>
        <Trackpoint>
          <Time>2024-09-21T13:51:00Z</Time>
          <DistanceMeters>9.0</DistanceMeters>
          <HeartRateBpm>
            <Value>92</Value>
          </HeartRateBpm>
          <SensorState>Absent</SensorState>
        </Trackpoint>
        <Trackpoint>
          <Time>2024-09-21T13:51:01Z</Time>
          <DistanceMeters>9.0</DistanceMeters>
          <HeartRateBpm>
            <Value>92</Value>
          </HeartRateBpm>
          <SensorState>Absent</SensorState>
        </Trackpoint>
        <Trackpoint>
          <Time>2024-09-21T13:51:05Z</Time>
          <DistanceMeters>9.0</DistanceMeters>
          <HeartRateBpm>
            <Value>91</Value>
          </HeartRateBpm>
          <SensorState>Absent</SensorState>
        </Trackpoint>
        <Trackpoint>
          <Time>2024-09-21T13:51:06Z</Time>
          <DistanceMeters>9.0</DistanceMeters>
          <HeartRateBpm>
            <Value>90</Value>
          </HeartRateBpm>
          <SensorState>Absent</SensorState>
        </Trackpoint>
        <Trackpoint>
          <Time>2024-09-21T13:51:07Z</Time>
          <DistanceMeters>9.0</DistanceMeters>
          <HeartRateBpm>
            <Value>89</Value>
          </HeartRateBpm>
          <SensorState>Absent</SensorState>
        </Trackpoint>
        <Trackpoint>
          <Time>2024-09-21T13:51:13Z</Time>
          <DistanceMeters>9.0</DistanceMeters>
          <HeartRateBpm>
            <Value>90</Value>
          </HeartRateBpm>
          <SensorState>Absent</SensorState>
        </Trackpoint>
        <Trackpoint>
          <Time>2024-09-21T13:51:14Z</Time>
          <DistanceMeters>9.0</DistanceMeters>
          <HeartRateBpm>
            <Value>90</Value>
          </HeartRateBpm>
          <SensorState>Absent</SensorState>
        </Trackpoint>
        <Trackpoint>
          <Time>2024-09-21T13:51:14Z</Time>
          <DistanceMeters>9.0</DistanceMeters>
          <HeartRateBpm>
            <Value>91</Value>
          </HeartRateBpm>
          <SensorState>Absent</SensorState>
        </Trackpoint>
        <Trackpoint>
          <Time>2024-09-21T13:51:19Z</Time>
          <DistanceMeters>9.0</DistanceMeters>
          <HeartRateBpm>
            <Value>92</Value>
          </HeartRateBpm>
          <SensorState>Absent</SensorState>
        </Trackpoint>
        <Trackpoint>
          <Time>2024-09-21T13:51:24Z</Time>
          <DistanceMeters>9.0</DistanceMeters>
          <HeartRateBpm>
            <Value>93</Value>
          </HeartRateBpm>
          <SensorState>Absent</SensorState>
        </Trackpoint>
        <Trackpoint>
          <Time>2024-09-21T13:51:25Z</Time>
          <DistanceMeters>9.0</DistanceMeters>
          <HeartRateBpm>
            <Value>94</Value>
          </HeartRateBpm>
          <SensorState>Absent</SensorState>
        </Trackpoint>
        <Trackpoint>
          <Time>2024-09-21T13:51:27Z</Time>
          <DistanceMeters>9.0</DistanceMeters>
          <HeartRateBpm>
            <Value>95</Value>
          </HeartRateBpm>
          <SensorState>Absent</SensorState>
        </Trackpoint>
        <Trackpoint>
          <Time>2024-09-21T13:51:31Z</Time>
          <DistanceMeters>10.0</DistanceMeters>
          <HeartRateBpm>
            <Value>94</Value>
          </HeartRateBpm>
          <SensorState>Absent</SensorState>
        </Trackpoint>
        <Trackpoint>
          <Time>2024-09-21T13:51:33Z</Time>
          <DistanceMeters>10.0</DistanceMeters>
          <HeartRateBpm>
            <Value>93</Value>
          </HeartRateBpm>
          <SensorState>Absent</SensorState>
        </Trackpoint>
        <Trackpoint>
          <Time>2024-09-21T13:51:35Z</Time>
          <DistanceMeters>10.0</DistanceMeters>
          <HeartRateBpm>
            <Value>92</Value>
          </HeartRateBpm>
          <SensorState>Absent</SensorState>
        </Trackpoint>
        <Trackpoint>
          <Time>2024-09-21T13:51:36Z</Time>
          <DistanceMeters>10.0</DistanceMeters>
          <HeartRateBpm>
            <Value>91</Value>
          </HeartRateBpm>
          <SensorState>Absent</SensorState>
        </Trackpoint>
        <Trackpoint>
          <Time>2024-09-21T13:51:38Z</Time>
          <DistanceMeters>10.0</DistanceMeters>
          <HeartRateBpm>
            <Value>92</Value>
          </HeartRateBpm>
          <SensorState>Absent</SensorState>
        </Trackpoint>
        <Trackpoint>
          <Time>2024-09-21T13:51:43Z</Time>
          <DistanceMeters>10.0</DistanceMeters>
          <HeartRateBpm>
            <Value>91</Value>
          </HeartRateBpm>
          <SensorState>Absent</SensorState>
        </Trackpoint>
        <Trackpoint>
          <Time>2024-09-21T13:51:48Z</Time>
          <DistanceMeters>10.0</DistanceMeters>
          <HeartRateBpm>
            <Value>90</Value>
          </HeartRateBpm>
          <SensorState>Absent</SensorState>
        </Trackpoint>
        <Trackpoint>
          <Time>2024-09-21T13:51:52Z</Time>
          <DistanceMeters>10.0</DistanceMeters>
          <HeartRateBpm>
            <Value>91</Value>
          </HeartRateBpm>
          <SensorState>Absent</SensorState>
        </Trackpoint>
        <Trackpoint>
          <Time>2024-09-21T13:51:58Z</Time>
          <DistanceMeters>10.0</DistanceMeters>
          <HeartRateBpm>
            <Value>92</Value>
          </HeartRateBpm>
          <SensorState>Absent</SensorState>
        </Trackpoint>
        <Trackpoint>
          <Time>2024-09-21T13:51:59Z</Time>
          <DistanceMeters>10.0</DistanceMeters>
          <HeartRateBpm>
            <Value>91</Value>
          </HeartRateBpm>
          <SensorState>Absent</SensorState>
        </Trackpoint>
        <Trackpoint>
          <Time>2024-09-21T13:52:00Z</Time>
          <DistanceMeters>10.0</DistanceMeters>
          <HeartRateBpm>
            <Value>88</Value>
          </HeartRateBpm>
          <SensorState>Absent</SensorState>
        </Trackpoint>
        <Trackpoint>
          <Time>2024-09-21T13:52:04Z</Time>
          <DistanceMeters>10.0</DistanceMeters>
          <HeartRateBpm>
            <Value>91</Value>
          </HeartRateBpm>
          <SensorState>Absent</SensorState>
        </Trackpoint>
        <Trackpoint>
          <Time>2024-09-21T13:52:08Z</Time>
          <DistanceMeters>10.0</DistanceMeters>
          <HeartRateBpm>
            <Value>90</Value>
          </HeartRateBpm>
          <SensorState>Absent</SensorState>
        </Trackpoint>
        <Trackpoint>
          <Time>2024-09-21T13:52:09Z</Time>
          <DistanceMeters>10.0</DistanceMeters>
          <HeartRateBpm>
            <Value>89</Value>
          </HeartRateBpm>
          <SensorState>Absent</SensorState>
        </Trackpoint>
        <Trackpoint>
          <Time>2024-09-21T13:52:10Z</Time>
          <DistanceMeters>10.0</DistanceMeters>
          <HeartRateBpm>
            <Value>87</Value>
          </HeartRateBpm>
          <SensorState>Absent</SensorState>
        </Trackpoint>
        <Trackpoint>
          <Time>2024-09-21T13:52:12Z</Time>
          <DistanceMeters>10.0</DistanceMeters>
          <HeartRateBpm>
            <Value>85</Value>
          </HeartRateBpm>
          <SensorState>Absent</SensorState>
        </Trackpoint>
        <Trackpoint>
          <Time>2024-09-21T13:52:12Z</Time>
          <DistanceMeters>10.0</DistanceMeters>
          <HeartRateBpm>
            <Value>84</Value>
          </HeartRateBpm>
          <SensorState>Absent</SensorState>
        </Trackpoint>
        <Trackpoint>
          <Time>2024-09-21T13:52:13Z</Time>
          <DistanceMeters>10.0</DistanceMeters>
          <HeartRateBpm>
            <Value>84</Value>
          </HeartRateBpm>
          <SensorState>Absent</SensorState>
        </Trackpoint>
        <Trackpoint>
          <Time>2024-09-21T13:52:18Z</Time>
          <DistanceMeters>10.0</DistanceMeters>
          <HeartRateBpm>
            <Value>85</Value>
          </HeartRateBpm>
          <SensorState>Absent</SensorState>
        </Trackpoint>
        <Trackpoint>
          <Time>2024-09-21T13:52:21Z</Time>
          <DistanceMeters>10.0</DistanceMeters>
          <HeartRateBpm>
            <Value>86</Value>
          </HeartRateBpm>
          <SensorState>Absent</SensorState>
        </Trackpoint>
        <Trackpoint>
          <Time>2024-09-21T13:52:26Z</Time>
          <DistanceMeters>10.0</DistanceMeters>
          <HeartRateBpm>
            <Value>87</Value>
          </HeartRateBpm>
          <SensorState>Absent</SensorState>
        </Trackpoint>
        <Trackpoint>
          <Time>2024-09-21T13:52:27Z</Time>
          <DistanceMeters>10.0</DistanceMeters>
          <HeartRateBpm>
            <Value>89</Value>
          </HeartRateBpm>
          <SensorState>Absent</SensorState>
        </Trackpoint>
        <Trackpoint>
          <Time>2024-09-21T13:52:32Z</Time>
          <DistanceMeters>11.0</DistanceMeters>
          <HeartRateBpm>
            <Value>90</Value>
          </HeartRateBpm>
          <SensorState>Absent</SensorState>
        </Trackpoint>
        <Trackpoint>
          <Time>2024-09-21T13:52:32Z</Time>
          <DistanceMeters>11.0</DistanceMeters>
          <HeartRateBpm>
            <Value>90</Value>
          </HeartRateBpm>
          <SensorState>Absent</SensorState>
        </Trackpoint>
        <Trackpoint>
          <Time>2024-09-21T13:52:36Z</Time>
          <DistanceMeters>11.0</DistanceMeters>
          <HeartRateBpm>
            <Value>89</Value>
          </HeartRateBpm>
          <SensorState>Absent</SensorState>
        </Trackpoint>
        <Trackpoint>
          <Time>2024-09-21T13:52:38Z</Time>
          <DistanceMeters>11.0</DistanceMeters>
          <HeartRateBpm>
            <Value>88</Value>
          </HeartRateBpm>
          <SensorState>Absent</SensorState>
        </Trackpoint>
        <Trackpoint>
          <Time>2024-09-21T13:52:39Z</Time>
          <DistanceMeters>11.0</DistanceMeters>
          <HeartRateBpm>
            <Value>87</Value>
          </HeartRateBpm>
          <SensorState>Absent</SensorState>
        </Trackpoint>
        <Trackpoint>
          <Time>2024-09-21T13:52:44Z</Time>
          <DistanceMeters>11.0</DistanceMeters>
          <HeartRateBpm>
            <Value>86</Value>
          </HeartRateBpm>
          <SensorState>Absent</SensorState>
        </Trackpoint>
        <Trackpoint>
          <Time>2024-09-21T13:52:46Z</Time>
          <DistanceMeters>11.0</DistanceMeters>
          <HeartRateBpm>
            <Value>84</Value>
          </HeartRateBpm>
          <SensorState>Absent</SensorState>
        </Trackpoint>
        <Trackpoint>
          <Time>2024-09-21T13:52:46Z</Time>
          <DistanceMeters>11.0</DistanceMeters>
          <HeartRateBpm>
            <Value>84</Value>
          </HeartRateBpm>
          <SensorState>Absent</SensorState>
        </Trackpoint>
        <Trackpoint>
          <Time>2024-09-21T13:52:47Z</Time>
          <DistanceMeters>11.0</DistanceMeters>
          <HeartRateBpm>
            <Value>83</Value>
          </HeartRateBpm>
          <SensorState>Absent</SensorState>
        </Trackpoint>
        <Trackpoint>
          <Time>2024-09-21T13:52:48Z</Time>
          <DistanceMeters>11.0</DistanceMeters>
          <HeartRateBpm>
            <Value>82</Value>
          </HeartRateBpm>
          <SensorState>Absent</SensorState>
        </Trackpoint>
        <Trackpoint>
          <Time>2024-09-21T13:52:51Z</Time>
          <DistanceMeters>11.0</DistanceMeters>
          <HeartRateBpm>
            <Value>81</Value>
          </HeartRateBpm>
          <SensorState>Absent</SensorState>
        </Trackpoint>
        <Trackpoint>
          <Time>2024-09-21T13:52:54Z</Time>
          <DistanceMeters>11.0</DistanceMeters>
          <HeartRateBpm>
            <Value>82</Value>
          </HeartRateBpm>
          <SensorState>Absent</SensorState>
        </Trackpoint>
        <Trackpoint>
          <Time>2024-09-21T13:52:56Z</Time>
          <DistanceMeters>11.0</DistanceMeters>
          <HeartRateBpm>
            <Value>83</Value>
          </HeartRateBpm>
          <SensorState>Absent</SensorState>
        </Trackpoint>
        <Trackpoint>
          <Time>2024-09-21T13:53:00Z</Time>
          <DistanceMeters>11.0</DistanceMeters>
          <HeartRateBpm>
            <Value>88</Value>
          </HeartRateBpm>
          <SensorState>Absent</SensorState>
        </Trackpoint>
        <Trackpoint>
          <Time>2024-09-21T13:53:01Z</Time>
          <DistanceMeters>11.0</DistanceMeters>
          <HeartRateBpm>
            <Value>83</Value>
          </HeartRateBpm>
          <SensorState>Absent</SensorState>
        </Trackpoint>
        <Trackpoint>
          <Time>2024-09-21T13:53:05Z</Time>
          <DistanceMeters>11.0</DistanceMeters>
          <HeartRateBpm>
            <Value>84</Value>
          </HeartRateBpm>
          <SensorState>Absent</SensorState>
        </Trackpoint>
        <Trackpoint>
          <Time>2024-09-21T13:53:09Z</Time>
          <DistanceMeters>11.0</DistanceMeters>
          <HeartRateBpm>
            <Value>83</Value>
          </HeartRateBpm>
          <SensorState>Absent</SensorState>
        </Trackpoint>
        <Trackpoint>
          <Time>2024-09-21T13:53:14Z</Time>
          <DistanceMeters>11.0</DistanceMeters>
          <HeartRateBpm>
            <Value>83</Value>
          </HeartRateBpm>
          <SensorState>Absent</SensorState>
        </Trackpoint>
        <Trackpoint>
          <Time>2024-09-21T13:53:15Z</Time>
          <DistanceMeters>11.0</DistanceMeters>
          <HeartRateBpm>
            <Value>82</Value>
          </HeartRateBpm>
          <SensorState>Absent</SensorState>
        </Trackpoint>
        <Trackpoint>
          <Time>2024-09-21T13:53:17Z</Time>
          <DistanceMeters>11.0</DistanceMeters>
          <HeartRateBpm>
            <Value>83</Value>
          </HeartRateBpm>
          <SensorState>Absent</SensorState>
        </Trackpoint>
        <Trackpoint>
          <Time>2024-09-21T13:53:20Z</Time>
          <DistanceMeters>11.0</DistanceMeters>
          <HeartRateBpm>
            <Value>84</Value>
          </HeartRateBpm>
          <SensorState>Absent</SensorState>
        </Trackpoint>
        <Trackpoint>
          <Time>2024-09-21T13:53:23Z</Time>
          <DistanceMeters>11.0</DistanceMeters>
          <HeartRateBpm>
            <Value>86</Value>
          </HeartRateBpm>
          <SensorState>Absent</SensorState>
        </Trackpoint>
        <Trackpoint>
          <Time>2024-09-21T13:53:24Z</Time>
          <DistanceMeters>11.0</DistanceMeters>
          <HeartRateBpm>
            <Value>87</Value>
          </HeartRateBpm>
          <SensorState>Absent</SensorState>
        </Trackpoint>
        <Trackpoint>
          <Time>2024-09-21T13:53:27Z</Time>
          <DistanceMeters>11.0</DistanceMeters>
          <HeartRateBpm>
            <Value>88</Value>
          </HeartRateBpm>
          <SensorState>Absent</SensorState>
        </Trackpoint>
        <Trackpoint>
          <Time>2024-09-21T13:53:28Z</Time>
          <DistanceMeters>11.0</DistanceMeters>
          <HeartRateBpm>
            <Value>90</Value>
          </HeartRateBpm>
          <SensorState>Absent</SensorState>
        </Trackpoint>
        <Trackpoint>
          <Time>2024-09-21T13:53:28Z</Time>
          <DistanceMeters>11.0</DistanceMeters>
          <HeartRateBpm>
            <Value>90</Value>
          </HeartRateBpm>
          <SensorState>Absent</SensorState>
        </Trackpoint>
        <Trackpoint>
          <Time>2024-09-21T13:53:33Z</Time>
          <DistanceMeters>12.0</DistanceMeters>
          <HeartRateBpm>
            <Value>90</Value>
          </HeartRateBpm>
          <SensorState>Absent</SensorState>
        </Trackpoint>
        <Trackpoint>
          <Time>2024-09-21T13:53:37Z</Time>
          <DistanceMeters>12.0</DistanceMeters>
          <HeartRateBpm>
            <Value>91</Value>
          </HeartRateBpm>
          <SensorState>Absent</SensorState>
        </Trackpoint>
        <Trackpoint>
          <Time>2024-09-21T13:53:38Z</Time>
          <DistanceMeters>12.0</DistanceMeters>
          <HeartRateBpm>
            <Value>92</Value>
          </HeartRateBpm>
          <SensorState>Absent</SensorState>
        </Trackpoint>
        <Trackpoint>
          <Time>2024-09-21T13:53:39Z</Time>
          <DistanceMeters>12.0</DistanceMeters>
          <HeartRateBpm>
            <Value>90</Value>
          </HeartRateBpm>
          <SensorState>Absent</SensorState>
        </Trackpoint>
        <Trackpoint>
          <Time>2024-09-21T13:53:41Z</Time>
          <DistanceMeters>12.0</DistanceMeters>
          <HeartRateBpm>
            <Value>89</Value>
          </HeartRateBpm>
          <SensorState>Absent</SensorState>
        </Trackpoint>
        <Trackpoint>
          <Time>2024-09-21T13:53:43Z</Time>
          <DistanceMeters>12.0</DistanceMeters>
          <HeartRateBpm>
            <Value>90</Value>
          </HeartRateBpm>
          <SensorState>Absent</SensorState>
        </Trackpoint>
        <Trackpoint>
          <Time>2024-09-21T13:53:48Z</Time>
          <DistanceMeters>12.0</DistanceMeters>
          <HeartRateBpm>
            <Value>91</Value>
          </HeartRateBpm>
          <SensorState>Absent</SensorState>
        </Trackpoint>
        <Trackpoint>
          <Time>2024-09-21T13:53:50Z</Time>
          <DistanceMeters>12.0</DistanceMeters>
          <HeartRateBpm>
            <Value>92</Value>
          </HeartRateBpm>
          <SensorState>Absent</SensorState>
        </Trackpoint>
        <Trackpoint>
          <Time>2024-09-21T13:53:51Z</Time>
          <DistanceMeters>12.0</DistanceMeters>
          <HeartRateBpm>
            <Value>94</Value>
          </HeartRateBpm>
          <SensorState>Absent</SensorState>
        </Trackpoint>
        <Trackpoint>
          <Time>2024-09-21T13:53:52Z</Time>
          <DistanceMeters>12.0</DistanceMeters>
          <HeartRateBpm>
            <Value>97</Value>
          </HeartRateBpm>
          <SensorState>Absent</SensorState>
        </Trackpoint>
        <Trackpoint>
          <Time>2024-09-21T13:53:52Z</Time>
          <DistanceMeters>12.0</DistanceMeters>
          <HeartRateBpm>
            <Value>97</Value>
          </HeartRateBpm>
          <SensorState>Absent</SensorState>
        </Trackpoint>
        <Trackpoint>
          <Time>2024-09-21T13:53:54Z</Time>
          <DistanceMeters>12.0</DistanceMeters>
          <HeartRateBpm>
            <Value>99</Value>
          </HeartRateBpm>
          <SensorState>Absent</SensorState>
        </Trackpoint>
        <Trackpoint>
          <Time>2024-09-21T13:53:59Z</Time>
          <DistanceMeters>12.0</DistanceMeters>
          <HeartRateBpm>
            <Value>99</Value>
          </HeartRateBpm>
          <SensorState>Absent</SensorState>
        </Trackpoint>
        <Trackpoint>
          <Time>2024-09-21T13:54:00Z</Time>
          <DistanceMeters>12.0</DistanceMeters>
          <HeartRateBpm>
            <Value>94</Value>
          </HeartRateBpm>
          <SensorState>Absent</SensorState>
        </Trackpoint>
        <Trackpoint>
          <Time>2024-09-21T13:54:04Z</Time>
          <DistanceMeters>12.0</DistanceMeters>
          <HeartRateBpm>
            <Value>99</Value>
          </HeartRateBpm>
          <SensorState>Absent</SensorState>
        </Trackpoint>
        <Trackpoint>
          <Time>2024-09-21T13:54:05Z</Time>
          <DistanceMeters>12.0</DistanceMeters>
          <HeartRateBpm>
            <Value>96</Value>
          </HeartRateBpm>
          <SensorState>Absent</SensorState>
        </Trackpoint>
        <Trackpoint>
          <Time>2024-09-21T13:54:06Z</Time>
          <DistanceMeters>12.0</DistanceMeters>
          <HeartRateBpm>
            <Value>95</Value>
          </HeartRateBpm>
          <SensorState>Absent</SensorState>
        </Trackpoint>
        <Trackpoint>
          <Time>2024-09-21T13:54:09Z</Time>
          <DistanceMeters>12.0</DistanceMeters>
          <HeartRateBpm>
            <Value>94</Value>
          </HeartRateBpm>
          <SensorState>Absent</SensorState>
        </Trackpoint>
        <Trackpoint>
          <Time>2024-09-21T13:54:14Z</Time>
          <DistanceMeters>12.0</DistanceMeters>
          <HeartRateBpm>
            <Value>94</Value>
          </HeartRateBpm>
          <SensorState>Absent</SensorState>
        </Trackpoint>
        <Trackpoint>
          <Time>2024-09-21T13:54:16Z</Time>
          <DistanceMeters>12.0</DistanceMeters>
          <HeartRateBpm>
            <Value>93</Value>
          </HeartRateBpm>
          <SensorState>Absent</SensorState>
        </Trackpoint>
        <Trackpoint>
          <Time>2024-09-21T13:54:17Z</Time>
          <DistanceMeters>12.0</DistanceMeters>
          <HeartRateBpm>
            <Value>94</Value>
          </HeartRateBpm>
          <SensorState>Absent</SensorState>
        </Trackpoint>
        <Trackpoint>
          <Time>2024-09-21T13:54:19Z</Time>
          <DistanceMeters>12.0</DistanceMeters>
          <HeartRateBpm>
            <Value>95</Value>
          </HeartRateBpm>
          <SensorState>Absent</SensorState>
        </Trackpoint>
        <Trackpoint>
          <Time>2024-09-21T13:54:23Z</Time>
          <DistanceMeters>12.0</DistanceMeters>
          <HeartRateBpm>
            <Value>96</Value>
          </HeartRateBpm>
          <SensorState>Absent</SensorState>
        </Trackpoint>
        <Trackpoint>
          <Time>2024-09-21T13:54:26Z</Time>
          <DistanceMeters>12.0</DistanceMeters>
          <HeartRateBpm>
            <Value>97</Value>
          </HeartRateBpm>
          <SensorState>Absent</SensorState>
        </Trackpoint>
        <Trackpoint>
          <Time>2024-09-21T13:54:31Z</Time>
          <DistanceMeters>13.0</DistanceMeters>
          <HeartRateBpm>
            <Value>97</Value>
          </HeartRateBpm>
          <SensorState>Absent</SensorState>
        </Trackpoint>
        <Trackpoint>
          <Time>2024-09-21T13:54:35Z</Time>
          <DistanceMeters>13.0</DistanceMeters>
          <HeartRateBpm>
            <Value>96</Value>
          </HeartRateBpm>
          <SensorState>Absent</SensorState>
        </Trackpoint>
        <Trackpoint>
          <Time>2024-09-21T13:54:39Z</Time>
          <DistanceMeters>13.0</DistanceMeters>
          <HeartRateBpm>
            <Value>97</Value>
          </HeartRateBpm>
          <SensorState>Absent</SensorState>
        </Trackpoint>
        <Trackpoint>
          <Time>2024-09-21T13:54:44Z</Time>
          <DistanceMeters>13.0</DistanceMeters>
          <HeartRateBpm>
            <Value>98</Value>
          </HeartRateBpm>
          <SensorState>Absent</SensorState>
        </Trackpoint>
        <Trackpoint>
          <Time>2024-09-21T13:54:47Z</Time>
          <DistanceMeters>13.0</DistanceMeters>
          <HeartRateBpm>
            <Value>99</Value>
          </HeartRateBpm>
          <SensorState>Absent</SensorState>
        </Trackpoint>
        <Trackpoint>
          <Time>2024-09-21T13:54:49Z</Time>
          <DistanceMeters>13.0</DistanceMeters>
          <HeartRateBpm>
            <Value>100</Value>
          </HeartRateBpm>
          <SensorState>Absent</SensorState>
        </Trackpoint>
        <Trackpoint>
          <Time>2024-09-21T13:54:50Z</Time>
          <DistanceMeters>13.0</DistanceMeters>
          <HeartRateBpm>
            <Value>99</Value>
          </HeartRateBpm>
          <SensorState>Absent</SensorState>
        </Trackpoint>
        <Trackpoint>
          <Time>2024-09-21T13:54:52Z</Time>
          <DistanceMeters>13.0</DistanceMeters>
          <HeartRateBpm>
            <Value>97</Value>
          </HeartRateBpm>
          <SensorState>Absent</SensorState>
        </Trackpoint>
        <Trackpoint>
          <Time>2024-09-21T13:54:52Z</Time>
          <DistanceMeters>13.0</DistanceMeters>
          <HeartRateBpm>
            <Value>97</Value>
          </HeartRateBpm>
          <SensorState>Absent</SensorState>
        </Trackpoint>
        <Trackpoint>
          <Time>2024-09-21T13:54:53Z</Time>
          <DistanceMeters>13.0</DistanceMeters>
          <HeartRateBpm>
            <Value>96</Value>
          </HeartRateBpm>
          <SensorState>Absent</SensorState>
        </Trackpoint>
        <Trackpoint>
          <Time>2024-09-21T13:54:55Z</Time>
          <DistanceMeters>13.0</DistanceMeters>
          <HeartRateBpm>
            <Value>95</Value>
          </HeartRateBpm>
          <SensorState>Absent</SensorState>
        </Trackpoint>
        <Trackpoint>
          <Time>2024-09-21T13:55:00Z</Time>
          <DistanceMeters>13.0</DistanceMeters>
          <HeartRateBpm>
            <Value>95</Value>
          </HeartRateBpm>
          <SensorState>Absent</SensorState>
        </Trackpoint>
        <Trackpoint>
          <Time>2024-09-21T13:55:01Z</Time>
          <DistanceMeters>13.0</DistanceMeters>
          <HeartRateBpm>
            <Value>95</Value>
          </HeartRateBpm>
          <SensorState>Absent</SensorState>
        </Trackpoint>
        <Trackpoint>
          <Time>2024-09-21T13:55:07Z</Time>
          <DistanceMeters>13.0</DistanceMeters>
          <HeartRateBpm>
            <Value>95</Value>
          </HeartRateBpm>
          <SensorState>Absent</SensorState>
        </Trackpoint>
        <Trackpoint>
          <Time>2024-09-21T13:55:11Z</Time>
          <DistanceMeters>13.0</DistanceMeters>
          <HeartRateBpm>
            <Value>94</Value>
          </HeartRateBpm>
          <SensorState>Absent</SensorState>
        </Trackpoint>
        <Trackpoint>
          <Time>2024-09-21T13:55:14Z</Time>
          <DistanceMeters>13.0</DistanceMeters>
          <HeartRateBpm>
            <Value>95</Value>
          </HeartRateBpm>
          <SensorState>Absent</SensorState>
        </Trackpoint>
        <Trackpoint>
          <Time>2024-09-21T13:55:19Z</Time>
          <DistanceMeters>13.0</DistanceMeters>
          <HeartRateBpm>
            <Value>95</Value>
          </HeartRateBpm>
          <SensorState>Absent</SensorState>
        </Trackpoint>
        <Trackpoint>
          <Time>2024-09-21T13:55:20Z</Time>
          <DistanceMeters>13.0</DistanceMeters>
          <HeartRateBpm>
            <Value>96</Value>
          </HeartRateBpm>
          <SensorState>Absent</SensorState>
        </Trackpoint>
        <Trackpoint>
          <Time>2024-09-21T13:55:24Z</Time>
          <DistanceMeters>13.0</DistanceMeters>
          <HeartRateBpm>
            <Value>95</Value>
          </HeartRateBpm>
          <SensorState>Absent</SensorState>
        </Trackpoint>
        <Trackpoint>
          <Time>2024-09-21T13:55:26Z</Time>
          <DistanceMeters>13.0</DistanceMeters>
          <HeartRateBpm>
            <Value>93</Value>
          </HeartRateBpm>
          <SensorState>Absent</SensorState>
        </Trackpoint>
        <Trackpoint>
          <Time>2024-09-21T13:55:29Z</Time>
          <DistanceMeters>14.0</DistanceMeters>
          <HeartRateBpm>
            <Value>94</Value>
          </HeartRateBpm>
          <SensorState>Absent</SensorState>
        </Trackpoint>
        <Trackpoint>
          <Time>2024-09-21T13:55:30Z</Time>
          <DistanceMeters>14.0</DistanceMeters>
          <HeartRateBpm>
            <Value>95</Value>
          </HeartRateBpm>
          <SensorState>Absent</SensorState>
        </Trackpoint>
        <Trackpoint>
          <Time>2024-09-21T13:55:33Z</Time>
          <DistanceMeters>14.0</DistanceMeters>
          <HeartRateBpm>
            <Value>96</Value>
          </HeartRateBpm>
          <SensorState>Absent</SensorState>
        </Trackpoint>
        <Trackpoint>
          <Time>2024-09-21T13:55:34Z</Time>
          <DistanceMeters>14.0</DistanceMeters>
          <HeartRateBpm>
            <Value>97</Value>
          </HeartRateBpm>
          <SensorState>Absent</SensorState>
        </Trackpoint>
        <Trackpoint>
          <Time>2024-09-21T13:55:36Z</Time>
          <DistanceMeters>14.0</DistanceMeters>
          <HeartRateBpm>
            <Value>96</Value>
          </HeartRateBpm>
          <SensorState>Absent</SensorState>
        </Trackpoint>
        <Trackpoint>
          <Time>2024-09-21T13:55:37Z</Time>
          <DistanceMeters>14.0</DistanceMeters>
          <HeartRateBpm>
            <Value>95</Value>
          </HeartRateBpm>
          <SensorState>Absent</SensorState>
        </Trackpoint>
        <Trackpoint>
          <Time>2024-09-21T13:55:38Z</Time>
          <DistanceMeters>14.0</DistanceMeters>
          <HeartRateBpm>
            <Value>96</Value>
          </HeartRateBpm>
          <SensorState>Absent</SensorState>
        </Trackpoint>
        <Trackpoint>
          <Time>2024-09-21T13:55:42Z</Time>
          <DistanceMeters>14.0</DistanceMeters>
          <HeartRateBpm>
            <Value>97</Value>
          </HeartRateBpm>
          <SensorState>Absent</SensorState>
        </Trackpoint>
        <Trackpoint>
          <Time>2024-09-21T13:55:44Z</Time>
          <DistanceMeters>14.0</DistanceMeters>
          <HeartRateBpm>
            <Value>98</Value>
          </HeartRateBpm>
          <SensorState>Absent</SensorState>
        </Trackpoint>
        <Trackpoint>
          <Time>2024-09-21T13:55:46Z</Time>
          <DistanceMeters>14.0</DistanceMeters>
          <HeartRateBpm>
            <Value>100</Value>
          </HeartRateBpm>
          <SensorState>Absent</SensorState>
        </Trackpoint>
        <Trackpoint>
          <Time>2024-09-21T13:55:48Z</Time>
          <DistanceMeters>14.0</DistanceMeters>
          <HeartRateBpm>
            <Value>101</Value>
          </HeartRateBpm>
          <SensorState>Absent</SensorState>
        </Trackpoint>
        <Trackpoint>
          <Time>2024-09-21T13:55:52Z</Time>
          <DistanceMeters>14.0</DistanceMeters>
          <HeartRateBpm>
            <Value>102</Value>
          </HeartRateBpm>
          <SensorState>Absent</SensorState>
        </Trackpoint>
        <Trackpoint>
          <Time>2024-09-21T13:55:56Z</Time>
          <DistanceMeters>14.0</DistanceMeters>
          <HeartRateBpm>
            <Value>103</Value>
          </HeartRateBpm>
          <SensorState>Absent</SensorState>
        </Trackpoint>
        <Trackpoint>
          <Time>2024-09-21T13:55:56Z</Time>
          <DistanceMeters>14.0</DistanceMeters>
          <HeartRateBpm>
            <Value>103</Value>
          </HeartRateBpm>
          <SensorState>Absent</SensorState>
        </Trackpoint>
        <Trackpoint>
          <Time>2024-09-21T13:56:00Z</Time>
          <DistanceMeters>14.0</DistanceMeters>
          <HeartRateBpm>
            <Value>105</Value>
          </HeartRateBpm>
          <SensorState>Absent</SensorState>
        </Trackpoint>
        <Trackpoint>
          <Time>2024-09-21T13:56:02Z</Time>
          <DistanceMeters>14.0</DistanceMeters>
          <HeartRateBpm>
            <Value>103</Value>
          </HeartRateBpm>
          <SensorState>Absent</SensorState>
        </Trackpoint>
        <Trackpoint>
          <Time>2024-09-21T13:56:04Z</Time>
          <DistanceMeters>14.0</DistanceMeters>
          <HeartRateBpm>
            <Value>104</Value>
          </HeartRateBpm>
          <SensorState>Absent</SensorState>
        </Trackpoint>
        <Trackpoint>
          <Time>2024-09-21T13:56:10Z</Time>
          <DistanceMeters>14.0</DistanceMeters>
          <HeartRateBpm>
            <Value>103</Value>
          </HeartRateBpm>
          <SensorState>Absent</SensorState>
        </Trackpoint>
        <Trackpoint>
          <Time>2024-09-21T13:56:14Z</Time>
          <DistanceMeters>14.0</DistanceMeters>
          <HeartRateBpm>
            <Value>105</Value>
          </HeartRateBpm>
          <SensorState>Absent</SensorState>
        </Trackpoint>
        <Trackpoint>
          <Time>2024-09-21T13:56:15Z</Time>
          <DistanceMeters>14.0</DistanceMeters>
          <HeartRateBpm>
            <Value>106</Value>
          </HeartRateBpm>
          <SensorState>Absent</SensorState>
        </Trackpoint>
        <Trackpoint>
          <Time>2024-09-21T13:56:16Z</Time>
          <DistanceMeters>14.0</DistanceMeters>
          <HeartRateBpm>
            <Value>107</Value>
          </HeartRateBpm>
          <SensorState>Absent</SensorState>
        </Trackpoint>
        <Trackpoint>
          <Time>2024-09-21T13:56:20Z</Time>
          <DistanceMeters>14.0</DistanceMeters>
          <HeartRateBpm>
            <Value>109</Value>
          </HeartRateBpm>
          <SensorState>Absent</SensorState>
        </Trackpoint>
        <Trackpoint>
          <Time>2024-09-21T13:56:21Z</Time>
          <DistanceMeters>14.0</DistanceMeters>
          <HeartRateBpm>
            <Value>109</Value>
          </HeartRateBpm>
          <SensorState>Absent</SensorState>
        </Trackpoint>
        <Trackpoint>
          <Time>2024-09-21T13:56:22Z</Time>
          <DistanceMeters>14.0</DistanceMeters>
          <HeartRateBpm>
            <Value>111</Value>
          </HeartRateBpm>
          <SensorState>Absent</SensorState>
        </Trackpoint>
        <Trackpoint>
          <Time>2024-09-21T13:56:25Z</Time>
          <DistanceMeters>14.0</DistanceMeters>
          <HeartRateBpm>
            <Value>112</Value>
          </HeartRateBpm>
          <SensorState>Absent</SensorState>
        </Trackpoint>
        <Trackpoint>
          <Time>2024-09-21T13:56:26Z</Time>
          <DistanceMeters>14.0</DistanceMeters>
          <HeartRateBpm>
            <Value>113</Value>
          </HeartRateBpm>
          <SensorState>Absent</SensorState>
        </Trackpoint>
        <Trackpoint>
          <Time>2024-09-21T13:56:28Z</Time>
          <DistanceMeters>14.0</DistanceMeters>
          <HeartRateBpm>
            <Value>115</Value>
          </HeartRateBpm>
          <SensorState>Absent</SensorState>
        </Trackpoint>
        <Trackpoint>
          <Time>2024-09-21T13:56:29Z</Time>
          <DistanceMeters>15.0</DistanceMeters>
          <HeartRateBpm>
            <Value>115</Value>
          </HeartRateBpm>
          <SensorState>Absent</SensorState>
        </Trackpoint>
        <Trackpoint>
          <Time>2024-09-21T13:56:30Z</Time>
          <DistanceMeters>15.0</DistanceMeters>
          <HeartRateBpm>
            <Value>117</Value>
          </HeartRateBpm>
          <SensorState>Absent</SensorState>
        </Trackpoint>
        <Trackpoint>
          <Time>2024-09-21T13:56:33Z</Time>
          <DistanceMeters>15.0</DistanceMeters>
          <HeartRateBpm>
            <Value>115</Value>
          </HeartRateBpm>
          <SensorState>Absent</SensorState>
        </Trackpoint>
        <Trackpoint>
          <Time>2024-09-21T13:56:34Z</Time>
          <DistanceMeters>15.0</DistanceMeters>
          <HeartRateBpm>
            <Value>114</Value>
          </HeartRateBpm>
          <SensorState>Absent</SensorState>
        </Trackpoint>
        <Trackpoint>
          <Time>2024-09-21T13:56:36Z</Time>
          <DistanceMeters>15.0</DistanceMeters>
          <HeartRateBpm>
            <Value>113</Value>
          </HeartRateBpm>
          <SensorState>Absent</SensorState>
        </Trackpoint>
        <Trackpoint>
          <Time>2024-09-21T13:56:38Z</Time>
          <DistanceMeters>15.0</DistanceMeters>
          <HeartRateBpm>
            <Value>114</Value>
          </HeartRateBpm>
          <SensorState>Absent</SensorState>
        </Trackpoint>
        <Trackpoint>
          <Time>2024-09-21T13:56:39Z</Time>
          <DistanceMeters>15.0</DistanceMeters>
          <HeartRateBpm>
            <Value>113</Value>
          </HeartRateBpm>
          <SensorState>Absent</SensorState>
        </Trackpoint>
        <Trackpoint>
          <Time>2024-09-21T13:56:42Z</Time>
          <DistanceMeters>15.0</DistanceMeters>
          <HeartRateBpm>
            <Value>114</Value>
          </HeartRateBpm>
          <SensorState>Absent</SensorState>
        </Trackpoint>
        <Trackpoint>
          <Time>2024-09-21T13:56:43Z</Time>
          <DistanceMeters>15.0</DistanceMeters>
          <HeartRateBpm>
            <Value>113</Value>
          </HeartRateBpm>
          <SensorState>Absent</SensorState>
        </Trackpoint>
        <Trackpoint>
          <Time>2024-09-21T13:56:44Z</Time>
          <DistanceMeters>15.0</DistanceMeters>
          <HeartRateBpm>
            <Value>112</Value>
          </HeartRateBpm>
          <SensorState>Absent</SensorState>
        </Trackpoint>
        <Trackpoint>
          <Time>2024-09-21T13:56:48Z</Time>
          <DistanceMeters>15.0</DistanceMeters>
          <HeartRateBpm>
            <Value>111</Value>
          </HeartRateBpm>
          <SensorState>Absent</SensorState>
        </Trackpoint>
        <Trackpoint>
          <Time>2024-09-21T13:56:54Z</Time>
          <DistanceMeters>15.0</DistanceMeters>
          <HeartRateBpm>
            <Value>111</Value>
          </HeartRateBpm>
          <SensorState>Absent</SensorState>
        </Trackpoint>
        <Trackpoint>
          <Time>2024-09-21T13:56:55Z</Time>
          <DistanceMeters>15.0</DistanceMeters>
          <HeartRateBpm>
            <Value>110</Value>
          </HeartRateBpm>
          <SensorState>Absent</SensorState>
        </Trackpoint>
        <Trackpoint>
          <Time>2024-09-21T13:56:56Z</Time>
          <DistanceMeters>15.0</DistanceMeters>
          <HeartRateBpm>
            <Value>109</Value>
          </HeartRateBpm>
          <SensorState>Absent</SensorState>
        </Trackpoint>
        <Trackpoint>
          <Time>2024-09-21T13:56:56Z</Time>
          <DistanceMeters>15.0</DistanceMeters>
          <HeartRateBpm>
            <Value>109</Value>
          </HeartRateBpm>
          <SensorState>Absent</SensorState>
        </Trackpoint>
        <Trackpoint>
          <Time>2024-09-21T13:57:00Z</Time>
          <DistanceMeters>15.0</DistanceMeters>
          <HeartRateBpm>
            <Value>108</Value>
          </HeartRateBpm>
          <SensorState>Absent</SensorState>
        </Trackpoint>
        <Trackpoint>
          <Time>2024-09-21T13:57:02Z</Time>
          <DistanceMeters>15.0</DistanceMeters>
          <HeartRateBpm>
            <Value>109</Value>
          </HeartRateBpm>
          <SensorState>Absent</SensorState>
        </Trackpoint>
        <Trackpoint>
          <Time>2024-09-21T13:57:05Z</Time>
          <DistanceMeters>15.0</DistanceMeters>
          <HeartRateBpm>
            <Value>110</Value>
          </HeartRateBpm>
          <SensorState>Absent</SensorState>
        </Trackpoint>
        <Trackpoint>
          <Time>2024-09-21T13:57:09Z</Time>
          <DistanceMeters>15.0</DistanceMeters>
          <HeartRateBpm>
            <Value>111</Value>
          </HeartRateBpm>
          <SensorState>Absent</SensorState>
        </Trackpoint>
        <Trackpoint>
          <Time>2024-09-21T13:57:14Z</Time>
          <DistanceMeters>15.0</DistanceMeters>
          <HeartRateBpm>
            <Value>111</Value>
          </HeartRateBpm>
          <SensorState>Absent</SensorState>
        </Trackpoint>
        <Trackpoint>
          <Time>2024-09-21T13:57:17Z</Time>
          <DistanceMeters>15.0</DistanceMeters>
          <HeartRateBpm>
            <Value>110</Value>
          </HeartRateBpm>
          <SensorState>Absent</SensorState>
        </Trackpoint>
        <Trackpoint>
          <Time>2024-09-21T13:57:18Z</Time>
          <DistanceMeters>15.0</DistanceMeters>
          <HeartRateBpm>
            <Value>109</Value>
          </HeartRateBpm>
          <SensorState>Absent</SensorState>
        </Trackpoint>
        <Trackpoint>
          <Time>2024-09-21T13:57:21Z</Time>
          <DistanceMeters>15.0</DistanceMeters>
          <HeartRateBpm>
            <Value>108</Value>
          </HeartRateBpm>
          <SensorState>Absent</SensorState>
        </Trackpoint>
        <Trackpoint>
          <Time>2024-09-21T13:57:24Z</Time>
          <DistanceMeters>15.0</DistanceMeters>
          <HeartRateBpm>
            <Value>107</Value>
          </HeartRateBpm>
          <SensorState>Absent</SensorState>
        </Trackpoint>
        <Trackpoint>
          <Time>2024-09-21T13:57:25Z</Time>
          <DistanceMeters>15.0</DistanceMeters>
          <HeartRateBpm>
            <Value>106</Value>
          </HeartRateBpm>
          <SensorState>Absent</SensorState>
        </Trackpoint>
        <Trackpoint>
          <Time>2024-09-21T13:57:29Z</Time>
          <DistanceMeters>16.0</DistanceMeters>
          <HeartRateBpm>
            <Value>107</Value>
          </HeartRateBpm>
          <SensorState>Absent</SensorState>
        </Trackpoint>
        <Trackpoint>
          <Time>2024-09-21T13:57:31Z</Time>
          <DistanceMeters>16.0</DistanceMeters>
          <HeartRateBpm>
            <Value>108</Value>
          </HeartRateBpm>
          <SensorState>Absent</SensorState>
        </Trackpoint>
        <Trackpoint>
          <Time>2024-09-21T13:57:32Z</Time>
          <DistanceMeters>16.0</DistanceMeters>
          <HeartRateBpm>
            <Value>109</Value>
          </HeartRateBpm>
          <SensorState>Absent</SensorState>
        </Trackpoint>
        <Trackpoint>
          <Time>2024-09-21T13:57:34Z</Time>
          <DistanceMeters>16.0</DistanceMeters>
          <HeartRateBpm>
            <Value>110</Value>
          </HeartRateBpm>
          <SensorState>Absent</SensorState>
        </Trackpoint>
        <Trackpoint>
          <Time>2024-09-21T13:57:39Z</Time>
          <DistanceMeters>16.0</DistanceMeters>
          <HeartRateBpm>
            <Value>110</Value>
          </HeartRateBpm>
          <SensorState>Absent</SensorState>
        </Trackpoint>
        <Trackpoint>
          <Time>2024-09-21T13:57:43Z</Time>
          <DistanceMeters>16.0</DistanceMeters>
          <HeartRateBpm>
            <Value>111</Value>
          </HeartRateBpm>
          <SensorState>Absent</SensorState>
        </Trackpoint>
        <Trackpoint>
          <Time>2024-09-21T13:57:44Z</Time>
          <DistanceMeters>16.0</DistanceMeters>
          <HeartRateBpm>
            <Value>110</Value>
          </HeartRateBpm>
          <SensorState>Absent</SensorState>
        </Trackpoint>
        <Trackpoint>
          <Time>2024-09-21T13:57:50Z</Time>
          <DistanceMeters>16.0</DistanceMeters>
          <HeartRateBpm>
            <Value>111</Value>
          </HeartRateBpm>
          <SensorState>Absent</SensorState>
        </Trackpoint>
        <Trackpoint>
          <Time>2024-09-21T13:57:55Z</Time>
          <DistanceMeters>16.0</DistanceMeters>
          <HeartRateBpm>
            <Value>110</Value>
          </HeartRateBpm>
          <SensorState>Absent</SensorState>
        </Trackpoint>
        <Trackpoint>
          <Time>2024-09-21T13:57:58Z</Time>
          <DistanceMeters>16.0</DistanceMeters>
          <HeartRateBpm>
            <Value>111</Value>
          </HeartRateBpm>
          <SensorState>Absent</SensorState>
        </Trackpoint>
        <Trackpoint>
          <Time>2024-09-21T13:57:58Z</Time>
          <DistanceMeters>16.0</DistanceMeters>
          <HeartRateBpm>
            <Value>111</Value>
          </HeartRateBpm>
          <SensorState>Absent</SensorState>
        </Trackpoint>
        <Trackpoint>
          <Time>2024-09-21T13:58:00Z</Time>
          <DistanceMeters>16.0</DistanceMeters>
          <HeartRateBpm>
            <Value>84</Value>
          </HeartRateBpm>
          <SensorState>Absent</SensorState>
        </Trackpoint>
        <Trackpoint>
          <Time>2024-09-21T13:58:00Z</Time>
          <DistanceMeters>16.0</DistanceMeters>
          <HeartRateBpm>
            <Value>112</Value>
          </HeartRateBpm>
          <SensorState>Absent</SensorState>
        </Trackpoint>
        <Trackpoint>
          <Time>2024-09-21T13:58:01Z</Time>
          <DistanceMeters>16.0</DistanceMeters>
          <HeartRateBpm>
            <Value>113</Value>
          </HeartRateBpm>
          <SensorState>Absent</SensorState>
        </Trackpoint>
        <Trackpoint>
          <Time>2024-09-21T13:58:02Z</Time>
          <DistanceMeters>16.0</DistanceMeters>
          <HeartRateBpm>
            <Value>116</Value>
          </HeartRateBpm>
          <SensorState>Absent</SensorState>
        </Trackpoint>
        <Trackpoint>
          <Time>2024-09-21T13:58:04Z</Time>
          <DistanceMeters>16.0</DistanceMeters>
          <HeartRateBpm>
            <Value>117</Value>
          </HeartRateBpm>
          <SensorState>Absent</SensorState>
        </Trackpoint>
        <Trackpoint>
          <Time>2024-09-21T13:58:04Z</Time>
          <DistanceMeters>16.0</DistanceMeters>
          <HeartRateBpm>
            <Value>117</Value>
          </HeartRateBpm>
          <SensorState>Absent</SensorState>
        </Trackpoint>
        <Trackpoint>
          <Time>2024-09-21T13:58:09Z</Time>
          <DistanceMeters>16.0</DistanceMeters>
          <HeartRateBpm>
            <Value>117</Value>
          </HeartRateBpm>
          <SensorState>Absent</SensorState>
        </Trackpoint>
        <Trackpoint>
          <Time>2024-09-21T13:58:10Z</Time>
          <DistanceMeters>16.0</DistanceMeters>
          <HeartRateBpm>
            <Value>116</Value>
          </HeartRateBpm>
          <SensorState>Absent</SensorState>
        </Trackpoint>
        <Trackpoint>
          <Time>2024-09-21T13:58:12Z</Time>
          <DistanceMeters>16.0</DistanceMeters>
          <HeartRateBpm>
            <Value>114</Value>
          </HeartRateBpm>
          <SensorState>Absent</SensorState>
        </Trackpoint>
        <Trackpoint>
          <Time>2024-09-21T13:58:13Z</Time>
          <DistanceMeters>16.0</DistanceMeters>
          <HeartRateBpm>
            <Value>113</Value>
          </HeartRateBpm>
          <SensorState>Absent</SensorState>
        </Trackpoint>
        <Trackpoint>
          <Time>2024-09-21T13:58:14Z</Time>
          <DistanceMeters>16.0</DistanceMeters>
          <HeartRateBpm>
            <Value>112</Value>
          </HeartRateBpm>
          <SensorState>Absent</SensorState>
        </Trackpoint>
        <Trackpoint>
          <Time>2024-09-21T13:58:14Z</Time>
          <DistanceMeters>16.0</DistanceMeters>
          <HeartRateBpm>
            <Value>110</Value>
          </HeartRateBpm>
          <SensorState>Absent</SensorState>
        </Trackpoint>
        <Trackpoint>
          <Time>2024-09-21T13:58:15Z</Time>
          <DistanceMeters>16.0</DistanceMeters>
          <HeartRateBpm>
            <Value>110</Value>
          </HeartRateBpm>
          <SensorState>Absent</SensorState>
        </Trackpoint>
        <Trackpoint>
          <Time>2024-09-21T13:58:20Z</Time>
          <DistanceMeters>16.0</DistanceMeters>
          <HeartRateBpm>
            <Value>110</Value>
          </HeartRateBpm>
          <SensorState>Absent</SensorState>
        </Trackpoint>
        <Trackpoint>
          <Time>2024-09-21T13:58:24Z</Time>
          <DistanceMeters>16.0</DistanceMeters>
          <HeartRateBpm>
            <Value>57</Value>
          </HeartRateBpm>
          <SensorState>Absent</SensorState>
        </Trackpoint>
        <Trackpoint>
          <Time>2024-09-21T13:58:24Z</Time>
          <DistanceMeters>16.0</DistanceMeters>
          <HeartRateBpm>
            <Value>57</Value>
          </HeartRateBpm>
          <SensorState>Absent</SensorState>
        </Trackpoint>
        <Trackpoint>
          <Time>2024-09-21T13:58:25Z</Time>
          <DistanceMeters>16.0</DistanceMeters>
          <HeartRateBpm>
            <Value>53</Value>
          </HeartRateBpm>
          <SensorState>Absent</SensorState>
        </Trackpoint>
        <Trackpoint>
          <Time>2024-09-21T13:58:26Z</Time>
          <DistanceMeters>16.0</DistanceMeters>
          <HeartRateBpm>
            <Value>52</Value>
          </HeartRateBpm>
          <SensorState>Absent</SensorState>
        </Trackpoint>
        <Trackpoint>
          <Time>2024-09-21T13:58:28Z</Time>
          <DistanceMeters>16.0</DistanceMeters>
          <HeartRateBpm>
            <Value>51</Value>
          </HeartRateBpm>
          <SensorState>Absent</SensorState>
        </Trackpoint>
        <Trackpoint>
          <Time>2024-09-21T13:58:28Z</Time>
          <DistanceMeters>16.0</DistanceMeters>
          <HeartRateBpm>
            <Value>51</Value>
          </HeartRateBpm>
          <SensorState>Absent</SensorState>
        </Trackpoint>
        <Trackpoint>
          <Time>2024-09-21T13:58:31Z</Time>
          <DistanceMeters>17.0</DistanceMeters>
          <HeartRateBpm>
            <Value>50</Value>
          </HeartRateBpm>
          <SensorState>Absent</SensorState>
        </Trackpoint>
        <Trackpoint>
          <Time>2024-09-21T13:58:34Z</Time>
          <DistanceMeters>17.0</DistanceMeters>
          <HeartRateBpm>
            <Value>51</Value>
          </HeartRateBpm>
          <SensorState>Absent</SensorState>
        </Trackpoint>
        <Trackpoint>
          <Time>2024-09-21T13:58:39Z</Time>
          <DistanceMeters>17.0</DistanceMeters>
          <HeartRateBpm>
            <Value>51</Value>
          </HeartRateBpm>
          <SensorState>Absent</SensorState>
        </Trackpoint>
        <Trackpoint>
          <Time>2024-09-21T13:58:41Z</Time>
          <DistanceMeters>17.0</DistanceMeters>
          <HeartRateBpm>
            <Value>52</Value>
          </HeartRateBpm>
          <SensorState>Absent</SensorState>
        </Trackpoint>
        <Trackpoint>
          <Time>2024-09-21T13:58:46Z</Time>
          <DistanceMeters>17.0</DistanceMeters>
          <HeartRateBpm>
            <Value>52</Value>
          </HeartRateBpm>
          <SensorState>Absent</SensorState>
        </Trackpoint>
        <Trackpoint>
          <Time>2024-09-21T13:58:51Z</Time>
          <DistanceMeters>17.0</DistanceMeters>
          <HeartRateBpm>
            <Value>51</Value>
          </HeartRateBpm>
          <SensorState>Absent</SensorState>
        </Trackpoint>
        <Trackpoint>
          <Time>2024-09-21T13:58:56Z</Time>
          <DistanceMeters>17.0</DistanceMeters>
          <HeartRateBpm>
            <Value>51</Value>
          </HeartRateBpm>
          <SensorState>Absent</SensorState>
        </Trackpoint>
        <Trackpoint>
          <Time>2024-09-21T13:59:00Z</Time>
          <DistanceMeters>17.0</DistanceMeters>
          <HeartRateBpm>
            <Value>65</Value>
          </HeartRateBpm>
          <SensorState>Absent</SensorState>
        </Trackpoint>
        <Trackpoint>
          <Time>2024-09-21T13:59:02Z</Time>
          <DistanceMeters>17.0</DistanceMeters>
          <HeartRateBpm>
            <Value>51</Value>
          </HeartRateBpm>
          <SensorState>Absent</SensorState>
        </Trackpoint>
        <Trackpoint>
          <Time>2024-09-21T13:59:07Z</Time>
          <DistanceMeters>17.0</DistanceMeters>
          <HeartRateBpm>
            <Value>51</Value>
          </HeartRateBpm>
          <SensorState>Absent</SensorState>
        </Trackpoint>
        <Trackpoint>
          <Time>2024-09-21T13:59:08Z</Time>
          <DistanceMeters>17.0</DistanceMeters>
          <HeartRateBpm>
            <Value>53</Value>
          </HeartRateBpm>
          <SensorState>Absent</SensorState>
        </Trackpoint>
        <Trackpoint>
          <Time>2024-09-21T13:59:13Z</Time>
          <DistanceMeters>17.0</DistanceMeters>
          <HeartRateBpm>
            <Value>53</Value>
          </HeartRateBpm>
          <SensorState>Absent</SensorState>
        </Trackpoint>
        <Trackpoint>
          <Time>2024-09-21T13:59:17Z</Time>
          <DistanceMeters>17.0</DistanceMeters>
          <HeartRateBpm>
            <Value>54</Value>
          </HeartRateBpm>
          <SensorState>Absent</SensorState>
        </Trackpoint>
        <Trackpoint>
          <Time>2024-09-21T13:59:18Z</Time>
          <DistanceMeters>17.0</DistanceMeters>
          <HeartRateBpm>
            <Value>56</Value>
          </HeartRateBpm>
          <SensorState>Absent</SensorState>
        </Trackpoint>
        <Trackpoint>
          <Time>2024-09-21T13:59:20Z</Time>
          <DistanceMeters>17.0</DistanceMeters>
          <HeartRateBpm>
            <Value>57</Value>
          </HeartRateBpm>
          <SensorState>Absent</SensorState>
        </Trackpoint>
        <Trackpoint>
          <Time>2024-09-21T13:59:21Z</Time>
          <DistanceMeters>17.0</DistanceMeters>
          <HeartRateBpm>
            <Value>57</Value>
          </HeartRateBpm>
          <SensorState>Absent</SensorState>
        </Trackpoint>
        <Trackpoint>
          <Time>2024-09-21T13:59:22Z</Time>
          <DistanceMeters>17.0</DistanceMeters>
          <HeartRateBpm>
            <Value>58</Value>
          </HeartRateBpm>
          <SensorState>Absent</SensorState>
        </Trackpoint>
        <Trackpoint>
          <Time>2024-09-21T13:59:24Z</Time>
          <DistanceMeters>17.0</DistanceMeters>
          <HeartRateBpm>
            <Value>57</Value>
          </HeartRateBpm>
          <SensorState>Absent</SensorState>
        </Trackpoint>
        <Trackpoint>
          <Time>2024-09-21T13:59:25Z</Time>
          <DistanceMeters>17.0</DistanceMeters>
          <HeartRateBpm>
            <Value>56</Value>
          </HeartRateBpm>
          <SensorState>Absent</SensorState>
        </Trackpoint>
        <Trackpoint>
          <Time>2024-09-21T13:59:28Z</Time>
          <DistanceMeters>17.0</DistanceMeters>
          <HeartRateBpm>
            <Value>57</Value>
          </HeartRateBpm>
          <SensorState>Absent</SensorState>
        </Trackpoint>
        <Trackpoint>
          <Time>2024-09-21T13:59:31Z</Time>
          <DistanceMeters>18.0</DistanceMeters>
          <HeartRateBpm>
            <Value>59</Value>
          </HeartRateBpm>
          <SensorState>Absent</SensorState>
        </Trackpoint>
        <Trackpoint>
          <Time>2024-09-21T13:59:33Z</Time>
          <DistanceMeters>18.0</DistanceMeters>
          <HeartRateBpm>
            <Value>61</Value>
          </HeartRateBpm>
          <SensorState>Absent</SensorState>
        </Trackpoint>
        <Trackpoint>
          <Time>2024-09-21T13:59:34Z</Time>
          <DistanceMeters>18.0</DistanceMeters>
          <HeartRateBpm>
            <Value>62</Value>
          </HeartRateBpm>
          <SensorState>Absent</SensorState>
        </Trackpoint>
        <Trackpoint>
          <Time>2024-09-21T13:59:34Z</Time>
          <DistanceMeters>18.0</DistanceMeters>
          <HeartRateBpm>
            <Value>63</Value>
          </HeartRateBpm>
          <SensorState>Absent</SensorState>
        </Trackpoint>
        <Trackpoint>
          <Time>2024-09-21T13:59:35Z</Time>
          <DistanceMeters>18.0</DistanceMeters>
          <HeartRateBpm>
            <Value>63</Value>
          </HeartRateBpm>
          <SensorState>Absent</SensorState>
        </Trackpoint>
        <Trackpoint>
          <Time>2024-09-21T13:59:39Z</Time>
          <DistanceMeters>18.0</DistanceMeters>
          <HeartRateBpm>
            <Value>62</Value>
          </HeartRateBpm>
          <SensorState>Absent</SensorState>
        </Trackpoint>
        <Trackpoint>
          <Time>2024-09-21T13:59:44Z</Time>
          <DistanceMeters>18.0</DistanceMeters>
          <HeartRateBpm>
            <Value>64</Value>
          </HeartRateBpm>
          <SensorState>Absent</SensorState>
        </Trackpoint>
        <Trackpoint>
          <Time>2024-09-21T13:59:46Z</Time>
          <DistanceMeters>18.0</DistanceMeters>
          <HeartRateBpm>
            <Value>65</Value>
          </HeartRateBpm>
          <SensorState>Absent</SensorState>
        </Trackpoint>
        <Trackpoint>
          <Time>2024-09-21T13:59:50Z</Time>
          <DistanceMeters>18.0</DistanceMeters>
          <HeartRateBpm>
            <Value>64</Value>
          </HeartRateBpm>
          <SensorState>Absent</SensorState>
        </Trackpoint>
        <Trackpoint>
          <Time>2024-09-21T13:59:51Z</Time>
          <DistanceMeters>18.0</DistanceMeters>
          <HeartRateBpm>
            <Value>63</Value>
          </HeartRateBpm>
          <SensorState>Absent</SensorState>
        </Trackpoint>
        <Trackpoint>
          <Time>2024-09-21T13:59:52Z</Time>
          <DistanceMeters>18.0</DistanceMeters>
          <HeartRateBpm>
            <Value>62</Value>
          </HeartRateBpm>
          <SensorState>Absent</SensorState>
        </Trackpoint>
        <Trackpoint>
          <Time>2024-09-21T13:59:53Z</Time>
          <DistanceMeters>18.0</DistanceMeters>
          <HeartRateBpm>
            <Value>63</Value>
          </HeartRateBpm>
          <SensorState>Absent</SensorState>
        </Trackpoint>
        <Trackpoint>
          <Time>2024-09-21T13:59:57Z</Time>
          <DistanceMeters>18.0</DistanceMeters>
          <HeartRateBpm>
            <Value>64</Value>
          </HeartRateBpm>
          <SensorState>Absent</SensorState>
        </Trackpoint>
        <Trackpoint>
          <Time>2024-09-21T13:59:58Z</Time>
          <DistanceMeters>18.0</DistanceMeters>
          <HeartRateBpm>
            <Value>68</Value>
          </HeartRateBpm>
          <SensorState>Absent</SensorState>
        </Trackpoint>
        <Trackpoint>
          <Time>2024-09-21T14:00:00Z</Time>
          <DistanceMeters>18.0</DistanceMeters>
          <HeartRateBpm>
            <Value>81</Value>
          </HeartRateBpm>
          <SensorState>Absent</SensorState>
        </Trackpoint>
        <Trackpoint>
          <Time>2024-09-21T14:00:00Z</Time>
          <DistanceMeters>18.0</DistanceMeters>
          <HeartRateBpm>
            <Value>69</Value>
          </HeartRateBpm>
          <SensorState>Absent</SensorState>
        </Trackpoint>
        <Trackpoint>
          <Time>2024-09-21T14:00:00Z</Time>
          <DistanceMeters>18.0</DistanceMeters>
          <HeartRateBpm>
            <Value>69</Value>
          </HeartRateBpm>
          <SensorState>Absent</SensorState>
        </Trackpoint>
        <Trackpoint>
          <Time>2024-09-21T14:00:01Z</Time>
          <DistanceMeters>18.0</DistanceMeters>
          <HeartRateBpm>
            <Value>70</Value>
          </HeartRateBpm>
          <SensorState>Absent</SensorState>
        </Trackpoint>
        <Trackpoint>
          <Time>2024-09-21T14:00:04Z</Time>
          <DistanceMeters>18.0</DistanceMeters>
          <HeartRateBpm>
            <Value>71</Value>
          </HeartRateBpm>
          <SensorState>Absent</SensorState>
        </Trackpoint>
        <Trackpoint>
          <Time>2024-09-21T14:00:05Z</Time>
          <DistanceMeters>18.0</DistanceMeters>
          <HeartRateBpm>
            <Value>72</Value>
          </HeartRateBpm>
          <SensorState>Absent</SensorState>
        </Trackpoint>
        <Trackpoint>
          <Time>2024-09-21T14:00:06Z</Time>
          <DistanceMeters>18.0</DistanceMeters>
          <HeartRateBpm>
            <Value>71</Value>
          </HeartRateBpm>
          <SensorState>Absent</SensorState>
        </Trackpoint>
        <Trackpoint>
          <Time>2024-09-21T14:00:12Z</Time>
          <DistanceMeters>18.0</DistanceMeters>
          <HeartRateBpm>
            <Value>72</Value>
          </HeartRateBpm>
          <SensorState>Absent</SensorState>
        </Trackpoint>
        <Trackpoint>
          <Time>2024-09-21T14:00:13Z</Time>
          <DistanceMeters>18.0</DistanceMeters>
          <HeartRateBpm>
            <Value>73</Value>
          </HeartRateBpm>
          <SensorState>Absent</SensorState>
        </Trackpoint>
        <Trackpoint>
          <Time>2024-09-21T14:00:14Z</Time>
          <DistanceMeters>18.0</DistanceMeters>
          <HeartRateBpm>
            <Value>76</Value>
          </HeartRateBpm>
          <SensorState>Absent</SensorState>
        </Trackpoint>
        <Trackpoint>
          <Time>2024-09-21T14:00:15Z</Time>
          <DistanceMeters>18.0</DistanceMeters>
          <HeartRateBpm>
            <Value>76</Value>
          </HeartRateBpm>
          <SensorState>Absent</SensorState>
        </Trackpoint>
        <Trackpoint>
          <Time>2024-09-21T14:00:19Z</Time>
          <DistanceMeters>18.0</DistanceMeters>
          <HeartRateBpm>
            <Value>77</Value>
          </HeartRateBpm>
          <SensorState>Absent</SensorState>
        </Trackpoint>
        <Trackpoint>
          <Time>2024-09-21T14:00:20Z</Time>
          <DistanceMeters>18.0</DistanceMeters>
          <HeartRateBpm>
            <Value>78</Value>
          </HeartRateBpm>
          <SensorState>Absent</SensorState>
        </Trackpoint>
        <Trackpoint>
          <Time>2024-09-21T14:00:22Z</Time>
          <DistanceMeters>18.0</DistanceMeters>
          <HeartRateBpm>
            <Value>80</Value>
          </HeartRateBpm>
          <SensorState>Absent</SensorState>
        </Trackpoint>
        <Trackpoint>
          <Time>2024-09-21T14:00:22Z</Time>
          <DistanceMeters>18.0</DistanceMeters>
          <HeartRateBpm>
            <Value>82</Value>
          </HeartRateBpm>
          <SensorState>Absent</SensorState>
        </Trackpoint>
        <Trackpoint>
          <Time>2024-09-21T14:00:23Z</Time>
          <DistanceMeters>18.0</DistanceMeters>
          <HeartRateBpm>
            <Value>82</Value>
          </HeartRateBpm>
          <SensorState>Absent</SensorState>
        </Trackpoint>
        <Trackpoint>
          <Time>2024-09-21T14:00:24Z</Time>
          <DistanceMeters>18.0</DistanceMeters>
          <HeartRateBpm>
            <Value>85</Value>
          </HeartRateBpm>
          <SensorState>Absent</SensorState>
        </Trackpoint>
        <Trackpoint>
          <Time>2024-09-21T14:00:26Z</Time>
          <DistanceMeters>18.0</DistanceMeters>
          <HeartRateBpm>
            <Value>89</Value>
          </HeartRateBpm>
          <SensorState>Absent</SensorState>
        </Trackpoint>
        <Trackpoint>
          <Time>2024-09-21T14:00:26Z</Time>
          <DistanceMeters>18.0</DistanceMeters>
          <HeartRateBpm>
            <Value>89</Value>
          </HeartRateBpm>
          <SensorState>Absent</SensorState>
        </Trackpoint>
        <Trackpoint>
          <Time>2024-09-21T14:00:27Z</Time>
          <DistanceMeters>18.0</DistanceMeters>
          <HeartRateBpm>
            <Value>93</Value>
          </HeartRateBpm>
          <SensorState>Absent</SensorState>
        </Trackpoint>
        <Trackpoint>
          <Time>2024-09-21T14:00:28Z</Time>
          <DistanceMeters>18.0</DistanceMeters>
          <HeartRateBpm>
            <Value>96</Value>
          </HeartRateBpm>
          <SensorState>Absent</SensorState>
        </Trackpoint>
        <Trackpoint>
          <Time>2024-09-21T14:00:28Z</Time>
          <DistanceMeters>18.0</DistanceMeters>
          <HeartRateBpm>
            <Value>96</Value>
          </HeartRateBpm>
          <SensorState>Absent</SensorState>
        </Trackpoint>
        <Trackpoint>
          <Time>2024-09-21T14:00:30Z</Time>
          <DistanceMeters>19.0</DistanceMeters>
          <HeartRateBpm>
            <Value>97</Value>
          </HeartRateBpm>
          <SensorState>Absent</SensorState>
        </Trackpoint>
        <Trackpoint>
          <Time>2024-09-21T14:00:35Z</Time>
          <DistanceMeters>19.0</DistanceMeters>
          <HeartRateBpm>
            <Value>98</Value>
          </HeartRateBpm>
          <SensorState>Absent</SensorState>
        </Trackpoint>
        <Trackpoint>
          <Time>2024-09-21T14:00:39Z</Time>
          <DistanceMeters>19.0</DistanceMeters>
          <HeartRateBpm>
            <Value>97</Value>
          </HeartRateBpm>
          <SensorState>Absent</SensorState>
        </Trackpoint>
        <Trackpoint>
          <Time>2024-09-21T14:00:44Z</Time>
          <DistanceMeters>19.0</DistanceMeters>
          <HeartRateBpm>
            <Value>97</Value>
          </HeartRateBpm>
          <SensorState>Absent</SensorState>
        </Trackpoint>
        <Trackpoint>
          <Time>2024-09-21T14:00:45Z</Time>
          <DistanceMeters>19.0</DistanceMeters>
          <HeartRateBpm>
            <Value>98</Value>
          </HeartRateBpm>
          <SensorState>Absent</SensorState>
        </Trackpoint>
        <Trackpoint>
          <Time>2024-09-21T14:00:50Z</Time>
          <DistanceMeters>19.0</DistanceMeters>
          <HeartRateBpm>
            <Value>98</Value>
          </HeartRateBpm>
          <SensorState>Absent</SensorState>
        </Trackpoint>
        <Trackpoint>
          <Time>2024-09-21T14:00:54Z</Time>
          <DistanceMeters>19.0</DistanceMeters>
          <HeartRateBpm>
            <Value>100</Value>
          </HeartRateBpm>
          <SensorState>Absent</SensorState>
        </Trackpoint>
        <Trackpoint>
          <Time>2024-09-21T14:00:56Z</Time>
          <DistanceMeters>19.0</DistanceMeters>
          <HeartRateBpm>
            <Value>101</Value>
          </HeartRateBpm>
          <SensorState>Absent</SensorState>
        </Trackpoint>
        <Trackpoint>
          <Time>2024-09-21T14:01:00Z</Time>
          <DistanceMeters>19.0</DistanceMeters>
          <HeartRateBpm>
            <Value>97</Value>
          </HeartRateBpm>
          <SensorState>Absent</SensorState>
        </Trackpoint>
        <Trackpoint>
          <Time>2024-09-21T14:01:00Z</Time>
          <DistanceMeters>19.0</DistanceMeters>
          <HeartRateBpm>
            <Value>100</Value>
          </HeartRateBpm>
          <SensorState>Absent</SensorState>
        </Trackpoint>
        <Trackpoint>
          <Time>2024-09-21T14:01:02Z</Time>
          <DistanceMeters>19.0</DistanceMeters>
          <HeartRateBpm>
            <Value>99</Value>
          </HeartRateBpm>
          <SensorState>Absent</SensorState>
        </Trackpoint>
        <Trackpoint>
          <Time>2024-09-21T14:01:07Z</Time>
          <DistanceMeters>19.0</DistanceMeters>
          <HeartRateBpm>
            <Value>100</Value>
          </HeartRateBpm>
          <SensorState>Absent</SensorState>
        </Trackpoint>
        <Trackpoint>
          <Time>2024-09-21T14:01:09Z</Time>
          <DistanceMeters>19.0</DistanceMeters>
          <HeartRateBpm>
            <Value>99</Value>
          </HeartRateBpm>
          <SensorState>Absent</SensorState>
        </Trackpoint>
        <Trackpoint>
          <Time>2024-09-21T14:01:14Z</Time>
          <DistanceMeters>19.0</DistanceMeters>
          <HeartRateBpm>
            <Value>100</Value>
          </HeartRateBpm>
          <SensorState>Absent</SensorState>
        </Trackpoint>
        <Trackpoint>
          <Time>2024-09-21T14:01:16Z</Time>
          <DistanceMeters>19.0</DistanceMeters>
          <HeartRateBpm>
            <Value>102</Value>
          </HeartRateBpm>
          <SensorState>Absent</SensorState>
        </Trackpoint>
        <Trackpoint>
          <Time>2024-09-21T14:01:16Z</Time>
          <DistanceMeters>19.0</DistanceMeters>
          <HeartRateBpm>
            <Value>102</Value>
          </HeartRateBpm>
          <SensorState>Absent</SensorState>
        </Trackpoint>
        <Trackpoint>
          <Time>2024-09-21T14:01:22Z</Time>
          <DistanceMeters>19.0</DistanceMeters>
          <HeartRateBpm>
            <Value>102</Value>
          </HeartRateBpm>
          <SensorState>Absent</SensorState>
        </Trackpoint>
        <Trackpoint>
          <Time>2024-09-21T14:01:26Z</Time>
          <DistanceMeters>19.0</DistanceMeters>
          <HeartRateBpm>
            <Value>103</Value>
          </HeartRateBpm>
          <SensorState>Absent</SensorState>
        </Trackpoint>
        <Trackpoint>
          <Time>2024-09-21T14:01:28Z</Time>
          <DistanceMeters>19.0</DistanceMeters>
          <HeartRateBpm>
            <Value>102</Value>
          </HeartRateBpm>
          <SensorState>Absent</SensorState>
        </Trackpoint>
        <Trackpoint>
          <Time>2024-09-21T14:01:30Z</Time>
          <DistanceMeters>20.0</DistanceMeters>
          <HeartRateBpm>
            <Value>101</Value>
          </HeartRateBpm>
          <SensorState>Absent</SensorState>
        </Trackpoint>
        <Trackpoint>
          <Time>2024-09-21T14:01:33Z</Time>
          <DistanceMeters>20.0</DistanceMeters>
          <HeartRateBpm>
            <Value>102</Value>
          </HeartRateBpm>
          <SensorState>Absent</SensorState>
        </Trackpoint>
        <Trackpoint>
          <Time>2024-09-21T14:01:35Z</Time>
          <DistanceMeters>20.0</DistanceMeters>
          <HeartRateBpm>
            <Value>103</Value>
          </HeartRateBpm>
          <SensorState>Absent</SensorState>
        </Trackpoint>
        <Trackpoint>
          <Time>2024-09-21T14:01:36Z</Time>
          <DistanceMeters>20.0</DistanceMeters>
          <HeartRateBpm>
            <Value>104</Value>
          </HeartRateBpm>
          <SensorState>Absent</SensorState>
        </Trackpoint>
        <Trackpoint>
          <Time>2024-09-21T14:01:38Z</Time>
          <DistanceMeters>20.0</DistanceMeters>
          <HeartRateBpm>
            <Value>105</Value>
          </HeartRateBpm>
          <SensorState>Absent</SensorState>
        </Trackpoint>
        <Trackpoint>
          <Time>2024-09-21T14:01:44Z</Time>
          <DistanceMeters>20.0</DistanceMeters>
          <HeartRateBpm>
            <Value>105</Value>
          </HeartRateBpm>
          <SensorState>Absent</SensorState>
        </Trackpoint>
        <Trackpoint>
          <Time>2024-09-21T14:01:45Z</Time>
          <DistanceMeters>20.0</DistanceMeters>
          <HeartRateBpm>
            <Value>106</Value>
          </HeartRateBpm>
          <SensorState>Absent</SensorState>
        </Trackpoint>
        <Trackpoint>
          <Time>2024-09-21T14:01:46Z</Time>
          <DistanceMeters>20.0</DistanceMeters>
          <HeartRateBpm>
            <Value>108</Value>
          </HeartRateBpm>
          <SensorState>Absent</SensorState>
        </Trackpoint>
        <Trackpoint>
          <Time>2024-09-21T14:01:46Z</Time>
          <DistanceMeters>20.0</DistanceMeters>
          <HeartRateBpm>
            <Value>108</Value>
          </HeartRateBpm>
          <SensorState>Absent</SensorState>
        </Trackpoint>
        <Trackpoint>
          <Time>2024-09-21T14:01:48Z</Time>
          <DistanceMeters>20.0</DistanceMeters>
          <HeartRateBpm>
            <Value>109</Value>
          </HeartRateBpm>
          <SensorState>Absent</SensorState>
        </Trackpoint>
        <Trackpoint>
          <Time>2024-09-21T14:01:50Z</Time>
          <DistanceMeters>20.0</DistanceMeters>
          <HeartRateBpm>
            <Value>108</Value>
          </HeartRateBpm>
          <SensorState>Absent</SensorState>
        </Trackpoint>
        <Trackpoint>
          <Time>2024-09-21T14:01:52Z</Time>
          <DistanceMeters>20.0</DistanceMeters>
          <HeartRateBpm>
            <Value>107</Value>
          </HeartRateBpm>
          <SensorState>Absent</SensorState>
        </Trackpoint>
        <Trackpoint>
          <Time>2024-09-21T14:01:58Z</Time>
          <DistanceMeters>20.0</DistanceMeters>
          <HeartRateBpm>
            <Value>107</Value>
          </HeartRateBpm>
          <SensorState>Absent</SensorState>
        </Trackpoint>
        <Trackpoint>
          <Time>2024-09-21T14:02:00Z</Time>
          <DistanceMeters>20.0</DistanceMeters>
          <HeartRateBpm>
            <Value>104</Value>
          </HeartRateBpm>
          <SensorState>Absent</SensorState>
        </Trackpoint>
        <Trackpoint>
          <Time>2024-09-21T14:02:02Z</Time>
          <DistanceMeters>20.0</DistanceMeters>
          <HeartRateBpm>
            <Value>108</Value>
          </HeartRateBpm>
          <SensorState>Absent</SensorState>
        </Trackpoint>
        <Trackpoint>
          <Time>2024-09-21T14:02:06Z</Time>
          <DistanceMeters>20.0</DistanceMeters>
          <HeartRateBpm>
            <Value>109</Value>
          </HeartRateBpm>
          <SensorState>Absent</SensorState>
        </Trackpoint>
        <Trackpoint>
          <Time>2024-09-21T14:02:11Z</Time>
          <DistanceMeters>20.0</DistanceMeters>
          <HeartRateBpm>
            <Value>110</Value>
          </HeartRateBpm>
          <SensorState>Absent</SensorState>
        </Trackpoint>
        <Trackpoint>
          <Time>2024-09-21T14:02:15Z</Time>
          <DistanceMeters>20.0</DistanceMeters>
          <HeartRateBpm>
            <Value>109</Value>
          </HeartRateBpm>
          <SensorState>Absent</SensorState>
        </Trackpoint>
        <Trackpoint>
          <Time>2024-09-21T14:02:18Z</Time>
          <DistanceMeters>20.0</DistanceMeters>
          <HeartRateBpm>
            <Value>108</Value>
          </HeartRateBpm>
          <SensorState>Absent</SensorState>
        </Trackpoint>
        <Trackpoint>
          <Time>2024-09-21T14:02:20Z</Time>
          <DistanceMeters>20.0</DistanceMeters>
          <HeartRateBpm>
            <Value>107</Value>
          </HeartRateBpm>
          <SensorState>Absent</SensorState>
        </Trackpoint>
        <Trackpoint>
          <Time>2024-09-21T14:02:22Z</Time>
          <DistanceMeters>20.0</DistanceMeters>
          <HeartRateBpm>
            <Value>108</Value>
          </HeartRateBpm>
          <SensorState>Absent</SensorState>
        </Trackpoint>
        <Trackpoint>
          <Time>2024-09-21T14:02:24Z</Time>
          <DistanceMeters>20.0</DistanceMeters>
          <HeartRateBpm>
            <Value>107</Value>
          </HeartRateBpm>
          <SensorState>Absent</SensorState>
        </Trackpoint>
        <Trackpoint>
          <Time>2024-09-21T14:02:28Z</Time>
          <DistanceMeters>20.0</DistanceMeters>
          <HeartRateBpm>
            <Value>106</Value>
          </HeartRateBpm>
          <SensorState>Absent</SensorState>
        </Trackpoint>
        <Trackpoint>
          <Time>2024-09-21T14:02:29Z</Time>
          <DistanceMeters>21.0</DistanceMeters>
          <HeartRateBpm>
            <Value>107</Value>
          </HeartRateBpm>
          <SensorState>Absent</SensorState>
        </Trackpoint>
        <Trackpoint>
          <Time>2024-09-21T14:02:33Z</Time>
          <DistanceMeters>21.0</DistanceMeters>
          <HeartRateBpm>
            <Value>106</Value>
          </HeartRateBpm>
          <SensorState>Absent</SensorState>
        </Trackpoint>
        <Trackpoint>
          <Time>2024-09-21T14:02:39Z</Time>
          <DistanceMeters>21.0</DistanceMeters>
          <HeartRateBpm>
            <Value>106</Value>
          </HeartRateBpm>
          <SensorState>Absent</SensorState>
        </Trackpoint>
        <Trackpoint>
          <Time>2024-09-21T14:02:44Z</Time>
          <DistanceMeters>21.0</DistanceMeters>
          <HeartRateBpm>
            <Value>106</Value>
          </HeartRateBpm>
          <SensorState>Absent</SensorState>
        </Trackpoint>
        <Trackpoint>
          <Time>2024-09-21T14:02:45Z</Time>
          <DistanceMeters>21.0</DistanceMeters>
          <HeartRateBpm>
            <Value>107</Value>
          </HeartRateBpm>
          <SensorState>Absent</SensorState>
        </Trackpoint>
        <Trackpoint>
          <Time>2024-09-21T14:02:46Z</Time>
          <DistanceMeters>21.0</DistanceMeters>
          <HeartRateBpm>
            <Value>108</Value>
          </HeartRateBpm>
          <SensorState>Absent</SensorState>
        </Trackpoint>
        <Trackpoint>
          <Time>2024-09-21T14:02:50Z</Time>
          <DistanceMeters>21.0</DistanceMeters>
          <HeartRateBpm>
            <Value>107</Value>
          </HeartRateBpm>
          <SensorState>Absent</SensorState>
        </Trackpoint>
        <Trackpoint>
          <Time>2024-09-21T14:02:50Z</Time>
          <DistanceMeters>21.0</DistanceMeters>
          <HeartRateBpm>
            <Value>107</Value>
          </HeartRateBpm>
          <SensorState>Absent</SensorState>
        </Trackpoint>
        <Trackpoint>
          <Time>2024-09-21T14:02:56Z</Time>
          <DistanceMeters>21.0</DistanceMeters>
          <HeartRateBpm>
            <Value>107</Value>
          </HeartRateBpm>
          <SensorState>Absent</SensorState>
        </Trackpoint>
        <Trackpoint>
          <Time>2024-09-21T14:03:00Z</Time>
          <DistanceMeters>21.0</DistanceMeters>
          <HeartRateBpm>
            <Value>107</Value>
          </HeartRateBpm>
          <SensorState>Absent</SensorState>
        </Trackpoint>
        <Trackpoint>
          <Time>2024-09-21T14:03:01Z</Time>
          <DistanceMeters>21.0</DistanceMeters>
          <HeartRateBpm>
            <Value>107</Value>
          </HeartRateBpm>
          <SensorState>Absent</SensorState>
        </Trackpoint>
        <Trackpoint>
          <Time>2024-09-21T14:03:06Z</Time>
          <DistanceMeters>21.0</DistanceMeters>
          <HeartRateBpm>
            <Value>107</Value>
          </HeartRateBpm>
          <SensorState>Absent</SensorState>
        </Trackpoint>
        <Trackpoint>
          <Time>2024-09-21T14:03:07Z</Time>
          <DistanceMeters>21.0</DistanceMeters>
          <HeartRateBpm>
            <Value>106</Value>
          </HeartRateBpm>
          <SensorState>Absent</SensorState>
        </Trackpoint>
        <Trackpoint>
          <Time>2024-09-21T14:03:09Z</Time>
          <DistanceMeters>21.0</DistanceMeters>
          <HeartRateBpm>
            <Value>105</Value>
          </HeartRateBpm>
          <SensorState>Absent</SensorState>
        </Trackpoint>
        <Trackpoint>
          <Time>2024-09-21T14:03:11Z</Time>
          <DistanceMeters>21.0</DistanceMeters>
          <HeartRateBpm>
            <Value>106</Value>
          </HeartRateBpm>
          <SensorState>Absent</SensorState>
        </Trackpoint>
        <Trackpoint>
          <Time>2024-09-21T14:03:16Z</Time>
          <DistanceMeters>21.0</DistanceMeters>
          <HeartRateBpm>
            <Value>106</Value>
          </HeartRateBpm>
          <SensorState>Absent</SensorState>
        </Trackpoint>
        <Trackpoint>
          <Time>2024-09-21T14:03:22Z</Time>
          <DistanceMeters>21.0</DistanceMeters>
          <HeartRateBpm>
            <Value>106</Value>
          </HeartRateBpm>
          <SensorState>Absent</SensorState>
        </Trackpoint>
        <Trackpoint>
          <Time>2024-09-21T14:03:26Z</Time>
          <DistanceMeters>21.0</DistanceMeters>
          <HeartRateBpm>
            <Value>107</Value>
          </HeartRateBpm>
          <SensorState>Absent</SensorState>
        </Trackpoint>
        <Trackpoint>
          <Time>2024-09-21T14:03:28Z</Time>
          <DistanceMeters>21.0</DistanceMeters>
          <HeartRateBpm>
            <Value>108</Value>
          </HeartRateBpm>
          <SensorState>Absent</SensorState>
        </Trackpoint>
        <Trackpoint>
          <Time>2024-09-21T14:03:30Z</Time>
          <DistanceMeters>22.0</DistanceMeters>
          <HeartRateBpm>
            <Value>109</Value>
          </HeartRateBpm>
          <SensorState>Absent</SensorState>
        </Trackpoint>
        <Trackpoint>
          <Time>2024-09-21T14:03:35Z</Time>
          <DistanceMeters>22.0</DistanceMeters>
          <HeartRateBpm>
            <Value>109</Value>
          </HeartRateBpm>
          <SensorState>Absent</SensorState>
        </Trackpoint>
        <Trackpoint>
          <Time>2024-09-21T14:03:36Z</Time>
          <DistanceMeters>22.0</DistanceMeters>
          <HeartRateBpm>
            <Value>110</Value>
          </HeartRateBpm>
          <SensorState>Absent</SensorState>
        </Trackpoint>
        <Trackpoint>
          <Time>2024-09-21T14:03:38Z</Time>
          <DistanceMeters>22.0</DistanceMeters>
          <HeartRateBpm>
            <Value>111</Value>
          </HeartRateBpm>
          <SensorState>Absent</SensorState>
        </Trackpoint>
        <Trackpoint>
          <Time>2024-09-21T14:03:40Z</Time>
          <DistanceMeters>22.0</DistanceMeters>
          <HeartRateBpm>
            <Value>112</Value>
          </HeartRateBpm>
          <SensorState>Absent</SensorState>
        </Trackpoint>
        <Trackpoint>
          <Time>2024-09-21T14:03:41Z</Time>
          <DistanceMeters>22.0</DistanceMeters>
          <HeartRateBpm>
            <Value>111</Value>
          </HeartRateBpm>
          <SensorState>Absent</SensorState>
        </Trackpoint>
        <Trackpoint>
          <Time>2024-09-21T14:03:46Z</Time>
          <DistanceMeters>22.0</DistanceMeters>
          <HeartRateBpm>
            <Value>112</Value>
          </HeartRateBpm>
          <SensorState>Absent</SensorState>
        </Trackpoint>
        <Trackpoint>
          <Time>2024-09-21T14:03:49Z</Time>
          <DistanceMeters>22.0</DistanceMeters>
          <HeartRateBpm>
            <Value>111</Value>
          </HeartRateBpm>
          <SensorState>Absent</SensorState>
        </Trackpoint>
        <Trackpoint>
          <Time>2024-09-21T14:03:50Z</Time>
          <DistanceMeters>22.0</DistanceMeters>
          <HeartRateBpm>
            <Value>110</Value>
          </HeartRateBpm>
          <SensorState>Absent</SensorState>
        </Trackpoint>
        <Trackpoint>
          <Time>2024-09-21T14:03:52Z</Time>
          <DistanceMeters>22.0</DistanceMeters>
          <HeartRateBpm>
            <Value>109</Value>
          </HeartRateBpm>
          <SensorState>Absent</SensorState>
        </Trackpoint>
        <Trackpoint>
          <Time>2024-09-21T14:03:52Z</Time>
          <DistanceMeters>22.0</DistanceMeters>
          <HeartRateBpm>
            <Value>109</Value>
          </HeartRateBpm>
          <SensorState>Absent</SensorState>
        </Trackpoint>
        <Trackpoint>
          <Time>2024-09-21T14:03:57Z</Time>
          <DistanceMeters>22.0</DistanceMeters>
          <HeartRateBpm>
            <Value>109</Value>
          </HeartRateBpm>
          <SensorState>Absent</SensorState>
        </Trackpoint>
        <Trackpoint>
          <Time>2024-09-21T14:03:58Z</Time>
          <DistanceMeters>22.0</DistanceMeters>
          <HeartRateBpm>
            <Value>108</Value>
          </HeartRateBpm>
          <SensorState>Absent</SensorState>
        </Trackpoint>
        <Trackpoint>
          <Time>2024-09-21T14:03:59Z</Time>
          <DistanceMeters>22.0</DistanceMeters>
          <HeartRateBpm>
            <Value>106</Value>
          </HeartRateBpm>
          <SensorState>Absent</SensorState>
        </Trackpoint>
        <Trackpoint>
          <Time>2024-09-21T14:04:00Z</Time>
          <DistanceMeters>22.0</DistanceMeters>
          <HeartRateBpm>
            <Value>106</Value>
          </HeartRateBpm>
          <SensorState>Absent</SensorState>
        </Trackpoint>
        <Trackpoint>
          <Time>2024-09-21T14:04:00Z</Time>
          <DistanceMeters>22.0</DistanceMeters>
          <HeartRateBpm>
            <Value>105</Value>
          </HeartRateBpm>
          <SensorState>Absent</SensorState>
        </Trackpoint>
        <Trackpoint>
          <Time>2024-09-21T14:04:02Z</Time>
          <DistanceMeters>22.0</DistanceMeters>
          <HeartRateBpm>
            <Value>104</Value>
          </HeartRateBpm>
          <SensorState>Absent</SensorState>
        </Trackpoint>
        <Trackpoint>
          <Time>2024-09-21T14:04:04Z</Time>
          <DistanceMeters>22.0</DistanceMeters>
          <HeartRateBpm>
            <Value>103</Value>
          </HeartRateBpm>
          <SensorState>Absent</SensorState>
        </Trackpoint>
        <Trackpoint>
          <Time>2024-09-21T14:04:04Z</Time>
          <DistanceMeters>22.0</DistanceMeters>
          <HeartRateBpm>
            <Value>103</Value>
          </HeartRateBpm>
          <SensorState>Absent</SensorState>
        </Trackpoint>
        <Trackpoint>
          <Time>2024-09-21T14:04:06Z</Time>
          <DistanceMeters>22.0</DistanceMeters>
          <HeartRateBpm>
            <Value>100</Value>
          </HeartRateBpm>
          <SensorState>Absent</SensorState>
        </Trackpoint>
        <Trackpoint>
          <Time>2024-09-21T14:04:10Z</Time>
          <DistanceMeters>22.0</DistanceMeters>
          <HeartRateBpm>
            <Value>101</Value>
          </HeartRateBpm>
          <SensorState>Absent</SensorState>
        </Trackpoint>
        <Trackpoint>
          <Time>2024-09-21T14:04:12Z</Time>
          <DistanceMeters>22.0</DistanceMeters>
          <HeartRateBpm>
            <Value>102</Value>
          </HeartRateBpm>
          <SensorState>Absent</SensorState>
        </Trackpoint>
        <Trackpoint>
          <Time>2024-09-21T14:04:16Z</Time>
          <DistanceMeters>22.0</DistanceMeters>
          <HeartRateBpm>
            <Value>103</Value>
          </HeartRateBpm>
          <SensorState>Absent</SensorState>
        </Trackpoint>
        <Trackpoint>
          <Time>2024-09-21T14:04:21Z</Time>
          <DistanceMeters>22.0</DistanceMeters>
          <HeartRateBpm>
            <Value>103</Value>
          </HeartRateBpm>
          <SensorState>Absent</SensorState>
        </Trackpoint>
        <Trackpoint>
          <Time>2024-09-21T14:04:22Z</Time>
          <DistanceMeters>22.0</DistanceMeters>
          <HeartRateBpm>
            <Value>104</Value>
          </HeartRateBpm>
          <SensorState>Absent</SensorState>
        </Trackpoint>
        <Trackpoint>
          <Time>2024-09-21T14:04:23Z</Time>
          <DistanceMeters>22.0</DistanceMeters>
          <HeartRateBpm>
            <Value>107</Value>
          </HeartRateBpm>
          <SensorState>Absent</SensorState>
        </Trackpoint>
        <Trackpoint>
          <Time>2024-09-21T14:04:24Z</Time>
          <DistanceMeters>22.0</DistanceMeters>
          <HeartRateBpm>
            <Value>109</Value>
          </HeartRateBpm>
          <SensorState>Absent</SensorState>
        </Trackpoint>
        <Trackpoint>
          <Time>2024-09-21T14:04:24Z</Time>
          <DistanceMeters>22.0</DistanceMeters>
          <HeartRateBpm>
            <Value>109</Value>
          </HeartRateBpm>
          <SensorState>Absent</SensorState>
        </Trackpoint>
        <Trackpoint>
          <Time>2024-09-21T14:04:26Z</Time>
          <DistanceMeters>22.0</DistanceMeters>
          <HeartRateBpm>
            <Value>110</Value>
          </HeartRateBpm>
          <SensorState>Absent</SensorState>
        </Trackpoint>
        <Trackpoint>
          <Time>2024-09-21T14:04:27Z</Time>
          <DistanceMeters>22.0</DistanceMeters>
          <HeartRateBpm>
            <Value>111</Value>
          </HeartRateBpm>
          <SensorState>Absent</SensorState>
        </Trackpoint>
        <Trackpoint>
          <Time>2024-09-21T14:04:28Z</Time>
          <DistanceMeters>22.0</DistanceMeters>
          <HeartRateBpm>
            <Value>112</Value>
          </HeartRateBpm>
          <SensorState>Absent</SensorState>
        </Trackpoint>
        <Trackpoint>
          <Time>2024-09-21T14:04:34Z</Time>
          <DistanceMeters>23.0</DistanceMeters>
          <HeartRateBpm>
            <Value>112</Value>
          </HeartRateBpm>
          <SensorState>Absent</SensorState>
        </Trackpoint>
        <Trackpoint>
          <Time>2024-09-21T14:04:36Z</Time>
          <DistanceMeters>23.0</DistanceMeters>
          <HeartRateBpm>
            <Value>111</Value>
          </HeartRateBpm>
          <SensorState>Absent</SensorState>
        </Trackpoint>
        <Trackpoint>
          <Time>2024-09-21T14:04:38Z</Time>
          <DistanceMeters>23.0</DistanceMeters>
          <HeartRateBpm>
            <Value>108</Value>
          </HeartRateBpm>
          <SensorState>Absent</SensorState>
        </Trackpoint>
        <Trackpoint>
          <Time>2024-09-21T14:04:42Z</Time>
          <DistanceMeters>23.0</DistanceMeters>
          <HeartRateBpm>
            <Value>107</Value>
          </HeartRateBpm>
          <SensorState>Absent</SensorState>
        </Trackpoint>
        <Trackpoint>
          <Time>2024-09-21T14:04:44Z</Time>
          <DistanceMeters>23.0</DistanceMeters>
          <HeartRateBpm>
            <Value>106</Value>
          </HeartRateBpm>
          <SensorState>Absent</SensorState>
        </Trackpoint>
        <Trackpoint>
          <Time>2024-09-21T14:04:48Z</Time>
          <DistanceMeters>23.0</DistanceMeters>
          <HeartRateBpm>
            <Value>107</Value>
          </HeartRateBpm>
          <SensorState>Absent</SensorState>
        </Trackpoint>
        <Trackpoint>
          <Time>2024-09-21T14:04:50Z</Time>
          <DistanceMeters>23.0</DistanceMeters>
          <HeartRateBpm>
            <Value>108</Value>
          </HeartRateBpm>
          <SensorState>Absent</SensorState>
        </Trackpoint>
        <Trackpoint>
          <Time>2024-09-21T14:04:56Z</Time>
          <DistanceMeters>23.0</DistanceMeters>
          <HeartRateBpm>
            <Value>108</Value>
          </HeartRateBpm>
          <SensorState>Absent</SensorState>
        </Trackpoint>
        <Trackpoint>
          <Time>2024-09-21T14:05:00Z</Time>
          <DistanceMeters>23.0</DistanceMeters>
          <HeartRateBpm>
            <Value>102</Value>
          </HeartRateBpm>
          <SensorState>Absent</SensorState>
        </Trackpoint>
        <Trackpoint>
          <Time>2024-09-21T14:05:01Z</Time>
          <DistanceMeters>23.0</DistanceMeters>
          <HeartRateBpm>
            <Value>108</Value>
          </HeartRateBpm>
          <SensorState>Absent</SensorState>
        </Trackpoint>
        <Trackpoint>
          <Time>2024-09-21T14:05:04Z</Time>
          <DistanceMeters>23.0</DistanceMeters>
          <HeartRateBpm>
            <Value>106</Value>
          </HeartRateBpm>
          <SensorState>Absent</SensorState>
        </Trackpoint>
        <Trackpoint>
          <Time>2024-09-21T14:05:05Z</Time>
          <DistanceMeters>23.0</DistanceMeters>
          <HeartRateBpm>
            <Value>105</Value>
          </HeartRateBpm>
          <SensorState>Absent</SensorState>
        </Trackpoint>
        <Trackpoint>
          <Time>2024-09-21T14:05:06Z</Time>
          <DistanceMeters>23.0</DistanceMeters>
          <HeartRateBpm>
            <Value>103</Value>
          </HeartRateBpm>
          <SensorState>Absent</SensorState>
        </Trackpoint>
        <Trackpoint>
          <Time>2024-09-21T14:05:06Z</Time>
          <DistanceMeters>23.0</DistanceMeters>
          <HeartRateBpm>
            <Value>104</Value>
          </HeartRateBpm>
          <SensorState>Absent</SensorState>
        </Trackpoint>
        <Trackpoint>
          <Time>2024-09-21T14:05:07Z</Time>
          <DistanceMeters>23.0</DistanceMeters>
          <HeartRateBpm>
            <Value>103</Value>
          </HeartRateBpm>
          <SensorState>Absent</SensorState>
        </Trackpoint>
        <Trackpoint>
          <Time>2024-09-21T14:05:10Z</Time>
          <DistanceMeters>23.0</DistanceMeters>
          <HeartRateBpm>
            <Value>102</Value>
          </HeartRateBpm>
          <SensorState>Absent</SensorState>
        </Trackpoint>
        <Trackpoint>
          <Time>2024-09-21T14:05:11Z</Time>
          <DistanceMeters>23.0</DistanceMeters>
          <HeartRateBpm>
            <Value>100</Value>
          </HeartRateBpm>
          <SensorState>Absent</SensorState>
        </Trackpoint>
        <Trackpoint>
          <Time>2024-09-21T14:05:12Z</Time>
          <DistanceMeters>23.0</DistanceMeters>
          <HeartRateBpm>
            <Value>98</Value>
          </HeartRateBpm>
          <SensorState>Absent</SensorState>
        </Trackpoint>
        <Trackpoint>
          <Time>2024-09-21T14:05:16Z</Time>
          <DistanceMeters>23.0</DistanceMeters>
          <HeartRateBpm>
            <Value>99</Value>
          </HeartRateBpm>
          <SensorState>Absent</SensorState>
        </Trackpoint>
        <Trackpoint>
          <Time>2024-09-21T14:05:23Z</Time>
          <DistanceMeters>23.0</DistanceMeters>
          <HeartRateBpm>
            <Value>99</Value>
          </HeartRateBpm>
          <SensorState>Absent</SensorState>
        </Trackpoint>
        <Trackpoint>
          <Time>2024-09-21T14:05:28Z</Time>
          <DistanceMeters>23.0</DistanceMeters>
          <HeartRateBpm>
            <Value>100</Value>
          </HeartRateBpm>
          <SensorState>Absent</SensorState>
        </Trackpoint>
        <Trackpoint>
          <Time>2024-09-21T14:05:33Z</Time>
          <DistanceMeters>24.0</DistanceMeters>
          <HeartRateBpm>
            <Value>100</Value>
          </HeartRateBpm>
          <SensorState>Absent</SensorState>
        </Trackpoint>
        <Trackpoint>
          <Time>2024-09-21T14:05:34Z</Time>
          <DistanceMeters>24.0</DistanceMeters>
          <HeartRateBpm>
            <Value>99</Value>
          </HeartRateBpm>
          <SensorState>Absent</SensorState>
        </Trackpoint>
        <Trackpoint>
          <Time>2024-09-21T14:05:37Z</Time>
          <DistanceMeters>24.0</DistanceMeters>
          <HeartRateBpm>
            <Value>98</Value>
          </HeartRateBpm>
          <SensorState>Absent</SensorState>
        </Trackpoint>
        <Trackpoint>
          <Time>2024-09-21T14:05:42Z</Time>
          <DistanceMeters>24.0</DistanceMeters>
          <HeartRateBpm>
            <Value>98</Value>
          </HeartRateBpm>
          <SensorState>Absent</SensorState>
        </Trackpoint>
        <Trackpoint>
          <Time>2024-09-21T14:05:42Z</Time>
          <DistanceMeters>24.0</DistanceMeters>
          <HeartRateBpm>
            <Value>97</Value>
          </HeartRateBpm>
          <SensorState>Absent</SensorState>
        </Trackpoint>
        <Trackpoint>
          <Time>2024-09-21T14:05:43Z</Time>
          <DistanceMeters>24.0</DistanceMeters>
          <HeartRateBpm>
            <Value>97</Value>
          </HeartRateBpm>
          <SensorState>Absent</SensorState>
        </Trackpoint>
        <Trackpoint>
          <Time>2024-09-21T14:05:47Z</Time>
          <DistanceMeters>24.0</DistanceMeters>
          <HeartRateBpm>
            <Value>98</Value>
          </HeartRateBpm>
          <SensorState>Absent</SensorState>
        </Trackpoint>
        <Trackpoint>
          <Time>2024-09-21T14:05:49Z</Time>
          <DistanceMeters>24.0</DistanceMeters>
          <HeartRateBpm>
            <Value>100</Value>
          </HeartRateBpm>
          <SensorState>Absent</SensorState>
        </Trackpoint>
        <Trackpoint>
          <Time>2024-09-21T14:05:50Z</Time>
          <DistanceMeters>24.0</DistanceMeters>
          <HeartRateBpm>
            <Value>103</Value>
          </HeartRateBpm>
          <SensorState>Absent</SensorState>
        </Trackpoint>
        <Trackpoint>
          <Time>2024-09-21T14:05:50Z</Time>
          <DistanceMeters>24.0</DistanceMeters>
          <HeartRateBpm>
            <Value>102</Value>
          </HeartRateBpm>
          <SensorState>Absent</SensorState>
        </Trackpoint>
        <Trackpoint>
          <Time>2024-09-21T14:05:51Z</Time>
          <DistanceMeters>24.0</DistanceMeters>
          <HeartRateBpm>
            <Value>103</Value>
          </HeartRateBpm>
          <SensorState>Absent</SensorState>
        </Trackpoint>
        <Trackpoint>
          <Time>2024-09-21T14:05:53Z</Time>
          <DistanceMeters>24.0</DistanceMeters>
          <HeartRateBpm>
            <Value>104</Value>
          </HeartRateBpm>
          <SensorState>Absent</SensorState>
        </Trackpoint>
        <Trackpoint>
          <Time>2024-09-21T14:05:55Z</Time>
          <DistanceMeters>24.0</DistanceMeters>
          <HeartRateBpm>
            <Value>105</Value>
          </HeartRateBpm>
          <SensorState>Absent</SensorState>
        </Trackpoint>
        <Trackpoint>
          <Time>2024-09-21T14:05:56Z</Time>
          <DistanceMeters>24.0</DistanceMeters>
          <HeartRateBpm>
            <Value>106</Value>
          </HeartRateBpm>
          <SensorState>Absent</SensorState>
        </Trackpoint>
        <Trackpoint>
          <Time>2024-09-21T14:06:00Z</Time>
          <DistanceMeters>24.0</DistanceMeters>
          <HeartRateBpm>
            <Value>101</Value>
          </HeartRateBpm>
          <SensorState>Absent</SensorState>
        </Trackpoint>
        <Trackpoint>
          <Time>2024-09-21T14:06:01Z</Time>
          <DistanceMeters>24.0</DistanceMeters>
          <HeartRateBpm>
            <Value>107</Value>
          </HeartRateBpm>
          <SensorState>Absent</SensorState>
        </Trackpoint>
        <Trackpoint>
          <Time>2024-09-21T14:06:04Z</Time>
          <DistanceMeters>24.0</DistanceMeters>
          <HeartRateBpm>
            <Value>106</Value>
          </HeartRateBpm>
          <SensorState>Absent</SensorState>
        </Trackpoint>
        <Trackpoint>
          <Time>2024-09-21T14:06:07Z</Time>
          <DistanceMeters>24.0</DistanceMeters>
          <HeartRateBpm>
            <Value>105</Value>
          </HeartRateBpm>
          <SensorState>Absent</SensorState>
        </Trackpoint>
        <Trackpoint>
          <Time>2024-09-21T14:06:08Z</Time>
          <DistanceMeters>24.0</DistanceMeters>
          <HeartRateBpm>
            <Value>103</Value>
          </HeartRateBpm>
          <SensorState>Absent</SensorState>
        </Trackpoint>
        <Trackpoint>
          <Time>2024-09-21T14:06:12Z</Time>
          <DistanceMeters>24.0</DistanceMeters>
          <HeartRateBpm>
            <Value>102</Value>
          </HeartRateBpm>
          <SensorState>Absent</SensorState>
        </Trackpoint>
        <Trackpoint>
          <Time>2024-09-21T14:06:16Z</Time>
          <DistanceMeters>24.0</DistanceMeters>
          <HeartRateBpm>
            <Value>103</Value>
          </HeartRateBpm>
          <SensorState>Absent</SensorState>
        </Trackpoint>
        <Trackpoint>
          <Time>2024-09-21T14:06:21Z</Time>
          <DistanceMeters>24.0</DistanceMeters>
          <HeartRateBpm>
            <Value>103</Value>
          </HeartRateBpm>
          <SensorState>Absent</SensorState>
        </Trackpoint>
        <Trackpoint>
          <Time>2024-09-21T14:06:26Z</Time>
          <DistanceMeters>24.0</DistanceMeters>
          <HeartRateBpm>
            <Value>103</Value>
          </HeartRateBpm>
          <SensorState>Absent</SensorState>
        </Trackpoint>
        <Trackpoint>
          <Time>2024-09-21T14:06:27Z</Time>
          <DistanceMeters>24.0</DistanceMeters>
          <HeartRateBpm>
            <Value>102</Value>
          </HeartRateBpm>
          <SensorState>Absent</SensorState>
        </Trackpoint>
        <Trackpoint>
          <Time>2024-09-21T14:06:29Z</Time>
          <DistanceMeters>25.0</DistanceMeters>
          <HeartRateBpm>
            <Value>101</Value>
          </HeartRateBpm>
          <SensorState>Absent</SensorState>
        </Trackpoint>
        <Trackpoint>
          <Time>2024-09-21T14:06:30Z</Time>
          <DistanceMeters>25.0</DistanceMeters>
          <HeartRateBpm>
            <Value>100</Value>
          </HeartRateBpm>
          <SensorState>Absent</SensorState>
        </Trackpoint>
        <Trackpoint>
          <Time>2024-09-21T14:06:35Z</Time>
          <DistanceMeters>25.0</DistanceMeters>
          <HeartRateBpm>
            <Value>100</Value>
          </HeartRateBpm>
          <SensorState>Absent</SensorState>
        </Trackpoint>
        <Trackpoint>
          <Time>2024-09-21T14:06:41Z</Time>
          <DistanceMeters>25.0</DistanceMeters>
          <HeartRateBpm>
            <Value>99</Value>
          </HeartRateBpm>
          <SensorState>Absent</SensorState>
        </Trackpoint>
        <Trackpoint>
          <Time>2024-09-21T14:06:42Z</Time>
          <DistanceMeters>25.0</DistanceMeters>
          <HeartRateBpm>
            <Value>97</Value>
          </HeartRateBpm>
          <SensorState>Absent</SensorState>
        </Trackpoint>
        <Trackpoint>
          <Time>2024-09-21T14:06:43Z</Time>
          <DistanceMeters>25.0</DistanceMeters>
          <HeartRateBpm>
            <Value>97</Value>
          </HeartRateBpm>
          <SensorState>Absent</SensorState>
        </Trackpoint>
        <Trackpoint>
          <Time>2024-09-21T14:06:44Z</Time>
          <DistanceMeters>25.0</DistanceMeters>
          <HeartRateBpm>
            <Value>96</Value>
          </HeartRateBpm>
          <SensorState>Absent</SensorState>
        </Trackpoint>
        <Trackpoint>
          <Time>2024-09-21T14:06:49Z</Time>
          <DistanceMeters>25.0</DistanceMeters>
          <HeartRateBpm>
            <Value>96</Value>
          </HeartRateBpm>
          <SensorState>Absent</SensorState>
        </Trackpoint>
        <Trackpoint>
          <Time>2024-09-21T14:06:55Z</Time>
          <DistanceMeters>25.0</DistanceMeters>
          <HeartRateBpm>
            <Value>96</Value>
          </HeartRateBpm>
          <SensorState>Absent</SensorState>
        </Trackpoint>
        <Trackpoint>
          <Time>2024-09-21T14:07:00Z</Time>
          <DistanceMeters>25.0</DistanceMeters>
          <HeartRateBpm>
            <Value>108</Value>
          </HeartRateBpm>
          <SensorState>Absent</SensorState>
        </Trackpoint>
        <Trackpoint>
          <Time>2024-09-21T14:07:00Z</Time>
          <DistanceMeters>25.0</DistanceMeters>
          <HeartRateBpm>
            <Value>96</Value>
          </HeartRateBpm>
          <SensorState>Absent</SensorState>
        </Trackpoint>
        <Trackpoint>
          <Time>2024-09-21T14:07:01Z</Time>
          <DistanceMeters>25.0</DistanceMeters>
          <HeartRateBpm>
            <Value>97</Value>
          </HeartRateBpm>
          <SensorState>Absent</SensorState>
        </Trackpoint>
        <Trackpoint>
          <Time>2024-09-21T14:07:03Z</Time>
          <DistanceMeters>25.0</DistanceMeters>
          <HeartRateBpm>
            <Value>101</Value>
          </HeartRateBpm>
          <SensorState>Absent</SensorState>
        </Trackpoint>
        <Trackpoint>
          <Time>2024-09-21T14:07:04Z</Time>
          <DistanceMeters>25.0</DistanceMeters>
          <HeartRateBpm>
            <Value>103</Value>
          </HeartRateBpm>
          <SensorState>Absent</SensorState>
        </Trackpoint>
        <Trackpoint>
          <Time>2024-09-21T14:07:04Z</Time>
          <DistanceMeters>25.0</DistanceMeters>
          <HeartRateBpm>
            <Value>102</Value>
          </HeartRateBpm>
          <SensorState>Absent</SensorState>
        </Trackpoint>
        <Trackpoint>
          <Time>2024-09-21T14:07:05Z</Time>
          <DistanceMeters>25.0</DistanceMeters>
          <HeartRateBpm>
            <Value>103</Value>
          </HeartRateBpm>
          <SensorState>Absent</SensorState>
        </Trackpoint>
        <Trackpoint>
          <Time>2024-09-21T14:07:06Z</Time>
          <DistanceMeters>25.0</DistanceMeters>
          <HeartRateBpm>
            <Value>104</Value>
          </HeartRateBpm>
          <SensorState>Absent</SensorState>
        </Trackpoint>
        <Trackpoint>
          <Time>2024-09-21T14:07:07Z</Time>
          <DistanceMeters>25.0</DistanceMeters>
          <HeartRateBpm>
            <Value>105</Value>
          </HeartRateBpm>
          <SensorState>Absent</SensorState>
        </Trackpoint>
        <Trackpoint>
          <Time>2024-09-21T14:07:12Z</Time>
          <DistanceMeters>25.0</DistanceMeters>
          <HeartRateBpm>
            <Value>104</Value>
          </HeartRateBpm>
          <SensorState>Absent</SensorState>
        </Trackpoint>
        <Trackpoint>
          <Time>2024-09-21T14:07:14Z</Time>
          <DistanceMeters>25.0</DistanceMeters>
          <HeartRateBpm>
            <Value>106</Value>
          </HeartRateBpm>
          <SensorState>Absent</SensorState>
        </Trackpoint>
        <Trackpoint>
          <Time>2024-09-21T14:07:16Z</Time>
          <DistanceMeters>25.0</DistanceMeters>
          <HeartRateBpm>
            <Value>107</Value>
          </HeartRateBpm>
          <SensorState>Absent</SensorState>
        </Trackpoint>
        <Trackpoint>
          <Time>2024-09-21T14:07:20Z</Time>
          <DistanceMeters>25.0</DistanceMeters>
          <HeartRateBpm>
            <Value>108</Value>
          </HeartRateBpm>
          <SensorState>Absent</SensorState>
        </Trackpoint>
        <Trackpoint>
          <Time>2024-09-21T14:07:25Z</Time>
          <DistanceMeters>25.0</DistanceMeters>
          <HeartRateBpm>
            <Value>108</Value>
          </HeartRateBpm>
          <SensorState>Absent</SensorState>
        </Trackpoint>
        <Trackpoint>
          <Time>2024-09-21T14:07:28Z</Time>
          <DistanceMeters>25.0</DistanceMeters>
          <HeartRateBpm>
            <Value>110</Value>
          </HeartRateBpm>
          <SensorState>Absent</SensorState>
        </Trackpoint>
        <Trackpoint>
          <Time>2024-09-21T14:07:28Z</Time>
          <DistanceMeters>25.0</DistanceMeters>
          <HeartRateBpm>
            <Value>110</Value>
          </HeartRateBpm>
          <SensorState>Absent</SensorState>
        </Trackpoint>
        <Trackpoint>
          <Time>2024-09-21T14:07:29Z</Time>
          <DistanceMeters>26.0</DistanceMeters>
          <HeartRateBpm>
            <Value>111</Value>
          </HeartRateBpm>
          <SensorState>Absent</SensorState>
        </Trackpoint>
        <Trackpoint>
          <Time>2024-09-21T14:07:30Z</Time>
          <DistanceMeters>26.0</DistanceMeters>
          <HeartRateBpm>
            <Value>112</Value>
          </HeartRateBpm>
          <SensorState>Absent</SensorState>
        </Trackpoint>
        <Trackpoint>
          <Time>2024-09-21T14:07:31Z</Time>
          <DistanceMeters>26.0</DistanceMeters>
          <HeartRateBpm>
            <Value>113</Value>
          </HeartRateBpm>
          <SensorState>Absent</SensorState>
        </Trackpoint>
        <Trackpoint>
          <Time>2024-09-21T14:07:33Z</Time>
          <DistanceMeters>26.0</DistanceMeters>
          <HeartRateBpm>
            <Value>114</Value>
          </HeartRateBpm>
          <SensorState>Absent</SensorState>
        </Trackpoint>
        <Trackpoint>
          <Time>2024-09-21T14:07:34Z</Time>
          <DistanceMeters>26.0</DistanceMeters>
          <HeartRateBpm>
            <Value>115</Value>
          </HeartRateBpm>
          <SensorState>Absent</SensorState>
        </Trackpoint>
        <Trackpoint>
          <Time>2024-09-21T14:07:39Z</Time>
          <DistanceMeters>26.0</DistanceMeters>
          <HeartRateBpm>
            <Value>115</Value>
          </HeartRateBpm>
          <SensorState>Absent</SensorState>
        </Trackpoint>
        <Trackpoint>
          <Time>2024-09-21T14:07:44Z</Time>
          <DistanceMeters>26.0</DistanceMeters>
          <HeartRateBpm>
            <Value>114</Value>
          </HeartRateBpm>
          <SensorState>Absent</SensorState>
        </Trackpoint>
        <Trackpoint>
          <Time>2024-09-21T14:07:48Z</Time>
          <DistanceMeters>26.0</DistanceMeters>
          <HeartRateBpm>
            <Value>115</Value>
          </HeartRateBpm>
          <SensorState>Absent</SensorState>
        </Trackpoint>
        <Trackpoint>
          <Time>2024-09-21T14:07:50Z</Time>
          <DistanceMeters>26.0</DistanceMeters>
          <HeartRateBpm>
            <Value>116</Value>
          </HeartRateBpm>
          <SensorState>Absent</SensorState>
        </Trackpoint>
        <Trackpoint>
          <Time>2024-09-21T14:07:50Z</Time>
          <DistanceMeters>26.0</DistanceMeters>
          <HeartRateBpm>
            <Value>116</Value>
          </HeartRateBpm>
          <SensorState>Absent</SensorState>
        </Trackpoint>
        <Trackpoint>
          <Time>2024-09-21T14:07:52Z</Time>
          <DistanceMeters>26.0</DistanceMeters>
          <HeartRateBpm>
            <Value>117</Value>
          </HeartRateBpm>
          <SensorState>Absent</SensorState>
        </Trackpoint>
        <Trackpoint>
          <Time>2024-09-21T14:07:56Z</Time>
          <DistanceMeters>26.0</DistanceMeters>
          <HeartRateBpm>
            <Value>118</Value>
          </HeartRateBpm>
          <SensorState>Absent</SensorState>
        </Trackpoint>
        <Trackpoint>
          <Time>2024-09-21T14:08:00Z</Time>
          <DistanceMeters>26.0</DistanceMeters>
          <HeartRateBpm>
            <Value>115</Value>
          </HeartRateBpm>
          <SensorState>Absent</SensorState>
        </Trackpoint>
        <Trackpoint>
          <Time>2024-09-21T14:08:01Z</Time>
          <DistanceMeters>26.0</DistanceMeters>
          <HeartRateBpm>
            <Value>119</Value>
          </HeartRateBpm>
          <SensorState>Absent</SensorState>
        </Trackpoint>
        <Trackpoint>
          <Time>2024-09-21T14:08:06Z</Time>
          <DistanceMeters>26.0</DistanceMeters>
          <HeartRateBpm>
            <Value>119</Value>
          </HeartRateBpm>
          <SensorState>Absent</SensorState>
        </Trackpoint>
        <Trackpoint>
          <Time>2024-09-21T14:08:09Z</Time>
          <DistanceMeters>26.0</DistanceMeters>
          <HeartRateBpm>
            <Value>118</Value>
          </HeartRateBpm>
          <SensorState>Absent</SensorState>
        </Trackpoint>
        <Trackpoint>
          <Time>2024-09-21T14:08:12Z</Time>
          <DistanceMeters>26.0</DistanceMeters>
          <HeartRateBpm>
            <Value>117</Value>
          </HeartRateBpm>
          <SensorState>Absent</SensorState>
        </Trackpoint>
        <Trackpoint>
          <Time>2024-09-21T14:08:13Z</Time>
          <DistanceMeters>26.0</DistanceMeters>
          <HeartRateBpm>
            <Value>116</Value>
          </HeartRateBpm>
          <SensorState>Absent</SensorState>
        </Trackpoint>
        <Trackpoint>
          <Time>2024-09-21T14:08:18Z</Time>
          <DistanceMeters>26.0</DistanceMeters>
          <HeartRateBpm>
            <Value>117</Value>
          </HeartRateBpm>
          <SensorState>Absent</SensorState>
        </Trackpoint>
        <Trackpoint>
          <Time>2024-09-21T14:08:19Z</Time>
          <DistanceMeters>26.0</DistanceMeters>
          <HeartRateBpm>
            <Value>118</Value>
          </HeartRateBpm>
          <SensorState>Absent</SensorState>
        </Trackpoint>
        <Trackpoint>
          <Time>2024-09-21T14:08:24Z</Time>
          <DistanceMeters>26.0</DistanceMeters>
          <HeartRateBpm>
            <Value>119</Value>
          </HeartRateBpm>
          <SensorState>Absent</SensorState>
        </Trackpoint>
        <Trackpoint>
          <Time>2024-09-21T14:08:30Z</Time>
          <DistanceMeters>27.0</DistanceMeters>
          <HeartRateBpm>
            <Value>119</Value>
          </HeartRateBpm>
          <SensorState>Absent</SensorState>
        </Trackpoint>
        <Trackpoint>
          <Time>2024-09-21T14:08:31Z</Time>
          <DistanceMeters>27.0</DistanceMeters>
          <HeartRateBpm>
            <Value>120</Value>
          </HeartRateBpm>
          <SensorState>Absent</SensorState>
        </Trackpoint>
        <Trackpoint>
          <Time>2024-09-21T14:08:32Z</Time>
          <DistanceMeters>27.0</DistanceMeters>
          <HeartRateBpm>
            <Value>121</Value>
          </HeartRateBpm>
          <SensorState>Absent</SensorState>
        </Trackpoint>
        <Trackpoint>
          <Time>2024-09-21T14:08:38Z</Time>
          <DistanceMeters>27.0</DistanceMeters>
          <HeartRateBpm>
            <Value>120</Value>
          </HeartRateBpm>
          <SensorState>Absent</SensorState>
        </Trackpoint>
        <Trackpoint>
          <Time>2024-09-21T14:08:44Z</Time>
          <DistanceMeters>27.0</DistanceMeters>
          <HeartRateBpm>
            <Value>119</Value>
          </HeartRateBpm>
          <SensorState>Absent</SensorState>
        </Trackpoint>
        <Trackpoint>
          <Time>2024-09-21T14:08:45Z</Time>
          <DistanceMeters>27.0</DistanceMeters>
          <HeartRateBpm>
            <Value>118</Value>
          </HeartRateBpm>
          <SensorState>Absent</SensorState>
        </Trackpoint>
        <Trackpoint>
          <Time>2024-09-21T14:08:46Z</Time>
          <DistanceMeters>27.0</DistanceMeters>
          <HeartRateBpm>
            <Value>116</Value>
          </HeartRateBpm>
          <SensorState>Absent</SensorState>
        </Trackpoint>
        <Trackpoint>
          <Time>2024-09-21T14:08:50Z</Time>
          <DistanceMeters>27.0</DistanceMeters>
          <HeartRateBpm>
            <Value>115</Value>
          </HeartRateBpm>
          <SensorState>Absent</SensorState>
        </Trackpoint>
        <Trackpoint>
          <Time>2024-09-21T14:08:54Z</Time>
          <DistanceMeters>27.0</DistanceMeters>
          <HeartRateBpm>
            <Value>116</Value>
          </HeartRateBpm>
          <SensorState>Absent</SensorState>
        </Trackpoint>
        <Trackpoint>
          <Time>2024-09-21T14:08:55Z</Time>
          <DistanceMeters>27.0</DistanceMeters>
          <HeartRateBpm>
            <Value>116</Value>
          </HeartRateBpm>
          <SensorState>Absent</SensorState>
        </Trackpoint>
        <Trackpoint>
          <Time>2024-09-21T14:08:59Z</Time>
          <DistanceMeters>27.0</DistanceMeters>
          <HeartRateBpm>
            <Value>115</Value>
          </HeartRateBpm>
          <SensorState>Absent</SensorState>
        </Trackpoint>
        <Trackpoint>
          <Time>2024-09-21T14:09:00Z</Time>
          <DistanceMeters>27.0</DistanceMeters>
          <HeartRateBpm>
            <Value>114</Value>
          </HeartRateBpm>
          <SensorState>Absent</SensorState>
        </Trackpoint>
        <Trackpoint>
          <Time>2024-09-21T14:09:01Z</Time>
          <DistanceMeters>27.0</DistanceMeters>
          <HeartRateBpm>
            <Value>114</Value>
          </HeartRateBpm>
          <SensorState>Absent</SensorState>
        </Trackpoint>
        <Trackpoint>
          <Time>2024-09-21T14:09:02Z</Time>
          <DistanceMeters>27.0</DistanceMeters>
          <HeartRateBpm>
            <Value>113</Value>
          </HeartRateBpm>
          <SensorState>Absent</SensorState>
        </Trackpoint>
        <Trackpoint>
          <Time>2024-09-21T14:09:03Z</Time>
          <DistanceMeters>27.0</DistanceMeters>
          <HeartRateBpm>
            <Value>114</Value>
          </HeartRateBpm>
          <SensorState>Absent</SensorState>
        </Trackpoint>
        <Trackpoint>
          <Time>2024-09-21T14:09:05Z</Time>
          <DistanceMeters>27.0</DistanceMeters>
          <HeartRateBpm>
            <Value>115</Value>
          </HeartRateBpm>
          <SensorState>Absent</SensorState>
        </Trackpoint>
        <Trackpoint>
          <Time>2024-09-21T14:09:08Z</Time>
          <DistanceMeters>27.0</DistanceMeters>
          <HeartRateBpm>
            <Value>116</Value>
          </HeartRateBpm>
          <SensorState>Absent</SensorState>
        </Trackpoint>
        <Trackpoint>
          <Time>2024-09-21T14:09:11Z</Time>
          <DistanceMeters>27.0</DistanceMeters>
          <HeartRateBpm>
            <Value>115</Value>
          </HeartRateBpm>
          <SensorState>Absent</SensorState>
        </Trackpoint>
        <Trackpoint>
          <Time>2024-09-21T14:09:12Z</Time>
          <DistanceMeters>27.0</DistanceMeters>
          <HeartRateBpm>
            <Value>114</Value>
          </HeartRateBpm>
          <SensorState>Absent</SensorState>
        </Trackpoint>
        <Trackpoint>
          <Time>2024-09-21T14:09:17Z</Time>
          <DistanceMeters>27.0</DistanceMeters>
          <HeartRateBpm>
            <Value>114</Value>
          </HeartRateBpm>
          <SensorState>Absent</SensorState>
        </Trackpoint>
        <Trackpoint>
          <Time>2024-09-21T14:09:19Z</Time>
          <DistanceMeters>27.0</DistanceMeters>
          <HeartRateBpm>
            <Value>115</Value>
          </HeartRateBpm>
          <SensorState>Absent</SensorState>
        </Trackpoint>
        <Trackpoint>
          <Time>2024-09-21T14:09:20Z</Time>
          <DistanceMeters>27.0</DistanceMeters>
          <HeartRateBpm>
            <Value>116</Value>
          </HeartRateBpm>
          <SensorState>Absent</SensorState>
        </Trackpoint>
        <Trackpoint>
          <Time>2024-09-21T14:09:21Z</Time>
          <DistanceMeters>27.0</DistanceMeters>
          <HeartRateBpm>
            <Value>119</Value>
          </HeartRateBpm>
          <SensorState>Absent</SensorState>
        </Trackpoint>
        <Trackpoint>
          <Time>2024-09-21T14:09:23Z</Time>
          <DistanceMeters>27.0</DistanceMeters>
          <HeartRateBpm>
            <Value>120</Value>
          </HeartRateBpm>
          <SensorState>Absent</SensorState>
        </Trackpoint>
        <Trackpoint>
          <Time>2024-09-21T14:09:24Z</Time>
          <DistanceMeters>27.0</DistanceMeters>
          <HeartRateBpm>
            <Value>119</Value>
          </HeartRateBpm>
          <SensorState>Absent</SensorState>
        </Trackpoint>
        <Trackpoint>
          <Time>2024-09-21T14:09:25Z</Time>
          <DistanceMeters>27.0</DistanceMeters>
          <HeartRateBpm>
            <Value>120</Value>
          </HeartRateBpm>
          <SensorState>Absent</SensorState>
        </Trackpoint>
        <Trackpoint>
          <Time>2024-09-21T14:09:28Z</Time>
          <DistanceMeters>27.0</DistanceMeters>
          <HeartRateBpm>
            <Value>119</Value>
          </HeartRateBpm>
          <SensorState>Absent</SensorState>
        </Trackpoint>
        <Trackpoint>
          <Time>2024-09-21T14:09:29Z</Time>
          <DistanceMeters>28.0</DistanceMeters>
          <HeartRateBpm>
            <Value>117</Value>
          </HeartRateBpm>
          <SensorState>Absent</SensorState>
        </Trackpoint>
        <Trackpoint>
          <Time>2024-09-21T14:09:32Z</Time>
          <DistanceMeters>28.0</DistanceMeters>
          <HeartRateBpm>
            <Value>115</Value>
          </HeartRateBpm>
          <SensorState>Absent</SensorState>
        </Trackpoint>
        <Trackpoint>
          <Time>2024-09-21T14:09:34Z</Time>
          <DistanceMeters>28.0</DistanceMeters>
          <HeartRateBpm>
            <Value>114</Value>
          </HeartRateBpm>
          <SensorState>Absent</SensorState>
        </Trackpoint>
        <Trackpoint>
          <Time>2024-09-21T14:09:35Z</Time>
          <DistanceMeters>28.0</DistanceMeters>
          <HeartRateBpm>
            <Value>113</Value>
          </HeartRateBpm>
          <SensorState>Absent</SensorState>
        </Trackpoint>
        <Trackpoint>
          <Time>2024-09-21T14:09:37Z</Time>
          <DistanceMeters>28.0</DistanceMeters>
          <HeartRateBpm>
            <Value>111</Value>
          </HeartRateBpm>
          <SensorState>Absent</SensorState>
        </Trackpoint>
        <Trackpoint>
          <Time>2024-09-21T14:09:42Z</Time>
          <DistanceMeters>28.0</DistanceMeters>
          <HeartRateBpm>
            <Value>112</Value>
          </HeartRateBpm>
          <SensorState>Absent</SensorState>
        </Trackpoint>
        <Trackpoint>
          <Time>2024-09-21T14:09:46Z</Time>
          <DistanceMeters>28.0</DistanceMeters>
          <HeartRateBpm>
            <Value>113</Value>
          </HeartRateBpm>
          <SensorState>Absent</SensorState>
        </Trackpoint>
        <Trackpoint>
          <Time>2024-09-21T14:09:51Z</Time>
          <DistanceMeters>28.0</DistanceMeters>
          <HeartRateBpm>
            <Value>113</Value>
          </HeartRateBpm>
          <SensorState>Absent</SensorState>
        </Trackpoint>
        <Trackpoint>
          <Time>2024-09-21T14:09:53Z</Time>
          <DistanceMeters>28.0</DistanceMeters>
          <HeartRateBpm>
            <Value>112</Value>
          </HeartRateBpm>
          <SensorState>Absent</SensorState>
        </Trackpoint>
        <Trackpoint>
          <Time>2024-09-21T14:09:54Z</Time>
          <DistanceMeters>28.0</DistanceMeters>
          <HeartRateBpm>
            <Value>113</Value>
          </HeartRateBpm>
          <SensorState>Absent</SensorState>
        </Trackpoint>
        <Trackpoint>
          <Time>2024-09-21T14:09:58Z</Time>
          <DistanceMeters>28.0</DistanceMeters>
          <HeartRateBpm>
            <Value>113</Value>
          </HeartRateBpm>
          <SensorState>Absent</SensorState>
        </Trackpoint>
        <Trackpoint>
          <Time>2024-09-21T14:09:59Z</Time>
          <DistanceMeters>28.0</DistanceMeters>
          <HeartRateBpm>
            <Value>113</Value>
          </HeartRateBpm>
          <SensorState>Absent</SensorState>
        </Trackpoint>
        <Trackpoint>
          <Time>2024-09-21T14:10:00Z</Time>
          <DistanceMeters>28.0</DistanceMeters>
          <HeartRateBpm>
            <Value>113</Value>
          </HeartRateBpm>
          <SensorState>Absent</SensorState>
        </Trackpoint>
        <Trackpoint>
          <Time>2024-09-21T14:10:05Z</Time>
          <DistanceMeters>28.0</DistanceMeters>
          <HeartRateBpm>
            <Value>114</Value>
          </HeartRateBpm>
          <SensorState>Absent</SensorState>
        </Trackpoint>
        <Trackpoint>
          <Time>2024-09-21T14:10:06Z</Time>
          <DistanceMeters>28.0</DistanceMeters>
          <HeartRateBpm>
            <Value>115</Value>
          </HeartRateBpm>
          <SensorState>Absent</SensorState>
        </Trackpoint>
        <Trackpoint>
          <Time>2024-09-21T14:10:10Z</Time>
          <DistanceMeters>28.0</DistanceMeters>
          <HeartRateBpm>
            <Value>116</Value>
          </HeartRateBpm>
          <SensorState>Absent</SensorState>
        </Trackpoint>
        <Trackpoint>
          <Time>2024-09-21T14:10:11Z</Time>
          <DistanceMeters>28.0</DistanceMeters>
          <HeartRateBpm>
            <Value>117</Value>
          </HeartRateBpm>
          <SensorState>Absent</SensorState>
        </Trackpoint>
        <Trackpoint>
          <Time>2024-09-21T14:10:17Z</Time>
          <DistanceMeters>28.0</DistanceMeters>
          <HeartRateBpm>
            <Value>116</Value>
          </HeartRateBpm>
          <SensorState>Absent</SensorState>
        </Trackpoint>
        <Trackpoint>
          <Time>2024-09-21T14:10:18Z</Time>
          <DistanceMeters>28.0</DistanceMeters>
          <HeartRateBpm>
            <Value>115</Value>
          </HeartRateBpm>
          <SensorState>Absent</SensorState>
        </Trackpoint>
        <Trackpoint>
          <Time>2024-09-21T14:10:19Z</Time>
          <DistanceMeters>28.0</DistanceMeters>
          <HeartRateBpm>
            <Value>113</Value>
          </HeartRateBpm>
          <SensorState>Absent</SensorState>
        </Trackpoint>
        <Trackpoint>
          <Time>2024-09-21T14:10:24Z</Time>
          <DistanceMeters>28.0</DistanceMeters>
          <HeartRateBpm>
            <Value>113</Value>
          </HeartRateBpm>
          <SensorState>Absent</SensorState>
        </Trackpoint>
        <Trackpoint>
          <Time>2024-09-21T14:10:29Z</Time>
          <DistanceMeters>29.0</DistanceMeters>
          <HeartRateBpm>
            <Value>114</Value>
          </HeartRateBpm>
          <SensorState>Absent</SensorState>
        </Trackpoint>
        <Trackpoint>
          <Time>2024-09-21T14:10:31Z</Time>
          <DistanceMeters>29.0</DistanceMeters>
          <HeartRateBpm>
            <Value>115</Value>
          </HeartRateBpm>
          <SensorState>Absent</SensorState>
        </Trackpoint>
        <Trackpoint>
          <Time>2024-09-21T14:10:33Z</Time>
          <DistanceMeters>29.0</DistanceMeters>
          <HeartRateBpm>
            <Value>114</Value>
          </HeartRateBpm>
          <SensorState>Absent</SensorState>
        </Trackpoint>
        <Trackpoint>
          <Time>2024-09-21T14:10:35Z</Time>
          <DistanceMeters>29.0</DistanceMeters>
          <HeartRateBpm>
            <Value>115</Value>
          </HeartRateBpm>
          <SensorState>Absent</SensorState>
        </Trackpoint>
        <Trackpoint>
          <Time>2024-09-21T14:10:39Z</Time>
          <DistanceMeters>29.0</DistanceMeters>
          <HeartRateBpm>
            <Value>112</Value>
          </HeartRateBpm>
          <SensorState>Absent</SensorState>
        </Trackpoint>
        <Trackpoint>
          <Time>2024-09-21T14:10:40Z</Time>
          <DistanceMeters>29.0</DistanceMeters>
          <HeartRateBpm>
            <Value>110</Value>
          </HeartRateBpm>
          <SensorState>Absent</SensorState>
        </Trackpoint>
        <Trackpoint>
          <Time>2024-09-21T14:10:41Z</Time>
          <DistanceMeters>29.0</DistanceMeters>
          <HeartRateBpm>
            <Value>109</Value>
          </HeartRateBpm>
          <SensorState>Absent</SensorState>
        </Trackpoint>
        <Trackpoint>
          <Time>2024-09-21T14:10:44Z</Time>
          <DistanceMeters>29.0</DistanceMeters>
          <HeartRateBpm>
            <Value>110</Value>
          </HeartRateBpm>
          <SensorState>Absent</SensorState>
        </Trackpoint>
        <Trackpoint>
          <Time>2024-09-21T14:10:46Z</Time>
          <DistanceMeters>29.0</DistanceMeters>
          <HeartRateBpm>
            <Value>111</Value>
          </HeartRateBpm>
          <SensorState>Absent</SensorState>
        </Trackpoint>
        <Trackpoint>
          <Time>2024-09-21T14:10:50Z</Time>
          <DistanceMeters>29.0</DistanceMeters>
          <HeartRateBpm>
            <Value>110</Value>
          </HeartRateBpm>
          <SensorState>Absent</SensorState>
        </Trackpoint>
        <Trackpoint>
          <Time>2024-09-21T14:10:55Z</Time>
          <DistanceMeters>29.0</DistanceMeters>
          <HeartRateBpm>
            <Value>111</Value>
          </HeartRateBpm>
          <SensorState>Absent</SensorState>
        </Trackpoint>
        <Trackpoint>
          <Time>2024-09-21T14:10:57Z</Time>
          <DistanceMeters>29.0</DistanceMeters>
          <HeartRateBpm>
            <Value>112</Value>
          </HeartRateBpm>
          <SensorState>Absent</SensorState>
        </Trackpoint>
        <Trackpoint>
          <Time>2024-09-21T14:11:00Z</Time>
          <DistanceMeters>29.0</DistanceMeters>
          <HeartRateBpm>
            <Value>109</Value>
          </HeartRateBpm>
          <SensorState>Absent</SensorState>
        </Trackpoint>
        <Trackpoint>
          <Time>2024-09-21T14:11:00Z</Time>
          <DistanceMeters>29.0</DistanceMeters>
          <HeartRateBpm>
            <Value>113</Value>
          </HeartRateBpm>
          <SensorState>Absent</SensorState>
        </Trackpoint>
        <Trackpoint>
          <Time>2024-09-21T14:11:01Z</Time>
          <DistanceMeters>29.0</DistanceMeters>
          <HeartRateBpm>
            <Value>113</Value>
          </HeartRateBpm>
          <SensorState>Absent</SensorState>
        </Trackpoint>
        <Trackpoint>
          <Time>2024-09-21T14:11:05Z</Time>
          <DistanceMeters>29.0</DistanceMeters>
          <HeartRateBpm>
            <Value>112</Value>
          </HeartRateBpm>
          <SensorState>Absent</SensorState>
        </Trackpoint>
        <Trackpoint>
          <Time>2024-09-21T14:11:10Z</Time>
          <DistanceMeters>29.0</DistanceMeters>
          <HeartRateBpm>
            <Value>112</Value>
          </HeartRateBpm>
          <SensorState>Absent</SensorState>
        </Trackpoint>
        <Trackpoint>
          <Time>2024-09-21T14:11:11Z</Time>
          <DistanceMeters>29.0</DistanceMeters>
          <HeartRateBpm>
            <Value>113</Value>
          </HeartRateBpm>
          <SensorState>Absent</SensorState>
        </Trackpoint>
        <Trackpoint>
          <Time>2024-09-21T14:11:12Z</Time>
          <DistanceMeters>29.0</DistanceMeters>
          <HeartRateBpm>
            <Value>114</Value>
          </HeartRateBpm>
          <SensorState>Absent</SensorState>
        </Trackpoint>
        <Trackpoint>
          <Time>2024-09-21T14:11:13Z</Time>
          <DistanceMeters>29.0</DistanceMeters>
          <HeartRateBpm>
            <Value>113</Value>
          </HeartRateBpm>
          <SensorState>Absent</SensorState>
        </Trackpoint>
        <Trackpoint>
          <Time>2024-09-21T14:11:15Z</Time>
          <DistanceMeters>29.0</DistanceMeters>
          <HeartRateBpm>
            <Value>112</Value>
          </HeartRateBpm>
          <SensorState>Absent</SensorState>
        </Trackpoint>
        <Trackpoint>
          <Time>2024-09-21T14:11:16Z</Time>
          <DistanceMeters>29.0</DistanceMeters>
          <HeartRateBpm>
            <Value>111</Value>
          </HeartRateBpm>
          <SensorState>Absent</SensorState>
        </Trackpoint>
        <Trackpoint>
          <Time>2024-09-21T14:11:21Z</Time>
          <DistanceMeters>29.0</DistanceMeters>
          <HeartRateBpm>
            <Value>110</Value>
          </HeartRateBpm>
          <SensorState>Absent</SensorState>
        </Trackpoint>
        <Trackpoint>
          <Time>2024-09-21T14:11:22Z</Time>
          <DistanceMeters>29.0</DistanceMeters>
          <HeartRateBpm>
            <Value>109</Value>
          </HeartRateBpm>
          <SensorState>Absent</SensorState>
        </Trackpoint>
        <Trackpoint>
          <Time>2024-09-21T14:11:24Z</Time>
          <DistanceMeters>29.0</DistanceMeters>
          <HeartRateBpm>
            <Value>108</Value>
          </HeartRateBpm>
          <SensorState>Absent</SensorState>
        </Trackpoint>
        <Trackpoint>
          <Time>2024-09-21T14:11:29Z</Time>
          <DistanceMeters>29.0</DistanceMeters>
          <HeartRateBpm>
            <Value>108</Value>
          </HeartRateBpm>
          <SensorState>Absent</SensorState>
        </Trackpoint>
        <Trackpoint>
          <Time>2024-09-21T14:11:33Z</Time>
          <DistanceMeters>29.0</DistanceMeters>
          <HeartRateBpm>
            <Value>109</Value>
          </HeartRateBpm>
          <SensorState>Absent</SensorState>
        </Trackpoint>
        <Trackpoint>
          <Time>2024-09-21T14:11:34Z</Time>
          <DistanceMeters>29.0</DistanceMeters>
          <HeartRateBpm>
            <Value>110</Value>
          </HeartRateBpm>
          <SensorState>Absent</SensorState>
        </Trackpoint>
        <Trackpoint>
          <Time>2024-09-21T14:11:38Z</Time>
          <DistanceMeters>29.0</DistanceMeters>
          <HeartRateBpm>
            <Value>108</Value>
          </HeartRateBpm>
          <SensorState>Absent</SensorState>
        </Trackpoint>
        <Trackpoint>
          <Time>2024-09-21T14:11:40Z</Time>
          <DistanceMeters>29.0</DistanceMeters>
          <HeartRateBpm>
            <Value>107</Value>
          </HeartRateBpm>
          <SensorState>Absent</SensorState>
        </Trackpoint>
        <Trackpoint>
          <Time>2024-09-21T14:11:40Z</Time>
          <DistanceMeters>29.0</DistanceMeters>
          <HeartRateBpm>
            <Value>107</Value>
          </HeartRateBpm>
          <SensorState>Absent</SensorState>
        </Trackpoint>
        <Trackpoint>
          <Time>2024-09-21T14:11:42Z</Time>
          <DistanceMeters>29.0</DistanceMeters>
          <HeartRateBpm>
            <Value>106</Value>
          </HeartRateBpm>
          <SensorState>Absent</SensorState>
        </Trackpoint>
        <Trackpoint>
          <Time>2024-09-21T14:11:43Z</Time>
          <DistanceMeters>29.0</DistanceMeters>
          <HeartRateBpm>
            <Value>105</Value>
          </HeartRateBpm>
          <SensorState>Absent</SensorState>
        </Trackpoint>
        <Trackpoint>
          <Time>2024-09-21T14:11:44Z</Time>
          <DistanceMeters>29.0</DistanceMeters>
          <HeartRateBpm>
            <Value>103</Value>
          </HeartRateBpm>
          <SensorState>Absent</SensorState>
        </Trackpoint>
        <Trackpoint>
          <Time>2024-09-21T14:11:50Z</Time>
          <DistanceMeters>29.0</DistanceMeters>
          <HeartRateBpm>
            <Value>103</Value>
          </HeartRateBpm>
          <SensorState>Absent</SensorState>
        </Trackpoint>
        <Trackpoint>
          <Time>2024-09-21T14:11:53Z</Time>
          <DistanceMeters>29.0</DistanceMeters>
          <HeartRateBpm>
            <Value>102</Value>
          </HeartRateBpm>
          <SensorState>Absent</SensorState>
        </Trackpoint>
        <Trackpoint>
          <Time>2024-09-21T14:11:58Z</Time>
          <DistanceMeters>29.0</DistanceMeters>
          <HeartRateBpm>
            <Value>103</Value>
          </HeartRateBpm>
          <SensorState>Absent</SensorState>
        </Trackpoint>
        <Trackpoint>
          <Time>2024-09-21T14:12:00Z</Time>
          <DistanceMeters>29.0</DistanceMeters>
          <HeartRateBpm>
            <Value>97</Value>
          </HeartRateBpm>
          <SensorState>Absent</SensorState>
        </Trackpoint>
        <Trackpoint>
          <Time>2024-09-21T14:12:00Z</Time>
          <DistanceMeters>29.0</DistanceMeters>
          <HeartRateBpm>
            <Value>104</Value>
          </HeartRateBpm>
          <SensorState>Absent</SensorState>
        </Trackpoint>
        <Trackpoint>
          <Time>2024-09-21T14:12:06Z</Time>
          <DistanceMeters>30.0</DistanceMeters>
           <HeartRateBpm>
            <Value>104</Value>
           </HeartRateBpm>
          <SensorState>Absent</SensorState>
        </Trackpoint>
	  </Track>
      </Lap>
      </Activity>
  </Activities>

</TrainingCenterDatabase>