<?xml version="1.0" encoding="UTF-8" standalone="no" ?>
<TrainingCenterDatabase xmlns="http://www.garmin.com/xmlschemas/TrainingCenterDatabase/v2" xmlns:xsi="http://www.w3.org/2001/XMLSchema-instance" xsi:schemaLocation="http://www.garmin.com/xmlschemas/TrainingCenterDatabase/v2 http://www.garmin.com/xmlschemas/TrainingCenterDatabasev2.xsd">
  <Activities>
    <Activity Sport="Other">
      <Id>2024-12-06T14:48:05Z</Id>
      <Notes>羽毛球</Notes>
      <Lap StartTime="2024-12-06T14:48:05Z">
        <TotalTimeSeconds>4667</TotalTimeSeconds>
        <DistanceMeters>1081</DistanceMeters>
        <Calories>726</Calories>
        <AverageHeartRateBpm>
          <Value>134</Value>
        </AverageHeartRateBpm>
        <MaximumHeartRateBpm>
          <Value>195</Value>
        </MaximumHeartRateBpm>
        <Intensity>Active</Intensity>
        <TriggerMethod>Manual</TriggerMethod>
	  <Track>
        <Trackpoint>
          <Time>2024-12-06T14:48:06Z</Time>
          <DistanceMeters>0.0</DistanceMeters>
          <HeartRateBpm>
            <Value>96</Value>
          </HeartRateBpm>
          <SensorState>Absent</SensorState>
        </Trackpoint>
        <Trackpoint>
          <Time>2024-12-06T14:48:07Z</Time>
          <DistanceMeters>0.0</DistanceMeters>
          <HeartRateBpm>
            <Value>95</Value>
          </HeartRateBpm>
          <SensorState>Absent</SensorState>
        </Trackpoint>
        <Trackpoint>
          <Time>2024-12-06T14:48:11Z</Time>
          <DistanceMeters>0.0</DistanceMeters>
          <HeartRateBpm>
            <Value>96</Value>
          </HeartRateBpm>
          <SensorState>Absent</SensorState>
        </Trackpoint>
        <Trackpoint>
          <Time>2024-12-06T14:48:13Z</Time>
          <DistanceMeters>0.0</DistanceMeters>
          <HeartRateBpm>
            <Value>97</Value>
          </HeartRateBpm>
          <SensorState>Absent</SensorState>
        </Trackpoint>
        <Trackpoint>
          <Time>2024-12-06T14:48:16Z</Time>
          <DistanceMeters>0.0</DistanceMeters>
          <HeartRateBpm>
            <Value>98</Value>
          </HeartRateBpm>
          <SensorState>Absent</SensorState>
        </Trackpoint>
        <Trackpoint>
          <Time>2024-12-06T14:48:18Z</Time>
          <DistanceMeters>0.0</DistanceMeters>
          <HeartRateBpm>
            <Value>97</Value>
          </HeartRateBpm>
          <SensorState>Absent</SensorState>
        </Trackpoint>
        <Trackpoint>
          <Time>2024-12-06T14:48:20Z</Time>
          <DistanceMeters>0.0</DistanceMeters>
          <HeartRateBpm>
            <Value>102</Value>
          </HeartRateBpm>
          <SensorState>Absent</SensorState>
        </Trackpoint>
        <Trackpoint>
          <Time>2024-12-06T14:48:21Z</Time>
          <DistanceMeters>0.0</DistanceMeters>
          <HeartRateBpm>
            <Value>102</Value>
          </HeartRateBpm>
          <SensorState>Absent</SensorState>
        </Trackpoint>
        <Trackpoint>
          <Time>2024-12-06T14:48:22Z</Time>
          <DistanceMeters>0.0</DistanceMeters>
          <HeartRateBpm>
            <Value>104</Value>
          </HeartRateBpm>
          <SensorState>Absent</SensorState>
        </Trackpoint>
        <Trackpoint>
          <Time>2024-12-06T14:48:23Z</Time>
          <DistanceMeters>0.0</DistanceMeters>
          <HeartRateBpm>
            <Value>108</Value>
          </HeartRateBpm>
          <SensorState>Absent</SensorState>
        </Trackpoint>
        <Trackpoint>
          <Time>2024-12-06T14:48:23Z</Time>
          <DistanceMeters>0.0</DistanceMeters>
          <HeartRateBpm>
            <Value>108</Value>
          </HeartRateBpm>
          <SensorState>Absent</SensorState>
        </Trackpoint>
        <Trackpoint>
          <Time>2024-12-06T14:48:24Z</Time>
          <DistanceMeters>0.0</DistanceMeters>
          <HeartRateBpm>
            <Value>111</Value>
          </HeartRateBpm>
          <SensorState>Absent</SensorState>
        </Trackpoint>
        <Trackpoint>
          <Time>2024-12-06T14:48:26Z</Time>
          <DistanceMeters>0.0</DistanceMeters>
          <HeartRateBpm>
            <Value>114</Value>
          </HeartRateBpm>
          <SensorState>Absent</SensorState>
        </Trackpoint>
        <Trackpoint>
          <Time>2024-12-06T14:48:27Z</Time>
          <DistanceMeters>0.0</DistanceMeters>
          <HeartRateBpm>
            <Value>116</Value>
          </HeartRateBpm>
          <SensorState>Absent</SensorState>
        </Trackpoint>
        <Trackpoint>
          <Time>2024-12-06T14:48:27Z</Time>
          <DistanceMeters>0.0</DistanceMeters>
          <HeartRateBpm>
            <Value>114</Value>
          </HeartRateBpm>
          <SensorState>Absent</SensorState>
        </Trackpoint>
        <Trackpoint>
          <Time>2024-12-06T14:48:28Z</Time>
          <DistanceMeters>0.0</DistanceMeters>
          <HeartRateBpm>
            <Value>117</Value>
          </HeartRateBpm>
          <SensorState>Absent</SensorState>
        </Trackpoint>
        <Trackpoint>
          <Time>2024-12-06T14:48:31Z</Time>
          <DistanceMeters>0.0</DistanceMeters>
          <HeartRateBpm>
            <Value>116</Value>
          </HeartRateBpm>
          <SensorState>Absent</SensorState>
        </Trackpoint>
        <Trackpoint>
          <Time>2024-12-06T14:48:32Z</Time>
          <DistanceMeters>0.0</DistanceMeters>
          <HeartRateBpm>
            <Value>117</Value>
          </HeartRateBpm>
          <SensorState>Absent</SensorState>
        </Trackpoint>
        <Trackpoint>
          <Time>2024-12-06T14:48:33Z</Time>
          <DistanceMeters>0.0</DistanceMeters>
          <HeartRateBpm>
            <Value>118</Value>
          </HeartRateBpm>
          <SensorState>Absent</SensorState>
        </Trackpoint>
        <Trackpoint>
          <Time>2024-12-06T14:48:35Z</Time>
          <DistanceMeters>0.0</DistanceMeters>
          <HeartRateBpm>
            <Value>116</Value>
          </HeartRateBpm>
          <SensorState>Absent</SensorState>
        </Trackpoint>
        <Trackpoint>
          <Time>2024-12-06T14:48:37Z</Time>
          <DistanceMeters>0.0</DistanceMeters>
          <HeartRateBpm>
            <Value>117</Value>
          </HeartRateBpm>
          <SensorState>Absent</SensorState>
        </Trackpoint>
        <Trackpoint>
          <Time>2024-12-06T14:48:41Z</Time>
          <DistanceMeters>0.0</DistanceMeters>
          <HeartRateBpm>
            <Value>120</Value>
          </HeartRateBpm>
          <SensorState>Absent</SensorState>
        </Trackpoint>
        <Trackpoint>
          <Time>2024-12-06T14:48:41Z</Time>
          <DistanceMeters>0.0</DistanceMeters>
          <HeartRateBpm>
            <Value>120</Value>
          </HeartRateBpm>
          <SensorState>Absent</SensorState>
        </Trackpoint>
        <Trackpoint>
          <Time>2024-12-06T14:48:42Z</Time>
          <DistanceMeters>0.0</DistanceMeters>
          <HeartRateBpm>
            <Value>123</Value>
          </HeartRateBpm>
          <SensorState>Absent</SensorState>
        </Trackpoint>
        <Trackpoint>
          <Time>2024-12-06T14:48:45Z</Time>
          <DistanceMeters>0.0</DistanceMeters>
          <HeartRateBpm>
            <Value>124</Value>
          </HeartRateBpm>
          <SensorState>Absent</SensorState>
        </Trackpoint>
        <Trackpoint>
          <Time>2024-12-06T14:48:48Z</Time>
          <DistanceMeters>0.0</DistanceMeters>
          <HeartRateBpm>
            <Value>126</Value>
          </HeartRateBpm>
          <SensorState>Absent</SensorState>
        </Trackpoint>
        <Trackpoint>
          <Time>2024-12-06T14:48:49Z</Time>
          <DistanceMeters>0.0</DistanceMeters>
          <HeartRateBpm>
            <Value>126</Value>
          </HeartRateBpm>
          <SensorState>Absent</SensorState>
        </Trackpoint>
        <Trackpoint>
          <Time>2024-12-06T14:48:49Z</Time>
          <DistanceMeters>0.0</DistanceMeters>
          <HeartRateBpm>
            <Value>128</Value>
          </HeartRateBpm>
          <SensorState>Absent</SensorState>
        </Trackpoint>
        <Trackpoint>
          <Time>2024-12-06T14:48:50Z</Time>
          <DistanceMeters>0.0</DistanceMeters>
          <HeartRateBpm>
            <Value>129</Value>
          </HeartRateBpm>
          <SensorState>Absent</SensorState>
        </Trackpoint>
        <Trackpoint>
          <Time>2024-12-06T14:48:52Z</Time>
          <DistanceMeters>0.0</DistanceMeters>
          <HeartRateBpm>
            <Value>130</Value>
          </HeartRateBpm>
          <SensorState>Absent</SensorState>
        </Trackpoint>
        <Trackpoint>
          <Time>2024-12-06T14:48:57Z</Time>
          <DistanceMeters>0.0</DistanceMeters>
          <HeartRateBpm>
            <Value>130</Value>
          </HeartRateBpm>
          <SensorState>Absent</SensorState>
        </Trackpoint>
        <Trackpoint>
          <Time>2024-12-06T14:48:59Z</Time>
          <DistanceMeters>0.0</DistanceMeters>
          <HeartRateBpm>
            <Value>129</Value>
          </HeartRateBpm>
          <SensorState>Absent</SensorState>
        </Trackpoint>
        <Trackpoint>
          <Time>2024-12-06T14:49:00Z</Time>
          <DistanceMeters>0.0</DistanceMeters>
          <HeartRateBpm>
            <Value>129</Value>
          </HeartRateBpm>
          <SensorState>Absent</SensorState>
        </Trackpoint>
        <Trackpoint>
          <Time>2024-12-06T14:49:01Z</Time>
          <DistanceMeters>0.0</DistanceMeters>
          <HeartRateBpm>
            <Value>128</Value>
          </HeartRateBpm>
          <SensorState>Absent</SensorState>
        </Trackpoint>
        <Trackpoint>
          <Time>2024-12-06T14:49:06Z</Time>
          <DistanceMeters>14.0</DistanceMeters>
          <HeartRateBpm>
            <Value>129</Value>
          </HeartRateBpm>
          <SensorState>Absent</SensorState>
        </Trackpoint>
        <Trackpoint>
          <Time>2024-12-06T14:49:11Z</Time>
          <DistanceMeters>14.0</DistanceMeters>
          <HeartRateBpm>
            <Value>129</Value>
          </HeartRateBpm>
          <SensorState>Absent</SensorState>
        </Trackpoint>
        <Trackpoint>
          <Time>2024-12-06T14:49:12Z</Time>
          <DistanceMeters>14.0</DistanceMeters>
          <HeartRateBpm>
            <Value>131</Value>
          </HeartRateBpm>
          <SensorState>Absent</SensorState>
        </Trackpoint>
        <Trackpoint>
          <Time>2024-12-06T14:49:15Z</Time>
          <DistanceMeters>14.0</DistanceMeters>
          <HeartRateBpm>
            <Value>132</Value>
          </HeartRateBpm>
          <SensorState>Absent</SensorState>
        </Trackpoint>
        <Trackpoint>
          <Time>2024-12-06T14:49:15Z</Time>
          <DistanceMeters>14.0</DistanceMeters>
          <HeartRateBpm>
            <Value>132</Value>
          </HeartRateBpm>
          <SensorState>Absent</SensorState>
        </Trackpoint>
        <Trackpoint>
          <Time>2024-12-06T14:49:16Z</Time>
          <DistanceMeters>14.0</DistanceMeters>
          <HeartRateBpm>
            <Value>135</Value>
          </HeartRateBpm>
          <SensorState>Absent</SensorState>
        </Trackpoint>
        <Trackpoint>
          <Time>2024-12-06T14:49:18Z</Time>
          <DistanceMeters>14.0</DistanceMeters>
          <HeartRateBpm>
            <Value>138</Value>
          </HeartRateBpm>
          <SensorState>Absent</SensorState>
        </Trackpoint>
        <Trackpoint>
          <Time>2024-12-06T14:49:18Z</Time>
          <DistanceMeters>14.0</DistanceMeters>
          <HeartRateBpm>
            <Value>138</Value>
          </HeartRateBpm>
          <SensorState>Absent</SensorState>
        </Trackpoint>
        <Trackpoint>
          <Time>2024-12-06T14:49:19Z</Time>
          <DistanceMeters>14.0</DistanceMeters>
          <HeartRateBpm>
            <Value>139</Value>
          </HeartRateBpm>
          <SensorState>Absent</SensorState>
        </Trackpoint>
        <Trackpoint>
          <Time>2024-12-06T14:49:20Z</Time>
          <DistanceMeters>14.0</DistanceMeters>
          <HeartRateBpm>
            <Value>141</Value>
          </HeartRateBpm>
          <SensorState>Absent</SensorState>
        </Trackpoint>
        <Trackpoint>
          <Time>2024-12-06T14:49:21Z</Time>
          <DistanceMeters>14.0</DistanceMeters>
          <HeartRateBpm>
            <Value>139</Value>
          </HeartRateBpm>
          <SensorState>Absent</SensorState>
        </Trackpoint>
        <Trackpoint>
          <Time>2024-12-06T14:49:23Z</Time>
          <DistanceMeters>14.0</DistanceMeters>
          <HeartRateBpm>
            <Value>137</Value>
          </HeartRateBpm>
          <SensorState>Absent</SensorState>
        </Trackpoint>
        <Trackpoint>
          <Time>2024-12-06T14:49:24Z</Time>
          <DistanceMeters>14.0</DistanceMeters>
          <HeartRateBpm>
            <Value>136</Value>
          </HeartRateBpm>
          <SensorState>Absent</SensorState>
        </Trackpoint>
        <Trackpoint>
          <Time>2024-12-06T14:49:25Z</Time>
          <DistanceMeters>14.0</DistanceMeters>
          <HeartRateBpm>
            <Value>133</Value>
          </HeartRateBpm>
          <SensorState>Absent</SensorState>
        </Trackpoint>
        <Trackpoint>
          <Time>2024-12-06T14:49:28Z</Time>
          <DistanceMeters>14.0</DistanceMeters>
          <HeartRateBpm>
            <Value>134</Value>
          </HeartRateBpm>
          <SensorState>Absent</SensorState>
        </Trackpoint>
        <Trackpoint>
          <Time>2024-12-06T14:49:29Z</Time>
          <DistanceMeters>14.0</DistanceMeters>
          <HeartRateBpm>
            <Value>135</Value>
          </HeartRateBpm>
          <SensorState>Absent</SensorState>
        </Trackpoint>
        <Trackpoint>
          <Time>2024-12-06T14:49:31Z</Time>
          <DistanceMeters>14.0</DistanceMeters>
          <HeartRateBpm>
            <Value>137</Value>
          </HeartRateBpm>
          <SensorState>Absent</SensorState>
        </Trackpoint>
        <Trackpoint>
          <Time>2024-12-06T14:49:32Z</Time>
          <DistanceMeters>14.0</DistanceMeters>
          <HeartRateBpm>
            <Value>136</Value>
          </HeartRateBpm>
          <SensorState>Absent</SensorState>
        </Trackpoint>
        <Trackpoint>
          <Time>2024-12-06T14:49:34Z</Time>
          <DistanceMeters>14.0</DistanceMeters>
          <HeartRateBpm>
            <Value>137</Value>
          </HeartRateBpm>
          <SensorState>Absent</SensorState>
        </Trackpoint>
        <Trackpoint>
          <Time>2024-12-06T14:49:36Z</Time>
          <DistanceMeters>14.0</DistanceMeters>
          <HeartRateBpm>
            <Value>136</Value>
          </HeartRateBpm>
          <SensorState>Absent</SensorState>
        </Trackpoint>
        <Trackpoint>
          <Time>2024-12-06T14:49:37Z</Time>
          <DistanceMeters>14.0</DistanceMeters>
          <HeartRateBpm>
            <Value>135</Value>
          </HeartRateBpm>
          <SensorState>Absent</SensorState>
        </Trackpoint>
        <Trackpoint>
          <Time>2024-12-06T14:49:38Z</Time>
          <DistanceMeters>14.0</DistanceMeters>
          <HeartRateBpm>
            <Value>136</Value>
          </HeartRateBpm>
          <SensorState>Absent</SensorState>
        </Trackpoint>
        <Trackpoint>
          <Time>2024-12-06T14:49:41Z</Time>
          <DistanceMeters>14.0</DistanceMeters>
          <HeartRateBpm>
            <Value>137</Value>
          </HeartRateBpm>
          <SensorState>Absent</SensorState>
        </Trackpoint>
        <Trackpoint>
          <Time>2024-12-06T14:49:44Z</Time>
          <DistanceMeters>14.0</DistanceMeters>
          <HeartRateBpm>
            <Value>140</Value>
          </HeartRateBpm>
          <SensorState>Absent</SensorState>
        </Trackpoint>
        <Trackpoint>
          <Time>2024-12-06T14:49:45Z</Time>
          <DistanceMeters>14.0</DistanceMeters>
          <HeartRateBpm>
            <Value>142</Value>
          </HeartRateBpm>
          <SensorState>Absent</SensorState>
        </Trackpoint>
        <Trackpoint>
          <Time>2024-12-06T14:49:46Z</Time>
          <DistanceMeters>14.0</DistanceMeters>
          <HeartRateBpm>
            <Value>145</Value>
          </HeartRateBpm>
          <SensorState>Absent</SensorState>
        </Trackpoint>
        <Trackpoint>
          <Time>2024-12-06T14:49:47Z</Time>
          <DistanceMeters>14.0</DistanceMeters>
          <HeartRateBpm>
            <Value>145</Value>
          </HeartRateBpm>
          <SensorState>Absent</SensorState>
        </Trackpoint>
        <Trackpoint>
          <Time>2024-12-06T14:49:47Z</Time>
          <DistanceMeters>14.0</DistanceMeters>
          <HeartRateBpm>
            <Value>149</Value>
          </HeartRateBpm>
          <SensorState>Absent</SensorState>
        </Trackpoint>
        <Trackpoint>
          <Time>2024-12-06T14:49:49Z</Time>
          <DistanceMeters>14.0</DistanceMeters>
          <HeartRateBpm>
            <Value>150</Value>
          </HeartRateBpm>
          <SensorState>Absent</SensorState>
        </Trackpoint>
        <Trackpoint>
          <Time>2024-12-06T14:49:50Z</Time>
          <DistanceMeters>14.0</DistanceMeters>
          <HeartRateBpm>
            <Value>151</Value>
          </HeartRateBpm>
          <SensorState>Absent</SensorState>
        </Trackpoint>
        <Trackpoint>
          <Time>2024-12-06T14:49:50Z</Time>
          <DistanceMeters>14.0</DistanceMeters>
          <HeartRateBpm>
            <Value>151</Value>
          </HeartRateBpm>
          <SensorState>Absent</SensorState>
        </Trackpoint>
        <Trackpoint>
          <Time>2024-12-06T14:49:51Z</Time>
          <DistanceMeters>14.0</DistanceMeters>
          <HeartRateBpm>
            <Value>149</Value>
          </HeartRateBpm>
          <SensorState>Absent</SensorState>
        </Trackpoint>
        <Trackpoint>
          <Time>2024-12-06T14:49:53Z</Time>
          <DistanceMeters>14.0</DistanceMeters>
          <HeartRateBpm>
            <Value>148</Value>
          </HeartRateBpm>
          <SensorState>Absent</SensorState>
        </Trackpoint>
        <Trackpoint>
          <Time>2024-12-06T14:49:55Z</Time>
          <DistanceMeters>14.0</DistanceMeters>
          <HeartRateBpm>
            <Value>149</Value>
          </HeartRateBpm>
          <SensorState>Absent</SensorState>
        </Trackpoint>
        <Trackpoint>
          <Time>2024-12-06T14:49:57Z</Time>
          <DistanceMeters>14.0</DistanceMeters>
          <HeartRateBpm>
            <Value>156</Value>
          </HeartRateBpm>
          <SensorState>Absent</SensorState>
        </Trackpoint>
        <Trackpoint>
          <Time>2024-12-06T14:49:58Z</Time>
          <DistanceMeters>14.0</DistanceMeters>
          <HeartRateBpm>
            <Value>157</Value>
          </HeartRateBpm>
          <SensorState>Absent</SensorState>
        </Trackpoint>
        <Trackpoint>
          <Time>2024-12-06T14:49:58Z</Time>
          <DistanceMeters>14.0</DistanceMeters>
          <HeartRateBpm>
            <Value>157</Value>
          </HeartRateBpm>
          <SensorState>Absent</SensorState>
        </Trackpoint>
        <Trackpoint>
          <Time>2024-12-06T14:49:59Z</Time>
          <DistanceMeters>14.0</DistanceMeters>
          <HeartRateBpm>
            <Value>158</Value>
          </HeartRateBpm>
          <SensorState>Absent</SensorState>
        </Trackpoint>
        <Trackpoint>
          <Time>2024-12-06T14:50:00Z</Time>
          <DistanceMeters>14.0</DistanceMeters>
          <HeartRateBpm>
            <Value>162</Value>
          </HeartRateBpm>
          <Cadence><Value>68</Value></Cadence>
          <SensorState>Absent</SensorState>
        </Trackpoint>
        <Trackpoint>
          <Time>2024-12-06T14:50:00Z</Time>
          <DistanceMeters>14.0</DistanceMeters>
          <HeartRateBpm>
            <Value>156</Value>
          </HeartRateBpm>
          <Cadence><Value>68</Value></Cadence>
          <SensorState>Absent</SensorState>
        </Trackpoint>
        <Trackpoint>
          <Time>2024-12-06T14:50:02Z</Time>
          <DistanceMeters>14.0</DistanceMeters>
          <HeartRateBpm>
            <Value>154</Value>
          </HeartRateBpm>
          <Cadence><Value>68</Value></Cadence>
          <SensorState>Absent</SensorState>
        </Trackpoint>
        <Trackpoint>
          <Time>2024-12-06T14:50:04Z</Time>
          <DistanceMeters>14.0</DistanceMeters>
          <HeartRateBpm>
            <Value>156</Value>
          </HeartRateBpm>
          <Cadence><Value>68</Value></Cadence>
          <SensorState>Absent</SensorState>
        </Trackpoint>
        <Trackpoint>
          <Time>2024-12-06T14:50:06Z</Time>
          <DistanceMeters>28.0</DistanceMeters>
          <HeartRateBpm>
            <Value>159</Value>
          </HeartRateBpm>
          <Cadence><Value>68</Value></Cadence>
          <SensorState>Absent</SensorState>
        </Trackpoint>
        <Trackpoint>
          <Time>2024-12-06T14:50:07Z</Time>
          <DistanceMeters>28.0</DistanceMeters>
          <HeartRateBpm>
            <Value>165</Value>
          </HeartRateBpm>
          <Cadence><Value>68</Value></Cadence>
          <SensorState>Absent</SensorState>
        </Trackpoint>
        <Trackpoint>
          <Time>2024-12-06T14:50:07Z</Time>
          <DistanceMeters>28.0</DistanceMeters>
          <HeartRateBpm>
            <Value>165</Value>
          </HeartRateBpm>
          <Cadence><Value>68</Value></Cadence>
          <SensorState>Absent</SensorState>
        </Trackpoint>
        <Trackpoint>
          <Time>2024-12-06T14:50:08Z</Time>
          <DistanceMeters>28.0</DistanceMeters>
          <HeartRateBpm>
            <Value>166</Value>
          </HeartRateBpm>
          <Cadence><Value>68</Value></Cadence>
          <SensorState>Absent</SensorState>
        </Trackpoint>
        <Trackpoint>
          <Time>2024-12-06T14:50:10Z</Time>
          <DistanceMeters>28.0</DistanceMeters>
          <HeartRateBpm>
            <Value>167</Value>
          </HeartRateBpm>
          <Cadence><Value>68</Value></Cadence>
          <SensorState>Absent</SensorState>
        </Trackpoint>
        <Trackpoint>
          <Time>2024-12-06T14:50:11Z</Time>
          <DistanceMeters>28.0</DistanceMeters>
          <HeartRateBpm>
            <Value>174</Value>
          </HeartRateBpm>
          <Cadence><Value>68</Value></Cadence>
          <SensorState>Absent</SensorState>
        </Trackpoint>
        <Trackpoint>
          <Time>2024-12-06T14:50:11Z</Time>
          <DistanceMeters>28.0</DistanceMeters>
          <HeartRateBpm>
            <Value>174</Value>
          </HeartRateBpm>
          <Cadence><Value>68</Value></Cadence>
          <SensorState>Absent</SensorState>
        </Trackpoint>
        <Trackpoint>
          <Time>2024-12-06T14:50:12Z</Time>
          <DistanceMeters>28.0</DistanceMeters>
          <HeartRateBpm>
            <Value>175</Value>
          </HeartRateBpm>
          <Cadence><Value>68</Value></Cadence>
          <SensorState>Absent</SensorState>
        </Trackpoint>
        <Trackpoint>
          <Time>2024-12-06T14:50:13Z</Time>
          <DistanceMeters>28.0</DistanceMeters>
          <HeartRateBpm>
            <Value>176</Value>
          </HeartRateBpm>
          <Cadence><Value>68</Value></Cadence>
          <SensorState>Absent</SensorState>
        </Trackpoint>
        <Trackpoint>
          <Time>2024-12-06T14:50:15Z</Time>
          <DistanceMeters>28.0</DistanceMeters>
          <HeartRateBpm>
            <Value>174</Value>
          </HeartRateBpm>
          <Cadence><Value>68</Value></Cadence>
          <SensorState>Absent</SensorState>
        </Trackpoint>
        <Trackpoint>
          <Time>2024-12-06T14:50:16Z</Time>
          <DistanceMeters>28.0</DistanceMeters>
          <HeartRateBpm>
            <Value>173</Value>
          </HeartRateBpm>
          <Cadence><Value>68</Value></Cadence>
          <SensorState>Absent</SensorState>
        </Trackpoint>
        <Trackpoint>
          <Time>2024-12-06T14:50:17Z</Time>
          <DistanceMeters>28.0</DistanceMeters>
          <HeartRateBpm>
            <Value>172</Value>
          </HeartRateBpm>
          <Cadence><Value>68</Value></Cadence>
          <SensorState>Absent</SensorState>
        </Trackpoint>
        <Trackpoint>
          <Time>2024-12-06T14:50:20Z</Time>
          <DistanceMeters>28.0</DistanceMeters>
          <HeartRateBpm>
            <Value>171</Value>
          </HeartRateBpm>
          <Cadence><Value>68</Value></Cadence>
          <SensorState>Absent</SensorState>
        </Trackpoint>
        <Trackpoint>
          <Time>2024-12-06T14:50:21Z</Time>
          <DistanceMeters>28.0</DistanceMeters>
          <HeartRateBpm>
            <Value>172</Value>
          </HeartRateBpm>
          <Cadence><Value>68</Value></Cadence>
          <SensorState>Absent</SensorState>
        </Trackpoint>
        <Trackpoint>
          <Time>2024-12-06T14:50:23Z</Time>
          <DistanceMeters>28.0</DistanceMeters>
          <HeartRateBpm>
            <Value>173</Value>
          </HeartRateBpm>
          <Cadence><Value>68</Value></Cadence>
          <SensorState>Absent</SensorState>
        </Trackpoint>
        <Trackpoint>
          <Time>2024-12-06T14:50:24Z</Time>
          <DistanceMeters>28.0</DistanceMeters>
          <HeartRateBpm>
            <Value>172</Value>
          </HeartRateBpm>
          <Cadence><Value>68</Value></Cadence>
          <SensorState>Absent</SensorState>
        </Trackpoint>
        <Trackpoint>
          <Time>2024-12-06T14:50:25Z</Time>
          <DistanceMeters>28.0</DistanceMeters>
          <HeartRateBpm>
            <Value>171</Value>
          </HeartRateBpm>
          <Cadence><Value>68</Value></Cadence>
          <SensorState>Absent</SensorState>
        </Trackpoint>
        <Trackpoint>
          <Time>2024-12-06T14:50:26Z</Time>
          <DistanceMeters>28.0</DistanceMeters>
          <HeartRateBpm>
            <Value>170</Value>
          </HeartRateBpm>
          <Cadence><Value>68</Value></Cadence>
          <SensorState>Absent</SensorState>
        </Trackpoint>
        <Trackpoint>
          <Time>2024-12-06T14:50:28Z</Time>
          <DistanceMeters>28.0</DistanceMeters>
          <HeartRateBpm>
            <Value>169</Value>
          </HeartRateBpm>
          <Cadence><Value>68</Value></Cadence>
          <SensorState>Absent</SensorState>
        </Trackpoint>
        <Trackpoint>
          <Time>2024-12-06T14:50:29Z</Time>
          <DistanceMeters>28.0</DistanceMeters>
          <HeartRateBpm>
            <Value>170</Value>
          </HeartRateBpm>
          <Cadence><Value>68</Value></Cadence>
          <SensorState>Absent</SensorState>
        </Trackpoint>
        <Trackpoint>
          <Time>2024-12-06T14:50:30Z</Time>
          <DistanceMeters>28.0</DistanceMeters>
          <HeartRateBpm>
            <Value>169</Value>
          </HeartRateBpm>
          <Cadence><Value>68</Value></Cadence>
          <SensorState>Absent</SensorState>
        </Trackpoint>
        <Trackpoint>
          <Time>2024-12-06T14:50:32Z</Time>
          <DistanceMeters>28.0</DistanceMeters>
          <HeartRateBpm>
            <Value>168</Value>
          </HeartRateBpm>
          <Cadence><Value>68</Value></Cadence>
          <SensorState>Absent</SensorState>
        </Trackpoint>
        <Trackpoint>
          <Time>2024-12-06T14:50:33Z</Time>
          <DistanceMeters>28.0</DistanceMeters>
          <HeartRateBpm>
            <Value>168</Value>
          </HeartRateBpm>
          <Cadence><Value>68</Value></Cadence>
          <SensorState>Absent</SensorState>
        </Trackpoint>
        <Trackpoint>
          <Time>2024-12-06T14:50:33Z</Time>
          <DistanceMeters>28.0</DistanceMeters>
          <HeartRateBpm>
            <Value>169</Value>
          </HeartRateBpm>
          <Cadence><Value>68</Value></Cadence>
          <SensorState>Absent</SensorState>
        </Trackpoint>
        <Trackpoint>
          <Time>2024-12-06T14:50:34Z</Time>
          <DistanceMeters>28.0</DistanceMeters>
          <HeartRateBpm>
            <Value>171</Value>
          </HeartRateBpm>
          <Cadence><Value>68</Value></Cadence>
          <SensorState>Absent</SensorState>
        </Trackpoint>
        <Trackpoint>
          <Time>2024-12-06T14:50:36Z</Time>
          <DistanceMeters>28.0</DistanceMeters>
          <HeartRateBpm>
            <Value>173</Value>
          </HeartRateBpm>
          <Cadence><Value>68</Value></Cadence>
          <SensorState>Absent</SensorState>
        </Trackpoint>
        <Trackpoint>
          <Time>2024-12-06T14:50:37Z</Time>
          <DistanceMeters>28.0</DistanceMeters>
          <HeartRateBpm>
            <Value>174</Value>
          </HeartRateBpm>
          <Cadence><Value>68</Value></Cadence>
          <SensorState>Absent</SensorState>
        </Trackpoint>
        <Trackpoint>
          <Time>2024-12-06T14:50:37Z</Time>
          <DistanceMeters>28.0</DistanceMeters>
          <HeartRateBpm>
            <Value>174</Value>
          </HeartRateBpm>
          <Cadence><Value>68</Value></Cadence>
          <SensorState>Absent</SensorState>
        </Trackpoint>
        <Trackpoint>
          <Time>2024-12-06T14:50:39Z</Time>
          <DistanceMeters>28.0</DistanceMeters>
          <HeartRateBpm>
            <Value>175</Value>
          </HeartRateBpm>
          <Cadence><Value>68</Value></Cadence>
          <SensorState>Absent</SensorState>
        </Trackpoint>
        <Trackpoint>
          <Time>2024-12-06T14:50:41Z</Time>
          <DistanceMeters>28.0</DistanceMeters>
          <HeartRateBpm>
            <Value>174</Value>
          </HeartRateBpm>
          <Cadence><Value>68</Value></Cadence>
          <SensorState>Absent</SensorState>
        </Trackpoint>
        <Trackpoint>
          <Time>2024-12-06T14:50:42Z</Time>
          <DistanceMeters>28.0</DistanceMeters>
          <HeartRateBpm>
            <Value>175</Value>
          </HeartRateBpm>
          <Cadence><Value>68</Value></Cadence>
          <SensorState>Absent</SensorState>
        </Trackpoint>
        <Trackpoint>
          <Time>2024-12-06T14:50:43Z</Time>
          <DistanceMeters>28.0</DistanceMeters>
          <HeartRateBpm>
            <Value>178</Value>
          </HeartRateBpm>
          <Cadence><Value>68</Value></Cadence>
          <SensorState>Absent</SensorState>
        </Trackpoint>
        <Trackpoint>
          <Time>2024-12-06T14:50:45Z</Time>
          <DistanceMeters>28.0</DistanceMeters>
          <HeartRateBpm>
            <Value>179</Value>
          </HeartRateBpm>
          <Cadence><Value>68</Value></Cadence>
          <SensorState>Absent</SensorState>
        </Trackpoint>
        <Trackpoint>
          <Time>2024-12-06T14:50:46Z</Time>
          <DistanceMeters>28.0</DistanceMeters>
          <HeartRateBpm>
            <Value>185</Value>
          </HeartRateBpm>
          <Cadence><Value>68</Value></Cadence>
          <SensorState>Absent</SensorState>
        </Trackpoint>
        <Trackpoint>
          <Time>2024-12-06T14:50:46Z</Time>
          <DistanceMeters>28.0</DistanceMeters>
          <HeartRateBpm>
            <Value>185</Value>
          </HeartRateBpm>
          <Cadence><Value>68</Value></Cadence>
          <SensorState>Absent</SensorState>
        </Trackpoint>
        <Trackpoint>
          <Time>2024-12-06T14:50:47Z</Time>
          <DistanceMeters>28.0</DistanceMeters>
          <HeartRateBpm>
            <Value>190</Value>
          </HeartRateBpm>
          <Cadence><Value>68</Value></Cadence>
          <SensorState>Absent</SensorState>
        </Trackpoint>
        <Trackpoint>
          <Time>2024-12-06T14:50:49Z</Time>
          <DistanceMeters>28.0</DistanceMeters>
          <HeartRateBpm>
            <Value>193</Value>
          </HeartRateBpm>
          <Cadence><Value>68</Value></Cadence>
          <SensorState>Absent</SensorState>
        </Trackpoint>
        <Trackpoint>
          <Time>2024-12-06T14:50:50Z</Time>
          <DistanceMeters>28.0</DistanceMeters>
          <HeartRateBpm>
            <Value>193</Value>
          </HeartRateBpm>
          <Cadence><Value>68</Value></Cadence>
          <SensorState>Absent</SensorState>
        </Trackpoint>
        <Trackpoint>
          <Time>2024-12-06T14:50:50Z</Time>
          <DistanceMeters>28.0</DistanceMeters>
          <HeartRateBpm>
            <Value>195</Value>
          </HeartRateBpm>
          <Cadence><Value>68</Value></Cadence>
          <SensorState>Absent</SensorState>
        </Trackpoint>
        <Trackpoint>
          <Time>2024-12-06T14:50:51Z</Time>
          <DistanceMeters>28.0</DistanceMeters>
          <HeartRateBpm>
            <Value>193</Value>
          </HeartRateBpm>
          <Cadence><Value>68</Value></Cadence>
          <SensorState>Absent</SensorState>
        </Trackpoint>
        <Trackpoint>
          <Time>2024-12-06T14:50:52Z</Time>
          <DistanceMeters>28.0</DistanceMeters>
          <HeartRateBpm>
            <Value>190</Value>
          </HeartRateBpm>
          <Cadence><Value>68</Value></Cadence>
          <SensorState>Absent</SensorState>
        </Trackpoint>
        <Trackpoint>
          <Time>2024-12-06T14:50:54Z</Time>
          <DistanceMeters>28.0</DistanceMeters>
          <HeartRateBpm>
            <Value>189</Value>
          </HeartRateBpm>
          <Cadence><Value>68</Value></Cadence>
          <SensorState>Absent</SensorState>
        </Trackpoint>
        <Trackpoint>
          <Time>2024-12-06T14:50:56Z</Time>
          <DistanceMeters>28.0</DistanceMeters>
          <HeartRateBpm>
            <Value>190</Value>
          </HeartRateBpm>
          <Cadence><Value>68</Value></Cadence>
          <SensorState>Absent</SensorState>
        </Trackpoint>
        <Trackpoint>
          <Time>2024-12-06T14:50:59Z</Time>
          <DistanceMeters>28.0</DistanceMeters>
          <HeartRateBpm>
            <Value>188</Value>
          </HeartRateBpm>
          <Cadence><Value>68</Value></Cadence>
          <SensorState>Absent</SensorState>
        </Trackpoint>
        <Trackpoint>
          <Time>2024-12-06T14:51:00Z</Time>
          <DistanceMeters>28.0</DistanceMeters>
          <HeartRateBpm>
            <Value>174</Value>
          </HeartRateBpm>
          <SensorState>Absent</SensorState>
        </Trackpoint>
        <Trackpoint>
          <Time>2024-12-06T14:51:00Z</Time>
          <DistanceMeters>28.0</DistanceMeters>
          <HeartRateBpm>
            <Value>187</Value>
          </HeartRateBpm>
          <SensorState>Absent</SensorState>
        </Trackpoint>
        <Trackpoint>
          <Time>2024-12-06T14:51:01Z</Time>
          <DistanceMeters>28.0</DistanceMeters>
          <HeartRateBpm>
            <Value>187</Value>
          </HeartRateBpm>
          <SensorState>Absent</SensorState>
        </Trackpoint>
        <Trackpoint>
          <Time>2024-12-06T14:51:02Z</Time>
          <DistanceMeters>28.0</DistanceMeters>
          <HeartRateBpm>
            <Value>188</Value>
          </HeartRateBpm>
          <SensorState>Absent</SensorState>
        </Trackpoint>
        <Trackpoint>
          <Time>2024-12-06T14:51:03Z</Time>
          <DistanceMeters>28.0</DistanceMeters>
          <HeartRateBpm>
            <Value>189</Value>
          </HeartRateBpm>
          <SensorState>Absent</SensorState>
        </Trackpoint>
        <Trackpoint>
          <Time>2024-12-06T14:51:08Z</Time>
          <DistanceMeters>42.0</DistanceMeters>
          <HeartRateBpm>
            <Value>183</Value>
          </HeartRateBpm>
          <SensorState>Absent</SensorState>
        </Trackpoint>
        <Trackpoint>
          <Time>2024-12-06T14:51:09Z</Time>
          <DistanceMeters>42.0</DistanceMeters>
          <HeartRateBpm>
            <Value>184</Value>
          </HeartRateBpm>
          <SensorState>Absent</SensorState>
        </Trackpoint>
        <Trackpoint>
          <Time>2024-12-06T14:51:11Z</Time>
          <DistanceMeters>42.0</DistanceMeters>
          <HeartRateBpm>
            <Value>185</Value>
          </HeartRateBpm>
          <SensorState>Absent</SensorState>
        </Trackpoint>
        <Trackpoint>
          <Time>2024-12-06T14:51:12Z</Time>
          <DistanceMeters>42.0</DistanceMeters>
          <HeartRateBpm>
            <Value>188</Value>
          </HeartRateBpm>
          <SensorState>Absent</SensorState>
        </Trackpoint>
        <Trackpoint>
          <Time>2024-12-06T14:51:16Z</Time>
          <DistanceMeters>42.0</DistanceMeters>
          <HeartRateBpm>
            <Value>186</Value>
          </HeartRateBpm>
          <SensorState>Absent</SensorState>
        </Trackpoint>
        <Trackpoint>
          <Time>2024-12-06T14:51:17Z</Time>
          <DistanceMeters>42.0</DistanceMeters>
          <HeartRateBpm>
            <Value>179</Value>
          </HeartRateBpm>
          <SensorState>Absent</SensorState>
        </Trackpoint>
        <Trackpoint>
          <Time>2024-12-06T14:51:17Z</Time>
          <DistanceMeters>42.0</DistanceMeters>
          <HeartRateBpm>
            <Value>179</Value>
          </HeartRateBpm>
          <SensorState>Absent</SensorState>
        </Trackpoint>
        <Trackpoint>
          <Time>2024-12-06T14:51:18Z</Time>
          <DistanceMeters>42.0</DistanceMeters>
          <HeartRateBpm>
            <Value>177</Value>
          </HeartRateBpm>
          <SensorState>Absent</SensorState>
        </Trackpoint>
        <Trackpoint>
          <Time>2024-12-06T14:51:20Z</Time>
          <DistanceMeters>42.0</DistanceMeters>
          <HeartRateBpm>
            <Value>176</Value>
          </HeartRateBpm>
          <SensorState>Absent</SensorState>
        </Trackpoint>
        <Trackpoint>
          <Time>2024-12-06T14:51:21Z</Time>
          <DistanceMeters>42.0</DistanceMeters>
          <HeartRateBpm>
            <Value>169</Value>
          </HeartRateBpm>
          <SensorState>Absent</SensorState>
        </Trackpoint>
        <Trackpoint>
          <Time>2024-12-06T14:51:21Z</Time>
          <DistanceMeters>42.0</DistanceMeters>
          <HeartRateBpm>
            <Value>169</Value>
          </HeartRateBpm>
          <SensorState>Absent</SensorState>
        </Trackpoint>
        <Trackpoint>
          <Time>2024-12-06T14:51:22Z</Time>
          <DistanceMeters>42.0</DistanceMeters>
          <HeartRateBpm>
            <Value>170</Value>
          </HeartRateBpm>
          <SensorState>Absent</SensorState>
        </Trackpoint>
        <Trackpoint>
          <Time>2024-12-06T14:51:24Z</Time>
          <DistanceMeters>42.0</DistanceMeters>
          <HeartRateBpm>
            <Value>172</Value>
          </HeartRateBpm>
          <SensorState>Absent</SensorState>
        </Trackpoint>
        <Trackpoint>
          <Time>2024-12-06T14:51:25Z</Time>
          <DistanceMeters>42.0</DistanceMeters>
          <HeartRateBpm>
            <Value>174</Value>
          </HeartRateBpm>
          <SensorState>Absent</SensorState>
        </Trackpoint>
        <Trackpoint>
          <Time>2024-12-06T14:51:26Z</Time>
          <DistanceMeters>42.0</DistanceMeters>
          <HeartRateBpm>
            <Value>173</Value>
          </HeartRateBpm>
          <SensorState>Absent</SensorState>
        </Trackpoint>
        <Trackpoint>
          <Time>2024-12-06T14:51:29Z</Time>
          <DistanceMeters>42.0</DistanceMeters>
          <HeartRateBpm>
            <Value>174</Value>
          </HeartRateBpm>
          <SensorState>Absent</SensorState>
        </Trackpoint>
        <Trackpoint>
          <Time>2024-12-06T14:51:31Z</Time>
          <DistanceMeters>42.0</DistanceMeters>
          <HeartRateBpm>
            <Value>173</Value>
          </HeartRateBpm>
          <SensorState>Absent</SensorState>
        </Trackpoint>
        <Trackpoint>
          <Time>2024-12-06T14:51:34Z</Time>
          <DistanceMeters>42.0</DistanceMeters>
          <HeartRateBpm>
            <Value>177</Value>
          </HeartRateBpm>
          <SensorState>Absent</SensorState>
        </Trackpoint>
        <Trackpoint>
          <Time>2024-12-06T14:51:34Z</Time>
          <DistanceMeters>42.0</DistanceMeters>
          <HeartRateBpm>
            <Value>177</Value>
          </HeartRateBpm>
          <SensorState>Absent</SensorState>
        </Trackpoint>
        <Trackpoint>
          <Time>2024-12-06T14:51:37Z</Time>
          <DistanceMeters>42.0</DistanceMeters>
          <HeartRateBpm>
            <Value>178</Value>
          </HeartRateBpm>
          <SensorState>Absent</SensorState>
        </Trackpoint>
        <Trackpoint>
          <Time>2024-12-06T14:51:38Z</Time>
          <DistanceMeters>42.0</DistanceMeters>
          <HeartRateBpm>
            <Value>176</Value>
          </HeartRateBpm>
          <SensorState>Absent</SensorState>
        </Trackpoint>
        <Trackpoint>
          <Time>2024-12-06T14:51:39Z</Time>
          <DistanceMeters>42.0</DistanceMeters>
          <HeartRateBpm>
            <Value>177</Value>
          </HeartRateBpm>
          <SensorState>Absent</SensorState>
        </Trackpoint>
        <Trackpoint>
          <Time>2024-12-06T14:51:41Z</Time>
          <DistanceMeters>42.0</DistanceMeters>
          <HeartRateBpm>
            <Value>176</Value>
          </HeartRateBpm>
          <SensorState>Absent</SensorState>
        </Trackpoint>
        <Trackpoint>
          <Time>2024-12-06T14:51:43Z</Time>
          <DistanceMeters>42.0</DistanceMeters>
          <HeartRateBpm>
            <Value>175</Value>
          </HeartRateBpm>
          <SensorState>Absent</SensorState>
        </Trackpoint>
        <Trackpoint>
          <Time>2024-12-06T14:51:46Z</Time>
          <DistanceMeters>42.0</DistanceMeters>
          <HeartRateBpm>
            <Value>174</Value>
          </HeartRateBpm>
          <SensorState>Absent</SensorState>
        </Trackpoint>
        <Trackpoint>
          <Time>2024-12-06T14:51:51Z</Time>
          <DistanceMeters>42.0</DistanceMeters>
          <HeartRateBpm>
            <Value>175</Value>
          </HeartRateBpm>
          <SensorState>Absent</SensorState>
        </Trackpoint>
        <Trackpoint>
          <Time>2024-12-06T14:51:52Z</Time>
          <DistanceMeters>42.0</DistanceMeters>
          <HeartRateBpm>
            <Value>176</Value>
          </HeartRateBpm>
          <SensorState>Absent</SensorState>
        </Trackpoint>
        <Trackpoint>
          <Time>2024-12-06T14:51:54Z</Time>
          <DistanceMeters>42.0</DistanceMeters>
          <HeartRateBpm>
            <Value>177</Value>
          </HeartRateBpm>
          <SensorState>Absent</SensorState>
        </Trackpoint>
        <Trackpoint>
          <Time>2024-12-06T14:51:55Z</Time>
          <DistanceMeters>42.0</DistanceMeters>
          <HeartRateBpm>
            <Value>178</Value>
          </HeartRateBpm>
          <SensorState>Absent</SensorState>
        </Trackpoint>
        <Trackpoint>
          <Time>2024-12-06T14:51:57Z</Time>
          <DistanceMeters>42.0</DistanceMeters>
          <HeartRateBpm>
            <Value>177</Value>
          </HeartRateBpm>
          <SensorState>Absent</SensorState>
        </Trackpoint>
        <Trackpoint>
          <Time>2024-12-06T14:51:59Z</Time>
          <DistanceMeters>42.0</DistanceMeters>
          <HeartRateBpm>
            <Value>176</Value>
          </HeartRateBpm>
          <SensorState>Absent</SensorState>
        </Trackpoint>
        <Trackpoint>
          <Time>2024-12-06T14:52:00Z</Time>
          <DistanceMeters>42.0</DistanceMeters>
          <HeartRateBpm>
            <Value>169</Value>
          </HeartRateBpm>
          <SensorState>Absent</SensorState>
        </Trackpoint>
        <Trackpoint>
          <Time>2024-12-06T14:52:01Z</Time>
          <DistanceMeters>42.0</DistanceMeters>
          <HeartRateBpm>
            <Value>178</Value>
          </HeartRateBpm>
          <SensorState>Absent</SensorState>
        </Trackpoint>
        <Trackpoint>
          <Time>2024-12-06T14:52:03Z</Time>
          <DistanceMeters>42.0</DistanceMeters>
          <HeartRateBpm>
            <Value>179</Value>
          </HeartRateBpm>
          <SensorState>Absent</SensorState>
        </Trackpoint>
        <Trackpoint>
          <Time>2024-12-06T14:52:04Z</Time>
          <DistanceMeters>42.0</DistanceMeters>
          <HeartRateBpm>
            <Value>181</Value>
          </HeartRateBpm>
          <SensorState>Absent</SensorState>
        </Trackpoint>
        <Trackpoint>
          <Time>2024-12-06T14:52:07Z</Time>
          <DistanceMeters>56.0</DistanceMeters>
          <HeartRateBpm>
            <Value>180</Value>
          </HeartRateBpm>
          <SensorState>Absent</SensorState>
        </Trackpoint>
        <Trackpoint>
          <Time>2024-12-06T14:52:08Z</Time>
          <DistanceMeters>56.0</DistanceMeters>
          <HeartRateBpm>
            <Value>179</Value>
          </HeartRateBpm>
          <SensorState>Absent</SensorState>
        </Trackpoint>
        <Trackpoint>
          <Time>2024-12-06T14:52:11Z</Time>
          <DistanceMeters>56.0</DistanceMeters>
          <HeartRateBpm>
            <Value>177</Value>
          </HeartRateBpm>
          <SensorState>Absent</SensorState>
        </Trackpoint>
        <Trackpoint>
          <Time>2024-12-06T14:52:14Z</Time>
          <DistanceMeters>56.0</DistanceMeters>
          <HeartRateBpm>
            <Value>179</Value>
          </HeartRateBpm>
          <SensorState>Absent</SensorState>
        </Trackpoint>
        <Trackpoint>
          <Time>2024-12-06T14:52:17Z</Time>
          <DistanceMeters>56.0</DistanceMeters>
          <HeartRateBpm>
            <Value>178</Value>
          </HeartRateBpm>
          <SensorState>Absent</SensorState>
        </Trackpoint>
        <Trackpoint>
          <Time>2024-12-06T14:52:19Z</Time>
          <DistanceMeters>56.0</DistanceMeters>
          <HeartRateBpm>
            <Value>173</Value>
          </HeartRateBpm>
          <SensorState>Absent</SensorState>
        </Trackpoint>
        <Trackpoint>
          <Time>2024-12-06T14:52:20Z</Time>
          <DistanceMeters>56.0</DistanceMeters>
          <HeartRateBpm>
            <Value>171</Value>
          </HeartRateBpm>
          <SensorState>Absent</SensorState>
        </Trackpoint>
        <Trackpoint>
          <Time>2024-12-06T14:52:21Z</Time>
          <DistanceMeters>56.0</DistanceMeters>
          <HeartRateBpm>
            <Value>169</Value>
          </HeartRateBpm>
          <SensorState>Absent</SensorState>
        </Trackpoint>
        <Trackpoint>
          <Time>2024-12-06T14:52:22Z</Time>
          <DistanceMeters>56.0</DistanceMeters>
          <HeartRateBpm>
            <Value>166</Value>
          </HeartRateBpm>
          <SensorState>Absent</SensorState>
        </Trackpoint>
        <Trackpoint>
          <Time>2024-12-06T14:52:23Z</Time>
          <DistanceMeters>56.0</DistanceMeters>
          <HeartRateBpm>
            <Value>165</Value>
          </HeartRateBpm>
          <SensorState>Absent</SensorState>
        </Trackpoint>
        <Trackpoint>
          <Time>2024-12-06T14:52:24Z</Time>
          <DistanceMeters>56.0</DistanceMeters>
          <HeartRateBpm>
            <Value>165</Value>
          </HeartRateBpm>
          <SensorState>Absent</SensorState>
        </Trackpoint>
        <Trackpoint>
          <Time>2024-12-06T14:52:25Z</Time>
          <DistanceMeters>56.0</DistanceMeters>
          <HeartRateBpm>
            <Value>163</Value>
          </HeartRateBpm>
          <SensorState>Absent</SensorState>
        </Trackpoint>
        <Trackpoint>
          <Time>2024-12-06T14:52:26Z</Time>
          <DistanceMeters>56.0</DistanceMeters>
          <HeartRateBpm>
            <Value>162</Value>
          </HeartRateBpm>
          <SensorState>Absent</SensorState>
        </Trackpoint>
        <Trackpoint>
          <Time>2024-12-06T14:52:27Z</Time>
          <DistanceMeters>56.0</DistanceMeters>
          <HeartRateBpm>
            <Value>161</Value>
          </HeartRateBpm>
          <SensorState>Absent</SensorState>
        </Trackpoint>
        <Trackpoint>
          <Time>2024-12-06T14:52:29Z</Time>
          <DistanceMeters>56.0</DistanceMeters>
          <HeartRateBpm>
            <Value>162</Value>
          </HeartRateBpm>
          <SensorState>Absent</SensorState>
        </Trackpoint>
        <Trackpoint>
          <Time>2024-12-06T14:52:34Z</Time>
          <DistanceMeters>56.0</DistanceMeters>
          <HeartRateBpm>
            <Value>162</Value>
          </HeartRateBpm>
          <SensorState>Absent</SensorState>
        </Trackpoint>
        <Trackpoint>
          <Time>2024-12-06T14:52:35Z</Time>
          <DistanceMeters>56.0</DistanceMeters>
          <HeartRateBpm>
            <Value>163</Value>
          </HeartRateBpm>
          <SensorState>Absent</SensorState>
        </Trackpoint>
        <Trackpoint>
          <Time>2024-12-06T14:52:40Z</Time>
          <DistanceMeters>56.0</DistanceMeters>
          <HeartRateBpm>
            <Value>162</Value>
          </HeartRateBpm>
          <SensorState>Absent</SensorState>
        </Trackpoint>
        <Trackpoint>
          <Time>2024-12-06T14:52:44Z</Time>
          <DistanceMeters>56.0</DistanceMeters>
          <HeartRateBpm>
            <Value>158</Value>
          </HeartRateBpm>
          <SensorState>Absent</SensorState>
        </Trackpoint>
        <Trackpoint>
          <Time>2024-12-06T14:52:45Z</Time>
          <DistanceMeters>56.0</DistanceMeters>
          <HeartRateBpm>
            <Value>158</Value>
          </HeartRateBpm>
          <SensorState>Absent</SensorState>
        </Trackpoint>
        <Trackpoint>
          <Time>2024-12-06T14:52:46Z</Time>
          <DistanceMeters>56.0</DistanceMeters>
          <HeartRateBpm>
            <Value>157</Value>
          </HeartRateBpm>
          <SensorState>Absent</SensorState>
        </Trackpoint>
        <Trackpoint>
          <Time>2024-12-06T14:52:51Z</Time>
          <DistanceMeters>56.0</DistanceMeters>
          <HeartRateBpm>
            <Value>157</Value>
          </HeartRateBpm>
          <SensorState>Absent</SensorState>
        </Trackpoint>
        <Trackpoint>
          <Time>2024-12-06T14:52:55Z</Time>
          <DistanceMeters>56.0</DistanceMeters>
          <HeartRateBpm>
            <Value>158</Value>
          </HeartRateBpm>
          <SensorState>Absent</SensorState>
        </Trackpoint>
        <Trackpoint>
          <Time>2024-12-06T14:52:57Z</Time>
          <DistanceMeters>56.0</DistanceMeters>
          <HeartRateBpm>
            <Value>157</Value>
          </HeartRateBpm>
          <SensorState>Absent</SensorState>
        </Trackpoint>
        <Trackpoint>
          <Time>2024-12-06T14:52:59Z</Time>
          <DistanceMeters>56.0</DistanceMeters>
          <HeartRateBpm>
            <Value>158</Value>
          </HeartRateBpm>
          <SensorState>Absent</SensorState>
        </Trackpoint>
        <Trackpoint>
          <Time>2024-12-06T14:53:00Z</Time>
          <DistanceMeters>56.0</DistanceMeters>
          <HeartRateBpm>
            <Value>170</Value>
          </HeartRateBpm>
          <Cadence><Value>97</Value></Cadence>
          <SensorState>Absent</SensorState>
        </Trackpoint>
        <Trackpoint>
          <Time>2024-12-06T14:53:04Z</Time>
          <DistanceMeters>56.0</DistanceMeters>
          <HeartRateBpm>
            <Value>158</Value>
          </HeartRateBpm>
          <Cadence><Value>97</Value></Cadence>
          <SensorState>Absent</SensorState>
        </Trackpoint>
        <Trackpoint>
          <Time>2024-12-06T14:53:06Z</Time>
          <DistanceMeters>70.0</DistanceMeters>
          <HeartRateBpm>
            <Value>160</Value>
          </HeartRateBpm>
          <Cadence><Value>97</Value></Cadence>
          <SensorState>Absent</SensorState>
        </Trackpoint>
        <Trackpoint>
          <Time>2024-12-06T14:53:08Z</Time>
          <DistanceMeters>70.0</DistanceMeters>
          <HeartRateBpm>
            <Value>161</Value>
          </HeartRateBpm>
          <Cadence><Value>97</Value></Cadence>
          <SensorState>Absent</SensorState>
        </Trackpoint>
        <Trackpoint>
          <Time>2024-12-06T14:53:09Z</Time>
          <DistanceMeters>70.0</DistanceMeters>
          <HeartRateBpm>
            <Value>162</Value>
          </HeartRateBpm>
          <Cadence><Value>97</Value></Cadence>
          <SensorState>Absent</SensorState>
        </Trackpoint>
        <Trackpoint>
          <Time>2024-12-06T14:53:10Z</Time>
          <DistanceMeters>70.0</DistanceMeters>
          <HeartRateBpm>
            <Value>163</Value>
          </HeartRateBpm>
          <Cadence><Value>97</Value></Cadence>
          <SensorState>Absent</SensorState>
        </Trackpoint>
        <Trackpoint>
          <Time>2024-12-06T14:53:14Z</Time>
          <DistanceMeters>70.0</DistanceMeters>
          <HeartRateBpm>
            <Value>162</Value>
          </HeartRateBpm>
          <Cadence><Value>97</Value></Cadence>
          <SensorState>Absent</SensorState>
        </Trackpoint>
        <Trackpoint>
          <Time>2024-12-06T14:53:19Z</Time>
          <DistanceMeters>70.0</DistanceMeters>
          <HeartRateBpm>
            <Value>162</Value>
          </HeartRateBpm>
          <Cadence><Value>97</Value></Cadence>
          <SensorState>Absent</SensorState>
        </Trackpoint>
        <Trackpoint>
          <Time>2024-12-06T14:53:21Z</Time>
          <DistanceMeters>70.0</DistanceMeters>
          <HeartRateBpm>
            <Value>163</Value>
          </HeartRateBpm>
          <Cadence><Value>97</Value></Cadence>
          <SensorState>Absent</SensorState>
        </Trackpoint>
        <Trackpoint>
          <Time>2024-12-06T14:53:23Z</Time>
          <DistanceMeters>70.0</DistanceMeters>
          <HeartRateBpm>
            <Value>166</Value>
          </HeartRateBpm>
          <Cadence><Value>97</Value></Cadence>
          <SensorState>Absent</SensorState>
        </Trackpoint>
        <Trackpoint>
          <Time>2024-12-06T14:53:24Z</Time>
          <DistanceMeters>70.0</DistanceMeters>
          <HeartRateBpm>
            <Value>166</Value>
          </HeartRateBpm>
          <Cadence><Value>97</Value></Cadence>
          <SensorState>Absent</SensorState>
        </Trackpoint>
        <Trackpoint>
          <Time>2024-12-06T14:53:25Z</Time>
          <DistanceMeters>70.0</DistanceMeters>
          <HeartRateBpm>
            <Value>168</Value>
          </HeartRateBpm>
          <Cadence><Value>97</Value></Cadence>
          <SensorState>Absent</SensorState>
        </Trackpoint>
        <Trackpoint>
          <Time>2024-12-06T14:53:26Z</Time>
          <DistanceMeters>70.0</DistanceMeters>
          <HeartRateBpm>
            <Value>167</Value>
          </HeartRateBpm>
          <Cadence><Value>97</Value></Cadence>
          <SensorState>Absent</SensorState>
        </Trackpoint>
        <Trackpoint>
          <Time>2024-12-06T14:53:27Z</Time>
          <DistanceMeters>70.0</DistanceMeters>
          <HeartRateBpm>
            <Value>166</Value>
          </HeartRateBpm>
          <Cadence><Value>97</Value></Cadence>
          <SensorState>Absent</SensorState>
        </Trackpoint>
        <Trackpoint>
          <Time>2024-12-06T14:53:28Z</Time>
          <DistanceMeters>70.0</DistanceMeters>
          <HeartRateBpm>
            <Value>171</Value>
          </HeartRateBpm>
          <Cadence><Value>97</Value></Cadence>
          <SensorState>Absent</SensorState>
        </Trackpoint>
        <Trackpoint>
          <Time>2024-12-06T14:53:30Z</Time>
          <DistanceMeters>70.0</DistanceMeters>
          <HeartRateBpm>
            <Value>175</Value>
          </HeartRateBpm>
          <Cadence><Value>97</Value></Cadence>
          <SensorState>Absent</SensorState>
        </Trackpoint>
        <Trackpoint>
          <Time>2024-12-06T14:53:31Z</Time>
          <DistanceMeters>70.0</DistanceMeters>
          <HeartRateBpm>
            <Value>175</Value>
          </HeartRateBpm>
          <Cadence><Value>97</Value></Cadence>
          <SensorState>Absent</SensorState>
        </Trackpoint>
        <Trackpoint>
          <Time>2024-12-06T14:53:31Z</Time>
          <DistanceMeters>70.0</DistanceMeters>
          <HeartRateBpm>
            <Value>176</Value>
          </HeartRateBpm>
          <Cadence><Value>97</Value></Cadence>
          <SensorState>Absent</SensorState>
        </Trackpoint>
        <Trackpoint>
          <Time>2024-12-06T14:53:35Z</Time>
          <DistanceMeters>70.0</DistanceMeters>
          <HeartRateBpm>
            <Value>174</Value>
          </HeartRateBpm>
          <Cadence><Value>97</Value></Cadence>
          <SensorState>Absent</SensorState>
        </Trackpoint>
        <Trackpoint>
          <Time>2024-12-06T14:53:36Z</Time>
          <DistanceMeters>70.0</DistanceMeters>
          <HeartRateBpm>
            <Value>173</Value>
          </HeartRateBpm>
          <Cadence><Value>97</Value></Cadence>
          <SensorState>Absent</SensorState>
        </Trackpoint>
        <Trackpoint>
          <Time>2024-12-06T14:53:39Z</Time>
          <DistanceMeters>70.0</DistanceMeters>
          <HeartRateBpm>
            <Value>174</Value>
          </HeartRateBpm>
          <Cadence><Value>97</Value></Cadence>
          <SensorState>Absent</SensorState>
        </Trackpoint>
        <Trackpoint>
          <Time>2024-12-06T14:53:40Z</Time>
          <DistanceMeters>70.0</DistanceMeters>
          <HeartRateBpm>
            <Value>177</Value>
          </HeartRateBpm>
          <Cadence><Value>97</Value></Cadence>
          <SensorState>Absent</SensorState>
        </Trackpoint>
        <Trackpoint>
          <Time>2024-12-06T14:53:41Z</Time>
          <DistanceMeters>70.0</DistanceMeters>
          <HeartRateBpm>
            <Value>178</Value>
          </HeartRateBpm>
          <Cadence><Value>97</Value></Cadence>
          <SensorState>Absent</SensorState>
        </Trackpoint>
        <Trackpoint>
          <Time>2024-12-06T14:53:44Z</Time>
          <DistanceMeters>70.0</DistanceMeters>
          <HeartRateBpm>
            <Value>177</Value>
          </HeartRateBpm>
          <Cadence><Value>97</Value></Cadence>
          <SensorState>Absent</SensorState>
        </Trackpoint>
        <Trackpoint>
          <Time>2024-12-06T14:53:45Z</Time>
          <DistanceMeters>70.0</DistanceMeters>
          <HeartRateBpm>
            <Value>175</Value>
          </HeartRateBpm>
          <Cadence><Value>97</Value></Cadence>
          <SensorState>Absent</SensorState>
        </Trackpoint>
        <Trackpoint>
          <Time>2024-12-06T14:53:47Z</Time>
          <DistanceMeters>70.0</DistanceMeters>
          <HeartRateBpm>
            <Value>176</Value>
          </HeartRateBpm>
          <Cadence><Value>97</Value></Cadence>
          <SensorState>Absent</SensorState>
        </Trackpoint>
        <Trackpoint>
          <Time>2024-12-06T14:53:48Z</Time>
          <DistanceMeters>70.0</DistanceMeters>
          <HeartRateBpm>
            <Value>178</Value>
          </HeartRateBpm>
          <Cadence><Value>97</Value></Cadence>
          <SensorState>Absent</SensorState>
        </Trackpoint>
        <Trackpoint>
          <Time>2024-12-06T14:53:49Z</Time>
          <DistanceMeters>70.0</DistanceMeters>
          <HeartRateBpm>
            <Value>182</Value>
          </HeartRateBpm>
          <Cadence><Value>97</Value></Cadence>
          <SensorState>Absent</SensorState>
        </Trackpoint>
        <Trackpoint>
          <Time>2024-12-06T14:53:50Z</Time>
          <DistanceMeters>70.0</DistanceMeters>
          <HeartRateBpm>
            <Value>182</Value>
          </HeartRateBpm>
          <Cadence><Value>97</Value></Cadence>
          <SensorState>Absent</SensorState>
        </Trackpoint>
        <Trackpoint>
          <Time>2024-12-06T14:53:51Z</Time>
          <DistanceMeters>70.0</DistanceMeters>
          <HeartRateBpm>
            <Value>183</Value>
          </HeartRateBpm>
          <Cadence><Value>97</Value></Cadence>
          <SensorState>Absent</SensorState>
        </Trackpoint>
        <Trackpoint>
          <Time>2024-12-06T14:53:53Z</Time>
          <DistanceMeters>70.0</DistanceMeters>
          <HeartRateBpm>
            <Value>181</Value>
          </HeartRateBpm>
          <Cadence><Value>97</Value></Cadence>
          <SensorState>Absent</SensorState>
        </Trackpoint>
        <Trackpoint>
          <Time>2024-12-06T14:53:57Z</Time>
          <DistanceMeters>70.0</DistanceMeters>
          <HeartRateBpm>
            <Value>182</Value>
          </HeartRateBpm>
          <Cadence><Value>97</Value></Cadence>
          <SensorState>Absent</SensorState>
        </Trackpoint>
        <Trackpoint>
          <Time>2024-12-06T14:53:58Z</Time>
          <DistanceMeters>70.0</DistanceMeters>
          <HeartRateBpm>
            <Value>187</Value>
          </HeartRateBpm>
          <Cadence><Value>97</Value></Cadence>
          <SensorState>Absent</SensorState>
        </Trackpoint>
        <Trackpoint>
          <Time>2024-12-06T14:54:00Z</Time>
          <DistanceMeters>70.0</DistanceMeters>
          <HeartRateBpm>
            <Value>179</Value>
          </HeartRateBpm>
          <Cadence><Value>51</Value></Cadence>
          <SensorState>Absent</SensorState>
        </Trackpoint>
        <Trackpoint>
          <Time>2024-12-06T14:54:00Z</Time>
          <DistanceMeters>70.0</DistanceMeters>
          <HeartRateBpm>
            <Value>185</Value>
          </HeartRateBpm>
          <Cadence><Value>51</Value></Cadence>
          <SensorState>Absent</SensorState>
        </Trackpoint>
        <Trackpoint>
          <Time>2024-12-06T14:54:02Z</Time>
          <DistanceMeters>70.0</DistanceMeters>
          <HeartRateBpm>
            <Value>184</Value>
          </HeartRateBpm>
          <Cadence><Value>51</Value></Cadence>
          <SensorState>Absent</SensorState>
        </Trackpoint>
        <Trackpoint>
          <Time>2024-12-06T14:54:05Z</Time>
          <DistanceMeters>84.0</DistanceMeters>
          <HeartRateBpm>
            <Value>185</Value>
          </HeartRateBpm>
          <Cadence><Value>51</Value></Cadence>
          <SensorState>Absent</SensorState>
        </Trackpoint>
        <Trackpoint>
          <Time>2024-12-06T14:54:06Z</Time>
          <DistanceMeters>84.0</DistanceMeters>
          <HeartRateBpm>
            <Value>188</Value>
          </HeartRateBpm>
          <Cadence><Value>51</Value></Cadence>
          <SensorState>Absent</SensorState>
        </Trackpoint>
        <Trackpoint>
          <Time>2024-12-06T14:54:06Z</Time>
          <DistanceMeters>84.0</DistanceMeters>
          <HeartRateBpm>
            <Value>188</Value>
          </HeartRateBpm>
          <Cadence><Value>51</Value></Cadence>
          <SensorState>Absent</SensorState>
        </Trackpoint>
        <Trackpoint>
          <Time>2024-12-06T14:54:07Z</Time>
          <DistanceMeters>84.0</DistanceMeters>
          <HeartRateBpm>
            <Value>189</Value>
          </HeartRateBpm>
          <Cadence><Value>51</Value></Cadence>
          <SensorState>Absent</SensorState>
        </Trackpoint>
        <Trackpoint>
          <Time>2024-12-06T14:54:10Z</Time>
          <DistanceMeters>84.0</DistanceMeters>
          <HeartRateBpm>
            <Value>188</Value>
          </HeartRateBpm>
          <Cadence><Value>51</Value></Cadence>
          <SensorState>Absent</SensorState>
        </Trackpoint>
        <Trackpoint>
          <Time>2024-12-06T14:54:11Z</Time>
          <DistanceMeters>84.0</DistanceMeters>
          <HeartRateBpm>
            <Value>187</Value>
          </HeartRateBpm>
          <Cadence><Value>51</Value></Cadence>
          <SensorState>Absent</SensorState>
        </Trackpoint>
        <Trackpoint>
          <Time>2024-12-06T14:54:14Z</Time>
          <DistanceMeters>84.0</DistanceMeters>
          <HeartRateBpm>
            <Value>186</Value>
          </HeartRateBpm>
          <Cadence><Value>51</Value></Cadence>
          <SensorState>Absent</SensorState>
        </Trackpoint>
        <Trackpoint>
          <Time>2024-12-06T14:54:15Z</Time>
          <DistanceMeters>84.0</DistanceMeters>
          <HeartRateBpm>
            <Value>185</Value>
          </HeartRateBpm>
          <Cadence><Value>51</Value></Cadence>
          <SensorState>Absent</SensorState>
        </Trackpoint>
        <Trackpoint>
          <Time>2024-12-06T14:54:18Z</Time>
          <DistanceMeters>84.0</DistanceMeters>
          <HeartRateBpm>
            <Value>184</Value>
          </HeartRateBpm>
          <Cadence><Value>51</Value></Cadence>
          <SensorState>Absent</SensorState>
        </Trackpoint>
        <Trackpoint>
          <Time>2024-12-06T14:54:22Z</Time>
          <DistanceMeters>84.0</DistanceMeters>
          <HeartRateBpm>
            <Value>185</Value>
          </HeartRateBpm>
          <Cadence><Value>51</Value></Cadence>
          <SensorState>Absent</SensorState>
        </Trackpoint>
        <Trackpoint>
          <Time>2024-12-06T14:54:26Z</Time>
          <DistanceMeters>84.0</DistanceMeters>
          <HeartRateBpm>
            <Value>184</Value>
          </HeartRateBpm>
          <Cadence><Value>51</Value></Cadence>
          <SensorState>Absent</SensorState>
        </Trackpoint>
        <Trackpoint>
          <Time>2024-12-06T14:54:27Z</Time>
          <DistanceMeters>84.0</DistanceMeters>
          <HeartRateBpm>
            <Value>183</Value>
          </HeartRateBpm>
          <Cadence><Value>51</Value></Cadence>
          <SensorState>Absent</SensorState>
        </Trackpoint>
        <Trackpoint>
          <Time>2024-12-06T14:54:30Z</Time>
          <DistanceMeters>84.0</DistanceMeters>
          <HeartRateBpm>
            <Value>184</Value>
          </HeartRateBpm>
          <Cadence><Value>51</Value></Cadence>
          <SensorState>Absent</SensorState>
        </Trackpoint>
        <Trackpoint>
          <Time>2024-12-06T14:54:31Z</Time>
          <DistanceMeters>84.0</DistanceMeters>
          <HeartRateBpm>
            <Value>185</Value>
          </HeartRateBpm>
          <Cadence><Value>51</Value></Cadence>
          <SensorState>Absent</SensorState>
        </Trackpoint>
        <Trackpoint>
          <Time>2024-12-06T14:54:32Z</Time>
          <DistanceMeters>84.0</DistanceMeters>
          <HeartRateBpm>
            <Value>184</Value>
          </HeartRateBpm>
          <Cadence><Value>51</Value></Cadence>
          <SensorState>Absent</SensorState>
        </Trackpoint>
        <Trackpoint>
          <Time>2024-12-06T14:54:33Z</Time>
          <DistanceMeters>84.0</DistanceMeters>
          <HeartRateBpm>
            <Value>183</Value>
          </HeartRateBpm>
          <Cadence><Value>51</Value></Cadence>
          <SensorState>Absent</SensorState>
        </Trackpoint>
        <Trackpoint>
          <Time>2024-12-06T14:54:37Z</Time>
          <DistanceMeters>84.0</DistanceMeters>
          <HeartRateBpm>
            <Value>181</Value>
          </HeartRateBpm>
          <Cadence><Value>51</Value></Cadence>
          <SensorState>Absent</SensorState>
        </Trackpoint>
        <Trackpoint>
          <Time>2024-12-06T14:54:38Z</Time>
          <DistanceMeters>84.0</DistanceMeters>
          <HeartRateBpm>
            <Value>181</Value>
          </HeartRateBpm>
          <Cadence><Value>51</Value></Cadence>
          <SensorState>Absent</SensorState>
        </Trackpoint>
        <Trackpoint>
          <Time>2024-12-06T14:54:43Z</Time>
          <DistanceMeters>84.0</DistanceMeters>
          <HeartRateBpm>
            <Value>181</Value>
          </HeartRateBpm>
          <Cadence><Value>51</Value></Cadence>
          <SensorState>Absent</SensorState>
        </Trackpoint>
        <Trackpoint>
          <Time>2024-12-06T14:54:45Z</Time>
          <DistanceMeters>84.0</DistanceMeters>
          <HeartRateBpm>
            <Value>182</Value>
          </HeartRateBpm>
          <Cadence><Value>51</Value></Cadence>
          <SensorState>Absent</SensorState>
        </Trackpoint>
        <Trackpoint>
          <Time>2024-12-06T14:54:50Z</Time>
          <DistanceMeters>84.0</DistanceMeters>
          <HeartRateBpm>
            <Value>182</Value>
          </HeartRateBpm>
          <Cadence><Value>51</Value></Cadence>
          <SensorState>Absent</SensorState>
        </Trackpoint>
        <Trackpoint>
          <Time>2024-12-06T14:54:54Z</Time>
          <DistanceMeters>84.0</DistanceMeters>
          <HeartRateBpm>
            <Value>181</Value>
          </HeartRateBpm>
          <Cadence><Value>51</Value></Cadence>
          <SensorState>Absent</SensorState>
        </Trackpoint>
        <Trackpoint>
          <Time>2024-12-06T14:54:59Z</Time>
          <DistanceMeters>84.0</DistanceMeters>
          <HeartRateBpm>
            <Value>181</Value>
          </HeartRateBpm>
          <Cadence><Value>51</Value></Cadence>
          <SensorState>Absent</SensorState>
        </Trackpoint>
        <Trackpoint>
          <Time>2024-12-06T14:55:00Z</Time>
          <DistanceMeters>84.0</DistanceMeters>
          <HeartRateBpm>
            <Value>181</Value>
          </HeartRateBpm>
          <SensorState>Absent</SensorState>
        </Trackpoint>
        <Trackpoint>
          <Time>2024-12-06T14:55:01Z</Time>
          <DistanceMeters>84.0</DistanceMeters>
          <HeartRateBpm>
            <Value>182</Value>
          </HeartRateBpm>
          <SensorState>Absent</SensorState>
        </Trackpoint>
        <Trackpoint>
          <Time>2024-12-06T14:55:03Z</Time>
          <DistanceMeters>84.0</DistanceMeters>
          <HeartRateBpm>
            <Value>181</Value>
          </HeartRateBpm>
          <SensorState>Absent</SensorState>
        </Trackpoint>
        <Trackpoint>
          <Time>2024-12-06T14:55:05Z</Time>
          <DistanceMeters>99.0</DistanceMeters>
          <HeartRateBpm>
            <Value>180</Value>
          </HeartRateBpm>
          <SensorState>Absent</SensorState>
        </Trackpoint>
        <Trackpoint>
          <Time>2024-12-06T14:55:09Z</Time>
          <DistanceMeters>99.0</DistanceMeters>
          <HeartRateBpm>
            <Value>182</Value>
          </HeartRateBpm>
          <SensorState>Absent</SensorState>
        </Trackpoint>
        <Trackpoint>
          <Time>2024-12-06T14:55:10Z</Time>
          <DistanceMeters>99.0</DistanceMeters>
          <HeartRateBpm>
            <Value>183</Value>
          </HeartRateBpm>
          <SensorState>Absent</SensorState>
        </Trackpoint>
        <Trackpoint>
          <Time>2024-12-06T14:55:11Z</Time>
          <DistanceMeters>99.0</DistanceMeters>
          <HeartRateBpm>
            <Value>182</Value>
          </HeartRateBpm>
          <SensorState>Absent</SensorState>
        </Trackpoint>
        <Trackpoint>
          <Time>2024-12-06T14:55:14Z</Time>
          <DistanceMeters>99.0</DistanceMeters>
          <HeartRateBpm>
            <Value>181</Value>
          </HeartRateBpm>
          <SensorState>Absent</SensorState>
        </Trackpoint>
        <Trackpoint>
          <Time>2024-12-06T14:55:19Z</Time>
          <DistanceMeters>99.0</DistanceMeters>
          <HeartRateBpm>
            <Value>181</Value>
          </HeartRateBpm>
          <SensorState>Absent</SensorState>
        </Trackpoint>
        <Trackpoint>
          <Time>2024-12-06T14:55:22Z</Time>
          <DistanceMeters>99.0</DistanceMeters>
          <HeartRateBpm>
            <Value>180</Value>
          </HeartRateBpm>
          <SensorState>Absent</SensorState>
        </Trackpoint>
        <Trackpoint>
          <Time>2024-12-06T14:55:27Z</Time>
          <DistanceMeters>99.0</DistanceMeters>
          <HeartRateBpm>
            <Value>181</Value>
          </HeartRateBpm>
          <SensorState>Absent</SensorState>
        </Trackpoint>
        <Trackpoint>
          <Time>2024-12-06T14:55:28Z</Time>
          <DistanceMeters>99.0</DistanceMeters>
          <HeartRateBpm>
            <Value>183</Value>
          </HeartRateBpm>
          <SensorState>Absent</SensorState>
        </Trackpoint>
        <Trackpoint>
          <Time>2024-12-06T14:55:29Z</Time>
          <DistanceMeters>99.0</DistanceMeters>
          <HeartRateBpm>
            <Value>184</Value>
          </HeartRateBpm>
          <SensorState>Absent</SensorState>
        </Trackpoint>
        <Trackpoint>
          <Time>2024-12-06T14:55:35Z</Time>
          <DistanceMeters>99.0</DistanceMeters>
          <HeartRateBpm>
            <Value>183</Value>
          </HeartRateBpm>
          <SensorState>Absent</SensorState>
        </Trackpoint>
        <Trackpoint>
          <Time>2024-12-06T14:55:36Z</Time>
          <DistanceMeters>99.0</DistanceMeters>
          <HeartRateBpm>
            <Value>182</Value>
          </HeartRateBpm>
          <SensorState>Absent</SensorState>
        </Trackpoint>
        <Trackpoint>
          <Time>2024-12-06T14:55:37Z</Time>
          <DistanceMeters>99.0</DistanceMeters>
          <HeartRateBpm>
            <Value>181</Value>
          </HeartRateBpm>
          <SensorState>Absent</SensorState>
        </Trackpoint>
        <Trackpoint>
          <Time>2024-12-06T14:55:38Z</Time>
          <DistanceMeters>99.0</DistanceMeters>
          <HeartRateBpm>
            <Value>182</Value>
          </HeartRateBpm>
          <SensorState>Absent</SensorState>
        </Trackpoint>
        <Trackpoint>
          <Time>2024-12-06T14:55:39Z</Time>
          <DistanceMeters>99.0</DistanceMeters>
          <HeartRateBpm>
            <Value>182</Value>
          </HeartRateBpm>
          <SensorState>Absent</SensorState>
        </Trackpoint>
        <Trackpoint>
          <Time>2024-12-06T14:55:40Z</Time>
          <DistanceMeters>99.0</DistanceMeters>
          <HeartRateBpm>
            <Value>183</Value>
          </HeartRateBpm>
          <SensorState>Absent</SensorState>
        </Trackpoint>
        <Trackpoint>
          <Time>2024-12-06T14:55:41Z</Time>
          <DistanceMeters>99.0</DistanceMeters>
          <HeartRateBpm>
            <Value>182</Value>
          </HeartRateBpm>
          <SensorState>Absent</SensorState>
        </Trackpoint>
        <Trackpoint>
          <Time>2024-12-06T14:55:42Z</Time>
          <DistanceMeters>99.0</DistanceMeters>
          <HeartRateBpm>
            <Value>181</Value>
          </HeartRateBpm>
          <SensorState>Absent</SensorState>
        </Trackpoint>
        <Trackpoint>
          <Time>2024-12-06T14:55:44Z</Time>
          <DistanceMeters>99.0</DistanceMeters>
          <HeartRateBpm>
            <Value>179</Value>
          </HeartRateBpm>
          <SensorState>Absent</SensorState>
        </Trackpoint>
        <Trackpoint>
          <Time>2024-12-06T14:55:45Z</Time>
          <DistanceMeters>99.0</DistanceMeters>
          <HeartRateBpm>
            <Value>176</Value>
          </HeartRateBpm>
          <SensorState>Absent</SensorState>
        </Trackpoint>
        <Trackpoint>
          <Time>2024-12-06T14:55:45Z</Time>
          <DistanceMeters>99.0</DistanceMeters>
          <HeartRateBpm>
            <Value>176</Value>
          </HeartRateBpm>
          <SensorState>Absent</SensorState>
        </Trackpoint>
        <Trackpoint>
          <Time>2024-12-06T14:55:46Z</Time>
          <DistanceMeters>99.0</DistanceMeters>
          <HeartRateBpm>
            <Value>177</Value>
          </HeartRateBpm>
          <SensorState>Absent</SensorState>
        </Trackpoint>
        <Trackpoint>
          <Time>2024-12-06T14:55:48Z</Time>
          <DistanceMeters>99.0</DistanceMeters>
          <HeartRateBpm>
            <Value>179</Value>
          </HeartRateBpm>
          <SensorState>Absent</SensorState>
        </Trackpoint>
        <Trackpoint>
          <Time>2024-12-06T14:55:49Z</Time>
          <DistanceMeters>99.0</DistanceMeters>
          <HeartRateBpm>
            <Value>181</Value>
          </HeartRateBpm>
          <SensorState>Absent</SensorState>
        </Trackpoint>
        <Trackpoint>
          <Time>2024-12-06T14:55:51Z</Time>
          <DistanceMeters>99.0</DistanceMeters>
          <HeartRateBpm>
            <Value>180</Value>
          </HeartRateBpm>
          <SensorState>Absent</SensorState>
        </Trackpoint>
        <Trackpoint>
          <Time>2024-12-06T14:55:53Z</Time>
          <DistanceMeters>99.0</DistanceMeters>
          <HeartRateBpm>
            <Value>181</Value>
          </HeartRateBpm>
          <SensorState>Absent</SensorState>
        </Trackpoint>
        <Trackpoint>
          <Time>2024-12-06T14:55:54Z</Time>
          <DistanceMeters>99.0</DistanceMeters>
          <HeartRateBpm>
            <Value>184</Value>
          </HeartRateBpm>
          <SensorState>Absent</SensorState>
        </Trackpoint>
        <Trackpoint>
          <Time>2024-12-06T14:55:54Z</Time>
          <DistanceMeters>99.0</DistanceMeters>
          <HeartRateBpm>
            <Value>184</Value>
          </HeartRateBpm>
          <SensorState>Absent</SensorState>
        </Trackpoint>
        <Trackpoint>
          <Time>2024-12-06T14:55:59Z</Time>
          <DistanceMeters>99.0</DistanceMeters>
          <HeartRateBpm>
            <Value>177</Value>
          </HeartRateBpm>
          <SensorState>Absent</SensorState>
        </Trackpoint>
        <Trackpoint>
          <Time>2024-12-06T14:56:00Z</Time>
          <DistanceMeters>99.0</DistanceMeters>
          <HeartRateBpm>
            <Value>167</Value>
          </HeartRateBpm>
          <SensorState>Absent</SensorState>
        </Trackpoint>
        <Trackpoint>
          <Time>2024-12-06T14:56:00Z</Time>
          <DistanceMeters>99.0</DistanceMeters>
          <HeartRateBpm>
            <Value>177</Value>
          </HeartRateBpm>
          <SensorState>Absent</SensorState>
        </Trackpoint>
        <Trackpoint>
          <Time>2024-12-06T14:56:01Z</Time>
          <DistanceMeters>99.0</DistanceMeters>
          <HeartRateBpm>
            <Value>175</Value>
          </HeartRateBpm>
          <SensorState>Absent</SensorState>
        </Trackpoint>
        <Trackpoint>
          <Time>2024-12-06T14:56:02Z</Time>
          <DistanceMeters>99.0</DistanceMeters>
          <HeartRateBpm>
            <Value>173</Value>
          </HeartRateBpm>
          <SensorState>Absent</SensorState>
        </Trackpoint>
        <Trackpoint>
          <Time>2024-12-06T14:56:06Z</Time>
          <DistanceMeters>113.0</DistanceMeters>
          <HeartRateBpm>
            <Value>172</Value>
          </HeartRateBpm>
          <SensorState>Absent</SensorState>
        </Trackpoint>
        <Trackpoint>
          <Time>2024-12-06T14:56:07Z</Time>
          <DistanceMeters>113.0</DistanceMeters>
          <HeartRateBpm>
            <Value>169</Value>
          </HeartRateBpm>
          <SensorState>Absent</SensorState>
        </Trackpoint>
        <Trackpoint>
          <Time>2024-12-06T14:56:07Z</Time>
          <DistanceMeters>113.0</DistanceMeters>
          <HeartRateBpm>
            <Value>169</Value>
          </HeartRateBpm>
          <SensorState>Absent</SensorState>
        </Trackpoint>
        <Trackpoint>
          <Time>2024-12-06T14:56:10Z</Time>
          <DistanceMeters>113.0</DistanceMeters>
          <HeartRateBpm>
            <Value>168</Value>
          </HeartRateBpm>
          <SensorState>Absent</SensorState>
        </Trackpoint>
        <Trackpoint>
          <Time>2024-12-06T14:56:11Z</Time>
          <DistanceMeters>113.0</DistanceMeters>
          <HeartRateBpm>
            <Value>167</Value>
          </HeartRateBpm>
          <SensorState>Absent</SensorState>
        </Trackpoint>
        <Trackpoint>
          <Time>2024-12-06T14:56:12Z</Time>
          <DistanceMeters>113.0</DistanceMeters>
          <HeartRateBpm>
            <Value>166</Value>
          </HeartRateBpm>
          <SensorState>Absent</SensorState>
        </Trackpoint>
        <Trackpoint>
          <Time>2024-12-06T14:56:14Z</Time>
          <DistanceMeters>113.0</DistanceMeters>
          <HeartRateBpm>
            <Value>167</Value>
          </HeartRateBpm>
          <SensorState>Absent</SensorState>
        </Trackpoint>
        <Trackpoint>
          <Time>2024-12-06T14:56:17Z</Time>
          <DistanceMeters>113.0</DistanceMeters>
          <HeartRateBpm>
            <Value>165</Value>
          </HeartRateBpm>
          <SensorState>Absent</SensorState>
        </Trackpoint>
        <Trackpoint>
          <Time>2024-12-06T14:56:18Z</Time>
          <DistanceMeters>113.0</DistanceMeters>
          <HeartRateBpm>
            <Value>164</Value>
          </HeartRateBpm>
          <SensorState>Absent</SensorState>
        </Trackpoint>
        <Trackpoint>
          <Time>2024-12-06T14:56:20Z</Time>
          <DistanceMeters>113.0</DistanceMeters>
          <HeartRateBpm>
            <Value>162</Value>
          </HeartRateBpm>
          <SensorState>Absent</SensorState>
        </Trackpoint>
        <Trackpoint>
          <Time>2024-12-06T14:56:20Z</Time>
          <DistanceMeters>113.0</DistanceMeters>
          <HeartRateBpm>
            <Value>162</Value>
          </HeartRateBpm>
          <SensorState>Absent</SensorState>
        </Trackpoint>
        <Trackpoint>
          <Time>2024-12-06T14:56:22Z</Time>
          <DistanceMeters>113.0</DistanceMeters>
          <HeartRateBpm>
            <Value>163</Value>
          </HeartRateBpm>
          <SensorState>Absent</SensorState>
        </Trackpoint>
        <Trackpoint>
          <Time>2024-12-06T14:56:25Z</Time>
          <DistanceMeters>113.0</DistanceMeters>
          <HeartRateBpm>
            <Value>164</Value>
          </HeartRateBpm>
          <SensorState>Absent</SensorState>
        </Trackpoint>
        <Trackpoint>
          <Time>2024-12-06T14:56:26Z</Time>
          <DistanceMeters>113.0</DistanceMeters>
          <HeartRateBpm>
            <Value>166</Value>
          </HeartRateBpm>
          <SensorState>Absent</SensorState>
        </Trackpoint>
        <Trackpoint>
          <Time>2024-12-06T14:56:29Z</Time>
          <DistanceMeters>113.0</DistanceMeters>
          <HeartRateBpm>
            <Value>167</Value>
          </HeartRateBpm>
          <SensorState>Absent</SensorState>
        </Trackpoint>
        <Trackpoint>
          <Time>2024-12-06T14:56:33Z</Time>
          <DistanceMeters>113.0</DistanceMeters>
          <HeartRateBpm>
            <Value>168</Value>
          </HeartRateBpm>
          <SensorState>Absent</SensorState>
        </Trackpoint>
        <Trackpoint>
          <Time>2024-12-06T14:56:33Z</Time>
          <DistanceMeters>113.0</DistanceMeters>
          <HeartRateBpm>
            <Value>168</Value>
          </HeartRateBpm>
          <SensorState>Absent</SensorState>
        </Trackpoint>
        <Trackpoint>
          <Time>2024-12-06T14:56:34Z</Time>
          <DistanceMeters>113.0</DistanceMeters>
          <HeartRateBpm>
            <Value>166</Value>
          </HeartRateBpm>
          <SensorState>Absent</SensorState>
        </Trackpoint>
        <Trackpoint>
          <Time>2024-12-06T14:56:35Z</Time>
          <DistanceMeters>113.0</DistanceMeters>
          <HeartRateBpm>
            <Value>164</Value>
          </HeartRateBpm>
          <SensorState>Absent</SensorState>
        </Trackpoint>
        <Trackpoint>
          <Time>2024-12-06T14:56:37Z</Time>
          <DistanceMeters>113.0</DistanceMeters>
          <HeartRateBpm>
            <Value>159</Value>
          </HeartRateBpm>
          <SensorState>Absent</SensorState>
        </Trackpoint>
        <Trackpoint>
          <Time>2024-12-06T14:56:37Z</Time>
          <DistanceMeters>113.0</DistanceMeters>
          <HeartRateBpm>
            <Value>162</Value>
          </HeartRateBpm>
          <SensorState>Absent</SensorState>
        </Trackpoint>
        <Trackpoint>
          <Time>2024-12-06T14:56:38Z</Time>
          <DistanceMeters>113.0</DistanceMeters>
          <HeartRateBpm>
            <Value>158</Value>
          </HeartRateBpm>
          <SensorState>Absent</SensorState>
        </Trackpoint>
        <Trackpoint>
          <Time>2024-12-06T14:56:40Z</Time>
          <DistanceMeters>113.0</DistanceMeters>
          <HeartRateBpm>
            <Value>157</Value>
          </HeartRateBpm>
          <SensorState>Absent</SensorState>
        </Trackpoint>
        <Trackpoint>
          <Time>2024-12-06T14:56:41Z</Time>
          <DistanceMeters>113.0</DistanceMeters>
          <HeartRateBpm>
            <Value>156</Value>
          </HeartRateBpm>
          <SensorState>Absent</SensorState>
        </Trackpoint>
        <Trackpoint>
          <Time>2024-12-06T14:56:41Z</Time>
          <DistanceMeters>113.0</DistanceMeters>
          <HeartRateBpm>
            <Value>156</Value>
          </HeartRateBpm>
          <SensorState>Absent</SensorState>
        </Trackpoint>
        <Trackpoint>
          <Time>2024-12-06T14:56:46Z</Time>
          <DistanceMeters>113.0</DistanceMeters>
          <HeartRateBpm>
            <Value>156</Value>
          </HeartRateBpm>
          <SensorState>Absent</SensorState>
        </Trackpoint>
        <Trackpoint>
          <Time>2024-12-06T14:56:47Z</Time>
          <DistanceMeters>113.0</DistanceMeters>
          <HeartRateBpm>
            <Value>155</Value>
          </HeartRateBpm>
          <SensorState>Absent</SensorState>
        </Trackpoint>
        <Trackpoint>
          <Time>2024-12-06T14:56:49Z</Time>
          <DistanceMeters>113.0</DistanceMeters>
          <HeartRateBpm>
            <Value>154</Value>
          </HeartRateBpm>
          <SensorState>Absent</SensorState>
        </Trackpoint>
        <Trackpoint>
          <Time>2024-12-06T14:56:50Z</Time>
          <DistanceMeters>113.0</DistanceMeters>
          <HeartRateBpm>
            <Value>152</Value>
          </HeartRateBpm>
          <SensorState>Absent</SensorState>
        </Trackpoint>
        <Trackpoint>
          <Time>2024-12-06T14:56:55Z</Time>
          <DistanceMeters>113.0</DistanceMeters>
          <HeartRateBpm>
            <Value>150</Value>
          </HeartRateBpm>
          <SensorState>Absent</SensorState>
        </Trackpoint>
        <Trackpoint>
          <Time>2024-12-06T14:56:55Z</Time>
          <DistanceMeters>113.0</DistanceMeters>
          <HeartRateBpm>
            <Value>150</Value>
          </HeartRateBpm>
          <SensorState>Absent</SensorState>
        </Trackpoint>
        <Trackpoint>
          <Time>2024-12-06T14:56:56Z</Time>
          <DistanceMeters>113.0</DistanceMeters>
          <HeartRateBpm>
            <Value>148</Value>
          </HeartRateBpm>
          <SensorState>Absent</SensorState>
        </Trackpoint>
        <Trackpoint>
          <Time>2024-12-06T14:56:58Z</Time>
          <DistanceMeters>113.0</DistanceMeters>
          <HeartRateBpm>
            <Value>147</Value>
          </HeartRateBpm>
          <SensorState>Absent</SensorState>
        </Trackpoint>
        <Trackpoint>
          <Time>2024-12-06T14:56:59Z</Time>
          <DistanceMeters>113.0</DistanceMeters>
          <HeartRateBpm>
            <Value>146</Value>
          </HeartRateBpm>
          <SensorState>Absent</SensorState>
        </Trackpoint>
        <Trackpoint>
          <Time>2024-12-06T14:57:00Z</Time>
          <DistanceMeters>113.0</DistanceMeters>
          <HeartRateBpm>
            <Value>171</Value>
          </HeartRateBpm>
          <SensorState>Absent</SensorState>
        </Trackpoint>
        <Trackpoint>
          <Time>2024-12-06T14:57:00Z</Time>
          <DistanceMeters>113.0</DistanceMeters>
          <HeartRateBpm>
            <Value>149</Value>
          </HeartRateBpm>
          <SensorState>Absent</SensorState>
        </Trackpoint>
        <Trackpoint>
          <Time>2024-12-06T14:57:02Z</Time>
          <DistanceMeters>113.0</DistanceMeters>
          <HeartRateBpm>
            <Value>155</Value>
          </HeartRateBpm>
          <SensorState>Absent</SensorState>
        </Trackpoint>
        <Trackpoint>
          <Time>2024-12-06T14:57:03Z</Time>
          <DistanceMeters>113.0</DistanceMeters>
          <HeartRateBpm>
            <Value>158</Value>
          </HeartRateBpm>
          <SensorState>Absent</SensorState>
        </Trackpoint>
        <Trackpoint>
          <Time>2024-12-06T14:57:03Z</Time>
          <DistanceMeters>113.0</DistanceMeters>
          <HeartRateBpm>
            <Value>158</Value>
          </HeartRateBpm>
          <SensorState>Absent</SensorState>
        </Trackpoint>
        <Trackpoint>
          <Time>2024-12-06T14:57:04Z</Time>
          <DistanceMeters>113.0</DistanceMeters>
          <HeartRateBpm>
            <Value>160</Value>
          </HeartRateBpm>
          <SensorState>Absent</SensorState>
        </Trackpoint>
        <Trackpoint>
          <Time>2024-12-06T14:57:07Z</Time>
          <DistanceMeters>127.0</DistanceMeters>
          <HeartRateBpm>
            <Value>163</Value>
          </HeartRateBpm>
          <SensorState>Absent</SensorState>
        </Trackpoint>
        <Trackpoint>
          <Time>2024-12-06T14:57:08Z</Time>
          <DistanceMeters>127.0</DistanceMeters>
          <HeartRateBpm>
            <Value>167</Value>
          </HeartRateBpm>
          <SensorState>Absent</SensorState>
        </Trackpoint>
        <Trackpoint>
          <Time>2024-12-06T14:57:08Z</Time>
          <DistanceMeters>127.0</DistanceMeters>
          <HeartRateBpm>
            <Value>167</Value>
          </HeartRateBpm>
          <SensorState>Absent</SensorState>
        </Trackpoint>
        <Trackpoint>
          <Time>2024-12-06T14:57:11Z</Time>
          <DistanceMeters>127.0</DistanceMeters>
          <HeartRateBpm>
            <Value>168</Value>
          </HeartRateBpm>
          <SensorState>Absent</SensorState>
        </Trackpoint>
        <Trackpoint>
          <Time>2024-12-06T14:57:16Z</Time>
          <DistanceMeters>127.0</DistanceMeters>
          <HeartRateBpm>
            <Value>169</Value>
          </HeartRateBpm>
          <SensorState>Absent</SensorState>
        </Trackpoint>
        <Trackpoint>
          <Time>2024-12-06T14:57:17Z</Time>
          <DistanceMeters>127.0</DistanceMeters>
          <HeartRateBpm>
            <Value>172</Value>
          </HeartRateBpm>
          <SensorState>Absent</SensorState>
        </Trackpoint>
        <Trackpoint>
          <Time>2024-12-06T14:57:22Z</Time>
          <DistanceMeters>127.0</DistanceMeters>
          <HeartRateBpm>
            <Value>174</Value>
          </HeartRateBpm>
          <SensorState>Absent</SensorState>
        </Trackpoint>
        <Trackpoint>
          <Time>2024-12-06T14:57:23Z</Time>
          <DistanceMeters>127.0</DistanceMeters>
          <HeartRateBpm>
            <Value>174</Value>
          </HeartRateBpm>
          <SensorState>Absent</SensorState>
        </Trackpoint>
        <Trackpoint>
          <Time>2024-12-06T14:57:24Z</Time>
          <DistanceMeters>127.0</DistanceMeters>
          <HeartRateBpm>
            <Value>175</Value>
          </HeartRateBpm>
          <SensorState>Absent</SensorState>
        </Trackpoint>
        <Trackpoint>
          <Time>2024-12-06T14:57:25Z</Time>
          <DistanceMeters>127.0</DistanceMeters>
          <HeartRateBpm>
            <Value>176</Value>
          </HeartRateBpm>
          <SensorState>Absent</SensorState>
        </Trackpoint>
        <Trackpoint>
          <Time>2024-12-06T14:57:28Z</Time>
          <DistanceMeters>127.0</DistanceMeters>
          <HeartRateBpm>
            <Value>177</Value>
          </HeartRateBpm>
          <SensorState>Absent</SensorState>
        </Trackpoint>
        <Trackpoint>
          <Time>2024-12-06T14:57:33Z</Time>
          <DistanceMeters>127.0</DistanceMeters>
          <HeartRateBpm>
            <Value>179</Value>
          </HeartRateBpm>
          <SensorState>Absent</SensorState>
        </Trackpoint>
        <Trackpoint>
          <Time>2024-12-06T14:57:34Z</Time>
          <DistanceMeters>127.0</DistanceMeters>
          <HeartRateBpm>
            <Value>180</Value>
          </HeartRateBpm>
          <SensorState>Absent</SensorState>
        </Trackpoint>
        <Trackpoint>
          <Time>2024-12-06T14:57:35Z</Time>
          <DistanceMeters>127.0</DistanceMeters>
          <HeartRateBpm>
            <Value>180</Value>
          </HeartRateBpm>
          <SensorState>Absent</SensorState>
        </Trackpoint>
        <Trackpoint>
          <Time>2024-12-06T14:57:35Z</Time>
          <DistanceMeters>127.0</DistanceMeters>
          <HeartRateBpm>
            <Value>179</Value>
          </HeartRateBpm>
          <SensorState>Absent</SensorState>
        </Trackpoint>
        <Trackpoint>
          <Time>2024-12-06T14:57:41Z</Time>
          <DistanceMeters>127.0</DistanceMeters>
          <HeartRateBpm>
            <Value>180</Value>
          </HeartRateBpm>
          <SensorState>Absent</SensorState>
        </Trackpoint>
        <Trackpoint>
          <Time>2024-12-06T14:57:42Z</Time>
          <DistanceMeters>127.0</DistanceMeters>
          <HeartRateBpm>
            <Value>181</Value>
          </HeartRateBpm>
          <SensorState>Absent</SensorState>
        </Trackpoint>
        <Trackpoint>
          <Time>2024-12-06T14:57:43Z</Time>
          <DistanceMeters>127.0</DistanceMeters>
          <HeartRateBpm>
            <Value>180</Value>
          </HeartRateBpm>
          <SensorState>Absent</SensorState>
        </Trackpoint>
        <Trackpoint>
          <Time>2024-12-06T14:57:48Z</Time>
          <DistanceMeters>127.0</DistanceMeters>
          <HeartRateBpm>
            <Value>180</Value>
          </HeartRateBpm>
          <SensorState>Absent</SensorState>
        </Trackpoint>
        <Trackpoint>
          <Time>2024-12-06T14:57:50Z</Time>
          <DistanceMeters>127.0</DistanceMeters>
          <HeartRateBpm>
            <Value>179</Value>
          </HeartRateBpm>
          <SensorState>Absent</SensorState>
        </Trackpoint>
        <Trackpoint>
          <Time>2024-12-06T14:57:51Z</Time>
          <DistanceMeters>127.0</DistanceMeters>
          <HeartRateBpm>
            <Value>180</Value>
          </HeartRateBpm>
          <SensorState>Absent</SensorState>
        </Trackpoint>
        <Trackpoint>
          <Time>2024-12-06T14:57:52Z</Time>
          <DistanceMeters>127.0</DistanceMeters>
          <HeartRateBpm>
            <Value>181</Value>
          </HeartRateBpm>
          <SensorState>Absent</SensorState>
        </Trackpoint>
        <Trackpoint>
          <Time>2024-12-06T14:57:56Z</Time>
          <DistanceMeters>127.0</DistanceMeters>
          <HeartRateBpm>
            <Value>179</Value>
          </HeartRateBpm>
          <SensorState>Absent</SensorState>
        </Trackpoint>
        <Trackpoint>
          <Time>2024-12-06T14:58:00Z</Time>
          <DistanceMeters>127.0</DistanceMeters>
          <HeartRateBpm>
            <Value>172</Value>
          </HeartRateBpm>
          <Cadence><Value>71</Value></Cadence>
          <SensorState>Absent</SensorState>
        </Trackpoint>
        <Trackpoint>
          <Time>2024-12-06T14:58:01Z</Time>
          <DistanceMeters>127.0</DistanceMeters>
          <HeartRateBpm>
            <Value>180</Value>
          </HeartRateBpm>
          <Cadence><Value>71</Value></Cadence>
          <SensorState>Absent</SensorState>
        </Trackpoint>
        <Trackpoint>
          <Time>2024-12-06T14:58:07Z</Time>
          <DistanceMeters>141.0</DistanceMeters>
          <HeartRateBpm>
            <Value>179</Value>
          </HeartRateBpm>
          <Cadence><Value>71</Value></Cadence>
          <SensorState>Absent</SensorState>
        </Trackpoint>
        <Trackpoint>
          <Time>2024-12-06T14:58:08Z</Time>
          <DistanceMeters>141.0</DistanceMeters>
          <HeartRateBpm>
            <Value>178</Value>
          </HeartRateBpm>
          <Cadence><Value>71</Value></Cadence>
          <SensorState>Absent</SensorState>
        </Trackpoint>
        <Trackpoint>
          <Time>2024-12-06T14:58:09Z</Time>
          <DistanceMeters>141.0</DistanceMeters>
          <HeartRateBpm>
            <Value>174</Value>
          </HeartRateBpm>
          <Cadence><Value>71</Value></Cadence>
          <SensorState>Absent</SensorState>
        </Trackpoint>
        <Trackpoint>
          <Time>2024-12-06T14:58:10Z</Time>
          <DistanceMeters>141.0</DistanceMeters>
          <HeartRateBpm>
            <Value>174</Value>
          </HeartRateBpm>
          <Cadence><Value>71</Value></Cadence>
          <SensorState>Absent</SensorState>
        </Trackpoint>
        <Trackpoint>
          <Time>2024-12-06T14:58:11Z</Time>
          <DistanceMeters>141.0</DistanceMeters>
          <HeartRateBpm>
            <Value>173</Value>
          </HeartRateBpm>
          <Cadence><Value>71</Value></Cadence>
          <SensorState>Absent</SensorState>
        </Trackpoint>
        <Trackpoint>
          <Time>2024-12-06T14:58:16Z</Time>
          <DistanceMeters>141.0</DistanceMeters>
          <HeartRateBpm>
            <Value>173</Value>
          </HeartRateBpm>
          <Cadence><Value>71</Value></Cadence>
          <SensorState>Absent</SensorState>
        </Trackpoint>
        <Trackpoint>
          <Time>2024-12-06T14:58:17Z</Time>
          <DistanceMeters>141.0</DistanceMeters>
          <HeartRateBpm>
            <Value>174</Value>
          </HeartRateBpm>
          <Cadence><Value>71</Value></Cadence>
          <SensorState>Absent</SensorState>
        </Trackpoint>
        <Trackpoint>
          <Time>2024-12-06T14:58:22Z</Time>
          <DistanceMeters>141.0</DistanceMeters>
          <HeartRateBpm>
            <Value>176</Value>
          </HeartRateBpm>
          <Cadence><Value>71</Value></Cadence>
          <SensorState>Absent</SensorState>
        </Trackpoint>
        <Trackpoint>
          <Time>2024-12-06T14:58:27Z</Time>
          <DistanceMeters>141.0</DistanceMeters>
          <HeartRateBpm>
            <Value>176</Value>
          </HeartRateBpm>
          <Cadence><Value>71</Value></Cadence>
          <SensorState>Absent</SensorState>
        </Trackpoint>
        <Trackpoint>
          <Time>2024-12-06T14:58:29Z</Time>
          <DistanceMeters>141.0</DistanceMeters>
          <HeartRateBpm>
            <Value>177</Value>
          </HeartRateBpm>
          <Cadence><Value>71</Value></Cadence>
          <SensorState>Absent</SensorState>
        </Trackpoint>
        <Trackpoint>
          <Time>2024-12-06T14:58:31Z</Time>
          <DistanceMeters>141.0</DistanceMeters>
          <HeartRateBpm>
            <Value>174</Value>
          </HeartRateBpm>
          <Cadence><Value>71</Value></Cadence>
          <SensorState>Absent</SensorState>
        </Trackpoint>
        <Trackpoint>
          <Time>2024-12-06T14:58:33Z</Time>
          <DistanceMeters>141.0</DistanceMeters>
          <HeartRateBpm>
            <Value>173</Value>
          </HeartRateBpm>
          <Cadence><Value>71</Value></Cadence>
          <SensorState>Absent</SensorState>
        </Trackpoint>
        <Trackpoint>
          <Time>2024-12-06T14:58:34Z</Time>
          <DistanceMeters>141.0</DistanceMeters>
          <HeartRateBpm>
            <Value>172</Value>
          </HeartRateBpm>
          <Cadence><Value>71</Value></Cadence>
          <SensorState>Absent</SensorState>
        </Trackpoint>
        <Trackpoint>
          <Time>2024-12-06T14:58:35Z</Time>
          <DistanceMeters>141.0</DistanceMeters>
          <HeartRateBpm>
            <Value>171</Value>
          </HeartRateBpm>
          <Cadence><Value>71</Value></Cadence>
          <SensorState>Absent</SensorState>
        </Trackpoint>
        <Trackpoint>
          <Time>2024-12-06T14:58:37Z</Time>
          <DistanceMeters>141.0</DistanceMeters>
          <HeartRateBpm>
            <Value>169</Value>
          </HeartRateBpm>
          <Cadence><Value>71</Value></Cadence>
          <SensorState>Absent</SensorState>
        </Trackpoint>
        <Trackpoint>
          <Time>2024-12-06T14:58:38Z</Time>
          <DistanceMeters>141.0</DistanceMeters>
          <HeartRateBpm>
            <Value>168</Value>
          </HeartRateBpm>
          <Cadence><Value>71</Value></Cadence>
          <SensorState>Absent</SensorState>
        </Trackpoint>
        <Trackpoint>
          <Time>2024-12-06T14:58:38Z</Time>
          <DistanceMeters>141.0</DistanceMeters>
          <HeartRateBpm>
            <Value>168</Value>
          </HeartRateBpm>
          <Cadence><Value>71</Value></Cadence>
          <SensorState>Absent</SensorState>
        </Trackpoint>
        <Trackpoint>
          <Time>2024-12-06T14:58:40Z</Time>
          <DistanceMeters>141.0</DistanceMeters>
          <HeartRateBpm>
            <Value>167</Value>
          </HeartRateBpm>
          <Cadence><Value>71</Value></Cadence>
          <SensorState>Absent</SensorState>
        </Trackpoint>
        <Trackpoint>
          <Time>2024-12-06T14:58:46Z</Time>
          <DistanceMeters>141.0</DistanceMeters>
          <HeartRateBpm>
            <Value>167</Value>
          </HeartRateBpm>
          <Cadence><Value>71</Value></Cadence>
          <SensorState>Absent</SensorState>
        </Trackpoint>
        <Trackpoint>
          <Time>2024-12-06T14:58:50Z</Time>
          <DistanceMeters>141.0</DistanceMeters>
          <HeartRateBpm>
            <Value>169</Value>
          </HeartRateBpm>
          <Cadence><Value>71</Value></Cadence>
          <SensorState>Absent</SensorState>
        </Trackpoint>
        <Trackpoint>
          <Time>2024-12-06T14:58:55Z</Time>
          <DistanceMeters>141.0</DistanceMeters>
          <HeartRateBpm>
            <Value>169</Value>
          </HeartRateBpm>
          <Cadence><Value>71</Value></Cadence>
          <SensorState>Absent</SensorState>
        </Trackpoint>
        <Trackpoint>
          <Time>2024-12-06T14:58:57Z</Time>
          <DistanceMeters>141.0</DistanceMeters>
          <HeartRateBpm>
            <Value>170</Value>
          </HeartRateBpm>
          <Cadence><Value>71</Value></Cadence>
          <SensorState>Absent</SensorState>
        </Trackpoint>
        <Trackpoint>
          <Time>2024-12-06T14:59:00Z</Time>
          <DistanceMeters>141.0</DistanceMeters>
          <HeartRateBpm>
            <Value>165</Value>
          </HeartRateBpm>
          <Cadence><Value>52</Value></Cadence>
          <SensorState>Absent</SensorState>
        </Trackpoint>
        <Trackpoint>
          <Time>2024-12-06T14:59:00Z</Time>
          <DistanceMeters>141.0</DistanceMeters>
          <HeartRateBpm>
            <Value>169</Value>
          </HeartRateBpm>
          <Cadence><Value>52</Value></Cadence>
          <SensorState>Absent</SensorState>
        </Trackpoint>
        <Trackpoint>
          <Time>2024-12-06T14:59:01Z</Time>
          <DistanceMeters>141.0</DistanceMeters>
          <HeartRateBpm>
            <Value>168</Value>
          </HeartRateBpm>
          <Cadence><Value>52</Value></Cadence>
          <SensorState>Absent</SensorState>
        </Trackpoint>
        <Trackpoint>
          <Time>2024-12-06T14:59:03Z</Time>
          <DistanceMeters>141.0</DistanceMeters>
          <HeartRateBpm>
            <Value>167</Value>
          </HeartRateBpm>
          <Cadence><Value>52</Value></Cadence>
          <SensorState>Absent</SensorState>
        </Trackpoint>
        <Trackpoint>
          <Time>2024-12-06T14:59:06Z</Time>
          <DistanceMeters>155.0</DistanceMeters>
          <HeartRateBpm>
            <Value>169</Value>
          </HeartRateBpm>
          <Cadence><Value>52</Value></Cadence>
          <SensorState>Absent</SensorState>
        </Trackpoint>
        <Trackpoint>
          <Time>2024-12-06T14:59:08Z</Time>
          <DistanceMeters>155.0</DistanceMeters>
          <HeartRateBpm>
            <Value>168</Value>
          </HeartRateBpm>
          <Cadence><Value>52</Value></Cadence>
          <SensorState>Absent</SensorState>
        </Trackpoint>
        <Trackpoint>
          <Time>2024-12-06T14:59:09Z</Time>
          <DistanceMeters>155.0</DistanceMeters>
          <HeartRateBpm>
            <Value>167</Value>
          </HeartRateBpm>
          <Cadence><Value>52</Value></Cadence>
          <SensorState>Absent</SensorState>
        </Trackpoint>
        <Trackpoint>
          <Time>2024-12-06T14:59:10Z</Time>
          <DistanceMeters>155.0</DistanceMeters>
          <HeartRateBpm>
            <Value>166</Value>
          </HeartRateBpm>
          <Cadence><Value>52</Value></Cadence>
          <SensorState>Absent</SensorState>
        </Trackpoint>
        <Trackpoint>
          <Time>2024-12-06T14:59:13Z</Time>
          <DistanceMeters>155.0</DistanceMeters>
          <HeartRateBpm>
            <Value>167</Value>
          </HeartRateBpm>
          <Cadence><Value>52</Value></Cadence>
          <SensorState>Absent</SensorState>
        </Trackpoint>
        <Trackpoint>
          <Time>2024-12-06T14:59:14Z</Time>
          <DistanceMeters>155.0</DistanceMeters>
          <HeartRateBpm>
            <Value>168</Value>
          </HeartRateBpm>
          <Cadence><Value>52</Value></Cadence>
          <SensorState>Absent</SensorState>
        </Trackpoint>
        <Trackpoint>
          <Time>2024-12-06T14:59:16Z</Time>
          <DistanceMeters>155.0</DistanceMeters>
          <HeartRateBpm>
            <Value>167</Value>
          </HeartRateBpm>
          <Cadence><Value>52</Value></Cadence>
          <SensorState>Absent</SensorState>
        </Trackpoint>
        <Trackpoint>
          <Time>2024-12-06T14:59:18Z</Time>
          <DistanceMeters>155.0</DistanceMeters>
          <HeartRateBpm>
            <Value>168</Value>
          </HeartRateBpm>
          <Cadence><Value>52</Value></Cadence>
          <SensorState>Absent</SensorState>
        </Trackpoint>
        <Trackpoint>
          <Time>2024-12-06T14:59:21Z</Time>
          <DistanceMeters>155.0</DistanceMeters>
          <HeartRateBpm>
            <Value>167</Value>
          </HeartRateBpm>
          <Cadence><Value>52</Value></Cadence>
          <SensorState>Absent</SensorState>
        </Trackpoint>
        <Trackpoint>
          <Time>2024-12-06T14:59:23Z</Time>
          <DistanceMeters>155.0</DistanceMeters>
          <HeartRateBpm>
            <Value>164</Value>
          </HeartRateBpm>
          <Cadence><Value>52</Value></Cadence>
          <SensorState>Absent</SensorState>
        </Trackpoint>
        <Trackpoint>
          <Time>2024-12-06T14:59:25Z</Time>
          <DistanceMeters>155.0</DistanceMeters>
          <HeartRateBpm>
            <Value>162</Value>
          </HeartRateBpm>
          <Cadence><Value>52</Value></Cadence>
          <SensorState>Absent</SensorState>
        </Trackpoint>
        <Trackpoint>
          <Time>2024-12-06T14:59:26Z</Time>
          <DistanceMeters>155.0</DistanceMeters>
          <HeartRateBpm>
            <Value>162</Value>
          </HeartRateBpm>
          <Cadence><Value>52</Value></Cadence>
          <SensorState>Absent</SensorState>
        </Trackpoint>
        <Trackpoint>
          <Time>2024-12-06T14:59:27Z</Time>
          <DistanceMeters>155.0</DistanceMeters>
          <HeartRateBpm>
            <Value>161</Value>
          </HeartRateBpm>
          <Cadence><Value>52</Value></Cadence>
          <SensorState>Absent</SensorState>
        </Trackpoint>
        <Trackpoint>
          <Time>2024-12-06T14:59:29Z</Time>
          <DistanceMeters>155.0</DistanceMeters>
          <HeartRateBpm>
            <Value>162</Value>
          </HeartRateBpm>
          <Cadence><Value>52</Value></Cadence>
          <SensorState>Absent</SensorState>
        </Trackpoint>
        <Trackpoint>
          <Time>2024-12-06T14:59:31Z</Time>
          <DistanceMeters>155.0</DistanceMeters>
          <HeartRateBpm>
            <Value>163</Value>
          </HeartRateBpm>
          <Cadence><Value>52</Value></Cadence>
          <SensorState>Absent</SensorState>
        </Trackpoint>
        <Trackpoint>
          <Time>2024-12-06T14:59:32Z</Time>
          <DistanceMeters>155.0</DistanceMeters>
          <HeartRateBpm>
            <Value>164</Value>
          </HeartRateBpm>
          <Cadence><Value>52</Value></Cadence>
          <SensorState>Absent</SensorState>
        </Trackpoint>
        <Trackpoint>
          <Time>2024-12-06T14:59:34Z</Time>
          <DistanceMeters>155.0</DistanceMeters>
          <HeartRateBpm>
            <Value>166</Value>
          </HeartRateBpm>
          <Cadence><Value>52</Value></Cadence>
          <SensorState>Absent</SensorState>
        </Trackpoint>
        <Trackpoint>
          <Time>2024-12-06T14:59:37Z</Time>
          <DistanceMeters>155.0</DistanceMeters>
          <HeartRateBpm>
            <Value>168</Value>
          </HeartRateBpm>
          <Cadence><Value>52</Value></Cadence>
          <SensorState>Absent</SensorState>
        </Trackpoint>
        <Trackpoint>
          <Time>2024-12-06T14:59:37Z</Time>
          <DistanceMeters>155.0</DistanceMeters>
          <HeartRateBpm>
            <Value>168</Value>
          </HeartRateBpm>
          <Cadence><Value>52</Value></Cadence>
          <SensorState>Absent</SensorState>
        </Trackpoint>
        <Trackpoint>
          <Time>2024-12-06T14:59:38Z</Time>
          <DistanceMeters>155.0</DistanceMeters>
          <HeartRateBpm>
            <Value>167</Value>
          </HeartRateBpm>
          <Cadence><Value>52</Value></Cadence>
          <SensorState>Absent</SensorState>
        </Trackpoint>
        <Trackpoint>
          <Time>2024-12-06T14:59:41Z</Time>
          <DistanceMeters>155.0</DistanceMeters>
          <HeartRateBpm>
            <Value>166</Value>
          </HeartRateBpm>
          <Cadence><Value>52</Value></Cadence>
          <SensorState>Absent</SensorState>
        </Trackpoint>
        <Trackpoint>
          <Time>2024-12-06T14:59:45Z</Time>
          <DistanceMeters>155.0</DistanceMeters>
          <HeartRateBpm>
            <Value>165</Value>
          </HeartRateBpm>
          <Cadence><Value>52</Value></Cadence>
          <SensorState>Absent</SensorState>
        </Trackpoint>
        <Trackpoint>
          <Time>2024-12-06T14:59:46Z</Time>
          <DistanceMeters>155.0</DistanceMeters>
          <HeartRateBpm>
            <Value>162</Value>
          </HeartRateBpm>
          <Cadence><Value>52</Value></Cadence>
          <SensorState>Absent</SensorState>
        </Trackpoint>
        <Trackpoint>
          <Time>2024-12-06T14:59:46Z</Time>
          <DistanceMeters>155.0</DistanceMeters>
          <HeartRateBpm>
            <Value>162</Value>
          </HeartRateBpm>
          <Cadence><Value>52</Value></Cadence>
          <SensorState>Absent</SensorState>
        </Trackpoint>
        <Trackpoint>
          <Time>2024-12-06T14:59:47Z</Time>
          <DistanceMeters>155.0</DistanceMeters>
          <HeartRateBpm>
            <Value>158</Value>
          </HeartRateBpm>
          <Cadence><Value>52</Value></Cadence>
          <SensorState>Absent</SensorState>
        </Trackpoint>
        <Trackpoint>
          <Time>2024-12-06T14:59:49Z</Time>
          <DistanceMeters>155.0</DistanceMeters>
          <HeartRateBpm>
            <Value>157</Value>
          </HeartRateBpm>
          <Cadence><Value>52</Value></Cadence>
          <SensorState>Absent</SensorState>
        </Trackpoint>
        <Trackpoint>
          <Time>2024-12-06T14:59:50Z</Time>
          <DistanceMeters>155.0</DistanceMeters>
          <HeartRateBpm>
            <Value>156</Value>
          </HeartRateBpm>
          <Cadence><Value>52</Value></Cadence>
          <SensorState>Absent</SensorState>
        </Trackpoint>
        <Trackpoint>
          <Time>2024-12-06T14:59:50Z</Time>
          <DistanceMeters>155.0</DistanceMeters>
          <HeartRateBpm>
            <Value>156</Value>
          </HeartRateBpm>
          <Cadence><Value>52</Value></Cadence>
          <SensorState>Absent</SensorState>
        </Trackpoint>
        <Trackpoint>
          <Time>2024-12-06T14:59:54Z</Time>
          <DistanceMeters>155.0</DistanceMeters>
          <HeartRateBpm>
            <Value>155</Value>
          </HeartRateBpm>
          <Cadence><Value>52</Value></Cadence>
          <SensorState>Absent</SensorState>
        </Trackpoint>
        <Trackpoint>
          <Time>2024-12-06T14:59:55Z</Time>
          <DistanceMeters>155.0</DistanceMeters>
          <HeartRateBpm>
            <Value>154</Value>
          </HeartRateBpm>
          <Cadence><Value>52</Value></Cadence>
          <SensorState>Absent</SensorState>
        </Trackpoint>
        <Trackpoint>
          <Time>2024-12-06T14:59:57Z</Time>
          <DistanceMeters>155.0</DistanceMeters>
          <HeartRateBpm>
            <Value>153</Value>
          </HeartRateBpm>
          <Cadence><Value>52</Value></Cadence>
          <SensorState>Absent</SensorState>
        </Trackpoint>
        <Trackpoint>
          <Time>2024-12-06T15:00:00Z</Time>
          <DistanceMeters>155.0</DistanceMeters>
          <HeartRateBpm>
            <Value>162</Value>
          </HeartRateBpm>
          <SensorState>Absent</SensorState>
        </Trackpoint>
        <Trackpoint>
          <Time>2024-12-06T15:00:00Z</Time>
          <DistanceMeters>155.0</DistanceMeters>
          <HeartRateBpm>
            <Value>150</Value>
          </HeartRateBpm>
          <SensorState>Absent</SensorState>
        </Trackpoint>
        <Trackpoint>
          <Time>2024-12-06T15:00:01Z</Time>
          <DistanceMeters>155.0</DistanceMeters>
          <HeartRateBpm>
            <Value>150</Value>
          </HeartRateBpm>
          <SensorState>Absent</SensorState>
        </Trackpoint>
        <Trackpoint>
          <Time>2024-12-06T15:00:03Z</Time>
          <DistanceMeters>155.0</DistanceMeters>
          <HeartRateBpm>
            <Value>151</Value>
          </HeartRateBpm>
          <SensorState>Absent</SensorState>
        </Trackpoint>
        <Trackpoint>
          <Time>2024-12-06T15:00:04Z</Time>
          <DistanceMeters>155.0</DistanceMeters>
          <HeartRateBpm>
            <Value>152</Value>
          </HeartRateBpm>
          <SensorState>Absent</SensorState>
        </Trackpoint>
        <Trackpoint>
          <Time>2024-12-06T15:00:06Z</Time>
          <DistanceMeters>169.0</DistanceMeters>
          <HeartRateBpm>
            <Value>155</Value>
          </HeartRateBpm>
          <SensorState>Absent</SensorState>
        </Trackpoint>
        <Trackpoint>
          <Time>2024-12-06T15:00:07Z</Time>
          <DistanceMeters>169.0</DistanceMeters>
          <HeartRateBpm>
            <Value>156</Value>
          </HeartRateBpm>
          <SensorState>Absent</SensorState>
        </Trackpoint>
        <Trackpoint>
          <Time>2024-12-06T15:00:07Z</Time>
          <DistanceMeters>169.0</DistanceMeters>
          <HeartRateBpm>
            <Value>156</Value>
          </HeartRateBpm>
          <SensorState>Absent</SensorState>
        </Trackpoint>
        <Trackpoint>
          <Time>2024-12-06T15:00:10Z</Time>
          <DistanceMeters>169.0</DistanceMeters>
          <HeartRateBpm>
            <Value>158</Value>
          </HeartRateBpm>
          <SensorState>Absent</SensorState>
        </Trackpoint>
        <Trackpoint>
          <Time>2024-12-06T15:00:13Z</Time>
          <DistanceMeters>169.0</DistanceMeters>
          <HeartRateBpm>
            <Value>159</Value>
          </HeartRateBpm>
          <SensorState>Absent</SensorState>
        </Trackpoint>
        <Trackpoint>
          <Time>2024-12-06T15:00:15Z</Time>
          <DistanceMeters>169.0</DistanceMeters>
          <HeartRateBpm>
            <Value>160</Value>
          </HeartRateBpm>
          <SensorState>Absent</SensorState>
        </Trackpoint>
        <Trackpoint>
          <Time>2024-12-06T15:00:17Z</Time>
          <DistanceMeters>169.0</DistanceMeters>
          <HeartRateBpm>
            <Value>161</Value>
          </HeartRateBpm>
          <SensorState>Absent</SensorState>
        </Trackpoint>
        <Trackpoint>
          <Time>2024-12-06T15:00:24Z</Time>
          <DistanceMeters>169.0</DistanceMeters>
          <HeartRateBpm>
            <Value>161</Value>
          </HeartRateBpm>
          <SensorState>Absent</SensorState>
        </Trackpoint>
        <Trackpoint>
          <Time>2024-12-06T15:00:25Z</Time>
          <DistanceMeters>169.0</DistanceMeters>
          <HeartRateBpm>
            <Value>162</Value>
          </HeartRateBpm>
          <SensorState>Absent</SensorState>
        </Trackpoint>
        <Trackpoint>
          <Time>2024-12-06T15:00:26Z</Time>
          <DistanceMeters>169.0</DistanceMeters>
          <HeartRateBpm>
            <Value>162</Value>
          </HeartRateBpm>
          <SensorState>Absent</SensorState>
        </Trackpoint>
        <Trackpoint>
          <Time>2024-12-06T15:00:27Z</Time>
          <DistanceMeters>169.0</DistanceMeters>
          <HeartRateBpm>
            <Value>161</Value>
          </HeartRateBpm>
          <SensorState>Absent</SensorState>
        </Trackpoint>
        <Trackpoint>
          <Time>2024-12-06T15:00:31Z</Time>
          <DistanceMeters>169.0</DistanceMeters>
          <HeartRateBpm>
            <Value>163</Value>
          </HeartRateBpm>
          <SensorState>Absent</SensorState>
        </Trackpoint>
        <Trackpoint>
          <Time>2024-12-06T15:00:37Z</Time>
          <DistanceMeters>169.0</DistanceMeters>
          <HeartRateBpm>
            <Value>162</Value>
          </HeartRateBpm>
          <SensorState>Absent</SensorState>
        </Trackpoint>
        <Trackpoint>
          <Time>2024-12-06T15:00:38Z</Time>
          <DistanceMeters>169.0</DistanceMeters>
          <HeartRateBpm>
            <Value>163</Value>
          </HeartRateBpm>
          <SensorState>Absent</SensorState>
        </Trackpoint>
        <Trackpoint>
          <Time>2024-12-06T15:00:42Z</Time>
          <DistanceMeters>169.0</DistanceMeters>
          <HeartRateBpm>
            <Value>164</Value>
          </HeartRateBpm>
          <SensorState>Absent</SensorState>
        </Trackpoint>
        <Trackpoint>
          <Time>2024-12-06T15:00:43Z</Time>
          <DistanceMeters>169.0</DistanceMeters>
          <HeartRateBpm>
            <Value>165</Value>
          </HeartRateBpm>
          <SensorState>Absent</SensorState>
        </Trackpoint>
        <Trackpoint>
          <Time>2024-12-06T15:00:44Z</Time>
          <DistanceMeters>169.0</DistanceMeters>
          <HeartRateBpm>
            <Value>166</Value>
          </HeartRateBpm>
          <SensorState>Absent</SensorState>
        </Trackpoint>
        <Trackpoint>
          <Time>2024-12-06T15:00:47Z</Time>
          <DistanceMeters>169.0</DistanceMeters>
          <HeartRateBpm>
            <Value>167</Value>
          </HeartRateBpm>
          <SensorState>Absent</SensorState>
        </Trackpoint>
        <Trackpoint>
          <Time>2024-12-06T15:00:47Z</Time>
          <DistanceMeters>169.0</DistanceMeters>
          <HeartRateBpm>
            <Value>168</Value>
          </HeartRateBpm>
          <SensorState>Absent</SensorState>
        </Trackpoint>
        <Trackpoint>
          <Time>2024-12-06T15:00:48Z</Time>
          <DistanceMeters>169.0</DistanceMeters>
          <HeartRateBpm>
            <Value>168</Value>
          </HeartRateBpm>
          <SensorState>Absent</SensorState>
        </Trackpoint>
        <Trackpoint>
          <Time>2024-12-06T15:00:52Z</Time>
          <DistanceMeters>169.0</DistanceMeters>
          <HeartRateBpm>
            <Value>167</Value>
          </HeartRateBpm>
          <SensorState>Absent</SensorState>
        </Trackpoint>
        <Trackpoint>
          <Time>2024-12-06T15:00:54Z</Time>
          <DistanceMeters>169.0</DistanceMeters>
          <HeartRateBpm>
            <Value>168</Value>
          </HeartRateBpm>
          <SensorState>Absent</SensorState>
        </Trackpoint>
        <Trackpoint>
          <Time>2024-12-06T15:00:55Z</Time>
          <DistanceMeters>169.0</DistanceMeters>
          <HeartRateBpm>
            <Value>169</Value>
          </HeartRateBpm>
          <SensorState>Absent</SensorState>
        </Trackpoint>
        <Trackpoint>
          <Time>2024-12-06T15:00:56Z</Time>
          <DistanceMeters>169.0</DistanceMeters>
          <HeartRateBpm>
            <Value>170</Value>
          </HeartRateBpm>
          <SensorState>Absent</SensorState>
        </Trackpoint>
        <Trackpoint>
          <Time>2024-12-06T15:00:58Z</Time>
          <DistanceMeters>169.0</DistanceMeters>
          <HeartRateBpm>
            <Value>172</Value>
          </HeartRateBpm>
          <SensorState>Absent</SensorState>
        </Trackpoint>
        <Trackpoint>
          <Time>2024-12-06T15:00:59Z</Time>
          <DistanceMeters>169.0</DistanceMeters>
          <HeartRateBpm>
            <Value>173</Value>
          </HeartRateBpm>
          <SensorState>Absent</SensorState>
        </Trackpoint>
        <Trackpoint>
          <Time>2024-12-06T15:01:00Z</Time>
          <DistanceMeters>169.0</DistanceMeters>
          <HeartRateBpm>
            <Value>177</Value>
          </HeartRateBpm>
          <Cadence><Value>86</Value></Cadence>
          <SensorState>Absent</SensorState>
        </Trackpoint>
        <Trackpoint>
          <Time>2024-12-06T15:01:02Z</Time>
          <DistanceMeters>169.0</DistanceMeters>
          <HeartRateBpm>
            <Value>174</Value>
          </HeartRateBpm>
          <Cadence><Value>86</Value></Cadence>
          <SensorState>Absent</SensorState>
        </Trackpoint>
        <Trackpoint>
          <Time>2024-12-06T15:01:02Z</Time>
          <DistanceMeters>169.0</DistanceMeters>
          <HeartRateBpm>
            <Value>174</Value>
          </HeartRateBpm>
          <Cadence><Value>86</Value></Cadence>
          <SensorState>Absent</SensorState>
        </Trackpoint>
        <Trackpoint>
          <Time>2024-12-06T15:01:03Z</Time>
          <DistanceMeters>169.0</DistanceMeters>
          <HeartRateBpm>
            <Value>176</Value>
          </HeartRateBpm>
          <Cadence><Value>86</Value></Cadence>
          <SensorState>Absent</SensorState>
        </Trackpoint>
        <Trackpoint>
          <Time>2024-12-06T15:01:04Z</Time>
          <DistanceMeters>169.0</DistanceMeters>
          <HeartRateBpm>
            <Value>177</Value>
          </HeartRateBpm>
          <Cadence><Value>86</Value></Cadence>
          <SensorState>Absent</SensorState>
        </Trackpoint>
        <Trackpoint>
          <Time>2024-12-06T15:01:07Z</Time>
          <DistanceMeters>182.0</DistanceMeters>
          <HeartRateBpm>
            <Value>178</Value>
          </HeartRateBpm>
          <Cadence><Value>86</Value></Cadence>
          <SensorState>Absent</SensorState>
        </Trackpoint>
        <Trackpoint>
          <Time>2024-12-06T15:01:08Z</Time>
          <DistanceMeters>182.0</DistanceMeters>
          <HeartRateBpm>
            <Value>180</Value>
          </HeartRateBpm>
          <Cadence><Value>86</Value></Cadence>
          <SensorState>Absent</SensorState>
        </Trackpoint>
        <Trackpoint>
          <Time>2024-12-06T15:01:08Z</Time>
          <DistanceMeters>182.0</DistanceMeters>
          <HeartRateBpm>
            <Value>180</Value>
          </HeartRateBpm>
          <Cadence><Value>86</Value></Cadence>
          <SensorState>Absent</SensorState>
        </Trackpoint>
        <Trackpoint>
          <Time>2024-12-06T15:01:10Z</Time>
          <DistanceMeters>182.0</DistanceMeters>
          <HeartRateBpm>
            <Value>181</Value>
          </HeartRateBpm>
          <Cadence><Value>86</Value></Cadence>
          <SensorState>Absent</SensorState>
        </Trackpoint>
        <Trackpoint>
          <Time>2024-12-06T15:01:15Z</Time>
          <DistanceMeters>182.0</DistanceMeters>
          <HeartRateBpm>
            <Value>185</Value>
          </HeartRateBpm>
          <Cadence><Value>86</Value></Cadence>
          <SensorState>Absent</SensorState>
        </Trackpoint>
        <Trackpoint>
          <Time>2024-12-06T15:01:16Z</Time>
          <DistanceMeters>182.0</DistanceMeters>
          <HeartRateBpm>
            <Value>186</Value>
          </HeartRateBpm>
          <Cadence><Value>86</Value></Cadence>
          <SensorState>Absent</SensorState>
        </Trackpoint>
        <Trackpoint>
          <Time>2024-12-06T15:01:16Z</Time>
          <DistanceMeters>182.0</DistanceMeters>
          <HeartRateBpm>
            <Value>186</Value>
          </HeartRateBpm>
          <Cadence><Value>86</Value></Cadence>
          <SensorState>Absent</SensorState>
        </Trackpoint>
        <Trackpoint>
          <Time>2024-12-06T15:01:19Z</Time>
          <DistanceMeters>182.0</DistanceMeters>
          <HeartRateBpm>
            <Value>185</Value>
          </HeartRateBpm>
          <Cadence><Value>86</Value></Cadence>
          <SensorState>Absent</SensorState>
        </Trackpoint>
        <Trackpoint>
          <Time>2024-12-06T15:01:20Z</Time>
          <DistanceMeters>182.0</DistanceMeters>
          <HeartRateBpm>
            <Value>183</Value>
          </HeartRateBpm>
          <Cadence><Value>86</Value></Cadence>
          <SensorState>Absent</SensorState>
        </Trackpoint>
        <Trackpoint>
          <Time>2024-12-06T15:01:23Z</Time>
          <DistanceMeters>182.0</DistanceMeters>
          <HeartRateBpm>
            <Value>185</Value>
          </HeartRateBpm>
          <Cadence><Value>86</Value></Cadence>
          <SensorState>Absent</SensorState>
        </Trackpoint>
        <Trackpoint>
          <Time>2024-12-06T15:01:24Z</Time>
          <DistanceMeters>182.0</DistanceMeters>
          <HeartRateBpm>
            <Value>182</Value>
          </HeartRateBpm>
          <Cadence><Value>86</Value></Cadence>
          <SensorState>Absent</SensorState>
        </Trackpoint>
        <Trackpoint>
          <Time>2024-12-06T15:01:25Z</Time>
          <DistanceMeters>182.0</DistanceMeters>
          <HeartRateBpm>
            <Value>180</Value>
          </HeartRateBpm>
          <Cadence><Value>86</Value></Cadence>
          <SensorState>Absent</SensorState>
        </Trackpoint>
        <Trackpoint>
          <Time>2024-12-06T15:01:25Z</Time>
          <DistanceMeters>182.0</DistanceMeters>
          <HeartRateBpm>
            <Value>180</Value>
          </HeartRateBpm>
          <Cadence><Value>86</Value></Cadence>
          <SensorState>Absent</SensorState>
        </Trackpoint>
        <Trackpoint>
          <Time>2024-12-06T15:01:27Z</Time>
          <DistanceMeters>182.0</DistanceMeters>
          <HeartRateBpm>
            <Value>179</Value>
          </HeartRateBpm>
          <Cadence><Value>86</Value></Cadence>
          <SensorState>Absent</SensorState>
        </Trackpoint>
        <Trackpoint>
          <Time>2024-12-06T15:01:29Z</Time>
          <DistanceMeters>182.0</DistanceMeters>
          <HeartRateBpm>
            <Value>178</Value>
          </HeartRateBpm>
          <Cadence><Value>86</Value></Cadence>
          <SensorState>Absent</SensorState>
        </Trackpoint>
        <Trackpoint>
          <Time>2024-12-06T15:01:30Z</Time>
          <DistanceMeters>182.0</DistanceMeters>
          <HeartRateBpm>
            <Value>179</Value>
          </HeartRateBpm>
          <Cadence><Value>86</Value></Cadence>
          <SensorState>Absent</SensorState>
        </Trackpoint>
        <Trackpoint>
          <Time>2024-12-06T15:01:32Z</Time>
          <DistanceMeters>182.0</DistanceMeters>
          <HeartRateBpm>
            <Value>180</Value>
          </HeartRateBpm>
          <Cadence><Value>86</Value></Cadence>
          <SensorState>Absent</SensorState>
        </Trackpoint>
        <Trackpoint>
          <Time>2024-12-06T15:01:33Z</Time>
          <DistanceMeters>182.0</DistanceMeters>
          <HeartRateBpm>
            <Value>181</Value>
          </HeartRateBpm>
          <Cadence><Value>86</Value></Cadence>
          <SensorState>Absent</SensorState>
        </Trackpoint>
        <Trackpoint>
          <Time>2024-12-06T15:01:36Z</Time>
          <DistanceMeters>182.0</DistanceMeters>
          <HeartRateBpm>
            <Value>183</Value>
          </HeartRateBpm>
          <Cadence><Value>86</Value></Cadence>
          <SensorState>Absent</SensorState>
        </Trackpoint>
        <Trackpoint>
          <Time>2024-12-06T15:01:37Z</Time>
          <DistanceMeters>182.0</DistanceMeters>
          <HeartRateBpm>
            <Value>184</Value>
          </HeartRateBpm>
          <Cadence><Value>86</Value></Cadence>
          <SensorState>Absent</SensorState>
        </Trackpoint>
        <Trackpoint>
          <Time>2024-12-06T15:01:41Z</Time>
          <DistanceMeters>182.0</DistanceMeters>
          <HeartRateBpm>
            <Value>183</Value>
          </HeartRateBpm>
          <Cadence><Value>86</Value></Cadence>
          <SensorState>Absent</SensorState>
        </Trackpoint>
        <Trackpoint>
          <Time>2024-12-06T15:01:45Z</Time>
          <DistanceMeters>182.0</DistanceMeters>
          <HeartRateBpm>
            <Value>184</Value>
          </HeartRateBpm>
          <Cadence><Value>86</Value></Cadence>
          <SensorState>Absent</SensorState>
        </Trackpoint>
        <Trackpoint>
          <Time>2024-12-06T15:01:49Z</Time>
          <DistanceMeters>182.0</DistanceMeters>
          <HeartRateBpm>
            <Value>183</Value>
          </HeartRateBpm>
          <Cadence><Value>86</Value></Cadence>
          <SensorState>Absent</SensorState>
        </Trackpoint>
        <Trackpoint>
          <Time>2024-12-06T15:01:51Z</Time>
          <DistanceMeters>182.0</DistanceMeters>
          <HeartRateBpm>
            <Value>185</Value>
          </HeartRateBpm>
          <Cadence><Value>86</Value></Cadence>
          <SensorState>Absent</SensorState>
        </Trackpoint>
        <Trackpoint>
          <Time>2024-12-06T15:01:53Z</Time>
          <DistanceMeters>182.0</DistanceMeters>
          <HeartRateBpm>
            <Value>187</Value>
          </HeartRateBpm>
          <Cadence><Value>86</Value></Cadence>
          <SensorState>Absent</SensorState>
        </Trackpoint>
        <Trackpoint>
          <Time>2024-12-06T15:01:53Z</Time>
          <DistanceMeters>182.0</DistanceMeters>
          <HeartRateBpm>
            <Value>187</Value>
          </HeartRateBpm>
          <Cadence><Value>86</Value></Cadence>
          <SensorState>Absent</SensorState>
        </Trackpoint>
        <Trackpoint>
          <Time>2024-12-06T15:01:54Z</Time>
          <DistanceMeters>182.0</DistanceMeters>
          <HeartRateBpm>
            <Value>190</Value>
          </HeartRateBpm>
          <Cadence><Value>86</Value></Cadence>
          <SensorState>Absent</SensorState>
        </Trackpoint>
        <Trackpoint>
          <Time>2024-12-06T15:01:55Z</Time>
          <DistanceMeters>182.0</DistanceMeters>
          <HeartRateBpm>
            <Value>191</Value>
          </HeartRateBpm>
          <Cadence><Value>86</Value></Cadence>
          <SensorState>Absent</SensorState>
        </Trackpoint>
        <Trackpoint>
          <Time>2024-12-06T15:01:59Z</Time>
          <DistanceMeters>182.0</DistanceMeters>
          <HeartRateBpm>
            <Value>190</Value>
          </HeartRateBpm>
          <Cadence><Value>86</Value></Cadence>
          <SensorState>Absent</SensorState>
        </Trackpoint>
        <Trackpoint>
          <Time>2024-12-06T15:02:00Z</Time>
          <DistanceMeters>182.0</DistanceMeters>
          <HeartRateBpm>
            <Value>185</Value>
          </HeartRateBpm>
          <Cadence><Value>65</Value></Cadence>
          <SensorState>Absent</SensorState>
        </Trackpoint>
        <Trackpoint>
          <Time>2024-12-06T15:02:04Z</Time>
          <DistanceMeters>182.0</DistanceMeters>
          <HeartRateBpm>
            <Value>191</Value>
          </HeartRateBpm>
          <Cadence><Value>65</Value></Cadence>
          <SensorState>Absent</SensorState>
        </Trackpoint>
        <Trackpoint>
          <Time>2024-12-06T15:02:06Z</Time>
          <DistanceMeters>196.0</DistanceMeters>
          <HeartRateBpm>
            <Value>190</Value>
          </HeartRateBpm>
          <Cadence><Value>65</Value></Cadence>
          <SensorState>Absent</SensorState>
        </Trackpoint>
        <Trackpoint>
          <Time>2024-12-06T15:02:11Z</Time>
          <DistanceMeters>196.0</DistanceMeters>
          <HeartRateBpm>
            <Value>190</Value>
          </HeartRateBpm>
          <Cadence><Value>65</Value></Cadence>
          <SensorState>Absent</SensorState>
        </Trackpoint>
        <Trackpoint>
          <Time>2024-12-06T15:02:12Z</Time>
          <DistanceMeters>196.0</DistanceMeters>
          <HeartRateBpm>
            <Value>186</Value>
          </HeartRateBpm>
          <Cadence><Value>65</Value></Cadence>
          <SensorState>Absent</SensorState>
        </Trackpoint>
        <Trackpoint>
          <Time>2024-12-06T15:02:13Z</Time>
          <DistanceMeters>196.0</DistanceMeters>
          <HeartRateBpm>
            <Value>183</Value>
          </HeartRateBpm>
          <Cadence><Value>65</Value></Cadence>
          <SensorState>Absent</SensorState>
        </Trackpoint>
        <Trackpoint>
          <Time>2024-12-06T15:02:15Z</Time>
          <DistanceMeters>196.0</DistanceMeters>
          <HeartRateBpm>
            <Value>182</Value>
          </HeartRateBpm>
          <Cadence><Value>65</Value></Cadence>
          <SensorState>Absent</SensorState>
        </Trackpoint>
        <Trackpoint>
          <Time>2024-12-06T15:02:16Z</Time>
          <DistanceMeters>196.0</DistanceMeters>
          <HeartRateBpm>
            <Value>183</Value>
          </HeartRateBpm>
          <Cadence><Value>65</Value></Cadence>
          <SensorState>Absent</SensorState>
        </Trackpoint>
        <Trackpoint>
          <Time>2024-12-06T15:02:19Z</Time>
          <DistanceMeters>196.0</DistanceMeters>
          <HeartRateBpm>
            <Value>184</Value>
          </HeartRateBpm>
          <Cadence><Value>65</Value></Cadence>
          <SensorState>Absent</SensorState>
        </Trackpoint>
        <Trackpoint>
          <Time>2024-12-06T15:02:20Z</Time>
          <DistanceMeters>196.0</DistanceMeters>
          <HeartRateBpm>
            <Value>186</Value>
          </HeartRateBpm>
          <Cadence><Value>65</Value></Cadence>
          <SensorState>Absent</SensorState>
        </Trackpoint>
        <Trackpoint>
          <Time>2024-12-06T15:02:24Z</Time>
          <DistanceMeters>196.0</DistanceMeters>
          <HeartRateBpm>
            <Value>187</Value>
          </HeartRateBpm>
          <Cadence><Value>65</Value></Cadence>
          <SensorState>Absent</SensorState>
        </Trackpoint>
        <Trackpoint>
          <Time>2024-12-06T15:02:25Z</Time>
          <DistanceMeters>196.0</DistanceMeters>
          <HeartRateBpm>
            <Value>188</Value>
          </HeartRateBpm>
          <Cadence><Value>65</Value></Cadence>
          <SensorState>Absent</SensorState>
        </Trackpoint>
        <Trackpoint>
          <Time>2024-12-06T15:02:26Z</Time>
          <DistanceMeters>196.0</DistanceMeters>
          <HeartRateBpm>
            <Value>190</Value>
          </HeartRateBpm>
          <Cadence><Value>65</Value></Cadence>
          <SensorState>Absent</SensorState>
        </Trackpoint>
        <Trackpoint>
          <Time>2024-12-06T15:02:28Z</Time>
          <DistanceMeters>196.0</DistanceMeters>
          <HeartRateBpm>
            <Value>191</Value>
          </HeartRateBpm>
          <Cadence><Value>65</Value></Cadence>
          <SensorState>Absent</SensorState>
        </Trackpoint>
        <Trackpoint>
          <Time>2024-12-06T15:02:29Z</Time>
          <DistanceMeters>196.0</DistanceMeters>
          <HeartRateBpm>
            <Value>189</Value>
          </HeartRateBpm>
          <Cadence><Value>65</Value></Cadence>
          <SensorState>Absent</SensorState>
        </Trackpoint>
        <Trackpoint>
          <Time>2024-12-06T15:02:30Z</Time>
          <DistanceMeters>196.0</DistanceMeters>
          <HeartRateBpm>
            <Value>187</Value>
          </HeartRateBpm>
          <Cadence><Value>65</Value></Cadence>
          <SensorState>Absent</SensorState>
        </Trackpoint>
        <Trackpoint>
          <Time>2024-12-06T15:02:32Z</Time>
          <DistanceMeters>196.0</DistanceMeters>
          <HeartRateBpm>
            <Value>186</Value>
          </HeartRateBpm>
          <Cadence><Value>65</Value></Cadence>
          <SensorState>Absent</SensorState>
        </Trackpoint>
        <Trackpoint>
          <Time>2024-12-06T15:02:33Z</Time>
          <DistanceMeters>196.0</DistanceMeters>
          <HeartRateBpm>
            <Value>184</Value>
          </HeartRateBpm>
          <Cadence><Value>65</Value></Cadence>
          <SensorState>Absent</SensorState>
        </Trackpoint>
        <Trackpoint>
          <Time>2024-12-06T15:02:35Z</Time>
          <DistanceMeters>196.0</DistanceMeters>
          <HeartRateBpm>
            <Value>185</Value>
          </HeartRateBpm>
          <Cadence><Value>65</Value></Cadence>
          <SensorState>Absent</SensorState>
        </Trackpoint>
        <Trackpoint>
          <Time>2024-12-06T15:02:37Z</Time>
          <DistanceMeters>196.0</DistanceMeters>
          <HeartRateBpm>
            <Value>186</Value>
          </HeartRateBpm>
          <Cadence><Value>65</Value></Cadence>
          <SensorState>Absent</SensorState>
        </Trackpoint>
        <Trackpoint>
          <Time>2024-12-06T15:02:38Z</Time>
          <DistanceMeters>196.0</DistanceMeters>
          <HeartRateBpm>
            <Value>187</Value>
          </HeartRateBpm>
          <Cadence><Value>65</Value></Cadence>
          <SensorState>Absent</SensorState>
        </Trackpoint>
        <Trackpoint>
          <Time>2024-12-06T15:02:41Z</Time>
          <DistanceMeters>196.0</DistanceMeters>
          <HeartRateBpm>
            <Value>189</Value>
          </HeartRateBpm>
          <Cadence><Value>65</Value></Cadence>
          <SensorState>Absent</SensorState>
        </Trackpoint>
        <Trackpoint>
          <Time>2024-12-06T15:02:45Z</Time>
          <DistanceMeters>196.0</DistanceMeters>
          <HeartRateBpm>
            <Value>190</Value>
          </HeartRateBpm>
          <Cadence><Value>65</Value></Cadence>
          <SensorState>Absent</SensorState>
        </Trackpoint>
        <Trackpoint>
          <Time>2024-12-06T15:02:46Z</Time>
          <DistanceMeters>196.0</DistanceMeters>
          <HeartRateBpm>
            <Value>192</Value>
          </HeartRateBpm>
          <Cadence><Value>65</Value></Cadence>
          <SensorState>Absent</SensorState>
        </Trackpoint>
        <Trackpoint>
          <Time>2024-12-06T15:02:47Z</Time>
          <DistanceMeters>196.0</DistanceMeters>
          <HeartRateBpm>
            <Value>193</Value>
          </HeartRateBpm>
          <Cadence><Value>65</Value></Cadence>
          <SensorState>Absent</SensorState>
        </Trackpoint>
        <Trackpoint>
          <Time>2024-12-06T15:02:47Z</Time>
          <DistanceMeters>196.0</DistanceMeters>
          <HeartRateBpm>
            <Value>193</Value>
          </HeartRateBpm>
          <Cadence><Value>65</Value></Cadence>
          <SensorState>Absent</SensorState>
        </Trackpoint>
        <Trackpoint>
          <Time>2024-12-06T15:02:51Z</Time>
          <DistanceMeters>196.0</DistanceMeters>
          <HeartRateBpm>
            <Value>192</Value>
          </HeartRateBpm>
          <Cadence><Value>65</Value></Cadence>
          <SensorState>Absent</SensorState>
        </Trackpoint>
        <Trackpoint>
          <Time>2024-12-06T15:02:54Z</Time>
          <DistanceMeters>196.0</DistanceMeters>
          <HeartRateBpm>
            <Value>191</Value>
          </HeartRateBpm>
          <Cadence><Value>65</Value></Cadence>
          <SensorState>Absent</SensorState>
        </Trackpoint>
        <Trackpoint>
          <Time>2024-12-06T15:02:56Z</Time>
          <DistanceMeters>196.0</DistanceMeters>
          <HeartRateBpm>
            <Value>192</Value>
          </HeartRateBpm>
          <Cadence><Value>65</Value></Cadence>
          <SensorState>Absent</SensorState>
        </Trackpoint>
        <Trackpoint>
          <Time>2024-12-06T15:02:59Z</Time>
          <DistanceMeters>196.0</DistanceMeters>
          <HeartRateBpm>
            <Value>191</Value>
          </HeartRateBpm>
          <Cadence><Value>65</Value></Cadence>
          <SensorState>Absent</SensorState>
        </Trackpoint>
        <Trackpoint>
          <Time>2024-12-06T15:03:00Z</Time>
          <DistanceMeters>196.0</DistanceMeters>
          <HeartRateBpm>
            <Value>175</Value>
          </HeartRateBpm>
          <SensorState>Absent</SensorState>
        </Trackpoint>
        <Trackpoint>
          <Time>2024-12-06T15:03:00Z</Time>
          <DistanceMeters>196.0</DistanceMeters>
          <HeartRateBpm>
            <Value>189</Value>
          </HeartRateBpm>
          <SensorState>Absent</SensorState>
        </Trackpoint>
        <Trackpoint>
          <Time>2024-12-06T15:03:01Z</Time>
          <DistanceMeters>196.0</DistanceMeters>
          <HeartRateBpm>
            <Value>188</Value>
          </HeartRateBpm>
          <SensorState>Absent</SensorState>
        </Trackpoint>
        <Trackpoint>
          <Time>2024-12-06T15:03:03Z</Time>
          <DistanceMeters>196.0</DistanceMeters>
          <HeartRateBpm>
            <Value>186</Value>
          </HeartRateBpm>
          <SensorState>Absent</SensorState>
        </Trackpoint>
        <Trackpoint>
          <Time>2024-12-06T15:03:03Z</Time>
          <DistanceMeters>196.0</DistanceMeters>
          <HeartRateBpm>
            <Value>186</Value>
          </HeartRateBpm>
          <SensorState>Absent</SensorState>
        </Trackpoint>
        <Trackpoint>
          <Time>2024-12-06T15:03:04Z</Time>
          <DistanceMeters>196.0</DistanceMeters>
          <HeartRateBpm>
            <Value>185</Value>
          </HeartRateBpm>
          <SensorState>Absent</SensorState>
        </Trackpoint>
        <Trackpoint>
          <Time>2024-12-06T15:03:05Z</Time>
          <DistanceMeters>210.0</DistanceMeters>
          <HeartRateBpm>
            <Value>183</Value>
          </HeartRateBpm>
          <SensorState>Absent</SensorState>
        </Trackpoint>
        <Trackpoint>
          <Time>2024-12-06T15:03:07Z</Time>
          <DistanceMeters>210.0</DistanceMeters>
          <HeartRateBpm>
            <Value>182</Value>
          </HeartRateBpm>
          <SensorState>Absent</SensorState>
        </Trackpoint>
        <Trackpoint>
          <Time>2024-12-06T15:03:09Z</Time>
          <DistanceMeters>210.0</DistanceMeters>
          <HeartRateBpm>
            <Value>181</Value>
          </HeartRateBpm>
          <SensorState>Absent</SensorState>
        </Trackpoint>
        <Trackpoint>
          <Time>2024-12-06T15:03:12Z</Time>
          <DistanceMeters>210.0</DistanceMeters>
          <HeartRateBpm>
            <Value>178</Value>
          </HeartRateBpm>
          <SensorState>Absent</SensorState>
        </Trackpoint>
        <Trackpoint>
          <Time>2024-12-06T15:03:12Z</Time>
          <DistanceMeters>210.0</DistanceMeters>
          <HeartRateBpm>
            <Value>178</Value>
          </HeartRateBpm>
          <SensorState>Absent</SensorState>
        </Trackpoint>
        <Trackpoint>
          <Time>2024-12-06T15:03:16Z</Time>
          <DistanceMeters>210.0</DistanceMeters>
          <HeartRateBpm>
            <Value>176</Value>
          </HeartRateBpm>
          <SensorState>Absent</SensorState>
        </Trackpoint>
        <Trackpoint>
          <Time>2024-12-06T15:03:17Z</Time>
          <DistanceMeters>210.0</DistanceMeters>
          <HeartRateBpm>
            <Value>175</Value>
          </HeartRateBpm>
          <SensorState>Absent</SensorState>
        </Trackpoint>
        <Trackpoint>
          <Time>2024-12-06T15:03:18Z</Time>
          <DistanceMeters>210.0</DistanceMeters>
          <HeartRateBpm>
            <Value>172</Value>
          </HeartRateBpm>
          <SensorState>Absent</SensorState>
        </Trackpoint>
        <Trackpoint>
          <Time>2024-12-06T15:03:18Z</Time>
          <DistanceMeters>210.0</DistanceMeters>
          <HeartRateBpm>
            <Value>172</Value>
          </HeartRateBpm>
          <SensorState>Absent</SensorState>
        </Trackpoint>
        <Trackpoint>
          <Time>2024-12-06T15:03:20Z</Time>
          <DistanceMeters>210.0</DistanceMeters>
          <HeartRateBpm>
            <Value>169</Value>
          </HeartRateBpm>
          <SensorState>Absent</SensorState>
        </Trackpoint>
        <Trackpoint>
          <Time>2024-12-06T15:03:21Z</Time>
          <DistanceMeters>210.0</DistanceMeters>
          <HeartRateBpm>
            <Value>166</Value>
          </HeartRateBpm>
          <SensorState>Absent</SensorState>
        </Trackpoint>
        <Trackpoint>
          <Time>2024-12-06T15:03:21Z</Time>
          <DistanceMeters>210.0</DistanceMeters>
          <HeartRateBpm>
            <Value>166</Value>
          </HeartRateBpm>
          <SensorState>Absent</SensorState>
        </Trackpoint>
        <Trackpoint>
          <Time>2024-12-06T15:03:24Z</Time>
          <DistanceMeters>210.0</DistanceMeters>
          <HeartRateBpm>
            <Value>165</Value>
          </HeartRateBpm>
          <SensorState>Absent</SensorState>
        </Trackpoint>
        <Trackpoint>
          <Time>2024-12-06T15:03:26Z</Time>
          <DistanceMeters>210.0</DistanceMeters>
          <HeartRateBpm>
            <Value>164</Value>
          </HeartRateBpm>
          <SensorState>Absent</SensorState>
        </Trackpoint>
        <Trackpoint>
          <Time>2024-12-06T15:03:27Z</Time>
          <DistanceMeters>210.0</DistanceMeters>
          <HeartRateBpm>
            <Value>163</Value>
          </HeartRateBpm>
          <SensorState>Absent</SensorState>
        </Trackpoint>
        <Trackpoint>
          <Time>2024-12-06T15:03:29Z</Time>
          <DistanceMeters>210.0</DistanceMeters>
          <HeartRateBpm>
            <Value>165</Value>
          </HeartRateBpm>
          <SensorState>Absent</SensorState>
        </Trackpoint>
        <Trackpoint>
          <Time>2024-12-06T15:03:30Z</Time>
          <DistanceMeters>210.0</DistanceMeters>
          <HeartRateBpm>
            <Value>166</Value>
          </HeartRateBpm>
          <SensorState>Absent</SensorState>
        </Trackpoint>
        <Trackpoint>
          <Time>2024-12-06T15:03:33Z</Time>
          <DistanceMeters>210.0</DistanceMeters>
          <HeartRateBpm>
            <Value>164</Value>
          </HeartRateBpm>
          <SensorState>Absent</SensorState>
        </Trackpoint>
        <Trackpoint>
          <Time>2024-12-06T15:03:34Z</Time>
          <DistanceMeters>210.0</DistanceMeters>
          <HeartRateBpm>
            <Value>166</Value>
          </HeartRateBpm>
          <SensorState>Absent</SensorState>
        </Trackpoint>
        <Trackpoint>
          <Time>2024-12-06T15:03:37Z</Time>
          <DistanceMeters>210.0</DistanceMeters>
          <HeartRateBpm>
            <Value>165</Value>
          </HeartRateBpm>
          <SensorState>Absent</SensorState>
        </Trackpoint>
        <Trackpoint>
          <Time>2024-12-06T15:03:38Z</Time>
          <DistanceMeters>210.0</DistanceMeters>
          <HeartRateBpm>
            <Value>166</Value>
          </HeartRateBpm>
          <SensorState>Absent</SensorState>
        </Trackpoint>
        <Trackpoint>
          <Time>2024-12-06T15:03:43Z</Time>
          <DistanceMeters>210.0</DistanceMeters>
          <HeartRateBpm>
            <Value>167</Value>
          </HeartRateBpm>
          <SensorState>Absent</SensorState>
        </Trackpoint>
        <Trackpoint>
          <Time>2024-12-06T15:03:46Z</Time>
          <DistanceMeters>210.0</DistanceMeters>
          <HeartRateBpm>
            <Value>165</Value>
          </HeartRateBpm>
          <SensorState>Absent</SensorState>
        </Trackpoint>
        <Trackpoint>
          <Time>2024-12-06T15:03:47Z</Time>
          <DistanceMeters>210.0</DistanceMeters>
          <HeartRateBpm>
            <Value>164</Value>
          </HeartRateBpm>
          <SensorState>Absent</SensorState>
        </Trackpoint>
        <Trackpoint>
          <Time>2024-12-06T15:03:51Z</Time>
          <DistanceMeters>210.0</DistanceMeters>
          <HeartRateBpm>
            <Value>165</Value>
          </HeartRateBpm>
          <SensorState>Absent</SensorState>
        </Trackpoint>
        <Trackpoint>
          <Time>2024-12-06T15:03:56Z</Time>
          <DistanceMeters>210.0</DistanceMeters>
          <HeartRateBpm>
            <Value>165</Value>
          </HeartRateBpm>
          <SensorState>Absent</SensorState>
        </Trackpoint>
        <Trackpoint>
          <Time>2024-12-06T15:04:00Z</Time>
          <DistanceMeters>210.0</DistanceMeters>
          <HeartRateBpm>
            <Value>168</Value>
          </HeartRateBpm>
          <Cadence><Value>73</Value></Cadence>
          <SensorState>Absent</SensorState>
        </Trackpoint>
        <Trackpoint>
          <Time>2024-12-06T15:04:01Z</Time>
          <DistanceMeters>210.0</DistanceMeters>
          <HeartRateBpm>
            <Value>165</Value>
          </HeartRateBpm>
          <Cadence><Value>73</Value></Cadence>
          <SensorState>Absent</SensorState>
        </Trackpoint>
        <Trackpoint>
          <Time>2024-12-06T15:04:04Z</Time>
          <DistanceMeters>210.0</DistanceMeters>
          <HeartRateBpm>
            <Value>164</Value>
          </HeartRateBpm>
          <Cadence><Value>73</Value></Cadence>
          <SensorState>Absent</SensorState>
        </Trackpoint>
        <Trackpoint>
          <Time>2024-12-06T15:04:05Z</Time>
          <DistanceMeters>224.0</DistanceMeters>
          <HeartRateBpm>
            <Value>162</Value>
          </HeartRateBpm>
          <Cadence><Value>73</Value></Cadence>
          <SensorState>Absent</SensorState>
        </Trackpoint>
        <Trackpoint>
          <Time>2024-12-06T15:04:06Z</Time>
          <DistanceMeters>224.0</DistanceMeters>
          <HeartRateBpm>
            <Value>163</Value>
          </HeartRateBpm>
          <Cadence><Value>73</Value></Cadence>
          <SensorState>Absent</SensorState>
        </Trackpoint>
        <Trackpoint>
          <Time>2024-12-06T15:04:08Z</Time>
          <DistanceMeters>224.0</DistanceMeters>
          <HeartRateBpm>
            <Value>166</Value>
          </HeartRateBpm>
          <Cadence><Value>73</Value></Cadence>
          <SensorState>Absent</SensorState>
        </Trackpoint>
        <Trackpoint>
          <Time>2024-12-06T15:04:09Z</Time>
          <DistanceMeters>224.0</DistanceMeters>
          <HeartRateBpm>
            <Value>165</Value>
          </HeartRateBpm>
          <Cadence><Value>73</Value></Cadence>
          <SensorState>Absent</SensorState>
        </Trackpoint>
        <Trackpoint>
          <Time>2024-12-06T15:04:10Z</Time>
          <DistanceMeters>224.0</DistanceMeters>
          <HeartRateBpm>
            <Value>164</Value>
          </HeartRateBpm>
          <Cadence><Value>73</Value></Cadence>
          <SensorState>Absent</SensorState>
        </Trackpoint>
        <Trackpoint>
          <Time>2024-12-06T15:04:12Z</Time>
          <DistanceMeters>224.0</DistanceMeters>
          <HeartRateBpm>
            <Value>162</Value>
          </HeartRateBpm>
          <Cadence><Value>73</Value></Cadence>
          <SensorState>Absent</SensorState>
        </Trackpoint>
        <Trackpoint>
          <Time>2024-12-06T15:04:14Z</Time>
          <DistanceMeters>224.0</DistanceMeters>
          <HeartRateBpm>
            <Value>161</Value>
          </HeartRateBpm>
          <Cadence><Value>73</Value></Cadence>
          <SensorState>Absent</SensorState>
        </Trackpoint>
        <Trackpoint>
          <Time>2024-12-06T15:04:17Z</Time>
          <DistanceMeters>224.0</DistanceMeters>
          <HeartRateBpm>
            <Value>162</Value>
          </HeartRateBpm>
          <Cadence><Value>73</Value></Cadence>
          <SensorState>Absent</SensorState>
        </Trackpoint>
        <Trackpoint>
          <Time>2024-12-06T15:04:19Z</Time>
          <DistanceMeters>224.0</DistanceMeters>
          <HeartRateBpm>
            <Value>163</Value>
          </HeartRateBpm>
          <Cadence><Value>73</Value></Cadence>
          <SensorState>Absent</SensorState>
        </Trackpoint>
        <Trackpoint>
          <Time>2024-12-06T15:04:23Z</Time>
          <DistanceMeters>224.0</DistanceMeters>
          <HeartRateBpm>
            <Value>164</Value>
          </HeartRateBpm>
          <Cadence><Value>73</Value></Cadence>
          <SensorState>Absent</SensorState>
        </Trackpoint>
        <Trackpoint>
          <Time>2024-12-06T15:04:23Z</Time>
          <DistanceMeters>224.0</DistanceMeters>
          <HeartRateBpm>
            <Value>164</Value>
          </HeartRateBpm>
          <Cadence><Value>73</Value></Cadence>
          <SensorState>Absent</SensorState>
        </Trackpoint>
        <Trackpoint>
          <Time>2024-12-06T15:04:25Z</Time>
          <DistanceMeters>224.0</DistanceMeters>
          <HeartRateBpm>
            <Value>165</Value>
          </HeartRateBpm>
          <Cadence><Value>73</Value></Cadence>
          <SensorState>Absent</SensorState>
        </Trackpoint>
        <Trackpoint>
          <Time>2024-12-06T15:04:26Z</Time>
          <DistanceMeters>224.0</DistanceMeters>
          <HeartRateBpm>
            <Value>166</Value>
          </HeartRateBpm>
          <Cadence><Value>73</Value></Cadence>
          <SensorState>Absent</SensorState>
        </Trackpoint>
        <Trackpoint>
          <Time>2024-12-06T15:04:31Z</Time>
          <DistanceMeters>224.0</DistanceMeters>
          <HeartRateBpm>
            <Value>169</Value>
          </HeartRateBpm>
          <Cadence><Value>73</Value></Cadence>
          <SensorState>Absent</SensorState>
        </Trackpoint>
        <Trackpoint>
          <Time>2024-12-06T15:04:31Z</Time>
          <DistanceMeters>224.0</DistanceMeters>
          <HeartRateBpm>
            <Value>171</Value>
          </HeartRateBpm>
          <Cadence><Value>73</Value></Cadence>
          <SensorState>Absent</SensorState>
        </Trackpoint>
        <Trackpoint>
          <Time>2024-12-06T15:04:32Z</Time>
          <DistanceMeters>224.0</DistanceMeters>
          <HeartRateBpm>
            <Value>171</Value>
          </HeartRateBpm>
          <Cadence><Value>73</Value></Cadence>
          <SensorState>Absent</SensorState>
        </Trackpoint>
        <Trackpoint>
          <Time>2024-12-06T15:04:33Z</Time>
          <DistanceMeters>224.0</DistanceMeters>
          <HeartRateBpm>
            <Value>172</Value>
          </HeartRateBpm>
          <Cadence><Value>73</Value></Cadence>
          <SensorState>Absent</SensorState>
        </Trackpoint>
        <Trackpoint>
          <Time>2024-12-06T15:04:35Z</Time>
          <DistanceMeters>224.0</DistanceMeters>
          <HeartRateBpm>
            <Value>173</Value>
          </HeartRateBpm>
          <Cadence><Value>73</Value></Cadence>
          <SensorState>Absent</SensorState>
        </Trackpoint>
        <Trackpoint>
          <Time>2024-12-06T15:04:36Z</Time>
          <DistanceMeters>224.0</DistanceMeters>
          <HeartRateBpm>
            <Value>172</Value>
          </HeartRateBpm>
          <Cadence><Value>73</Value></Cadence>
          <SensorState>Absent</SensorState>
        </Trackpoint>
        <Trackpoint>
          <Time>2024-12-06T15:04:39Z</Time>
          <DistanceMeters>224.0</DistanceMeters>
          <HeartRateBpm>
            <Value>171</Value>
          </HeartRateBpm>
          <Cadence><Value>73</Value></Cadence>
          <SensorState>Absent</SensorState>
        </Trackpoint>
        <Trackpoint>
          <Time>2024-12-06T15:04:40Z</Time>
          <DistanceMeters>224.0</DistanceMeters>
          <HeartRateBpm>
            <Value>173</Value>
          </HeartRateBpm>
          <Cadence><Value>73</Value></Cadence>
          <SensorState>Absent</SensorState>
        </Trackpoint>
        <Trackpoint>
          <Time>2024-12-06T15:04:41Z</Time>
          <DistanceMeters>224.0</DistanceMeters>
          <HeartRateBpm>
            <Value>175</Value>
          </HeartRateBpm>
          <Cadence><Value>73</Value></Cadence>
          <SensorState>Absent</SensorState>
        </Trackpoint>
        <Trackpoint>
          <Time>2024-12-06T15:04:43Z</Time>
          <DistanceMeters>224.0</DistanceMeters>
          <HeartRateBpm>
            <Value>173</Value>
          </HeartRateBpm>
          <Cadence><Value>73</Value></Cadence>
          <SensorState>Absent</SensorState>
        </Trackpoint>
        <Trackpoint>
          <Time>2024-12-06T15:04:44Z</Time>
          <DistanceMeters>224.0</DistanceMeters>
          <HeartRateBpm>
            <Value>168</Value>
          </HeartRateBpm>
          <Cadence><Value>73</Value></Cadence>
          <SensorState>Absent</SensorState>
        </Trackpoint>
        <Trackpoint>
          <Time>2024-12-06T15:04:49Z</Time>
          <DistanceMeters>224.0</DistanceMeters>
          <HeartRateBpm>
            <Value>166</Value>
          </HeartRateBpm>
          <Cadence><Value>73</Value></Cadence>
          <SensorState>Absent</SensorState>
        </Trackpoint>
        <Trackpoint>
          <Time>2024-12-06T15:04:49Z</Time>
          <DistanceMeters>224.0</DistanceMeters>
          <HeartRateBpm>
            <Value>165</Value>
          </HeartRateBpm>
          <Cadence><Value>73</Value></Cadence>
          <SensorState>Absent</SensorState>
        </Trackpoint>
        <Trackpoint>
          <Time>2024-12-06T15:04:50Z</Time>
          <DistanceMeters>224.0</DistanceMeters>
          <HeartRateBpm>
            <Value>165</Value>
          </HeartRateBpm>
          <Cadence><Value>73</Value></Cadence>
          <SensorState>Absent</SensorState>
        </Trackpoint>
        <Trackpoint>
          <Time>2024-12-06T15:04:52Z</Time>
          <DistanceMeters>224.0</DistanceMeters>
          <HeartRateBpm>
            <Value>164</Value>
          </HeartRateBpm>
          <Cadence><Value>73</Value></Cadence>
          <SensorState>Absent</SensorState>
        </Trackpoint>
        <Trackpoint>
          <Time>2024-12-06T15:04:53Z</Time>
          <DistanceMeters>224.0</DistanceMeters>
          <HeartRateBpm>
            <Value>163</Value>
          </HeartRateBpm>
          <Cadence><Value>73</Value></Cadence>
          <SensorState>Absent</SensorState>
        </Trackpoint>
        <Trackpoint>
          <Time>2024-12-06T15:04:54Z</Time>
          <DistanceMeters>224.0</DistanceMeters>
          <HeartRateBpm>
            <Value>161</Value>
          </HeartRateBpm>
          <Cadence><Value>73</Value></Cadence>
          <SensorState>Absent</SensorState>
        </Trackpoint>
        <Trackpoint>
          <Time>2024-12-06T15:04:59Z</Time>
          <DistanceMeters>224.0</DistanceMeters>
          <HeartRateBpm>
            <Value>161</Value>
          </HeartRateBpm>
          <Cadence><Value>73</Value></Cadence>
          <SensorState>Absent</SensorState>
        </Trackpoint>
        <Trackpoint>
          <Time>2024-12-06T15:05:00Z</Time>
          <DistanceMeters>224.0</DistanceMeters>
          <HeartRateBpm>
            <Value>161</Value>
          </HeartRateBpm>
          <SensorState>Absent</SensorState>
        </Trackpoint>
        <Trackpoint>
          <Time>2024-12-06T15:05:03Z</Time>
          <DistanceMeters>224.0</DistanceMeters>
          <HeartRateBpm>
            <Value>160</Value>
          </HeartRateBpm>
          <SensorState>Absent</SensorState>
        </Trackpoint>
        <Trackpoint>
          <Time>2024-12-06T15:05:05Z</Time>
          <DistanceMeters>238.0</DistanceMeters>
          <HeartRateBpm>
            <Value>161</Value>
          </HeartRateBpm>
          <SensorState>Absent</SensorState>
        </Trackpoint>
        <Trackpoint>
          <Time>2024-12-06T15:05:06Z</Time>
          <DistanceMeters>238.0</DistanceMeters>
          <HeartRateBpm>
            <Value>162</Value>
          </HeartRateBpm>
          <SensorState>Absent</SensorState>
        </Trackpoint>
        <Trackpoint>
          <Time>2024-12-06T15:05:07Z</Time>
          <DistanceMeters>238.0</DistanceMeters>
          <HeartRateBpm>
            <Value>163</Value>
          </HeartRateBpm>
          <SensorState>Absent</SensorState>
        </Trackpoint>
        <Trackpoint>
          <Time>2024-12-06T15:05:09Z</Time>
          <DistanceMeters>238.0</DistanceMeters>
          <HeartRateBpm>
            <Value>162</Value>
          </HeartRateBpm>
          <SensorState>Absent</SensorState>
        </Trackpoint>
        <Trackpoint>
          <Time>2024-12-06T15:05:10Z</Time>
          <DistanceMeters>238.0</DistanceMeters>
          <HeartRateBpm>
            <Value>161</Value>
          </HeartRateBpm>
          <SensorState>Absent</SensorState>
        </Trackpoint>
        <Trackpoint>
          <Time>2024-12-06T15:05:13Z</Time>
          <DistanceMeters>238.0</DistanceMeters>
          <HeartRateBpm>
            <Value>159</Value>
          </HeartRateBpm>
          <SensorState>Absent</SensorState>
        </Trackpoint>
        <Trackpoint>
          <Time>2024-12-06T15:05:13Z</Time>
          <DistanceMeters>238.0</DistanceMeters>
          <HeartRateBpm>
            <Value>159</Value>
          </HeartRateBpm>
          <SensorState>Absent</SensorState>
        </Trackpoint>
        <Trackpoint>
          <Time>2024-12-06T15:05:14Z</Time>
          <DistanceMeters>238.0</DistanceMeters>
          <HeartRateBpm>
            <Value>158</Value>
          </HeartRateBpm>
          <SensorState>Absent</SensorState>
        </Trackpoint>
        <Trackpoint>
          <Time>2024-12-06T15:05:15Z</Time>
          <DistanceMeters>238.0</DistanceMeters>
          <HeartRateBpm>
            <Value>159</Value>
          </HeartRateBpm>
          <SensorState>Absent</SensorState>
        </Trackpoint>
        <Trackpoint>
          <Time>2024-12-06T15:05:17Z</Time>
          <DistanceMeters>238.0</DistanceMeters>
          <HeartRateBpm>
            <Value>161</Value>
          </HeartRateBpm>
          <SensorState>Absent</SensorState>
        </Trackpoint>
        <Trackpoint>
          <Time>2024-12-06T15:05:22Z</Time>
          <DistanceMeters>238.0</DistanceMeters>
          <HeartRateBpm>
            <Value>161</Value>
          </HeartRateBpm>
          <SensorState>Absent</SensorState>
        </Trackpoint>
        <Trackpoint>
          <Time>2024-12-06T15:05:23Z</Time>
          <DistanceMeters>238.0</DistanceMeters>
          <HeartRateBpm>
            <Value>160</Value>
          </HeartRateBpm>
          <SensorState>Absent</SensorState>
        </Trackpoint>
        <Trackpoint>
          <Time>2024-12-06T15:05:24Z</Time>
          <DistanceMeters>238.0</DistanceMeters>
          <HeartRateBpm>
            <Value>159</Value>
          </HeartRateBpm>
          <SensorState>Absent</SensorState>
        </Trackpoint>
        <Trackpoint>
          <Time>2024-12-06T15:05:30Z</Time>
          <DistanceMeters>238.0</DistanceMeters>
          <HeartRateBpm>
            <Value>159</Value>
          </HeartRateBpm>
          <SensorState>Absent</SensorState>
        </Trackpoint>
        <Trackpoint>
          <Time>2024-12-06T15:05:32Z</Time>
          <DistanceMeters>238.0</DistanceMeters>
          <HeartRateBpm>
            <Value>160</Value>
          </HeartRateBpm>
          <SensorState>Absent</SensorState>
        </Trackpoint>
        <Trackpoint>
          <Time>2024-12-06T15:05:35Z</Time>
          <DistanceMeters>238.0</DistanceMeters>
          <HeartRateBpm>
            <Value>162</Value>
          </HeartRateBpm>
          <SensorState>Absent</SensorState>
        </Trackpoint>
        <Trackpoint>
          <Time>2024-12-06T15:05:39Z</Time>
          <DistanceMeters>238.0</DistanceMeters>
          <HeartRateBpm>
            <Value>161</Value>
          </HeartRateBpm>
          <SensorState>Absent</SensorState>
        </Trackpoint>
        <Trackpoint>
          <Time>2024-12-06T15:05:40Z</Time>
          <DistanceMeters>238.0</DistanceMeters>
          <HeartRateBpm>
            <Value>160</Value>
          </HeartRateBpm>
          <SensorState>Absent</SensorState>
        </Trackpoint>
        <Trackpoint>
          <Time>2024-12-06T15:05:41Z</Time>
          <DistanceMeters>238.0</DistanceMeters>
          <HeartRateBpm>
            <Value>158</Value>
          </HeartRateBpm>
          <SensorState>Absent</SensorState>
        </Trackpoint>
        <Trackpoint>
          <Time>2024-12-06T15:05:43Z</Time>
          <DistanceMeters>238.0</DistanceMeters>
          <HeartRateBpm>
            <Value>157</Value>
          </HeartRateBpm>
          <SensorState>Absent</SensorState>
        </Trackpoint>
        <Trackpoint>
          <Time>2024-12-06T15:05:44Z</Time>
          <DistanceMeters>238.0</DistanceMeters>
          <HeartRateBpm>
            <Value>156</Value>
          </HeartRateBpm>
          <SensorState>Absent</SensorState>
        </Trackpoint>
        <Trackpoint>
          <Time>2024-12-06T15:05:47Z</Time>
          <DistanceMeters>238.0</DistanceMeters>
          <HeartRateBpm>
            <Value>158</Value>
          </HeartRateBpm>
          <SensorState>Absent</SensorState>
        </Trackpoint>
        <Trackpoint>
          <Time>2024-12-06T15:05:48Z</Time>
          <DistanceMeters>238.0</DistanceMeters>
          <HeartRateBpm>
            <Value>156</Value>
          </HeartRateBpm>
          <SensorState>Absent</SensorState>
        </Trackpoint>
        <Trackpoint>
          <Time>2024-12-06T15:05:49Z</Time>
          <DistanceMeters>238.0</DistanceMeters>
          <HeartRateBpm>
            <Value>155</Value>
          </HeartRateBpm>
          <SensorState>Absent</SensorState>
        </Trackpoint>
        <Trackpoint>
          <Time>2024-12-06T15:06:00Z</Time>
          <DistanceMeters>238.0</DistanceMeters>
          <HeartRateBpm>
            <Value>125</Value>
          </HeartRateBpm>
          <SensorState>Absent</SensorState>
        </Trackpoint>
        <Trackpoint>
          <Time>2024-12-06T15:06:33Z</Time>
          <DistanceMeters>252.0</DistanceMeters>
          <HeartRateBpm>
            <Value>125</Value>
          </HeartRateBpm>
          <SensorState>Absent</SensorState>
        </Trackpoint>
        <Trackpoint>
          <Time>2024-12-06T15:06:33Z</Time>
          <DistanceMeters>252.0</DistanceMeters>
          <HeartRateBpm>
            <Value>125</Value>
          </HeartRateBpm>
          <SensorState>Absent</SensorState>
        </Trackpoint>
        <Trackpoint>
          <Time>2024-12-06T15:06:38Z</Time>
          <DistanceMeters>252.0</DistanceMeters>
          <HeartRateBpm>
            <Value>125</Value>
          </HeartRateBpm>
          <SensorState>Absent</SensorState>
        </Trackpoint>
        <Trackpoint>
          <Time>2024-12-06T15:06:42Z</Time>
          <DistanceMeters>252.0</DistanceMeters>
          <HeartRateBpm>
            <Value>124</Value>
          </HeartRateBpm>
          <SensorState>Absent</SensorState>
        </Trackpoint>
        <Trackpoint>
          <Time>2024-12-06T15:06:44Z</Time>
          <DistanceMeters>252.0</DistanceMeters>
          <HeartRateBpm>
            <Value>122</Value>
          </HeartRateBpm>
          <SensorState>Absent</SensorState>
        </Trackpoint>
        <Trackpoint>
          <Time>2024-12-06T15:06:46Z</Time>
          <DistanceMeters>252.0</DistanceMeters>
          <HeartRateBpm>
            <Value>120</Value>
          </HeartRateBpm>
          <SensorState>Absent</SensorState>
        </Trackpoint>
        <Trackpoint>
          <Time>2024-12-06T15:06:47Z</Time>
          <DistanceMeters>252.0</DistanceMeters>
          <HeartRateBpm>
            <Value>117</Value>
          </HeartRateBpm>
          <SensorState>Absent</SensorState>
        </Trackpoint>
        <Trackpoint>
          <Time>2024-12-06T15:06:47Z</Time>
          <DistanceMeters>252.0</DistanceMeters>
          <HeartRateBpm>
            <Value>117</Value>
          </HeartRateBpm>
          <SensorState>Absent</SensorState>
        </Trackpoint>
        <Trackpoint>
          <Time>2024-12-06T15:06:48Z</Time>
          <DistanceMeters>252.0</DistanceMeters>
          <HeartRateBpm>
            <Value>109</Value>
          </HeartRateBpm>
          <SensorState>Absent</SensorState>
        </Trackpoint>
        <Trackpoint>
          <Time>2024-12-06T15:06:48Z</Time>
          <DistanceMeters>252.0</DistanceMeters>
          <HeartRateBpm>
            <Value>109</Value>
          </HeartRateBpm>
          <SensorState>Absent</SensorState>
        </Trackpoint>
        <Trackpoint>
          <Time>2024-12-06T15:06:50Z</Time>
          <DistanceMeters>252.0</DistanceMeters>
          <HeartRateBpm>
            <Value>101</Value>
          </HeartRateBpm>
          <SensorState>Absent</SensorState>
        </Trackpoint>
        <Trackpoint>
          <Time>2024-12-06T15:06:50Z</Time>
          <DistanceMeters>252.0</DistanceMeters>
          <HeartRateBpm>
            <Value>101</Value>
          </HeartRateBpm>
          <SensorState>Absent</SensorState>
        </Trackpoint>
        <Trackpoint>
          <Time>2024-12-06T15:06:51Z</Time>
          <DistanceMeters>252.0</DistanceMeters>
          <HeartRateBpm>
            <Value>96</Value>
          </HeartRateBpm>
          <SensorState>Absent</SensorState>
        </Trackpoint>
        <Trackpoint>
          <Time>2024-12-06T15:06:52Z</Time>
          <DistanceMeters>252.0</DistanceMeters>
          <HeartRateBpm>
            <Value>93</Value>
          </HeartRateBpm>
          <SensorState>Absent</SensorState>
        </Trackpoint>
        <Trackpoint>
          <Time>2024-12-06T15:06:52Z</Time>
          <DistanceMeters>252.0</DistanceMeters>
          <HeartRateBpm>
            <Value>93</Value>
          </HeartRateBpm>
          <SensorState>Absent</SensorState>
        </Trackpoint>
        <Trackpoint>
          <Time>2024-12-06T15:06:53Z</Time>
          <DistanceMeters>252.0</DistanceMeters>
          <HeartRateBpm>
            <Value>91</Value>
          </HeartRateBpm>
          <SensorState>Absent</SensorState>
        </Trackpoint>
        <Trackpoint>
          <Time>2024-12-06T15:06:56Z</Time>
          <DistanceMeters>252.0</DistanceMeters>
          <HeartRateBpm>
            <Value>92</Value>
          </HeartRateBpm>
          <SensorState>Absent</SensorState>
        </Trackpoint>
        <Trackpoint>
          <Time>2024-12-06T15:06:57Z</Time>
          <DistanceMeters>252.0</DistanceMeters>
          <HeartRateBpm>
            <Value>95</Value>
          </HeartRateBpm>
          <SensorState>Absent</SensorState>
        </Trackpoint>
        <Trackpoint>
          <Time>2024-12-06T15:06:59Z</Time>
          <DistanceMeters>252.0</DistanceMeters>
          <HeartRateBpm>
            <Value>96</Value>
          </HeartRateBpm>
          <SensorState>Absent</SensorState>
        </Trackpoint>
        <Trackpoint>
          <Time>2024-12-06T15:07:00Z</Time>
          <DistanceMeters>252.0</DistanceMeters>
          <HeartRateBpm>
            <Value>105</Value>
          </HeartRateBpm>
          <SensorState>Absent</SensorState>
        </Trackpoint>
        <Trackpoint>
          <Time>2024-12-06T15:07:01Z</Time>
          <DistanceMeters>252.0</DistanceMeters>
          <HeartRateBpm>
            <Value>95</Value>
          </HeartRateBpm>
          <SensorState>Absent</SensorState>
        </Trackpoint>
        <Trackpoint>
          <Time>2024-12-06T15:07:06Z</Time>
          <DistanceMeters>266.0</DistanceMeters>
          <HeartRateBpm>
            <Value>96</Value>
          </HeartRateBpm>
          <SensorState>Absent</SensorState>
        </Trackpoint>
        <Trackpoint>
          <Time>2024-12-06T15:07:09Z</Time>
          <DistanceMeters>266.0</DistanceMeters>
          <HeartRateBpm>
            <Value>97</Value>
          </HeartRateBpm>
          <SensorState>Absent</SensorState>
        </Trackpoint>
        <Trackpoint>
          <Time>2024-12-06T15:07:10Z</Time>
          <DistanceMeters>266.0</DistanceMeters>
          <HeartRateBpm>
            <Value>98</Value>
          </HeartRateBpm>
          <SensorState>Absent</SensorState>
        </Trackpoint>
        <Trackpoint>
          <Time>2024-12-06T15:07:13Z</Time>
          <DistanceMeters>266.0</DistanceMeters>
          <HeartRateBpm>
            <Value>99</Value>
          </HeartRateBpm>
          <SensorState>Absent</SensorState>
        </Trackpoint>
        <Trackpoint>
          <Time>2024-12-06T15:07:13Z</Time>
          <DistanceMeters>266.0</DistanceMeters>
          <HeartRateBpm>
            <Value>99</Value>
          </HeartRateBpm>
          <SensorState>Absent</SensorState>
        </Trackpoint>
        <Trackpoint>
          <Time>2024-12-06T15:07:14Z</Time>
          <DistanceMeters>266.0</DistanceMeters>
          <HeartRateBpm>
            <Value>100</Value>
          </HeartRateBpm>
          <SensorState>Absent</SensorState>
        </Trackpoint>
        <Trackpoint>
          <Time>2024-12-06T15:07:17Z</Time>
          <DistanceMeters>266.0</DistanceMeters>
          <HeartRateBpm>
            <Value>101</Value>
          </HeartRateBpm>
          <SensorState>Absent</SensorState>
        </Trackpoint>
        <Trackpoint>
          <Time>2024-12-06T15:07:22Z</Time>
          <DistanceMeters>266.0</DistanceMeters>
          <HeartRateBpm>
            <Value>102</Value>
          </HeartRateBpm>
          <SensorState>Absent</SensorState>
        </Trackpoint>
        <Trackpoint>
          <Time>2024-12-06T15:07:23Z</Time>
          <DistanceMeters>266.0</DistanceMeters>
          <HeartRateBpm>
            <Value>103</Value>
          </HeartRateBpm>
          <SensorState>Absent</SensorState>
        </Trackpoint>
        <Trackpoint>
          <Time>2024-12-06T15:07:26Z</Time>
          <DistanceMeters>266.0</DistanceMeters>
          <HeartRateBpm>
            <Value>104</Value>
          </HeartRateBpm>
          <SensorState>Absent</SensorState>
        </Trackpoint>
        <Trackpoint>
          <Time>2024-12-06T15:07:27Z</Time>
          <DistanceMeters>266.0</DistanceMeters>
          <HeartRateBpm>
            <Value>103</Value>
          </HeartRateBpm>
          <SensorState>Absent</SensorState>
        </Trackpoint>
        <Trackpoint>
          <Time>2024-12-06T15:07:30Z</Time>
          <DistanceMeters>266.0</DistanceMeters>
          <HeartRateBpm>
            <Value>102</Value>
          </HeartRateBpm>
          <SensorState>Absent</SensorState>
        </Trackpoint>
        <Trackpoint>
          <Time>2024-12-06T15:07:31Z</Time>
          <DistanceMeters>266.0</DistanceMeters>
          <HeartRateBpm>
            <Value>101</Value>
          </HeartRateBpm>
          <SensorState>Absent</SensorState>
        </Trackpoint>
        <Trackpoint>
          <Time>2024-12-06T15:07:32Z</Time>
          <DistanceMeters>266.0</DistanceMeters>
          <HeartRateBpm>
            <Value>100</Value>
          </HeartRateBpm>
          <SensorState>Absent</SensorState>
        </Trackpoint>
        <Trackpoint>
          <Time>2024-12-06T15:07:34Z</Time>
          <DistanceMeters>266.0</DistanceMeters>
          <HeartRateBpm>
            <Value>99</Value>
          </HeartRateBpm>
          <SensorState>Absent</SensorState>
        </Trackpoint>
        <Trackpoint>
          <Time>2024-12-06T15:07:36Z</Time>
          <DistanceMeters>266.0</DistanceMeters>
          <HeartRateBpm>
            <Value>98</Value>
          </HeartRateBpm>
          <SensorState>Absent</SensorState>
        </Trackpoint>
        <Trackpoint>
          <Time>2024-12-06T15:07:42Z</Time>
          <DistanceMeters>266.0</DistanceMeters>
          <HeartRateBpm>
            <Value>98</Value>
          </HeartRateBpm>
          <SensorState>Absent</SensorState>
        </Trackpoint>
        <Trackpoint>
          <Time>2024-12-06T15:07:45Z</Time>
          <DistanceMeters>266.0</DistanceMeters>
          <HeartRateBpm>
            <Value>97</Value>
          </HeartRateBpm>
          <SensorState>Absent</SensorState>
        </Trackpoint>
        <Trackpoint>
          <Time>2024-12-06T15:07:47Z</Time>
          <DistanceMeters>266.0</DistanceMeters>
          <HeartRateBpm>
            <Value>96</Value>
          </HeartRateBpm>
          <SensorState>Absent</SensorState>
        </Trackpoint>
        <Trackpoint>
          <Time>2024-12-06T15:07:49Z</Time>
          <DistanceMeters>266.0</DistanceMeters>
          <HeartRateBpm>
            <Value>97</Value>
          </HeartRateBpm>
          <SensorState>Absent</SensorState>
        </Trackpoint>
        <Trackpoint>
          <Time>2024-12-06T15:07:53Z</Time>
          <DistanceMeters>266.0</DistanceMeters>
          <HeartRateBpm>
            <Value>96</Value>
          </HeartRateBpm>
          <SensorState>Absent</SensorState>
        </Trackpoint>
        <Trackpoint>
          <Time>2024-12-06T15:07:57Z</Time>
          <DistanceMeters>266.0</DistanceMeters>
          <HeartRateBpm>
            <Value>97</Value>
          </HeartRateBpm>
          <SensorState>Absent</SensorState>
        </Trackpoint>
        <Trackpoint>
          <Time>2024-12-06T15:08:00Z</Time>
          <DistanceMeters>266.0</DistanceMeters>
          <HeartRateBpm>
            <Value>101</Value>
          </HeartRateBpm>
          <SensorState>Absent</SensorState>
        </Trackpoint>
        <Trackpoint>
          <Time>2024-12-06T15:08:02Z</Time>
          <DistanceMeters>266.0</DistanceMeters>
          <HeartRateBpm>
            <Value>100</Value>
          </HeartRateBpm>
          <SensorState>Absent</SensorState>
        </Trackpoint>
        <Trackpoint>
          <Time>2024-12-06T15:08:04Z</Time>
          <DistanceMeters>266.0</DistanceMeters>
          <HeartRateBpm>
            <Value>101</Value>
          </HeartRateBpm>
          <SensorState>Absent</SensorState>
        </Trackpoint>
        <Trackpoint>
          <Time>2024-12-06T15:08:05Z</Time>
          <DistanceMeters>281.0</DistanceMeters>
          <HeartRateBpm>
            <Value>102</Value>
          </HeartRateBpm>
          <SensorState>Absent</SensorState>
        </Trackpoint>
        <Trackpoint>
          <Time>2024-12-06T15:08:06Z</Time>
          <DistanceMeters>281.0</DistanceMeters>
          <HeartRateBpm>
            <Value>103</Value>
          </HeartRateBpm>
          <SensorState>Absent</SensorState>
        </Trackpoint>
        <Trackpoint>
          <Time>2024-12-06T15:08:08Z</Time>
          <DistanceMeters>281.0</DistanceMeters>
          <HeartRateBpm>
            <Value>101</Value>
          </HeartRateBpm>
          <SensorState>Absent</SensorState>
        </Trackpoint>
        <Trackpoint>
          <Time>2024-12-06T15:08:10Z</Time>
          <DistanceMeters>281.0</DistanceMeters>
          <HeartRateBpm>
            <Value>100</Value>
          </HeartRateBpm>
          <SensorState>Absent</SensorState>
        </Trackpoint>
        <Trackpoint>
          <Time>2024-12-06T15:08:11Z</Time>
          <DistanceMeters>281.0</DistanceMeters>
          <HeartRateBpm>
            <Value>101</Value>
          </HeartRateBpm>
          <SensorState>Absent</SensorState>
        </Trackpoint>
        <Trackpoint>
          <Time>2024-12-06T15:08:13Z</Time>
          <DistanceMeters>281.0</DistanceMeters>
          <HeartRateBpm>
            <Value>102</Value>
          </HeartRateBpm>
          <SensorState>Absent</SensorState>
        </Trackpoint>
        <Trackpoint>
          <Time>2024-12-06T15:08:13Z</Time>
          <DistanceMeters>281.0</DistanceMeters>
          <HeartRateBpm>
            <Value>102</Value>
          </HeartRateBpm>
          <SensorState>Absent</SensorState>
        </Trackpoint>
        <Trackpoint>
          <Time>2024-12-06T15:08:14Z</Time>
          <DistanceMeters>281.0</DistanceMeters>
          <HeartRateBpm>
            <Value>103</Value>
          </HeartRateBpm>
          <SensorState>Absent</SensorState>
        </Trackpoint>
        <Trackpoint>
          <Time>2024-12-06T15:08:15Z</Time>
          <DistanceMeters>281.0</DistanceMeters>
          <HeartRateBpm>
            <Value>104</Value>
          </HeartRateBpm>
          <SensorState>Absent</SensorState>
        </Trackpoint>
        <Trackpoint>
          <Time>2024-12-06T15:08:21Z</Time>
          <DistanceMeters>281.0</DistanceMeters>
          <HeartRateBpm>
            <Value>103</Value>
          </HeartRateBpm>
          <SensorState>Absent</SensorState>
        </Trackpoint>
        <Trackpoint>
          <Time>2024-12-06T15:08:23Z</Time>
          <DistanceMeters>281.0</DistanceMeters>
          <HeartRateBpm>
            <Value>102</Value>
          </HeartRateBpm>
          <SensorState>Absent</SensorState>
        </Trackpoint>
        <Trackpoint>
          <Time>2024-12-06T15:08:24Z</Time>
          <DistanceMeters>281.0</DistanceMeters>
          <HeartRateBpm>
            <Value>101</Value>
          </HeartRateBpm>
          <SensorState>Absent</SensorState>
        </Trackpoint>
        <Trackpoint>
          <Time>2024-12-06T15:08:27Z</Time>
          <DistanceMeters>281.0</DistanceMeters>
          <HeartRateBpm>
            <Value>100</Value>
          </HeartRateBpm>
          <SensorState>Absent</SensorState>
        </Trackpoint>
        <Trackpoint>
          <Time>2024-12-06T15:08:28Z</Time>
          <DistanceMeters>281.0</DistanceMeters>
          <HeartRateBpm>
            <Value>99</Value>
          </HeartRateBpm>
          <SensorState>Absent</SensorState>
        </Trackpoint>
        <Trackpoint>
          <Time>2024-12-06T15:08:35Z</Time>
          <DistanceMeters>281.0</DistanceMeters>
          <HeartRateBpm>
            <Value>99</Value>
          </HeartRateBpm>
          <SensorState>Absent</SensorState>
        </Trackpoint>
        <Trackpoint>
          <Time>2024-12-06T15:08:36Z</Time>
          <DistanceMeters>281.0</DistanceMeters>
          <HeartRateBpm>
            <Value>101</Value>
          </HeartRateBpm>
          <SensorState>Absent</SensorState>
        </Trackpoint>
        <Trackpoint>
          <Time>2024-12-06T15:08:37Z</Time>
          <DistanceMeters>281.0</DistanceMeters>
          <HeartRateBpm>
            <Value>102</Value>
          </HeartRateBpm>
          <SensorState>Absent</SensorState>
        </Trackpoint>
        <Trackpoint>
          <Time>2024-12-06T15:08:38Z</Time>
          <DistanceMeters>281.0</DistanceMeters>
          <HeartRateBpm>
            <Value>100</Value>
          </HeartRateBpm>
          <SensorState>Absent</SensorState>
        </Trackpoint>
        <Trackpoint>
          <Time>2024-12-06T15:08:44Z</Time>
          <DistanceMeters>281.0</DistanceMeters>
          <HeartRateBpm>
            <Value>100</Value>
          </HeartRateBpm>
          <SensorState>Absent</SensorState>
        </Trackpoint>
        <Trackpoint>
          <Time>2024-12-06T15:08:48Z</Time>
          <DistanceMeters>281.0</DistanceMeters>
          <HeartRateBpm>
            <Value>101</Value>
          </HeartRateBpm>
          <SensorState>Absent</SensorState>
        </Trackpoint>
        <Trackpoint>
          <Time>2024-12-06T15:08:49Z</Time>
          <DistanceMeters>281.0</DistanceMeters>
          <HeartRateBpm>
            <Value>100</Value>
          </HeartRateBpm>
          <SensorState>Absent</SensorState>
        </Trackpoint>
        <Trackpoint>
          <Time>2024-12-06T15:08:50Z</Time>
          <DistanceMeters>281.0</DistanceMeters>
          <HeartRateBpm>
            <Value>99</Value>
          </HeartRateBpm>
          <SensorState>Absent</SensorState>
        </Trackpoint>
        <Trackpoint>
          <Time>2024-12-06T15:08:53Z</Time>
          <DistanceMeters>281.0</DistanceMeters>
          <HeartRateBpm>
            <Value>98</Value>
          </HeartRateBpm>
          <SensorState>Absent</SensorState>
        </Trackpoint>
        <Trackpoint>
          <Time>2024-12-06T15:08:58Z</Time>
          <DistanceMeters>281.0</DistanceMeters>
          <HeartRateBpm>
            <Value>97</Value>
          </HeartRateBpm>
          <SensorState>Absent</SensorState>
        </Trackpoint>
        <Trackpoint>
          <Time>2024-12-06T15:08:58Z</Time>
          <DistanceMeters>281.0</DistanceMeters>
          <HeartRateBpm>
            <Value>95</Value>
          </HeartRateBpm>
          <SensorState>Absent</SensorState>
        </Trackpoint>
        <Trackpoint>
          <Time>2024-12-06T15:08:59Z</Time>
          <DistanceMeters>281.0</DistanceMeters>
          <HeartRateBpm>
            <Value>95</Value>
          </HeartRateBpm>
          <SensorState>Absent</SensorState>
        </Trackpoint>
        <Trackpoint>
          <Time>2024-12-06T15:09:00Z</Time>
          <DistanceMeters>281.0</DistanceMeters>
          <HeartRateBpm>
            <Value>92</Value>
          </HeartRateBpm>
          <SensorState>Absent</SensorState>
        </Trackpoint>
        <Trackpoint>
          <Time>2024-12-06T15:09:01Z</Time>
          <DistanceMeters>281.0</DistanceMeters>
          <HeartRateBpm>
            <Value>94</Value>
          </HeartRateBpm>
          <SensorState>Absent</SensorState>
        </Trackpoint>
        <Trackpoint>
          <Time>2024-12-06T15:09:02Z</Time>
          <DistanceMeters>281.0</DistanceMeters>
          <HeartRateBpm>
            <Value>93</Value>
          </HeartRateBpm>
          <SensorState>Absent</SensorState>
        </Trackpoint>
        <Trackpoint>
          <Time>2024-12-06T15:09:07Z</Time>
          <DistanceMeters>295.0</DistanceMeters>
          <HeartRateBpm>
            <Value>92</Value>
          </HeartRateBpm>
          <SensorState>Absent</SensorState>
        </Trackpoint>
        <Trackpoint>
          <Time>2024-12-06T15:09:08Z</Time>
          <DistanceMeters>295.0</DistanceMeters>
          <HeartRateBpm>
            <Value>91</Value>
          </HeartRateBpm>
          <SensorState>Absent</SensorState>
        </Trackpoint>
        <Trackpoint>
          <Time>2024-12-06T15:09:10Z</Time>
          <DistanceMeters>295.0</DistanceMeters>
          <HeartRateBpm>
            <Value>90</Value>
          </HeartRateBpm>
          <SensorState>Absent</SensorState>
        </Trackpoint>
        <Trackpoint>
          <Time>2024-12-06T15:09:13Z</Time>
          <DistanceMeters>295.0</DistanceMeters>
          <HeartRateBpm>
            <Value>89</Value>
          </HeartRateBpm>
          <SensorState>Absent</SensorState>
        </Trackpoint>
        <Trackpoint>
          <Time>2024-12-06T15:09:14Z</Time>
          <DistanceMeters>295.0</DistanceMeters>
          <HeartRateBpm>
            <Value>89</Value>
          </HeartRateBpm>
          <SensorState>Absent</SensorState>
        </Trackpoint>
        <Trackpoint>
          <Time>2024-12-06T15:09:19Z</Time>
          <DistanceMeters>295.0</DistanceMeters>
          <HeartRateBpm>
            <Value>89</Value>
          </HeartRateBpm>
          <SensorState>Absent</SensorState>
        </Trackpoint>
        <Trackpoint>
          <Time>2024-12-06T15:09:21Z</Time>
          <DistanceMeters>295.0</DistanceMeters>
          <HeartRateBpm>
            <Value>88</Value>
          </HeartRateBpm>
          <SensorState>Absent</SensorState>
        </Trackpoint>
        <Trackpoint>
          <Time>2024-12-06T15:09:23Z</Time>
          <DistanceMeters>295.0</DistanceMeters>
          <HeartRateBpm>
            <Value>89</Value>
          </HeartRateBpm>
          <SensorState>Absent</SensorState>
        </Trackpoint>
        <Trackpoint>
          <Time>2024-12-06T15:09:25Z</Time>
          <DistanceMeters>295.0</DistanceMeters>
          <HeartRateBpm>
            <Value>90</Value>
          </HeartRateBpm>
          <SensorState>Absent</SensorState>
        </Trackpoint>
        <Trackpoint>
          <Time>2024-12-06T15:09:28Z</Time>
          <DistanceMeters>295.0</DistanceMeters>
          <HeartRateBpm>
            <Value>89</Value>
          </HeartRateBpm>
          <SensorState>Absent</SensorState>
        </Trackpoint>
        <Trackpoint>
          <Time>2024-12-06T15:09:29Z</Time>
          <DistanceMeters>295.0</DistanceMeters>
          <HeartRateBpm>
            <Value>87</Value>
          </HeartRateBpm>
          <SensorState>Absent</SensorState>
        </Trackpoint>
        <Trackpoint>
          <Time>2024-12-06T15:09:31Z</Time>
          <DistanceMeters>295.0</DistanceMeters>
          <HeartRateBpm>
            <Value>86</Value>
          </HeartRateBpm>
          <SensorState>Absent</SensorState>
        </Trackpoint>
        <Trackpoint>
          <Time>2024-12-06T15:09:36Z</Time>
          <DistanceMeters>295.0</DistanceMeters>
          <HeartRateBpm>
            <Value>86</Value>
          </HeartRateBpm>
          <SensorState>Absent</SensorState>
        </Trackpoint>
        <Trackpoint>
          <Time>2024-12-06T15:09:37Z</Time>
          <DistanceMeters>295.0</DistanceMeters>
          <HeartRateBpm>
            <Value>87</Value>
          </HeartRateBpm>
          <SensorState>Absent</SensorState>
        </Trackpoint>
        <Trackpoint>
          <Time>2024-12-06T15:09:39Z</Time>
          <DistanceMeters>295.0</DistanceMeters>
          <HeartRateBpm>
            <Value>88</Value>
          </HeartRateBpm>
          <SensorState>Absent</SensorState>
        </Trackpoint>
        <Trackpoint>
          <Time>2024-12-06T15:09:41Z</Time>
          <DistanceMeters>295.0</DistanceMeters>
          <HeartRateBpm>
            <Value>89</Value>
          </HeartRateBpm>
          <SensorState>Absent</SensorState>
        </Trackpoint>
        <Trackpoint>
          <Time>2024-12-06T15:09:42Z</Time>
          <DistanceMeters>295.0</DistanceMeters>
          <HeartRateBpm>
            <Value>88</Value>
          </HeartRateBpm>
          <SensorState>Absent</SensorState>
        </Trackpoint>
        <Trackpoint>
          <Time>2024-12-06T15:09:46Z</Time>
          <DistanceMeters>295.0</DistanceMeters>
          <HeartRateBpm>
            <Value>87</Value>
          </HeartRateBpm>
          <SensorState>Absent</SensorState>
        </Trackpoint>
        <Trackpoint>
          <Time>2024-12-06T15:09:49Z</Time>
          <DistanceMeters>295.0</DistanceMeters>
          <HeartRateBpm>
            <Value>88</Value>
          </HeartRateBpm>
          <SensorState>Absent</SensorState>
        </Trackpoint>
        <Trackpoint>
          <Time>2024-12-06T15:09:50Z</Time>
          <DistanceMeters>295.0</DistanceMeters>
          <HeartRateBpm>
            <Value>89</Value>
          </HeartRateBpm>
          <SensorState>Absent</SensorState>
        </Trackpoint>
        <Trackpoint>
          <Time>2024-12-06T15:09:55Z</Time>
          <DistanceMeters>295.0</DistanceMeters>
          <HeartRateBpm>
            <Value>89</Value>
          </HeartRateBpm>
          <SensorState>Absent</SensorState>
        </Trackpoint>
        <Trackpoint>
          <Time>2024-12-06T15:10:00Z</Time>
          <DistanceMeters>295.0</DistanceMeters>
          <HeartRateBpm>
            <Value>86</Value>
          </HeartRateBpm>
          <SensorState>Absent</SensorState>
        </Trackpoint>
        <Trackpoint>
          <Time>2024-12-06T15:10:01Z</Time>
          <DistanceMeters>295.0</DistanceMeters>
          <HeartRateBpm>
            <Value>89</Value>
          </HeartRateBpm>
          <SensorState>Absent</SensorState>
        </Trackpoint>
        <Trackpoint>
          <Time>2024-12-06T15:10:06Z</Time>
          <DistanceMeters>309.0</DistanceMeters>
          <HeartRateBpm>
            <Value>89</Value>
          </HeartRateBpm>
          <SensorState>Absent</SensorState>
        </Trackpoint>
        <Trackpoint>
          <Time>2024-12-06T15:10:07Z</Time>
          <DistanceMeters>309.0</DistanceMeters>
          <HeartRateBpm>
            <Value>90</Value>
          </HeartRateBpm>
          <SensorState>Absent</SensorState>
        </Trackpoint>
        <Trackpoint>
          <Time>2024-12-06T15:10:08Z</Time>
          <DistanceMeters>309.0</DistanceMeters>
          <HeartRateBpm>
            <Value>89</Value>
          </HeartRateBpm>
          <SensorState>Absent</SensorState>
        </Trackpoint>
        <Trackpoint>
          <Time>2024-12-06T15:10:10Z</Time>
          <DistanceMeters>309.0</DistanceMeters>
          <HeartRateBpm>
            <Value>88</Value>
          </HeartRateBpm>
          <SensorState>Absent</SensorState>
        </Trackpoint>
        <Trackpoint>
          <Time>2024-12-06T15:10:11Z</Time>
          <DistanceMeters>309.0</DistanceMeters>
          <HeartRateBpm>
            <Value>87</Value>
          </HeartRateBpm>
          <SensorState>Absent</SensorState>
        </Trackpoint>
        <Trackpoint>
          <Time>2024-12-06T15:10:14Z</Time>
          <DistanceMeters>309.0</DistanceMeters>
          <HeartRateBpm>
            <Value>86</Value>
          </HeartRateBpm>
          <SensorState>Absent</SensorState>
        </Trackpoint>
        <Trackpoint>
          <Time>2024-12-06T15:10:14Z</Time>
          <DistanceMeters>309.0</DistanceMeters>
          <HeartRateBpm>
            <Value>86</Value>
          </HeartRateBpm>
          <SensorState>Absent</SensorState>
        </Trackpoint>
        <Trackpoint>
          <Time>2024-12-06T15:10:15Z</Time>
          <DistanceMeters>309.0</DistanceMeters>
          <HeartRateBpm>
            <Value>85</Value>
          </HeartRateBpm>
          <SensorState>Absent</SensorState>
        </Trackpoint>
        <Trackpoint>
          <Time>2024-12-06T15:10:18Z</Time>
          <DistanceMeters>309.0</DistanceMeters>
          <HeartRateBpm>
            <Value>84</Value>
          </HeartRateBpm>
          <SensorState>Absent</SensorState>
        </Trackpoint>
        <Trackpoint>
          <Time>2024-12-06T15:10:19Z</Time>
          <DistanceMeters>309.0</DistanceMeters>
          <HeartRateBpm>
            <Value>83</Value>
          </HeartRateBpm>
          <SensorState>Absent</SensorState>
        </Trackpoint>
        <Trackpoint>
          <Time>2024-12-06T15:10:21Z</Time>
          <DistanceMeters>309.0</DistanceMeters>
          <HeartRateBpm>
            <Value>81</Value>
          </HeartRateBpm>
          <SensorState>Absent</SensorState>
        </Trackpoint>
        <Trackpoint>
          <Time>2024-12-06T15:10:23Z</Time>
          <DistanceMeters>309.0</DistanceMeters>
          <HeartRateBpm>
            <Value>80</Value>
          </HeartRateBpm>
          <SensorState>Absent</SensorState>
        </Trackpoint>
        <Trackpoint>
          <Time>2024-12-06T15:10:23Z</Time>
          <DistanceMeters>309.0</DistanceMeters>
          <HeartRateBpm>
            <Value>80</Value>
          </HeartRateBpm>
          <SensorState>Absent</SensorState>
        </Trackpoint>
        <Trackpoint>
          <Time>2024-12-06T15:10:24Z</Time>
          <DistanceMeters>309.0</DistanceMeters>
          <HeartRateBpm>
            <Value>79</Value>
          </HeartRateBpm>
          <SensorState>Absent</SensorState>
        </Trackpoint>
        <Trackpoint>
          <Time>2024-12-06T15:10:27Z</Time>
          <DistanceMeters>309.0</DistanceMeters>
          <HeartRateBpm>
            <Value>80</Value>
          </HeartRateBpm>
          <SensorState>Absent</SensorState>
        </Trackpoint>
        <Trackpoint>
          <Time>2024-12-06T15:10:31Z</Time>
          <DistanceMeters>309.0</DistanceMeters>
          <HeartRateBpm>
            <Value>82</Value>
          </HeartRateBpm>
          <SensorState>Absent</SensorState>
        </Trackpoint>
        <Trackpoint>
          <Time>2024-12-06T15:10:33Z</Time>
          <DistanceMeters>309.0</DistanceMeters>
          <HeartRateBpm>
            <Value>83</Value>
          </HeartRateBpm>
          <SensorState>Absent</SensorState>
        </Trackpoint>
        <Trackpoint>
          <Time>2024-12-06T15:10:36Z</Time>
          <DistanceMeters>309.0</DistanceMeters>
          <HeartRateBpm>
            <Value>84</Value>
          </HeartRateBpm>
          <SensorState>Absent</SensorState>
        </Trackpoint>
        <Trackpoint>
          <Time>2024-12-06T15:10:38Z</Time>
          <DistanceMeters>309.0</DistanceMeters>
          <HeartRateBpm>
            <Value>85</Value>
          </HeartRateBpm>
          <SensorState>Absent</SensorState>
        </Trackpoint>
        <Trackpoint>
          <Time>2024-12-06T15:10:40Z</Time>
          <DistanceMeters>309.0</DistanceMeters>
          <HeartRateBpm>
            <Value>86</Value>
          </HeartRateBpm>
          <SensorState>Absent</SensorState>
        </Trackpoint>
        <Trackpoint>
          <Time>2024-12-06T15:10:40Z</Time>
          <DistanceMeters>309.0</DistanceMeters>
          <HeartRateBpm>
            <Value>86</Value>
          </HeartRateBpm>
          <SensorState>Absent</SensorState>
        </Trackpoint>
        <Trackpoint>
          <Time>2024-12-06T15:10:42Z</Time>
          <DistanceMeters>309.0</DistanceMeters>
          <HeartRateBpm>
            <Value>87</Value>
          </HeartRateBpm>
          <SensorState>Absent</SensorState>
        </Trackpoint>
        <Trackpoint>
          <Time>2024-12-06T15:10:47Z</Time>
          <DistanceMeters>309.0</DistanceMeters>
          <HeartRateBpm>
            <Value>87</Value>
          </HeartRateBpm>
          <SensorState>Absent</SensorState>
        </Trackpoint>
        <Trackpoint>
          <Time>2024-12-06T15:10:49Z</Time>
          <DistanceMeters>309.0</DistanceMeters>
          <HeartRateBpm>
            <Value>86</Value>
          </HeartRateBpm>
          <SensorState>Absent</SensorState>
        </Trackpoint>
        <Trackpoint>
          <Time>2024-12-06T15:10:51Z</Time>
          <DistanceMeters>309.0</DistanceMeters>
          <HeartRateBpm>
            <Value>84</Value>
          </HeartRateBpm>
          <SensorState>Absent</SensorState>
        </Trackpoint>
        <Trackpoint>
          <Time>2024-12-06T15:10:53Z</Time>
          <DistanceMeters>309.0</DistanceMeters>
          <HeartRateBpm>
            <Value>82</Value>
          </HeartRateBpm>
          <SensorState>Absent</SensorState>
        </Trackpoint>
        <Trackpoint>
          <Time>2024-12-06T15:10:54Z</Time>
          <DistanceMeters>309.0</DistanceMeters>
          <HeartRateBpm>
            <Value>81</Value>
          </HeartRateBpm>
          <SensorState>Absent</SensorState>
        </Trackpoint>
        <Trackpoint>
          <Time>2024-12-06T15:10:55Z</Time>
          <DistanceMeters>309.0</DistanceMeters>
          <HeartRateBpm>
            <Value>80</Value>
          </HeartRateBpm>
          <SensorState>Absent</SensorState>
        </Trackpoint>
        <Trackpoint>
          <Time>2024-12-06T15:10:55Z</Time>
          <DistanceMeters>309.0</DistanceMeters>
          <HeartRateBpm>
            <Value>80</Value>
          </HeartRateBpm>
          <SensorState>Absent</SensorState>
        </Trackpoint>
        <Trackpoint>
          <Time>2024-12-06T15:11:00Z</Time>
          <DistanceMeters>309.0</DistanceMeters>
          <HeartRateBpm>
            <Value>82</Value>
          </HeartRateBpm>
          <SensorState>Absent</SensorState>
        </Trackpoint>
        <Trackpoint>
          <Time>2024-12-06T15:11:00Z</Time>
          <DistanceMeters>309.0</DistanceMeters>
          <HeartRateBpm>
            <Value>81</Value>
          </HeartRateBpm>
          <SensorState>Absent</SensorState>
        </Trackpoint>
        <Trackpoint>
          <Time>2024-12-06T15:11:04Z</Time>
          <DistanceMeters>309.0</DistanceMeters>
          <HeartRateBpm>
            <Value>82</Value>
          </HeartRateBpm>
          <SensorState>Absent</SensorState>
        </Trackpoint>
        <Trackpoint>
          <Time>2024-12-06T15:11:06Z</Time>
          <DistanceMeters>323.0</DistanceMeters>
          <HeartRateBpm>
            <Value>80</Value>
          </HeartRateBpm>
          <SensorState>Absent</SensorState>
        </Trackpoint>
        <Trackpoint>
          <Time>2024-12-06T15:11:11Z</Time>
          <DistanceMeters>323.0</DistanceMeters>
          <HeartRateBpm>
            <Value>79</Value>
          </HeartRateBpm>
          <SensorState>Absent</SensorState>
        </Trackpoint>
        <Trackpoint>
          <Time>2024-12-06T15:11:13Z</Time>
          <DistanceMeters>323.0</DistanceMeters>
          <HeartRateBpm>
            <Value>80</Value>
          </HeartRateBpm>
          <SensorState>Absent</SensorState>
        </Trackpoint>
        <Trackpoint>
          <Time>2024-12-06T15:11:16Z</Time>
          <DistanceMeters>323.0</DistanceMeters>
          <HeartRateBpm>
            <Value>81</Value>
          </HeartRateBpm>
          <SensorState>Absent</SensorState>
        </Trackpoint>
        <Trackpoint>
          <Time>2024-12-06T15:11:21Z</Time>
          <DistanceMeters>323.0</DistanceMeters>
          <HeartRateBpm>
            <Value>81</Value>
          </HeartRateBpm>
          <SensorState>Absent</SensorState>
        </Trackpoint>
        <Trackpoint>
          <Time>2024-12-06T15:11:24Z</Time>
          <DistanceMeters>323.0</DistanceMeters>
          <HeartRateBpm>
            <Value>82</Value>
          </HeartRateBpm>
          <SensorState>Absent</SensorState>
        </Trackpoint>
        <Trackpoint>
          <Time>2024-12-06T15:11:28Z</Time>
          <DistanceMeters>323.0</DistanceMeters>
          <HeartRateBpm>
            <Value>81</Value>
          </HeartRateBpm>
          <SensorState>Absent</SensorState>
        </Trackpoint>
        <Trackpoint>
          <Time>2024-12-06T15:11:29Z</Time>
          <DistanceMeters>323.0</DistanceMeters>
          <HeartRateBpm>
            <Value>80</Value>
          </HeartRateBpm>
          <SensorState>Absent</SensorState>
        </Trackpoint>
        <Trackpoint>
          <Time>2024-12-06T15:11:32Z</Time>
          <DistanceMeters>323.0</DistanceMeters>
          <HeartRateBpm>
            <Value>79</Value>
          </HeartRateBpm>
          <SensorState>Absent</SensorState>
        </Trackpoint>
        <Trackpoint>
          <Time>2024-12-06T15:11:33Z</Time>
          <DistanceMeters>323.0</DistanceMeters>
          <HeartRateBpm>
            <Value>80</Value>
          </HeartRateBpm>
          <SensorState>Absent</SensorState>
        </Trackpoint>
        <Trackpoint>
          <Time>2024-12-06T15:11:34Z</Time>
          <DistanceMeters>323.0</DistanceMeters>
          <HeartRateBpm>
            <Value>81</Value>
          </HeartRateBpm>
          <SensorState>Absent</SensorState>
        </Trackpoint>
        <Trackpoint>
          <Time>2024-12-06T15:11:36Z</Time>
          <DistanceMeters>323.0</DistanceMeters>
          <HeartRateBpm>
            <Value>82</Value>
          </HeartRateBpm>
          <SensorState>Absent</SensorState>
        </Trackpoint>
        <Trackpoint>
          <Time>2024-12-06T15:11:41Z</Time>
          <DistanceMeters>323.0</DistanceMeters>
          <HeartRateBpm>
            <Value>82</Value>
          </HeartRateBpm>
          <SensorState>Absent</SensorState>
        </Trackpoint>
        <Trackpoint>
          <Time>2024-12-06T15:11:43Z</Time>
          <DistanceMeters>323.0</DistanceMeters>
          <HeartRateBpm>
            <Value>81</Value>
          </HeartRateBpm>
          <SensorState>Absent</SensorState>
        </Trackpoint>
        <Trackpoint>
          <Time>2024-12-06T15:11:45Z</Time>
          <DistanceMeters>323.0</DistanceMeters>
          <HeartRateBpm>
            <Value>82</Value>
          </HeartRateBpm>
          <SensorState>Absent</SensorState>
        </Trackpoint>
        <Trackpoint>
          <Time>2024-12-06T15:11:46Z</Time>
          <DistanceMeters>323.0</DistanceMeters>
          <HeartRateBpm>
            <Value>81</Value>
          </HeartRateBpm>
          <SensorState>Absent</SensorState>
        </Trackpoint>
        <Trackpoint>
          <Time>2024-12-06T15:11:47Z</Time>
          <DistanceMeters>323.0</DistanceMeters>
          <HeartRateBpm>
            <Value>80</Value>
          </HeartRateBpm>
          <SensorState>Absent</SensorState>
        </Trackpoint>
        <Trackpoint>
          <Time>2024-12-06T15:11:52Z</Time>
          <DistanceMeters>323.0</DistanceMeters>
          <HeartRateBpm>
            <Value>80</Value>
          </HeartRateBpm>
          <SensorState>Absent</SensorState>
        </Trackpoint>
        <Trackpoint>
          <Time>2024-12-06T15:11:55Z</Time>
          <DistanceMeters>323.0</DistanceMeters>
          <HeartRateBpm>
            <Value>79</Value>
          </HeartRateBpm>
          <SensorState>Absent</SensorState>
        </Trackpoint>
        <Trackpoint>
          <Time>2024-12-06T15:11:58Z</Time>
          <DistanceMeters>323.0</DistanceMeters>
          <HeartRateBpm>
            <Value>78</Value>
          </HeartRateBpm>
          <SensorState>Absent</SensorState>
        </Trackpoint>
        <Trackpoint>
          <Time>2024-12-06T15:11:58Z</Time>
          <DistanceMeters>323.0</DistanceMeters>
          <HeartRateBpm>
            <Value>78</Value>
          </HeartRateBpm>
          <SensorState>Absent</SensorState>
        </Trackpoint>
        <Trackpoint>
          <Time>2024-12-06T15:12:00Z</Time>
          <DistanceMeters>323.0</DistanceMeters>
          <HeartRateBpm>
            <Value>80</Value>
          </HeartRateBpm>
          <SensorState>Absent</SensorState>
        </Trackpoint>
        <Trackpoint>
          <Time>2024-12-06T15:12:02Z</Time>
          <DistanceMeters>323.0</DistanceMeters>
          <HeartRateBpm>
            <Value>79</Value>
          </HeartRateBpm>
          <SensorState>Absent</SensorState>
        </Trackpoint>
        <Trackpoint>
          <Time>2024-12-06T15:12:07Z</Time>
          <DistanceMeters>337.0</DistanceMeters>
          <HeartRateBpm>
            <Value>79</Value>
          </HeartRateBpm>
          <SensorState>Absent</SensorState>
        </Trackpoint>
        <Trackpoint>
          <Time>2024-12-06T15:12:12Z</Time>
          <DistanceMeters>337.0</DistanceMeters>
          <HeartRateBpm>
            <Value>78</Value>
          </HeartRateBpm>
          <SensorState>Absent</SensorState>
        </Trackpoint>
        <Trackpoint>
          <Time>2024-12-06T15:12:16Z</Time>
          <DistanceMeters>337.0</DistanceMeters>
          <HeartRateBpm>
            <Value>77</Value>
          </HeartRateBpm>
          <SensorState>Absent</SensorState>
        </Trackpoint>
        <Trackpoint>
          <Time>2024-12-06T15:12:18Z</Time>
          <DistanceMeters>337.0</DistanceMeters>
          <HeartRateBpm>
            <Value>78</Value>
          </HeartRateBpm>
          <SensorState>Absent</SensorState>
        </Trackpoint>
        <Trackpoint>
          <Time>2024-12-06T15:12:20Z</Time>
          <DistanceMeters>337.0</DistanceMeters>
          <HeartRateBpm>
            <Value>79</Value>
          </HeartRateBpm>
          <SensorState>Absent</SensorState>
        </Trackpoint>
        <Trackpoint>
          <Time>2024-12-06T15:12:24Z</Time>
          <DistanceMeters>337.0</DistanceMeters>
          <HeartRateBpm>
            <Value>80</Value>
          </HeartRateBpm>
          <SensorState>Absent</SensorState>
        </Trackpoint>
        <Trackpoint>
          <Time>2024-12-06T15:12:26Z</Time>
          <DistanceMeters>337.0</DistanceMeters>
          <HeartRateBpm>
            <Value>79</Value>
          </HeartRateBpm>
          <SensorState>Absent</SensorState>
        </Trackpoint>
        <Trackpoint>
          <Time>2024-12-06T15:12:30Z</Time>
          <DistanceMeters>337.0</DistanceMeters>
          <HeartRateBpm>
            <Value>80</Value>
          </HeartRateBpm>
          <SensorState>Absent</SensorState>
        </Trackpoint>
        <Trackpoint>
          <Time>2024-12-06T15:12:34Z</Time>
          <DistanceMeters>337.0</DistanceMeters>
          <HeartRateBpm>
            <Value>81</Value>
          </HeartRateBpm>
          <SensorState>Absent</SensorState>
        </Trackpoint>
        <Trackpoint>
          <Time>2024-12-06T15:12:35Z</Time>
          <DistanceMeters>337.0</DistanceMeters>
          <HeartRateBpm>
            <Value>82</Value>
          </HeartRateBpm>
          <SensorState>Absent</SensorState>
        </Trackpoint>
        <Trackpoint>
          <Time>2024-12-06T15:12:40Z</Time>
          <DistanceMeters>337.0</DistanceMeters>
          <HeartRateBpm>
            <Value>81</Value>
          </HeartRateBpm>
          <SensorState>Absent</SensorState>
        </Trackpoint>
        <Trackpoint>
          <Time>2024-12-06T15:12:43Z</Time>
          <DistanceMeters>337.0</DistanceMeters>
          <HeartRateBpm>
            <Value>82</Value>
          </HeartRateBpm>
          <SensorState>Absent</SensorState>
        </Trackpoint>
        <Trackpoint>
          <Time>2024-12-06T15:12:44Z</Time>
          <DistanceMeters>337.0</DistanceMeters>
          <HeartRateBpm>
            <Value>81</Value>
          </HeartRateBpm>
          <SensorState>Absent</SensorState>
        </Trackpoint>
        <Trackpoint>
          <Time>2024-12-06T15:12:49Z</Time>
          <DistanceMeters>337.0</DistanceMeters>
          <HeartRateBpm>
            <Value>80</Value>
          </HeartRateBpm>
          <SensorState>Absent</SensorState>
        </Trackpoint>
        <Trackpoint>
          <Time>2024-12-06T15:12:52Z</Time>
          <DistanceMeters>337.0</DistanceMeters>
          <HeartRateBpm>
            <Value>81</Value>
          </HeartRateBpm>
          <SensorState>Absent</SensorState>
        </Trackpoint>
        <Trackpoint>
          <Time>2024-12-06T15:12:55Z</Time>
          <DistanceMeters>337.0</DistanceMeters>
          <HeartRateBpm>
            <Value>82</Value>
          </HeartRateBpm>
          <SensorState>Absent</SensorState>
        </Trackpoint>
        <Trackpoint>
          <Time>2024-12-06T15:12:59Z</Time>
          <DistanceMeters>337.0</DistanceMeters>
          <HeartRateBpm>
            <Value>82</Value>
          </HeartRateBpm>
          <SensorState>Absent</SensorState>
        </Trackpoint>
        <Trackpoint>
          <Time>2024-12-06T15:13:00Z</Time>
          <DistanceMeters>337.0</DistanceMeters>
          <HeartRateBpm>
            <Value>78</Value>
          </HeartRateBpm>
          <SensorState>Absent</SensorState>
        </Trackpoint>
        <Trackpoint>
          <Time>2024-12-06T15:13:00Z</Time>
          <DistanceMeters>337.0</DistanceMeters>
          <HeartRateBpm>
            <Value>82</Value>
          </HeartRateBpm>
          <SensorState>Absent</SensorState>
        </Trackpoint>
        <Trackpoint>
          <Time>2024-12-06T15:13:05Z</Time>
          <DistanceMeters>351.0</DistanceMeters>
          <HeartRateBpm>
            <Value>82</Value>
          </HeartRateBpm>
          <SensorState>Absent</SensorState>
        </Trackpoint>
        <Trackpoint>
          <Time>2024-12-06T15:13:06Z</Time>
          <DistanceMeters>351.0</DistanceMeters>
          <HeartRateBpm>
            <Value>83</Value>
          </HeartRateBpm>
          <SensorState>Absent</SensorState>
        </Trackpoint>
        <Trackpoint>
          <Time>2024-12-06T15:13:10Z</Time>
          <DistanceMeters>351.0</DistanceMeters>
          <HeartRateBpm>
            <Value>82</Value>
          </HeartRateBpm>
          <SensorState>Absent</SensorState>
        </Trackpoint>
        <Trackpoint>
          <Time>2024-12-06T15:13:15Z</Time>
          <DistanceMeters>351.0</DistanceMeters>
          <HeartRateBpm>
            <Value>82</Value>
          </HeartRateBpm>
          <SensorState>Absent</SensorState>
        </Trackpoint>
        <Trackpoint>
          <Time>2024-12-06T15:13:17Z</Time>
          <DistanceMeters>351.0</DistanceMeters>
          <HeartRateBpm>
            <Value>80</Value>
          </HeartRateBpm>
          <SensorState>Absent</SensorState>
        </Trackpoint>
        <Trackpoint>
          <Time>2024-12-06T15:13:18Z</Time>
          <DistanceMeters>351.0</DistanceMeters>
          <HeartRateBpm>
            <Value>79</Value>
          </HeartRateBpm>
          <SensorState>Absent</SensorState>
        </Trackpoint>
        <Trackpoint>
          <Time>2024-12-06T15:13:19Z</Time>
          <DistanceMeters>351.0</DistanceMeters>
          <HeartRateBpm>
            <Value>78</Value>
          </HeartRateBpm>
          <SensorState>Absent</SensorState>
        </Trackpoint>
        <Trackpoint>
          <Time>2024-12-06T15:13:21Z</Time>
          <DistanceMeters>351.0</DistanceMeters>
          <HeartRateBpm>
            <Value>77</Value>
          </HeartRateBpm>
          <SensorState>Absent</SensorState>
        </Trackpoint>
        <Trackpoint>
          <Time>2024-12-06T15:13:23Z</Time>
          <DistanceMeters>351.0</DistanceMeters>
          <HeartRateBpm>
            <Value>78</Value>
          </HeartRateBpm>
          <SensorState>Absent</SensorState>
        </Trackpoint>
        <Trackpoint>
          <Time>2024-12-06T15:13:28Z</Time>
          <DistanceMeters>351.0</DistanceMeters>
          <HeartRateBpm>
            <Value>78</Value>
          </HeartRateBpm>
          <SensorState>Absent</SensorState>
        </Trackpoint>
        <Trackpoint>
          <Time>2024-12-06T15:13:34Z</Time>
          <DistanceMeters>351.0</DistanceMeters>
          <HeartRateBpm>
            <Value>78</Value>
          </HeartRateBpm>
          <SensorState>Absent</SensorState>
        </Trackpoint>
        <Trackpoint>
          <Time>2024-12-06T15:13:39Z</Time>
          <DistanceMeters>351.0</DistanceMeters>
          <HeartRateBpm>
            <Value>78</Value>
          </HeartRateBpm>
          <SensorState>Absent</SensorState>
        </Trackpoint>
        <Trackpoint>
          <Time>2024-12-06T15:13:42Z</Time>
          <DistanceMeters>351.0</DistanceMeters>
          <HeartRateBpm>
            <Value>77</Value>
          </HeartRateBpm>
          <SensorState>Absent</SensorState>
        </Trackpoint>
        <Trackpoint>
          <Time>2024-12-06T15:13:43Z</Time>
          <DistanceMeters>351.0</DistanceMeters>
          <HeartRateBpm>
            <Value>76</Value>
          </HeartRateBpm>
          <SensorState>Absent</SensorState>
        </Trackpoint>
        <Trackpoint>
          <Time>2024-12-06T15:13:43Z</Time>
          <DistanceMeters>351.0</DistanceMeters>
          <HeartRateBpm>
            <Value>76</Value>
          </HeartRateBpm>
          <SensorState>Absent</SensorState>
        </Trackpoint>
        <Trackpoint>
          <Time>2024-12-06T15:13:48Z</Time>
          <DistanceMeters>351.0</DistanceMeters>
          <HeartRateBpm>
            <Value>76</Value>
          </HeartRateBpm>
          <SensorState>Absent</SensorState>
        </Trackpoint>
        <Trackpoint>
          <Time>2024-12-06T15:13:51Z</Time>
          <DistanceMeters>351.0</DistanceMeters>
          <HeartRateBpm>
            <Value>77</Value>
          </HeartRateBpm>
          <SensorState>Absent</SensorState>
        </Trackpoint>
        <Trackpoint>
          <Time>2024-12-06T15:13:53Z</Time>
          <DistanceMeters>351.0</DistanceMeters>
          <HeartRateBpm>
            <Value>76</Value>
          </HeartRateBpm>
          <SensorState>Absent</SensorState>
        </Trackpoint>
        <Trackpoint>
          <Time>2024-12-06T15:13:56Z</Time>
          <DistanceMeters>351.0</DistanceMeters>
          <HeartRateBpm>
            <Value>77</Value>
          </HeartRateBpm>
          <SensorState>Absent</SensorState>
        </Trackpoint>
        <Trackpoint>
          <Time>2024-12-06T15:13:57Z</Time>
          <DistanceMeters>351.0</DistanceMeters>
          <HeartRateBpm>
            <Value>78</Value>
          </HeartRateBpm>
          <SensorState>Absent</SensorState>
        </Trackpoint>
        <Trackpoint>
          <Time>2024-12-06T15:14:00Z</Time>
          <DistanceMeters>351.0</DistanceMeters>
          <HeartRateBpm>
            <Value>78</Value>
          </HeartRateBpm>
          <SensorState>Absent</SensorState>
        </Trackpoint>
        <Trackpoint>
          <Time>2024-12-06T15:14:01Z</Time>
          <DistanceMeters>351.0</DistanceMeters>
          <HeartRateBpm>
            <Value>77</Value>
          </HeartRateBpm>
          <SensorState>Absent</SensorState>
        </Trackpoint>
        <Trackpoint>
          <Time>2024-12-06T15:14:06Z</Time>
          <DistanceMeters>365.0</DistanceMeters>
          <HeartRateBpm>
            <Value>77</Value>
          </HeartRateBpm>
          <SensorState>Absent</SensorState>
        </Trackpoint>
        <Trackpoint>
          <Time>2024-12-06T15:14:08Z</Time>
          <DistanceMeters>365.0</DistanceMeters>
          <HeartRateBpm>
            <Value>78</Value>
          </HeartRateBpm>
          <SensorState>Absent</SensorState>
        </Trackpoint>
        <Trackpoint>
          <Time>2024-12-06T15:14:13Z</Time>
          <DistanceMeters>365.0</DistanceMeters>
          <HeartRateBpm>
            <Value>79</Value>
          </HeartRateBpm>
          <SensorState>Absent</SensorState>
        </Trackpoint>
        <Trackpoint>
          <Time>2024-12-06T15:14:18Z</Time>
          <DistanceMeters>365.0</DistanceMeters>
          <HeartRateBpm>
            <Value>79</Value>
          </HeartRateBpm>
          <SensorState>Absent</SensorState>
        </Trackpoint>
        <Trackpoint>
          <Time>2024-12-06T15:14:21Z</Time>
          <DistanceMeters>365.0</DistanceMeters>
          <HeartRateBpm>
            <Value>80</Value>
          </HeartRateBpm>
          <SensorState>Absent</SensorState>
        </Trackpoint>
        <Trackpoint>
          <Time>2024-12-06T15:14:26Z</Time>
          <DistanceMeters>365.0</DistanceMeters>
          <HeartRateBpm>
            <Value>81</Value>
          </HeartRateBpm>
          <SensorState>Absent</SensorState>
        </Trackpoint>
        <Trackpoint>
          <Time>2024-12-06T15:14:27Z</Time>
          <DistanceMeters>365.0</DistanceMeters>
          <HeartRateBpm>
            <Value>82</Value>
          </HeartRateBpm>
          <SensorState>Absent</SensorState>
        </Trackpoint>
        <Trackpoint>
          <Time>2024-12-06T15:14:27Z</Time>
          <DistanceMeters>365.0</DistanceMeters>
          <HeartRateBpm>
            <Value>82</Value>
          </HeartRateBpm>
          <SensorState>Absent</SensorState>
        </Trackpoint>
        <Trackpoint>
          <Time>2024-12-06T15:14:30Z</Time>
          <DistanceMeters>365.0</DistanceMeters>
          <HeartRateBpm>
            <Value>83</Value>
          </HeartRateBpm>
          <SensorState>Absent</SensorState>
        </Trackpoint>
        <Trackpoint>
          <Time>2024-12-06T15:14:31Z</Time>
          <DistanceMeters>365.0</DistanceMeters>
          <HeartRateBpm>
            <Value>84</Value>
          </HeartRateBpm>
          <SensorState>Absent</SensorState>
        </Trackpoint>
        <Trackpoint>
          <Time>2024-12-06T15:14:34Z</Time>
          <DistanceMeters>365.0</DistanceMeters>
          <HeartRateBpm>
            <Value>83</Value>
          </HeartRateBpm>
          <SensorState>Absent</SensorState>
        </Trackpoint>
        <Trackpoint>
          <Time>2024-12-06T15:14:35Z</Time>
          <DistanceMeters>365.0</DistanceMeters>
          <HeartRateBpm>
            <Value>81</Value>
          </HeartRateBpm>
          <SensorState>Absent</SensorState>
        </Trackpoint>
        <Trackpoint>
          <Time>2024-12-06T15:14:36Z</Time>
          <DistanceMeters>365.0</DistanceMeters>
          <HeartRateBpm>
            <Value>80</Value>
          </HeartRateBpm>
          <SensorState>Absent</SensorState>
        </Trackpoint>
        <Trackpoint>
          <Time>2024-12-06T15:14:38Z</Time>
          <DistanceMeters>365.0</DistanceMeters>
          <HeartRateBpm>
            <Value>78</Value>
          </HeartRateBpm>
          <SensorState>Absent</SensorState>
        </Trackpoint>
        <Trackpoint>
          <Time>2024-12-06T15:14:39Z</Time>
          <DistanceMeters>365.0</DistanceMeters>
          <HeartRateBpm>
            <Value>76</Value>
          </HeartRateBpm>
          <SensorState>Absent</SensorState>
        </Trackpoint>
        <Trackpoint>
          <Time>2024-12-06T15:14:39Z</Time>
          <DistanceMeters>365.0</DistanceMeters>
          <HeartRateBpm>
            <Value>76</Value>
          </HeartRateBpm>
          <SensorState>Absent</SensorState>
        </Trackpoint>
        <Trackpoint>
          <Time>2024-12-06T15:14:41Z</Time>
          <DistanceMeters>365.0</DistanceMeters>
          <HeartRateBpm>
            <Value>75</Value>
          </HeartRateBpm>
          <SensorState>Absent</SensorState>
        </Trackpoint>
        <Trackpoint>
          <Time>2024-12-06T15:14:47Z</Time>
          <DistanceMeters>365.0</DistanceMeters>
          <HeartRateBpm>
            <Value>75</Value>
          </HeartRateBpm>
          <SensorState>Absent</SensorState>
        </Trackpoint>
        <Trackpoint>
          <Time>2024-12-06T15:14:52Z</Time>
          <DistanceMeters>365.0</DistanceMeters>
          <HeartRateBpm>
            <Value>75</Value>
          </HeartRateBpm>
          <SensorState>Absent</SensorState>
        </Trackpoint>
        <Trackpoint>
          <Time>2024-12-06T15:14:53Z</Time>
          <DistanceMeters>365.0</DistanceMeters>
          <HeartRateBpm>
            <Value>76</Value>
          </HeartRateBpm>
          <SensorState>Absent</SensorState>
        </Trackpoint>
        <Trackpoint>
          <Time>2024-12-06T15:14:54Z</Time>
          <DistanceMeters>365.0</DistanceMeters>
          <HeartRateBpm>
            <Value>77</Value>
          </HeartRateBpm>
          <SensorState>Absent</SensorState>
        </Trackpoint>
        <Trackpoint>
          <Time>2024-12-06T15:14:56Z</Time>
          <DistanceMeters>365.0</DistanceMeters>
          <HeartRateBpm>
            <Value>80</Value>
          </HeartRateBpm>
          <SensorState>Absent</SensorState>
        </Trackpoint>
        <Trackpoint>
          <Time>2024-12-06T15:14:57Z</Time>
          <DistanceMeters>365.0</DistanceMeters>
          <HeartRateBpm>
            <Value>81</Value>
          </HeartRateBpm>
          <SensorState>Absent</SensorState>
        </Trackpoint>
        <Trackpoint>
          <Time>2024-12-06T15:15:00Z</Time>
          <DistanceMeters>365.0</DistanceMeters>
          <HeartRateBpm>
            <Value>82</Value>
          </HeartRateBpm>
          <SensorState>Absent</SensorState>
        </Trackpoint>
        <Trackpoint>
          <Time>2024-12-06T15:15:00Z</Time>
          <DistanceMeters>365.0</DistanceMeters>
          <HeartRateBpm>
            <Value>82</Value>
          </HeartRateBpm>
          <SensorState>Absent</SensorState>
        </Trackpoint>
        <Trackpoint>
          <Time>2024-12-06T15:15:00Z</Time>
          <DistanceMeters>365.0</DistanceMeters>
          <HeartRateBpm>
            <Value>82</Value>
          </HeartRateBpm>
          <SensorState>Absent</SensorState>
        </Trackpoint>
        <Trackpoint>
          <Time>2024-12-06T15:15:05Z</Time>
          <DistanceMeters>379.0</DistanceMeters>
          <HeartRateBpm>
            <Value>82</Value>
          </HeartRateBpm>
          <SensorState>Absent</SensorState>
        </Trackpoint>
        <Trackpoint>
          <Time>2024-12-06T15:15:07Z</Time>
          <DistanceMeters>379.0</DistanceMeters>
          <HeartRateBpm>
            <Value>83</Value>
          </HeartRateBpm>
          <SensorState>Absent</SensorState>
        </Trackpoint>
        <Trackpoint>
          <Time>2024-12-06T15:15:09Z</Time>
          <DistanceMeters>379.0</DistanceMeters>
          <HeartRateBpm>
            <Value>81</Value>
          </HeartRateBpm>
          <SensorState>Absent</SensorState>
        </Trackpoint>
        <Trackpoint>
          <Time>2024-12-06T15:15:11Z</Time>
          <DistanceMeters>379.0</DistanceMeters>
          <HeartRateBpm>
            <Value>82</Value>
          </HeartRateBpm>
          <SensorState>Absent</SensorState>
        </Trackpoint>
        <Trackpoint>
          <Time>2024-12-06T15:15:13Z</Time>
          <DistanceMeters>379.0</DistanceMeters>
          <HeartRateBpm>
            <Value>81</Value>
          </HeartRateBpm>
          <SensorState>Absent</SensorState>
        </Trackpoint>
        <Trackpoint>
          <Time>2024-12-06T15:15:15Z</Time>
          <DistanceMeters>379.0</DistanceMeters>
          <HeartRateBpm>
            <Value>82</Value>
          </HeartRateBpm>
          <SensorState>Absent</SensorState>
        </Trackpoint>
        <Trackpoint>
          <Time>2024-12-06T15:15:17Z</Time>
          <DistanceMeters>379.0</DistanceMeters>
          <HeartRateBpm>
            <Value>83</Value>
          </HeartRateBpm>
          <SensorState>Absent</SensorState>
        </Trackpoint>
        <Trackpoint>
          <Time>2024-12-06T15:15:18Z</Time>
          <DistanceMeters>379.0</DistanceMeters>
          <HeartRateBpm>
            <Value>84</Value>
          </HeartRateBpm>
          <SensorState>Absent</SensorState>
        </Trackpoint>
        <Trackpoint>
          <Time>2024-12-06T15:15:20Z</Time>
          <DistanceMeters>379.0</DistanceMeters>
          <HeartRateBpm>
            <Value>85</Value>
          </HeartRateBpm>
          <SensorState>Absent</SensorState>
        </Trackpoint>
        <Trackpoint>
          <Time>2024-12-06T15:15:22Z</Time>
          <DistanceMeters>379.0</DistanceMeters>
          <HeartRateBpm>
            <Value>86</Value>
          </HeartRateBpm>
          <SensorState>Absent</SensorState>
        </Trackpoint>
        <Trackpoint>
          <Time>2024-12-06T15:15:26Z</Time>
          <DistanceMeters>379.0</DistanceMeters>
          <HeartRateBpm>
            <Value>85</Value>
          </HeartRateBpm>
          <SensorState>Absent</SensorState>
        </Trackpoint>
        <Trackpoint>
          <Time>2024-12-06T15:15:30Z</Time>
          <DistanceMeters>379.0</DistanceMeters>
          <HeartRateBpm>
            <Value>86</Value>
          </HeartRateBpm>
          <SensorState>Absent</SensorState>
        </Trackpoint>
        <Trackpoint>
          <Time>2024-12-06T15:15:32Z</Time>
          <DistanceMeters>379.0</DistanceMeters>
          <HeartRateBpm>
            <Value>85</Value>
          </HeartRateBpm>
          <SensorState>Absent</SensorState>
        </Trackpoint>
        <Trackpoint>
          <Time>2024-12-06T15:15:33Z</Time>
          <DistanceMeters>379.0</DistanceMeters>
          <HeartRateBpm>
            <Value>83</Value>
          </HeartRateBpm>
          <SensorState>Absent</SensorState>
        </Trackpoint>
        <Trackpoint>
          <Time>2024-12-06T15:15:35Z</Time>
          <DistanceMeters>379.0</DistanceMeters>
          <HeartRateBpm>
            <Value>81</Value>
          </HeartRateBpm>
          <SensorState>Absent</SensorState>
        </Trackpoint>
        <Trackpoint>
          <Time>2024-12-06T15:15:37Z</Time>
          <DistanceMeters>379.0</DistanceMeters>
          <HeartRateBpm>
            <Value>82</Value>
          </HeartRateBpm>
          <SensorState>Absent</SensorState>
        </Trackpoint>
        <Trackpoint>
          <Time>2024-12-06T15:15:39Z</Time>
          <DistanceMeters>379.0</DistanceMeters>
          <HeartRateBpm>
            <Value>81</Value>
          </HeartRateBpm>
          <SensorState>Absent</SensorState>
        </Trackpoint>
        <Trackpoint>
          <Time>2024-12-06T15:15:41Z</Time>
          <DistanceMeters>379.0</DistanceMeters>
          <HeartRateBpm>
            <Value>83</Value>
          </HeartRateBpm>
          <SensorState>Absent</SensorState>
        </Trackpoint>
        <Trackpoint>
          <Time>2024-12-06T15:15:45Z</Time>
          <DistanceMeters>379.0</DistanceMeters>
          <HeartRateBpm>
            <Value>85</Value>
          </HeartRateBpm>
          <SensorState>Absent</SensorState>
        </Trackpoint>
        <Trackpoint>
          <Time>2024-12-06T15:15:48Z</Time>
          <DistanceMeters>379.0</DistanceMeters>
          <HeartRateBpm>
            <Value>86</Value>
          </HeartRateBpm>
          <SensorState>Absent</SensorState>
        </Trackpoint>
        <Trackpoint>
          <Time>2024-12-06T15:15:50Z</Time>
          <DistanceMeters>379.0</DistanceMeters>
          <HeartRateBpm>
            <Value>85</Value>
          </HeartRateBpm>
          <SensorState>Absent</SensorState>
        </Trackpoint>
        <Trackpoint>
          <Time>2024-12-06T15:15:52Z</Time>
          <DistanceMeters>379.0</DistanceMeters>
          <HeartRateBpm>
            <Value>84</Value>
          </HeartRateBpm>
          <SensorState>Absent</SensorState>
        </Trackpoint>
        <Trackpoint>
          <Time>2024-12-06T15:15:56Z</Time>
          <DistanceMeters>379.0</DistanceMeters>
          <HeartRateBpm>
            <Value>85</Value>
          </HeartRateBpm>
          <SensorState>Absent</SensorState>
        </Trackpoint>
        <Trackpoint>
          <Time>2024-12-06T15:15:57Z</Time>
          <DistanceMeters>379.0</DistanceMeters>
          <HeartRateBpm>
            <Value>86</Value>
          </HeartRateBpm>
          <SensorState>Absent</SensorState>
        </Trackpoint>
        <Trackpoint>
          <Time>2024-12-06T15:15:59Z</Time>
          <DistanceMeters>379.0</DistanceMeters>
          <HeartRateBpm>
            <Value>85</Value>
          </HeartRateBpm>
          <SensorState>Absent</SensorState>
        </Trackpoint>
        <Trackpoint>
          <Time>2024-12-06T15:16:00Z</Time>
          <DistanceMeters>379.0</DistanceMeters>
          <HeartRateBpm>
            <Value>84</Value>
          </HeartRateBpm>
          <SensorState>Absent</SensorState>
        </Trackpoint>
        <Trackpoint>
          <Time>2024-12-06T15:16:03Z</Time>
          <DistanceMeters>379.0</DistanceMeters>
          <HeartRateBpm>
            <Value>84</Value>
          </HeartRateBpm>
          <SensorState>Absent</SensorState>
        </Trackpoint>
        <Trackpoint>
          <Time>2024-12-06T15:16:03Z</Time>
          <DistanceMeters>379.0</DistanceMeters>
          <HeartRateBpm>
            <Value>84</Value>
          </HeartRateBpm>
          <SensorState>Absent</SensorState>
        </Trackpoint>
        <Trackpoint>
          <Time>2024-12-06T15:16:06Z</Time>
          <DistanceMeters>393.0</DistanceMeters>
          <HeartRateBpm>
            <Value>85</Value>
          </HeartRateBpm>
          <SensorState>Absent</SensorState>
        </Trackpoint>
        <Trackpoint>
          <Time>2024-12-06T15:16:07Z</Time>
          <DistanceMeters>393.0</DistanceMeters>
          <HeartRateBpm>
            <Value>86</Value>
          </HeartRateBpm>
          <SensorState>Absent</SensorState>
        </Trackpoint>
        <Trackpoint>
          <Time>2024-12-06T15:16:09Z</Time>
          <DistanceMeters>393.0</DistanceMeters>
          <HeartRateBpm>
            <Value>87</Value>
          </HeartRateBpm>
          <SensorState>Absent</SensorState>
        </Trackpoint>
        <Trackpoint>
          <Time>2024-12-06T15:16:11Z</Time>
          <DistanceMeters>393.0</DistanceMeters>
          <HeartRateBpm>
            <Value>86</Value>
          </HeartRateBpm>
          <SensorState>Absent</SensorState>
        </Trackpoint>
        <Trackpoint>
          <Time>2024-12-06T15:16:14Z</Time>
          <DistanceMeters>393.0</DistanceMeters>
          <HeartRateBpm>
            <Value>88</Value>
          </HeartRateBpm>
          <SensorState>Absent</SensorState>
        </Trackpoint>
        <Trackpoint>
          <Time>2024-12-06T15:16:19Z</Time>
          <DistanceMeters>393.0</DistanceMeters>
          <HeartRateBpm>
            <Value>88</Value>
          </HeartRateBpm>
          <SensorState>Absent</SensorState>
        </Trackpoint>
        <Trackpoint>
          <Time>2024-12-06T15:16:23Z</Time>
          <DistanceMeters>393.0</DistanceMeters>
          <HeartRateBpm>
            <Value>89</Value>
          </HeartRateBpm>
          <SensorState>Absent</SensorState>
        </Trackpoint>
        <Trackpoint>
          <Time>2024-12-06T15:16:24Z</Time>
          <DistanceMeters>393.0</DistanceMeters>
          <HeartRateBpm>
            <Value>90</Value>
          </HeartRateBpm>
          <SensorState>Absent</SensorState>
        </Trackpoint>
        <Trackpoint>
          <Time>2024-12-06T15:16:24Z</Time>
          <DistanceMeters>393.0</DistanceMeters>
          <HeartRateBpm>
            <Value>90</Value>
          </HeartRateBpm>
          <SensorState>Absent</SensorState>
        </Trackpoint>
        <Trackpoint>
          <Time>2024-12-06T15:16:27Z</Time>
          <DistanceMeters>393.0</DistanceMeters>
          <HeartRateBpm>
            <Value>89</Value>
          </HeartRateBpm>
          <SensorState>Absent</SensorState>
        </Trackpoint>
        <Trackpoint>
          <Time>2024-12-06T15:16:28Z</Time>
          <DistanceMeters>393.0</DistanceMeters>
          <HeartRateBpm>
            <Value>88</Value>
          </HeartRateBpm>
          <SensorState>Absent</SensorState>
        </Trackpoint>
        <Trackpoint>
          <Time>2024-12-06T15:16:31Z</Time>
          <DistanceMeters>393.0</DistanceMeters>
          <HeartRateBpm>
            <Value>86</Value>
          </HeartRateBpm>
          <SensorState>Absent</SensorState>
        </Trackpoint>
        <Trackpoint>
          <Time>2024-12-06T15:16:32Z</Time>
          <DistanceMeters>393.0</DistanceMeters>
          <HeartRateBpm>
            <Value>85</Value>
          </HeartRateBpm>
          <SensorState>Absent</SensorState>
        </Trackpoint>
        <Trackpoint>
          <Time>2024-12-06T15:16:33Z</Time>
          <DistanceMeters>393.0</DistanceMeters>
          <HeartRateBpm>
            <Value>84</Value>
          </HeartRateBpm>
          <SensorState>Absent</SensorState>
        </Trackpoint>
        <Trackpoint>
          <Time>2024-12-06T15:16:33Z</Time>
          <DistanceMeters>393.0</DistanceMeters>
          <HeartRateBpm>
            <Value>84</Value>
          </HeartRateBpm>
          <SensorState>Absent</SensorState>
        </Trackpoint>
        <Trackpoint>
          <Time>2024-12-06T15:16:35Z</Time>
          <DistanceMeters>393.0</DistanceMeters>
          <HeartRateBpm>
            <Value>83</Value>
          </HeartRateBpm>
          <SensorState>Absent</SensorState>
        </Trackpoint>
        <Trackpoint>
          <Time>2024-12-06T15:16:40Z</Time>
          <DistanceMeters>393.0</DistanceMeters>
          <HeartRateBpm>
            <Value>83</Value>
          </HeartRateBpm>
          <SensorState>Absent</SensorState>
        </Trackpoint>
        <Trackpoint>
          <Time>2024-12-06T15:16:46Z</Time>
          <DistanceMeters>393.0</DistanceMeters>
          <HeartRateBpm>
            <Value>83</Value>
          </HeartRateBpm>
          <SensorState>Absent</SensorState>
        </Trackpoint>
        <Trackpoint>
          <Time>2024-12-06T15:16:47Z</Time>
          <DistanceMeters>393.0</DistanceMeters>
          <HeartRateBpm>
            <Value>82</Value>
          </HeartRateBpm>
          <SensorState>Absent</SensorState>
        </Trackpoint>
        <Trackpoint>
          <Time>2024-12-06T15:16:50Z</Time>
          <DistanceMeters>393.0</DistanceMeters>
          <HeartRateBpm>
            <Value>81</Value>
          </HeartRateBpm>
          <SensorState>Absent</SensorState>
        </Trackpoint>
        <Trackpoint>
          <Time>2024-12-06T15:16:51Z</Time>
          <DistanceMeters>393.0</DistanceMeters>
          <HeartRateBpm>
            <Value>82</Value>
          </HeartRateBpm>
          <SensorState>Absent</SensorState>
        </Trackpoint>
        <Trackpoint>
          <Time>2024-12-06T15:16:52Z</Time>
          <DistanceMeters>393.0</DistanceMeters>
          <HeartRateBpm>
            <Value>83</Value>
          </HeartRateBpm>
          <SensorState>Absent</SensorState>
        </Trackpoint>
        <Trackpoint>
          <Time>2024-12-06T15:16:55Z</Time>
          <DistanceMeters>393.0</DistanceMeters>
          <HeartRateBpm>
            <Value>84</Value>
          </HeartRateBpm>
          <SensorState>Absent</SensorState>
        </Trackpoint>
        <Trackpoint>
          <Time>2024-12-06T15:17:00Z</Time>
          <DistanceMeters>393.0</DistanceMeters>
          <HeartRateBpm>
            <Value>91</Value>
          </HeartRateBpm>
          <SensorState>Absent</SensorState>
        </Trackpoint>
        <Trackpoint>
          <Time>2024-12-06T15:17:00Z</Time>
          <DistanceMeters>393.0</DistanceMeters>
          <HeartRateBpm>
            <Value>84</Value>
          </HeartRateBpm>
          <SensorState>Absent</SensorState>
        </Trackpoint>
        <Trackpoint>
          <Time>2024-12-06T15:17:02Z</Time>
          <DistanceMeters>393.0</DistanceMeters>
          <HeartRateBpm>
            <Value>85</Value>
          </HeartRateBpm>
          <SensorState>Absent</SensorState>
        </Trackpoint>
        <Trackpoint>
          <Time>2024-12-06T15:17:03Z</Time>
          <DistanceMeters>393.0</DistanceMeters>
          <HeartRateBpm>
            <Value>86</Value>
          </HeartRateBpm>
          <SensorState>Absent</SensorState>
        </Trackpoint>
        <Trackpoint>
          <Time>2024-12-06T15:17:04Z</Time>
          <DistanceMeters>393.0</DistanceMeters>
          <HeartRateBpm>
            <Value>87</Value>
          </HeartRateBpm>
          <SensorState>Absent</SensorState>
        </Trackpoint>
        <Trackpoint>
          <Time>2024-12-06T15:17:05Z</Time>
          <DistanceMeters>407.0</DistanceMeters>
          <HeartRateBpm>
            <Value>88</Value>
          </HeartRateBpm>
          <SensorState>Absent</SensorState>
        </Trackpoint>
        <Trackpoint>
          <Time>2024-12-06T15:17:07Z</Time>
          <DistanceMeters>407.0</DistanceMeters>
          <HeartRateBpm>
            <Value>89</Value>
          </HeartRateBpm>
          <SensorState>Absent</SensorState>
        </Trackpoint>
        <Trackpoint>
          <Time>2024-12-06T15:17:07Z</Time>
          <DistanceMeters>407.0</DistanceMeters>
          <HeartRateBpm>
            <Value>90</Value>
          </HeartRateBpm>
          <SensorState>Absent</SensorState>
        </Trackpoint>
        <Trackpoint>
          <Time>2024-12-06T15:17:08Z</Time>
          <DistanceMeters>407.0</DistanceMeters>
          <HeartRateBpm>
            <Value>90</Value>
          </HeartRateBpm>
          <SensorState>Absent</SensorState>
        </Trackpoint>
        <Trackpoint>
          <Time>2024-12-06T15:17:09Z</Time>
          <DistanceMeters>407.0</DistanceMeters>
          <HeartRateBpm>
            <Value>91</Value>
          </HeartRateBpm>
          <SensorState>Absent</SensorState>
        </Trackpoint>
        <Trackpoint>
          <Time>2024-12-06T15:17:15Z</Time>
          <DistanceMeters>407.0</DistanceMeters>
          <HeartRateBpm>
            <Value>91</Value>
          </HeartRateBpm>
          <SensorState>Absent</SensorState>
        </Trackpoint>
        <Trackpoint>
          <Time>2024-12-06T15:17:17Z</Time>
          <DistanceMeters>407.0</DistanceMeters>
          <HeartRateBpm>
            <Value>90</Value>
          </HeartRateBpm>
          <SensorState>Absent</SensorState>
        </Trackpoint>
        <Trackpoint>
          <Time>2024-12-06T15:17:18Z</Time>
          <DistanceMeters>407.0</DistanceMeters>
          <HeartRateBpm>
            <Value>89</Value>
          </HeartRateBpm>
          <SensorState>Absent</SensorState>
        </Trackpoint>
        <Trackpoint>
          <Time>2024-12-06T15:17:21Z</Time>
          <DistanceMeters>407.0</DistanceMeters>
          <HeartRateBpm>
            <Value>88</Value>
          </HeartRateBpm>
          <SensorState>Absent</SensorState>
        </Trackpoint>
        <Trackpoint>
          <Time>2024-12-06T15:17:26Z</Time>
          <DistanceMeters>407.0</DistanceMeters>
          <HeartRateBpm>
            <Value>89</Value>
          </HeartRateBpm>
          <SensorState>Absent</SensorState>
        </Trackpoint>
        <Trackpoint>
          <Time>2024-12-06T15:17:28Z</Time>
          <DistanceMeters>407.0</DistanceMeters>
          <HeartRateBpm>
            <Value>93</Value>
          </HeartRateBpm>
          <SensorState>Absent</SensorState>
        </Trackpoint>
        <Trackpoint>
          <Time>2024-12-06T15:17:28Z</Time>
          <DistanceMeters>407.0</DistanceMeters>
          <HeartRateBpm>
            <Value>99</Value>
          </HeartRateBpm>
          <SensorState>Absent</SensorState>
        </Trackpoint>
        <Trackpoint>
          <Time>2024-12-06T15:17:29Z</Time>
          <DistanceMeters>407.0</DistanceMeters>
          <HeartRateBpm>
            <Value>99</Value>
          </HeartRateBpm>
          <SensorState>Absent</SensorState>
        </Trackpoint>
        <Trackpoint>
          <Time>2024-12-06T15:17:30Z</Time>
          <DistanceMeters>407.0</DistanceMeters>
          <HeartRateBpm>
            <Value>101</Value>
          </HeartRateBpm>
          <SensorState>Absent</SensorState>
        </Trackpoint>
        <Trackpoint>
          <Time>2024-12-06T15:17:33Z</Time>
          <DistanceMeters>407.0</DistanceMeters>
          <HeartRateBpm>
            <Value>102</Value>
          </HeartRateBpm>
          <SensorState>Absent</SensorState>
        </Trackpoint>
        <Trackpoint>
          <Time>2024-12-06T15:17:34Z</Time>
          <DistanceMeters>407.0</DistanceMeters>
          <HeartRateBpm>
            <Value>103</Value>
          </HeartRateBpm>
          <SensorState>Absent</SensorState>
        </Trackpoint>
        <Trackpoint>
          <Time>2024-12-06T15:17:35Z</Time>
          <DistanceMeters>407.0</DistanceMeters>
          <HeartRateBpm>
            <Value>102</Value>
          </HeartRateBpm>
          <SensorState>Absent</SensorState>
        </Trackpoint>
        <Trackpoint>
          <Time>2024-12-06T15:17:37Z</Time>
          <DistanceMeters>407.0</DistanceMeters>
          <HeartRateBpm>
            <Value>103</Value>
          </HeartRateBpm>
          <SensorState>Absent</SensorState>
        </Trackpoint>
        <Trackpoint>
          <Time>2024-12-06T15:17:39Z</Time>
          <DistanceMeters>407.0</DistanceMeters>
          <HeartRateBpm>
            <Value>102</Value>
          </HeartRateBpm>
          <SensorState>Absent</SensorState>
        </Trackpoint>
        <Trackpoint>
          <Time>2024-12-06T15:17:42Z</Time>
          <DistanceMeters>407.0</DistanceMeters>
          <HeartRateBpm>
            <Value>101</Value>
          </HeartRateBpm>
          <SensorState>Absent</SensorState>
        </Trackpoint>
        <Trackpoint>
          <Time>2024-12-06T15:17:43Z</Time>
          <DistanceMeters>407.0</DistanceMeters>
          <HeartRateBpm>
            <Value>100</Value>
          </HeartRateBpm>
          <SensorState>Absent</SensorState>
        </Trackpoint>
        <Trackpoint>
          <Time>2024-12-06T15:17:47Z</Time>
          <DistanceMeters>407.0</DistanceMeters>
          <HeartRateBpm>
            <Value>99</Value>
          </HeartRateBpm>
          <SensorState>Absent</SensorState>
        </Trackpoint>
        <Trackpoint>
          <Time>2024-12-06T15:17:51Z</Time>
          <DistanceMeters>407.0</DistanceMeters>
          <HeartRateBpm>
            <Value>98</Value>
          </HeartRateBpm>
          <SensorState>Absent</SensorState>
        </Trackpoint>
        <Trackpoint>
          <Time>2024-12-06T15:17:56Z</Time>
          <DistanceMeters>407.0</DistanceMeters>
          <HeartRateBpm>
            <Value>99</Value>
          </HeartRateBpm>
          <SensorState>Absent</SensorState>
        </Trackpoint>
        <Trackpoint>
          <Time>2024-12-06T15:17:57Z</Time>
          <DistanceMeters>407.0</DistanceMeters>
          <HeartRateBpm>
            <Value>98</Value>
          </HeartRateBpm>
          <SensorState>Absent</SensorState>
        </Trackpoint>
        <Trackpoint>
          <Time>2024-12-06T15:17:58Z</Time>
          <DistanceMeters>407.0</DistanceMeters>
          <HeartRateBpm>
            <Value>97</Value>
          </HeartRateBpm>
          <SensorState>Absent</SensorState>
        </Trackpoint>
        <Trackpoint>
          <Time>2024-12-06T15:18:00Z</Time>
          <DistanceMeters>407.0</DistanceMeters>
          <HeartRateBpm>
            <Value>92</Value>
          </HeartRateBpm>
          <SensorState>Absent</SensorState>
        </Trackpoint>
        <Trackpoint>
          <Time>2024-12-06T15:18:02Z</Time>
          <DistanceMeters>407.0</DistanceMeters>
          <HeartRateBpm>
            <Value>95</Value>
          </HeartRateBpm>
          <SensorState>Absent</SensorState>
        </Trackpoint>
        <Trackpoint>
          <Time>2024-12-06T15:18:04Z</Time>
          <DistanceMeters>407.0</DistanceMeters>
          <HeartRateBpm>
            <Value>94</Value>
          </HeartRateBpm>
          <SensorState>Absent</SensorState>
        </Trackpoint>
        <Trackpoint>
          <Time>2024-12-06T15:18:06Z</Time>
          <DistanceMeters>421.0</DistanceMeters>
          <HeartRateBpm>
            <Value>93</Value>
          </HeartRateBpm>
          <SensorState>Absent</SensorState>
        </Trackpoint>
        <Trackpoint>
          <Time>2024-12-06T15:18:06Z</Time>
          <DistanceMeters>421.0</DistanceMeters>
          <HeartRateBpm>
            <Value>93</Value>
          </HeartRateBpm>
          <SensorState>Absent</SensorState>
        </Trackpoint>
        <Trackpoint>
          <Time>2024-12-06T15:18:09Z</Time>
          <DistanceMeters>421.0</DistanceMeters>
          <HeartRateBpm>
            <Value>94</Value>
          </HeartRateBpm>
          <SensorState>Absent</SensorState>
        </Trackpoint>
        <Trackpoint>
          <Time>2024-12-06T15:18:11Z</Time>
          <DistanceMeters>421.0</DistanceMeters>
          <HeartRateBpm>
            <Value>96</Value>
          </HeartRateBpm>
          <SensorState>Absent</SensorState>
        </Trackpoint>
        <Trackpoint>
          <Time>2024-12-06T15:18:16Z</Time>
          <DistanceMeters>421.0</DistanceMeters>
          <HeartRateBpm>
            <Value>96</Value>
          </HeartRateBpm>
          <SensorState>Absent</SensorState>
        </Trackpoint>
        <Trackpoint>
          <Time>2024-12-06T15:18:17Z</Time>
          <DistanceMeters>421.0</DistanceMeters>
          <HeartRateBpm>
            <Value>95</Value>
          </HeartRateBpm>
          <SensorState>Absent</SensorState>
        </Trackpoint>
        <Trackpoint>
          <Time>2024-12-06T15:18:19Z</Time>
          <DistanceMeters>421.0</DistanceMeters>
          <HeartRateBpm>
            <Value>94</Value>
          </HeartRateBpm>
          <SensorState>Absent</SensorState>
        </Trackpoint>
        <Trackpoint>
          <Time>2024-12-06T15:18:20Z</Time>
          <DistanceMeters>421.0</DistanceMeters>
          <HeartRateBpm>
            <Value>92</Value>
          </HeartRateBpm>
          <SensorState>Absent</SensorState>
        </Trackpoint>
        <Trackpoint>
          <Time>2024-12-06T15:18:22Z</Time>
          <DistanceMeters>421.0</DistanceMeters>
          <HeartRateBpm>
            <Value>93</Value>
          </HeartRateBpm>
          <SensorState>Absent</SensorState>
        </Trackpoint>
        <Trackpoint>
          <Time>2024-12-06T15:18:28Z</Time>
          <DistanceMeters>421.0</DistanceMeters>
          <HeartRateBpm>
            <Value>91</Value>
          </HeartRateBpm>
          <SensorState>Absent</SensorState>
        </Trackpoint>
        <Trackpoint>
          <Time>2024-12-06T15:18:29Z</Time>
          <DistanceMeters>421.0</DistanceMeters>
          <HeartRateBpm>
            <Value>90</Value>
          </HeartRateBpm>
          <SensorState>Absent</SensorState>
        </Trackpoint>
        <Trackpoint>
          <Time>2024-12-06T15:18:34Z</Time>
          <DistanceMeters>421.0</DistanceMeters>
          <HeartRateBpm>
            <Value>90</Value>
          </HeartRateBpm>
          <SensorState>Absent</SensorState>
        </Trackpoint>
        <Trackpoint>
          <Time>2024-12-06T15:18:35Z</Time>
          <DistanceMeters>421.0</DistanceMeters>
          <HeartRateBpm>
            <Value>91</Value>
          </HeartRateBpm>
          <SensorState>Absent</SensorState>
        </Trackpoint>
        <Trackpoint>
          <Time>2024-12-06T15:18:41Z</Time>
          <DistanceMeters>421.0</DistanceMeters>
          <HeartRateBpm>
            <Value>91</Value>
          </HeartRateBpm>
          <SensorState>Absent</SensorState>
        </Trackpoint>
        <Trackpoint>
          <Time>2024-12-06T15:18:45Z</Time>
          <DistanceMeters>421.0</DistanceMeters>
          <HeartRateBpm>
            <Value>90</Value>
          </HeartRateBpm>
          <SensorState>Absent</SensorState>
        </Trackpoint>
        <Trackpoint>
          <Time>2024-12-06T15:18:48Z</Time>
          <DistanceMeters>421.0</DistanceMeters>
          <HeartRateBpm>
            <Value>91</Value>
          </HeartRateBpm>
          <SensorState>Absent</SensorState>
        </Trackpoint>
        <Trackpoint>
          <Time>2024-12-06T15:18:50Z</Time>
          <DistanceMeters>421.0</DistanceMeters>
          <HeartRateBpm>
            <Value>92</Value>
          </HeartRateBpm>
          <SensorState>Absent</SensorState>
        </Trackpoint>
        <Trackpoint>
          <Time>2024-12-06T15:18:51Z</Time>
          <DistanceMeters>421.0</DistanceMeters>
          <HeartRateBpm>
            <Value>91</Value>
          </HeartRateBpm>
          <SensorState>Absent</SensorState>
        </Trackpoint>
        <Trackpoint>
          <Time>2024-12-06T15:18:52Z</Time>
          <DistanceMeters>421.0</DistanceMeters>
          <HeartRateBpm>
            <Value>90</Value>
          </HeartRateBpm>
          <SensorState>Absent</SensorState>
        </Trackpoint>
        <Trackpoint>
          <Time>2024-12-06T15:18:54Z</Time>
          <DistanceMeters>421.0</DistanceMeters>
          <HeartRateBpm>
            <Value>89</Value>
          </HeartRateBpm>
          <SensorState>Absent</SensorState>
        </Trackpoint>
        <Trackpoint>
          <Time>2024-12-06T15:18:56Z</Time>
          <DistanceMeters>421.0</DistanceMeters>
          <HeartRateBpm>
            <Value>90</Value>
          </HeartRateBpm>
          <SensorState>Absent</SensorState>
        </Trackpoint>
        <Trackpoint>
          <Time>2024-12-06T15:18:58Z</Time>
          <DistanceMeters>421.0</DistanceMeters>
          <HeartRateBpm>
            <Value>91</Value>
          </HeartRateBpm>
          <SensorState>Absent</SensorState>
        </Trackpoint>
        <Trackpoint>
          <Time>2024-12-06T15:19:00Z</Time>
          <DistanceMeters>421.0</DistanceMeters>
          <HeartRateBpm>
            <Value>89</Value>
          </HeartRateBpm>
          <SensorState>Absent</SensorState>
        </Trackpoint>
        <Trackpoint>
          <Time>2024-12-06T15:19:01Z</Time>
          <DistanceMeters>421.0</DistanceMeters>
          <HeartRateBpm>
            <Value>90</Value>
          </HeartRateBpm>
          <SensorState>Absent</SensorState>
        </Trackpoint>
        <Trackpoint>
          <Time>2024-12-06T15:19:03Z</Time>
          <DistanceMeters>421.0</DistanceMeters>
          <HeartRateBpm>
            <Value>88</Value>
          </HeartRateBpm>
          <SensorState>Absent</SensorState>
        </Trackpoint>
        <Trackpoint>
          <Time>2024-12-06T15:19:08Z</Time>
          <DistanceMeters>435.0</DistanceMeters>
          <HeartRateBpm>
            <Value>88</Value>
          </HeartRateBpm>
          <SensorState>Absent</SensorState>
        </Trackpoint>
        <Trackpoint>
          <Time>2024-12-06T15:19:08Z</Time>
          <DistanceMeters>435.0</DistanceMeters>
          <HeartRateBpm>
            <Value>88</Value>
          </HeartRateBpm>
          <SensorState>Absent</SensorState>
        </Trackpoint>
        <Trackpoint>
          <Time>2024-12-06T15:19:12Z</Time>
          <DistanceMeters>435.0</DistanceMeters>
          <HeartRateBpm>
            <Value>89</Value>
          </HeartRateBpm>
          <SensorState>Absent</SensorState>
        </Trackpoint>
        <Trackpoint>
          <Time>2024-12-06T15:19:17Z</Time>
          <DistanceMeters>435.0</DistanceMeters>
          <HeartRateBpm>
            <Value>89</Value>
          </HeartRateBpm>
          <SensorState>Absent</SensorState>
        </Trackpoint>
        <Trackpoint>
          <Time>2024-12-06T15:19:18Z</Time>
          <DistanceMeters>435.0</DistanceMeters>
          <HeartRateBpm>
            <Value>90</Value>
          </HeartRateBpm>
          <SensorState>Absent</SensorState>
        </Trackpoint>
        <Trackpoint>
          <Time>2024-12-06T15:19:22Z</Time>
          <DistanceMeters>435.0</DistanceMeters>
          <HeartRateBpm>
            <Value>89</Value>
          </HeartRateBpm>
          <SensorState>Absent</SensorState>
        </Trackpoint>
        <Trackpoint>
          <Time>2024-12-06T15:19:27Z</Time>
          <DistanceMeters>435.0</DistanceMeters>
          <HeartRateBpm>
            <Value>89</Value>
          </HeartRateBpm>
          <SensorState>Absent</SensorState>
        </Trackpoint>
        <Trackpoint>
          <Time>2024-12-06T15:19:31Z</Time>
          <DistanceMeters>435.0</DistanceMeters>
          <HeartRateBpm>
            <Value>88</Value>
          </HeartRateBpm>
          <SensorState>Absent</SensorState>
        </Trackpoint>
        <Trackpoint>
          <Time>2024-12-06T15:19:33Z</Time>
          <DistanceMeters>435.0</DistanceMeters>
          <HeartRateBpm>
            <Value>86</Value>
          </HeartRateBpm>
          <SensorState>Absent</SensorState>
        </Trackpoint>
        <Trackpoint>
          <Time>2024-12-06T15:19:34Z</Time>
          <DistanceMeters>435.0</DistanceMeters>
          <HeartRateBpm>
            <Value>85</Value>
          </HeartRateBpm>
          <SensorState>Absent</SensorState>
        </Trackpoint>
        <Trackpoint>
          <Time>2024-12-06T15:19:39Z</Time>
          <DistanceMeters>435.0</DistanceMeters>
          <HeartRateBpm>
            <Value>85</Value>
          </HeartRateBpm>
          <SensorState>Absent</SensorState>
        </Trackpoint>
        <Trackpoint>
          <Time>2024-12-06T15:19:43Z</Time>
          <DistanceMeters>435.0</DistanceMeters>
          <HeartRateBpm>
            <Value>86</Value>
          </HeartRateBpm>
          <SensorState>Absent</SensorState>
        </Trackpoint>
        <Trackpoint>
          <Time>2024-12-06T15:19:48Z</Time>
          <DistanceMeters>435.0</DistanceMeters>
          <HeartRateBpm>
            <Value>87</Value>
          </HeartRateBpm>
          <SensorState>Absent</SensorState>
        </Trackpoint>
        <Trackpoint>
          <Time>2024-12-06T15:19:51Z</Time>
          <DistanceMeters>435.0</DistanceMeters>
          <HeartRateBpm>
            <Value>88</Value>
          </HeartRateBpm>
          <SensorState>Absent</SensorState>
        </Trackpoint>
        <Trackpoint>
          <Time>2024-12-06T15:19:52Z</Time>
          <DistanceMeters>435.0</DistanceMeters>
          <HeartRateBpm>
            <Value>89</Value>
          </HeartRateBpm>
          <SensorState>Absent</SensorState>
        </Trackpoint>
        <Trackpoint>
          <Time>2024-12-06T15:19:53Z</Time>
          <DistanceMeters>435.0</DistanceMeters>
          <HeartRateBpm>
            <Value>90</Value>
          </HeartRateBpm>
          <SensorState>Absent</SensorState>
        </Trackpoint>
        <Trackpoint>
          <Time>2024-12-06T15:19:59Z</Time>
          <DistanceMeters>435.0</DistanceMeters>
          <HeartRateBpm>
            <Value>90</Value>
          </HeartRateBpm>
          <SensorState>Absent</SensorState>
        </Trackpoint>
        <Trackpoint>
          <Time>2024-12-06T15:20:00Z</Time>
          <DistanceMeters>435.0</DistanceMeters>
          <HeartRateBpm>
            <Value>102</Value>
          </HeartRateBpm>
          <SensorState>Absent</SensorState>
        </Trackpoint>
        <Trackpoint>
          <Time>2024-12-06T15:20:01Z</Time>
          <DistanceMeters>435.0</DistanceMeters>
          <HeartRateBpm>
            <Value>89</Value>
          </HeartRateBpm>
          <SensorState>Absent</SensorState>
        </Trackpoint>
        <Trackpoint>
          <Time>2024-12-06T15:20:03Z</Time>
          <DistanceMeters>435.0</DistanceMeters>
          <HeartRateBpm>
            <Value>88</Value>
          </HeartRateBpm>
          <SensorState>Absent</SensorState>
        </Trackpoint>
        <Trackpoint>
          <Time>2024-12-06T15:20:04Z</Time>
          <DistanceMeters>435.0</DistanceMeters>
          <HeartRateBpm>
            <Value>89</Value>
          </HeartRateBpm>
          <SensorState>Absent</SensorState>
        </Trackpoint>
        <Trackpoint>
          <Time>2024-12-06T15:20:05Z</Time>
          <DistanceMeters>449.0</DistanceMeters>
          <HeartRateBpm>
            <Value>91</Value>
          </HeartRateBpm>
          <SensorState>Absent</SensorState>
        </Trackpoint>
        <Trackpoint>
          <Time>2024-12-06T15:20:06Z</Time>
          <DistanceMeters>449.0</DistanceMeters>
          <HeartRateBpm>
            <Value>93</Value>
          </HeartRateBpm>
          <SensorState>Absent</SensorState>
        </Trackpoint>
        <Trackpoint>
          <Time>2024-12-06T15:20:08Z</Time>
          <DistanceMeters>449.0</DistanceMeters>
          <HeartRateBpm>
            <Value>95</Value>
          </HeartRateBpm>
          <SensorState>Absent</SensorState>
        </Trackpoint>
        <Trackpoint>
          <Time>2024-12-06T15:20:08Z</Time>
          <DistanceMeters>449.0</DistanceMeters>
          <HeartRateBpm>
            <Value>95</Value>
          </HeartRateBpm>
          <SensorState>Absent</SensorState>
        </Trackpoint>
        <Trackpoint>
          <Time>2024-12-06T15:20:09Z</Time>
          <DistanceMeters>449.0</DistanceMeters>
          <HeartRateBpm>
            <Value>97</Value>
          </HeartRateBpm>
          <SensorState>Absent</SensorState>
        </Trackpoint>
        <Trackpoint>
          <Time>2024-12-06T15:20:10Z</Time>
          <DistanceMeters>449.0</DistanceMeters>
          <HeartRateBpm>
            <Value>100</Value>
          </HeartRateBpm>
          <SensorState>Absent</SensorState>
        </Trackpoint>
        <Trackpoint>
          <Time>2024-12-06T15:20:12Z</Time>
          <DistanceMeters>449.0</DistanceMeters>
          <HeartRateBpm>
            <Value>107</Value>
          </HeartRateBpm>
          <SensorState>Absent</SensorState>
        </Trackpoint>
        <Trackpoint>
          <Time>2024-12-06T15:20:12Z</Time>
          <DistanceMeters>449.0</DistanceMeters>
          <HeartRateBpm>
            <Value>107</Value>
          </HeartRateBpm>
          <SensorState>Absent</SensorState>
        </Trackpoint>
        <Trackpoint>
          <Time>2024-12-06T15:20:13Z</Time>
          <DistanceMeters>449.0</DistanceMeters>
          <HeartRateBpm>
            <Value>108</Value>
          </HeartRateBpm>
          <SensorState>Absent</SensorState>
        </Trackpoint>
        <Trackpoint>
          <Time>2024-12-06T15:20:14Z</Time>
          <DistanceMeters>449.0</DistanceMeters>
          <HeartRateBpm>
            <Value>110</Value>
          </HeartRateBpm>
          <SensorState>Absent</SensorState>
        </Trackpoint>
        <Trackpoint>
          <Time>2024-12-06T15:20:16Z</Time>
          <DistanceMeters>449.0</DistanceMeters>
          <HeartRateBpm>
            <Value>112</Value>
          </HeartRateBpm>
          <SensorState>Absent</SensorState>
        </Trackpoint>
        <Trackpoint>
          <Time>2024-12-06T15:20:18Z</Time>
          <DistanceMeters>449.0</DistanceMeters>
          <HeartRateBpm>
            <Value>110</Value>
          </HeartRateBpm>
          <SensorState>Absent</SensorState>
        </Trackpoint>
        <Trackpoint>
          <Time>2024-12-06T15:20:19Z</Time>
          <DistanceMeters>449.0</DistanceMeters>
          <HeartRateBpm>
            <Value>108</Value>
          </HeartRateBpm>
          <SensorState>Absent</SensorState>
        </Trackpoint>
        <Trackpoint>
          <Time>2024-12-06T15:20:21Z</Time>
          <DistanceMeters>449.0</DistanceMeters>
          <HeartRateBpm>
            <Value>104</Value>
          </HeartRateBpm>
          <SensorState>Absent</SensorState>
        </Trackpoint>
        <Trackpoint>
          <Time>2024-12-06T15:20:22Z</Time>
          <DistanceMeters>449.0</DistanceMeters>
          <HeartRateBpm>
            <Value>103</Value>
          </HeartRateBpm>
          <SensorState>Absent</SensorState>
        </Trackpoint>
        <Trackpoint>
          <Time>2024-12-06T15:20:25Z</Time>
          <DistanceMeters>449.0</DistanceMeters>
          <HeartRateBpm>
            <Value>102</Value>
          </HeartRateBpm>
          <SensorState>Absent</SensorState>
        </Trackpoint>
        <Trackpoint>
          <Time>2024-12-06T15:20:30Z</Time>
          <DistanceMeters>449.0</DistanceMeters>
          <HeartRateBpm>
            <Value>105</Value>
          </HeartRateBpm>
          <SensorState>Absent</SensorState>
        </Trackpoint>
        <Trackpoint>
          <Time>2024-12-06T15:20:31Z</Time>
          <DistanceMeters>449.0</DistanceMeters>
          <HeartRateBpm>
            <Value>108</Value>
          </HeartRateBpm>
          <SensorState>Absent</SensorState>
        </Trackpoint>
        <Trackpoint>
          <Time>2024-12-06T15:20:32Z</Time>
          <DistanceMeters>449.0</DistanceMeters>
          <HeartRateBpm>
            <Value>109</Value>
          </HeartRateBpm>
          <SensorState>Absent</SensorState>
        </Trackpoint>
        <Trackpoint>
          <Time>2024-12-06T15:20:34Z</Time>
          <DistanceMeters>449.0</DistanceMeters>
          <HeartRateBpm>
            <Value>110</Value>
          </HeartRateBpm>
          <SensorState>Absent</SensorState>
        </Trackpoint>
        <Trackpoint>
          <Time>2024-12-06T15:20:38Z</Time>
          <DistanceMeters>449.0</DistanceMeters>
          <HeartRateBpm>
            <Value>111</Value>
          </HeartRateBpm>
          <SensorState>Absent</SensorState>
        </Trackpoint>
        <Trackpoint>
          <Time>2024-12-06T15:20:42Z</Time>
          <DistanceMeters>449.0</DistanceMeters>
          <HeartRateBpm>
            <Value>112</Value>
          </HeartRateBpm>
          <SensorState>Absent</SensorState>
        </Trackpoint>
        <Trackpoint>
          <Time>2024-12-06T15:20:43Z</Time>
          <DistanceMeters>449.0</DistanceMeters>
          <HeartRateBpm>
            <Value>114</Value>
          </HeartRateBpm>
          <SensorState>Absent</SensorState>
        </Trackpoint>
        <Trackpoint>
          <Time>2024-12-06T15:20:43Z</Time>
          <DistanceMeters>449.0</DistanceMeters>
          <HeartRateBpm>
            <Value>114</Value>
          </HeartRateBpm>
          <SensorState>Absent</SensorState>
        </Trackpoint>
        <Trackpoint>
          <Time>2024-12-06T15:20:44Z</Time>
          <DistanceMeters>449.0</DistanceMeters>
          <HeartRateBpm>
            <Value>116</Value>
          </HeartRateBpm>
          <SensorState>Absent</SensorState>
        </Trackpoint>
        <Trackpoint>
          <Time>2024-12-06T15:20:45Z</Time>
          <DistanceMeters>449.0</DistanceMeters>
          <HeartRateBpm>
            <Value>117</Value>
          </HeartRateBpm>
          <SensorState>Absent</SensorState>
        </Trackpoint>
        <Trackpoint>
          <Time>2024-12-06T15:20:47Z</Time>
          <DistanceMeters>449.0</DistanceMeters>
          <HeartRateBpm>
            <Value>118</Value>
          </HeartRateBpm>
          <SensorState>Absent</SensorState>
        </Trackpoint>
        <Trackpoint>
          <Time>2024-12-06T15:20:52Z</Time>
          <DistanceMeters>449.0</DistanceMeters>
          <HeartRateBpm>
            <Value>119</Value>
          </HeartRateBpm>
          <SensorState>Absent</SensorState>
        </Trackpoint>
        <Trackpoint>
          <Time>2024-12-06T15:20:52Z</Time>
          <DistanceMeters>449.0</DistanceMeters>
          <HeartRateBpm>
            <Value>120</Value>
          </HeartRateBpm>
          <SensorState>Absent</SensorState>
        </Trackpoint>
        <Trackpoint>
          <Time>2024-12-06T15:20:53Z</Time>
          <DistanceMeters>449.0</DistanceMeters>
          <HeartRateBpm>
            <Value>120</Value>
          </HeartRateBpm>
          <SensorState>Absent</SensorState>
        </Trackpoint>
        <Trackpoint>
          <Time>2024-12-06T15:20:56Z</Time>
          <DistanceMeters>449.0</DistanceMeters>
          <HeartRateBpm>
            <Value>121</Value>
          </HeartRateBpm>
          <SensorState>Absent</SensorState>
        </Trackpoint>
        <Trackpoint>
          <Time>2024-12-06T15:20:57Z</Time>
          <DistanceMeters>449.0</DistanceMeters>
          <HeartRateBpm>
            <Value>119</Value>
          </HeartRateBpm>
          <SensorState>Absent</SensorState>
        </Trackpoint>
        <Trackpoint>
          <Time>2024-12-06T15:20:58Z</Time>
          <DistanceMeters>449.0</DistanceMeters>
          <HeartRateBpm>
            <Value>118</Value>
          </HeartRateBpm>
          <SensorState>Absent</SensorState>
        </Trackpoint>
        <Trackpoint>
          <Time>2024-12-06T15:20:59Z</Time>
          <DistanceMeters>449.0</DistanceMeters>
          <HeartRateBpm>
            <Value>116</Value>
          </HeartRateBpm>
          <SensorState>Absent</SensorState>
        </Trackpoint>
        <Trackpoint>
          <Time>2024-12-06T15:21:00Z</Time>
          <DistanceMeters>449.0</DistanceMeters>
          <HeartRateBpm>
            <Value>114</Value>
          </HeartRateBpm>
          <SensorState>Absent</SensorState>
        </Trackpoint>
        <Trackpoint>
          <Time>2024-12-06T15:21:01Z</Time>
          <DistanceMeters>449.0</DistanceMeters>
          <HeartRateBpm>
            <Value>115</Value>
          </HeartRateBpm>
          <SensorState>Absent</SensorState>
        </Trackpoint>
        <Trackpoint>
          <Time>2024-12-06T15:21:01Z</Time>
          <DistanceMeters>449.0</DistanceMeters>
          <HeartRateBpm>
            <Value>114</Value>
          </HeartRateBpm>
          <SensorState>Absent</SensorState>
        </Trackpoint>
        <Trackpoint>
          <Time>2024-12-06T15:21:02Z</Time>
          <DistanceMeters>449.0</DistanceMeters>
          <HeartRateBpm>
            <Value>114</Value>
          </HeartRateBpm>
          <SensorState>Absent</SensorState>
        </Trackpoint>
        <Trackpoint>
          <Time>2024-12-06T15:21:03Z</Time>
          <DistanceMeters>449.0</DistanceMeters>
          <HeartRateBpm>
            <Value>115</Value>
          </HeartRateBpm>
          <SensorState>Absent</SensorState>
        </Trackpoint>
        <Trackpoint>
          <Time>2024-12-06T15:21:05Z</Time>
          <DistanceMeters>464.0</DistanceMeters>
          <HeartRateBpm>
            <Value>114</Value>
          </HeartRateBpm>
          <SensorState>Absent</SensorState>
        </Trackpoint>
        <Trackpoint>
          <Time>2024-12-06T15:21:10Z</Time>
          <DistanceMeters>464.0</DistanceMeters>
          <HeartRateBpm>
            <Value>113</Value>
          </HeartRateBpm>
          <SensorState>Absent</SensorState>
        </Trackpoint>
        <Trackpoint>
          <Time>2024-12-06T15:21:11Z</Time>
          <DistanceMeters>464.0</DistanceMeters>
          <HeartRateBpm>
            <Value>112</Value>
          </HeartRateBpm>
          <SensorState>Absent</SensorState>
        </Trackpoint>
        <Trackpoint>
          <Time>2024-12-06T15:21:16Z</Time>
          <DistanceMeters>464.0</DistanceMeters>
          <HeartRateBpm>
            <Value>113</Value>
          </HeartRateBpm>
          <SensorState>Absent</SensorState>
        </Trackpoint>
        <Trackpoint>
          <Time>2024-12-06T15:21:18Z</Time>
          <DistanceMeters>464.0</DistanceMeters>
          <HeartRateBpm>
            <Value>115</Value>
          </HeartRateBpm>
          <SensorState>Absent</SensorState>
        </Trackpoint>
        <Trackpoint>
          <Time>2024-12-06T15:21:19Z</Time>
          <DistanceMeters>464.0</DistanceMeters>
          <HeartRateBpm>
            <Value>116</Value>
          </HeartRateBpm>
          <SensorState>Absent</SensorState>
        </Trackpoint>
        <Trackpoint>
          <Time>2024-12-06T15:21:20Z</Time>
          <DistanceMeters>464.0</DistanceMeters>
          <HeartRateBpm>
            <Value>115</Value>
          </HeartRateBpm>
          <SensorState>Absent</SensorState>
        </Trackpoint>
        <Trackpoint>
          <Time>2024-12-06T15:21:22Z</Time>
          <DistanceMeters>464.0</DistanceMeters>
          <HeartRateBpm>
            <Value>116</Value>
          </HeartRateBpm>
          <SensorState>Absent</SensorState>
        </Trackpoint>
        <Trackpoint>
          <Time>2024-12-06T15:21:23Z</Time>
          <DistanceMeters>464.0</DistanceMeters>
          <HeartRateBpm>
            <Value>114</Value>
          </HeartRateBpm>
          <SensorState>Absent</SensorState>
        </Trackpoint>
        <Trackpoint>
          <Time>2024-12-06T15:21:25Z</Time>
          <DistanceMeters>464.0</DistanceMeters>
          <HeartRateBpm>
            <Value>115</Value>
          </HeartRateBpm>
          <SensorState>Absent</SensorState>
        </Trackpoint>
        <Trackpoint>
          <Time>2024-12-06T15:21:27Z</Time>
          <DistanceMeters>464.0</DistanceMeters>
          <HeartRateBpm>
            <Value>117</Value>
          </HeartRateBpm>
          <SensorState>Absent</SensorState>
        </Trackpoint>
        <Trackpoint>
          <Time>2024-12-06T15:21:31Z</Time>
          <DistanceMeters>464.0</DistanceMeters>
          <HeartRateBpm>
            <Value>118</Value>
          </HeartRateBpm>
          <SensorState>Absent</SensorState>
        </Trackpoint>
        <Trackpoint>
          <Time>2024-12-06T15:21:32Z</Time>
          <DistanceMeters>464.0</DistanceMeters>
          <HeartRateBpm>
            <Value>119</Value>
          </HeartRateBpm>
          <SensorState>Absent</SensorState>
        </Trackpoint>
        <Trackpoint>
          <Time>2024-12-06T15:21:34Z</Time>
          <DistanceMeters>464.0</DistanceMeters>
          <HeartRateBpm>
            <Value>120</Value>
          </HeartRateBpm>
          <SensorState>Absent</SensorState>
        </Trackpoint>
        <Trackpoint>
          <Time>2024-12-06T15:21:35Z</Time>
          <DistanceMeters>464.0</DistanceMeters>
          <HeartRateBpm>
            <Value>120</Value>
          </HeartRateBpm>
          <SensorState>Absent</SensorState>
        </Trackpoint>
        <Trackpoint>
          <Time>2024-12-06T15:21:36Z</Time>
          <DistanceMeters>464.0</DistanceMeters>
          <HeartRateBpm>
            <Value>122</Value>
          </HeartRateBpm>
          <SensorState>Absent</SensorState>
        </Trackpoint>
        <Trackpoint>
          <Time>2024-12-06T15:21:40Z</Time>
          <DistanceMeters>464.0</DistanceMeters>
          <HeartRateBpm>
            <Value>121</Value>
          </HeartRateBpm>
          <SensorState>Absent</SensorState>
        </Trackpoint>
        <Trackpoint>
          <Time>2024-12-06T15:21:41Z</Time>
          <DistanceMeters>464.0</DistanceMeters>
          <HeartRateBpm>
            <Value>119</Value>
          </HeartRateBpm>
          <SensorState>Absent</SensorState>
        </Trackpoint>
        <Trackpoint>
          <Time>2024-12-06T15:21:42Z</Time>
          <DistanceMeters>464.0</DistanceMeters>
          <HeartRateBpm>
            <Value>118</Value>
          </HeartRateBpm>
          <SensorState>Absent</SensorState>
        </Trackpoint>
        <Trackpoint>
          <Time>2024-12-06T15:21:44Z</Time>
          <DistanceMeters>464.0</DistanceMeters>
          <HeartRateBpm>
            <Value>117</Value>
          </HeartRateBpm>
          <SensorState>Absent</SensorState>
        </Trackpoint>
        <Trackpoint>
          <Time>2024-12-06T15:21:45Z</Time>
          <DistanceMeters>464.0</DistanceMeters>
          <HeartRateBpm>
            <Value>118</Value>
          </HeartRateBpm>
          <SensorState>Absent</SensorState>
        </Trackpoint>
        <Trackpoint>
          <Time>2024-12-06T15:21:48Z</Time>
          <DistanceMeters>464.0</DistanceMeters>
          <HeartRateBpm>
            <Value>121</Value>
          </HeartRateBpm>
          <SensorState>Absent</SensorState>
        </Trackpoint>
        <Trackpoint>
          <Time>2024-12-06T15:21:49Z</Time>
          <DistanceMeters>464.0</DistanceMeters>
          <HeartRateBpm>
            <Value>125</Value>
          </HeartRateBpm>
          <SensorState>Absent</SensorState>
        </Trackpoint>
        <Trackpoint>
          <Time>2024-12-06T15:21:49Z</Time>
          <DistanceMeters>464.0</DistanceMeters>
          <HeartRateBpm>
            <Value>126</Value>
          </HeartRateBpm>
          <SensorState>Absent</SensorState>
        </Trackpoint>
        <Trackpoint>
          <Time>2024-12-06T15:21:50Z</Time>
          <DistanceMeters>464.0</DistanceMeters>
          <HeartRateBpm>
            <Value>126</Value>
          </HeartRateBpm>
          <SensorState>Absent</SensorState>
        </Trackpoint>
        <Trackpoint>
          <Time>2024-12-06T15:21:53Z</Time>
          <DistanceMeters>464.0</DistanceMeters>
          <HeartRateBpm>
            <Value>125</Value>
          </HeartRateBpm>
          <SensorState>Absent</SensorState>
        </Trackpoint>
        <Trackpoint>
          <Time>2024-12-06T15:21:55Z</Time>
          <DistanceMeters>464.0</DistanceMeters>
          <HeartRateBpm>
            <Value>127</Value>
          </HeartRateBpm>
          <SensorState>Absent</SensorState>
        </Trackpoint>
        <Trackpoint>
          <Time>2024-12-06T15:21:57Z</Time>
          <DistanceMeters>464.0</DistanceMeters>
          <HeartRateBpm>
            <Value>128</Value>
          </HeartRateBpm>
          <SensorState>Absent</SensorState>
        </Trackpoint>
        <Trackpoint>
          <Time>2024-12-06T15:21:59Z</Time>
          <DistanceMeters>464.0</DistanceMeters>
          <HeartRateBpm>
            <Value>129</Value>
          </HeartRateBpm>
          <SensorState>Absent</SensorState>
        </Trackpoint>
        <Trackpoint>
          <Time>2024-12-06T15:22:00Z</Time>
          <DistanceMeters>464.0</DistanceMeters>
          <HeartRateBpm>
            <Value>130</Value>
          </HeartRateBpm>
          <SensorState>Absent</SensorState>
        </Trackpoint>
        <Trackpoint>
          <Time>2024-12-06T15:22:01Z</Time>
          <DistanceMeters>464.0</DistanceMeters>
          <HeartRateBpm>
            <Value>130</Value>
          </HeartRateBpm>
          <SensorState>Absent</SensorState>
        </Trackpoint>
        <Trackpoint>
          <Time>2024-12-06T15:22:04Z</Time>
          <DistanceMeters>464.0</DistanceMeters>
          <HeartRateBpm>
            <Value>132</Value>
          </HeartRateBpm>
          <SensorState>Absent</SensorState>
        </Trackpoint>
        <Trackpoint>
          <Time>2024-12-06T15:22:05Z</Time>
          <DistanceMeters>478.0</DistanceMeters>
          <HeartRateBpm>
            <Value>132</Value>
          </HeartRateBpm>
          <SensorState>Absent</SensorState>
        </Trackpoint>
        <Trackpoint>
          <Time>2024-12-06T15:22:06Z</Time>
          <DistanceMeters>478.0</DistanceMeters>
          <HeartRateBpm>
            <Value>130</Value>
          </HeartRateBpm>
          <SensorState>Absent</SensorState>
        </Trackpoint>
        <Trackpoint>
          <Time>2024-12-06T15:22:08Z</Time>
          <DistanceMeters>478.0</DistanceMeters>
          <HeartRateBpm>
            <Value>128</Value>
          </HeartRateBpm>
          <SensorState>Absent</SensorState>
        </Trackpoint>
        <Trackpoint>
          <Time>2024-12-06T15:22:09Z</Time>
          <DistanceMeters>478.0</DistanceMeters>
          <HeartRateBpm>
            <Value>130</Value>
          </HeartRateBpm>
          <SensorState>Absent</SensorState>
        </Trackpoint>
        <Trackpoint>
          <Time>2024-12-06T15:22:10Z</Time>
          <DistanceMeters>478.0</DistanceMeters>
          <HeartRateBpm>
            <Value>134</Value>
          </HeartRateBpm>
          <SensorState>Absent</SensorState>
        </Trackpoint>
        <Trackpoint>
          <Time>2024-12-06T15:22:12Z</Time>
          <DistanceMeters>478.0</DistanceMeters>
          <HeartRateBpm>
            <Value>135</Value>
          </HeartRateBpm>
          <SensorState>Absent</SensorState>
        </Trackpoint>
        <Trackpoint>
          <Time>2024-12-06T15:22:13Z</Time>
          <DistanceMeters>478.0</DistanceMeters>
          <HeartRateBpm>
            <Value>134</Value>
          </HeartRateBpm>
          <SensorState>Absent</SensorState>
        </Trackpoint>
        <Trackpoint>
          <Time>2024-12-06T15:22:15Z</Time>
          <DistanceMeters>478.0</DistanceMeters>
          <HeartRateBpm>
            <Value>132</Value>
          </HeartRateBpm>
          <SensorState>Absent</SensorState>
        </Trackpoint>
        <Trackpoint>
          <Time>2024-12-06T15:22:16Z</Time>
          <DistanceMeters>478.0</DistanceMeters>
          <HeartRateBpm>
            <Value>131</Value>
          </HeartRateBpm>
          <SensorState>Absent</SensorState>
        </Trackpoint>
        <Trackpoint>
          <Time>2024-12-06T15:22:17Z</Time>
          <DistanceMeters>478.0</DistanceMeters>
          <HeartRateBpm>
            <Value>128</Value>
          </HeartRateBpm>
          <SensorState>Absent</SensorState>
        </Trackpoint>
        <Trackpoint>
          <Time>2024-12-06T15:22:20Z</Time>
          <DistanceMeters>478.0</DistanceMeters>
          <HeartRateBpm>
            <Value>129</Value>
          </HeartRateBpm>
          <SensorState>Absent</SensorState>
        </Trackpoint>
        <Trackpoint>
          <Time>2024-12-06T15:22:21Z</Time>
          <DistanceMeters>478.0</DistanceMeters>
          <HeartRateBpm>
            <Value>130</Value>
          </HeartRateBpm>
          <SensorState>Absent</SensorState>
        </Trackpoint>
        <Trackpoint>
          <Time>2024-12-06T15:22:22Z</Time>
          <DistanceMeters>478.0</DistanceMeters>
          <HeartRateBpm>
            <Value>132</Value>
          </HeartRateBpm>
          <SensorState>Absent</SensorState>
        </Trackpoint>
        <Trackpoint>
          <Time>2024-12-06T15:22:24Z</Time>
          <DistanceMeters>478.0</DistanceMeters>
          <HeartRateBpm>
            <Value>129</Value>
          </HeartRateBpm>
          <SensorState>Absent</SensorState>
        </Trackpoint>
        <Trackpoint>
          <Time>2024-12-06T15:22:25Z</Time>
          <DistanceMeters>478.0</DistanceMeters>
          <HeartRateBpm>
            <Value>127</Value>
          </HeartRateBpm>
          <SensorState>Absent</SensorState>
        </Trackpoint>
        <Trackpoint>
          <Time>2024-12-06T15:22:28Z</Time>
          <DistanceMeters>478.0</DistanceMeters>
          <HeartRateBpm>
            <Value>131</Value>
          </HeartRateBpm>
          <SensorState>Absent</SensorState>
        </Trackpoint>
        <Trackpoint>
          <Time>2024-12-06T15:22:29Z</Time>
          <DistanceMeters>478.0</DistanceMeters>
          <HeartRateBpm>
            <Value>132</Value>
          </HeartRateBpm>
          <SensorState>Absent</SensorState>
        </Trackpoint>
        <Trackpoint>
          <Time>2024-12-06T15:22:30Z</Time>
          <DistanceMeters>478.0</DistanceMeters>
          <HeartRateBpm>
            <Value>133</Value>
          </HeartRateBpm>
          <SensorState>Absent</SensorState>
        </Trackpoint>
        <Trackpoint>
          <Time>2024-12-06T15:22:31Z</Time>
          <DistanceMeters>478.0</DistanceMeters>
          <HeartRateBpm>
            <Value>134</Value>
          </HeartRateBpm>
          <SensorState>Absent</SensorState>
        </Trackpoint>
        <Trackpoint>
          <Time>2024-12-06T15:22:34Z</Time>
          <DistanceMeters>478.0</DistanceMeters>
          <HeartRateBpm>
            <Value>136</Value>
          </HeartRateBpm>
          <SensorState>Absent</SensorState>
        </Trackpoint>
        <Trackpoint>
          <Time>2024-12-06T15:22:35Z</Time>
          <DistanceMeters>478.0</DistanceMeters>
          <HeartRateBpm>
            <Value>138</Value>
          </HeartRateBpm>
          <SensorState>Absent</SensorState>
        </Trackpoint>
        <Trackpoint>
          <Time>2024-12-06T15:22:35Z</Time>
          <DistanceMeters>478.0</DistanceMeters>
          <HeartRateBpm>
            <Value>138</Value>
          </HeartRateBpm>
          <SensorState>Absent</SensorState>
        </Trackpoint>
        <Trackpoint>
          <Time>2024-12-06T15:22:37Z</Time>
          <DistanceMeters>478.0</DistanceMeters>
          <HeartRateBpm>
            <Value>141</Value>
          </HeartRateBpm>
          <SensorState>Absent</SensorState>
        </Trackpoint>
        <Trackpoint>
          <Time>2024-12-06T15:22:39Z</Time>
          <DistanceMeters>478.0</DistanceMeters>
          <HeartRateBpm>
            <Value>142</Value>
          </HeartRateBpm>
          <SensorState>Absent</SensorState>
        </Trackpoint>
        <Trackpoint>
          <Time>2024-12-06T15:22:42Z</Time>
          <DistanceMeters>478.0</DistanceMeters>
          <HeartRateBpm>
            <Value>141</Value>
          </HeartRateBpm>
          <SensorState>Absent</SensorState>
        </Trackpoint>
        <Trackpoint>
          <Time>2024-12-06T15:22:43Z</Time>
          <DistanceMeters>478.0</DistanceMeters>
          <HeartRateBpm>
            <Value>139</Value>
          </HeartRateBpm>
          <SensorState>Absent</SensorState>
        </Trackpoint>
        <Trackpoint>
          <Time>2024-12-06T15:22:44Z</Time>
          <DistanceMeters>478.0</DistanceMeters>
          <HeartRateBpm>
            <Value>138</Value>
          </HeartRateBpm>
          <SensorState>Absent</SensorState>
        </Trackpoint>
        <Trackpoint>
          <Time>2024-12-06T15:22:46Z</Time>
          <DistanceMeters>478.0</DistanceMeters>
          <HeartRateBpm>
            <Value>140</Value>
          </HeartRateBpm>
          <SensorState>Absent</SensorState>
        </Trackpoint>
        <Trackpoint>
          <Time>2024-12-06T15:22:47Z</Time>
          <DistanceMeters>478.0</DistanceMeters>
          <HeartRateBpm>
            <Value>141</Value>
          </HeartRateBpm>
          <SensorState>Absent</SensorState>
        </Trackpoint>
        <Trackpoint>
          <Time>2024-12-06T15:22:48Z</Time>
          <DistanceMeters>478.0</DistanceMeters>
          <HeartRateBpm>
            <Value>142</Value>
          </HeartRateBpm>
          <SensorState>Absent</SensorState>
        </Trackpoint>
        <Trackpoint>
          <Time>2024-12-06T15:22:50Z</Time>
          <DistanceMeters>478.0</DistanceMeters>
          <HeartRateBpm>
            <Value>144</Value>
          </HeartRateBpm>
          <SensorState>Absent</SensorState>
        </Trackpoint>
        <Trackpoint>
          <Time>2024-12-06T15:22:50Z</Time>
          <DistanceMeters>478.0</DistanceMeters>
          <HeartRateBpm>
            <Value>144</Value>
          </HeartRateBpm>
          <SensorState>Absent</SensorState>
        </Trackpoint>
        <Trackpoint>
          <Time>2024-12-06T15:22:51Z</Time>
          <DistanceMeters>478.0</DistanceMeters>
          <HeartRateBpm>
            <Value>146</Value>
          </HeartRateBpm>
          <SensorState>Absent</SensorState>
        </Trackpoint>
        <Trackpoint>
          <Time>2024-12-06T15:22:52Z</Time>
          <DistanceMeters>478.0</DistanceMeters>
          <HeartRateBpm>
            <Value>148</Value>
          </HeartRateBpm>
          <SensorState>Absent</SensorState>
        </Trackpoint>
        <Trackpoint>
          <Time>2024-12-06T15:22:54Z</Time>
          <DistanceMeters>478.0</DistanceMeters>
          <HeartRateBpm>
            <Value>151</Value>
          </HeartRateBpm>
          <SensorState>Absent</SensorState>
        </Trackpoint>
        <Trackpoint>
          <Time>2024-12-06T15:22:54Z</Time>
          <DistanceMeters>478.0</DistanceMeters>
          <HeartRateBpm>
            <Value>151</Value>
          </HeartRateBpm>
          <SensorState>Absent</SensorState>
        </Trackpoint>
        <Trackpoint>
          <Time>2024-12-06T15:22:55Z</Time>
          <DistanceMeters>478.0</DistanceMeters>
          <HeartRateBpm>
            <Value>154</Value>
          </HeartRateBpm>
          <SensorState>Absent</SensorState>
        </Trackpoint>
        <Trackpoint>
          <Time>2024-12-06T15:22:56Z</Time>
          <DistanceMeters>478.0</DistanceMeters>
          <HeartRateBpm>
            <Value>158</Value>
          </HeartRateBpm>
          <SensorState>Absent</SensorState>
        </Trackpoint>
        <Trackpoint>
          <Time>2024-12-06T15:22:56Z</Time>
          <DistanceMeters>478.0</DistanceMeters>
          <HeartRateBpm>
            <Value>158</Value>
          </HeartRateBpm>
          <SensorState>Absent</SensorState>
        </Trackpoint>
        <Trackpoint>
          <Time>2024-12-06T15:22:57Z</Time>
          <DistanceMeters>478.0</DistanceMeters>
          <HeartRateBpm>
            <Value>160</Value>
          </HeartRateBpm>
          <SensorState>Absent</SensorState>
        </Trackpoint>
        <Trackpoint>
          <Time>2024-12-06T15:22:59Z</Time>
          <DistanceMeters>478.0</DistanceMeters>
          <HeartRateBpm>
            <Value>165</Value>
          </HeartRateBpm>
          <SensorState>Absent</SensorState>
        </Trackpoint>
        <Trackpoint>
          <Time>2024-12-06T15:22:59Z</Time>
          <DistanceMeters>478.0</DistanceMeters>
          <HeartRateBpm>
            <Value>165</Value>
          </HeartRateBpm>
          <SensorState>Absent</SensorState>
        </Trackpoint>
        <Trackpoint>
          <Time>2024-12-06T15:23:00Z</Time>
          <DistanceMeters>478.0</DistanceMeters>
          <HeartRateBpm>
            <Value>160</Value>
          </HeartRateBpm>
          <SensorState>Absent</SensorState>
        </Trackpoint>
        <Trackpoint>
          <Time>2024-12-06T15:23:00Z</Time>
          <DistanceMeters>478.0</DistanceMeters>
          <HeartRateBpm>
            <Value>168</Value>
          </HeartRateBpm>
          <SensorState>Absent</SensorState>
        </Trackpoint>
        <Trackpoint>
          <Time>2024-12-06T15:23:01Z</Time>
          <DistanceMeters>478.0</DistanceMeters>
          <HeartRateBpm>
            <Value>169</Value>
          </HeartRateBpm>
          <SensorState>Absent</SensorState>
        </Trackpoint>
        <Trackpoint>
          <Time>2024-12-06T15:23:03Z</Time>
          <DistanceMeters>478.0</DistanceMeters>
          <HeartRateBpm>
            <Value>171</Value>
          </HeartRateBpm>
          <SensorState>Absent</SensorState>
        </Trackpoint>
        <Trackpoint>
          <Time>2024-12-06T15:23:03Z</Time>
          <DistanceMeters>478.0</DistanceMeters>
          <HeartRateBpm>
            <Value>171</Value>
          </HeartRateBpm>
          <SensorState>Absent</SensorState>
        </Trackpoint>
        <Trackpoint>
          <Time>2024-12-06T15:23:04Z</Time>
          <DistanceMeters>478.0</DistanceMeters>
          <HeartRateBpm>
            <Value>172</Value>
          </HeartRateBpm>
          <SensorState>Absent</SensorState>
        </Trackpoint>
        <Trackpoint>
          <Time>2024-12-06T15:23:05Z</Time>
          <DistanceMeters>492.0</DistanceMeters>
          <HeartRateBpm>
            <Value>173</Value>
          </HeartRateBpm>
          <SensorState>Absent</SensorState>
        </Trackpoint>
        <Trackpoint>
          <Time>2024-12-06T15:23:07Z</Time>
          <DistanceMeters>492.0</DistanceMeters>
          <HeartRateBpm>
            <Value>174</Value>
          </HeartRateBpm>
          <SensorState>Absent</SensorState>
        </Trackpoint>
        <Trackpoint>
          <Time>2024-12-06T15:23:10Z</Time>
          <DistanceMeters>492.0</DistanceMeters>
          <HeartRateBpm>
            <Value>176</Value>
          </HeartRateBpm>
          <SensorState>Absent</SensorState>
        </Trackpoint>
        <Trackpoint>
          <Time>2024-12-06T15:23:13Z</Time>
          <DistanceMeters>492.0</DistanceMeters>
          <HeartRateBpm>
            <Value>175</Value>
          </HeartRateBpm>
          <SensorState>Absent</SensorState>
        </Trackpoint>
        <Trackpoint>
          <Time>2024-12-06T15:23:14Z</Time>
          <DistanceMeters>492.0</DistanceMeters>
          <HeartRateBpm>
            <Value>174</Value>
          </HeartRateBpm>
          <SensorState>Absent</SensorState>
        </Trackpoint>
        <Trackpoint>
          <Time>2024-12-06T15:23:16Z</Time>
          <DistanceMeters>492.0</DistanceMeters>
          <HeartRateBpm>
            <Value>173</Value>
          </HeartRateBpm>
          <SensorState>Absent</SensorState>
        </Trackpoint>
        <Trackpoint>
          <Time>2024-12-06T15:23:17Z</Time>
          <DistanceMeters>492.0</DistanceMeters>
          <HeartRateBpm>
            <Value>174</Value>
          </HeartRateBpm>
          <SensorState>Absent</SensorState>
        </Trackpoint>
        <Trackpoint>
          <Time>2024-12-06T15:23:20Z</Time>
          <DistanceMeters>492.0</DistanceMeters>
          <HeartRateBpm>
            <Value>175</Value>
          </HeartRateBpm>
          <SensorState>Absent</SensorState>
        </Trackpoint>
        <Trackpoint>
          <Time>2024-12-06T15:23:21Z</Time>
          <DistanceMeters>492.0</DistanceMeters>
          <HeartRateBpm>
            <Value>173</Value>
          </HeartRateBpm>
          <SensorState>Absent</SensorState>
        </Trackpoint>
        <Trackpoint>
          <Time>2024-12-06T15:23:22Z</Time>
          <DistanceMeters>492.0</DistanceMeters>
          <HeartRateBpm>
            <Value>172</Value>
          </HeartRateBpm>
          <SensorState>Absent</SensorState>
        </Trackpoint>
        <Trackpoint>
          <Time>2024-12-06T15:23:25Z</Time>
          <DistanceMeters>492.0</DistanceMeters>
          <HeartRateBpm>
            <Value>170</Value>
          </HeartRateBpm>
          <SensorState>Absent</SensorState>
        </Trackpoint>
        <Trackpoint>
          <Time>2024-12-06T15:23:26Z</Time>
          <DistanceMeters>492.0</DistanceMeters>
          <HeartRateBpm>
            <Value>169</Value>
          </HeartRateBpm>
          <SensorState>Absent</SensorState>
        </Trackpoint>
        <Trackpoint>
          <Time>2024-12-06T15:23:27Z</Time>
          <DistanceMeters>492.0</DistanceMeters>
          <HeartRateBpm>
            <Value>168</Value>
          </HeartRateBpm>
          <SensorState>Absent</SensorState>
        </Trackpoint>
        <Trackpoint>
          <Time>2024-12-06T15:23:29Z</Time>
          <DistanceMeters>492.0</DistanceMeters>
          <HeartRateBpm>
            <Value>170</Value>
          </HeartRateBpm>
          <SensorState>Absent</SensorState>
        </Trackpoint>
        <Trackpoint>
          <Time>2024-12-06T15:23:30Z</Time>
          <DistanceMeters>492.0</DistanceMeters>
          <HeartRateBpm>
            <Value>171</Value>
          </HeartRateBpm>
          <SensorState>Absent</SensorState>
        </Trackpoint>
        <Trackpoint>
          <Time>2024-12-06T15:23:31Z</Time>
          <DistanceMeters>492.0</DistanceMeters>
          <HeartRateBpm>
            <Value>172</Value>
          </HeartRateBpm>
          <SensorState>Absent</SensorState>
        </Trackpoint>
        <Trackpoint>
          <Time>2024-12-06T15:23:33Z</Time>
          <DistanceMeters>492.0</DistanceMeters>
          <HeartRateBpm>
            <Value>169</Value>
          </HeartRateBpm>
          <SensorState>Absent</SensorState>
        </Trackpoint>
        <Trackpoint>
          <Time>2024-12-06T15:23:34Z</Time>
          <DistanceMeters>492.0</DistanceMeters>
          <HeartRateBpm>
            <Value>168</Value>
          </HeartRateBpm>
          <SensorState>Absent</SensorState>
        </Trackpoint>
        <Trackpoint>
          <Time>2024-12-06T15:23:36Z</Time>
          <DistanceMeters>492.0</DistanceMeters>
          <HeartRateBpm>
            <Value>170</Value>
          </HeartRateBpm>
          <SensorState>Absent</SensorState>
        </Trackpoint>
        <Trackpoint>
          <Time>2024-12-06T15:23:39Z</Time>
          <DistanceMeters>492.0</DistanceMeters>
          <HeartRateBpm>
            <Value>169</Value>
          </HeartRateBpm>
          <SensorState>Absent</SensorState>
        </Trackpoint>
        <Trackpoint>
          <Time>2024-12-06T15:23:42Z</Time>
          <DistanceMeters>492.0</DistanceMeters>
          <HeartRateBpm>
            <Value>170</Value>
          </HeartRateBpm>
          <SensorState>Absent</SensorState>
        </Trackpoint>
        <Trackpoint>
          <Time>2024-12-06T15:23:44Z</Time>
          <DistanceMeters>492.0</DistanceMeters>
          <HeartRateBpm>
            <Value>169</Value>
          </HeartRateBpm>
          <SensorState>Absent</SensorState>
        </Trackpoint>
        <Trackpoint>
          <Time>2024-12-06T15:23:46Z</Time>
          <DistanceMeters>492.0</DistanceMeters>
          <HeartRateBpm>
            <Value>167</Value>
          </HeartRateBpm>
          <SensorState>Absent</SensorState>
        </Trackpoint>
        <Trackpoint>
          <Time>2024-12-06T15:23:47Z</Time>
          <DistanceMeters>492.0</DistanceMeters>
          <HeartRateBpm>
            <Value>168</Value>
          </HeartRateBpm>
          <SensorState>Absent</SensorState>
        </Trackpoint>
        <Trackpoint>
          <Time>2024-12-06T15:23:48Z</Time>
          <DistanceMeters>492.0</DistanceMeters>
          <HeartRateBpm>
            <Value>170</Value>
          </HeartRateBpm>
          <SensorState>Absent</SensorState>
        </Trackpoint>
        <Trackpoint>
          <Time>2024-12-06T15:23:51Z</Time>
          <DistanceMeters>492.0</DistanceMeters>
          <HeartRateBpm>
            <Value>169</Value>
          </HeartRateBpm>
          <SensorState>Absent</SensorState>
        </Trackpoint>
        <Trackpoint>
          <Time>2024-12-06T15:23:53Z</Time>
          <DistanceMeters>492.0</DistanceMeters>
          <HeartRateBpm>
            <Value>171</Value>
          </HeartRateBpm>
          <SensorState>Absent</SensorState>
        </Trackpoint>
        <Trackpoint>
          <Time>2024-12-06T15:23:55Z</Time>
          <DistanceMeters>492.0</DistanceMeters>
          <HeartRateBpm>
            <Value>172</Value>
          </HeartRateBpm>
          <SensorState>Absent</SensorState>
        </Trackpoint>
        <Trackpoint>
          <Time>2024-12-06T15:23:56Z</Time>
          <DistanceMeters>492.0</DistanceMeters>
          <HeartRateBpm>
            <Value>174</Value>
          </HeartRateBpm>
          <SensorState>Absent</SensorState>
        </Trackpoint>
        <Trackpoint>
          <Time>2024-12-06T15:23:59Z</Time>
          <DistanceMeters>492.0</DistanceMeters>
          <HeartRateBpm>
            <Value>172</Value>
          </HeartRateBpm>
          <SensorState>Absent</SensorState>
        </Trackpoint>
        <Trackpoint>
          <Time>2024-12-06T15:24:00Z</Time>
          <DistanceMeters>492.0</DistanceMeters>
          <HeartRateBpm>
            <Value>170</Value>
          </HeartRateBpm>
          <SensorState>Absent</SensorState>
        </Trackpoint>
        <Trackpoint>
          <Time>2024-12-06T15:24:02Z</Time>
          <DistanceMeters>492.0</DistanceMeters>
          <HeartRateBpm>
            <Value>173</Value>
          </HeartRateBpm>
          <SensorState>Absent</SensorState>
        </Trackpoint>
        <Trackpoint>
          <Time>2024-12-06T15:24:04Z</Time>
          <DistanceMeters>492.0</DistanceMeters>
          <HeartRateBpm>
            <Value>169</Value>
          </HeartRateBpm>
          <SensorState>Absent</SensorState>
        </Trackpoint>
        <Trackpoint>
          <Time>2024-12-06T15:24:04Z</Time>
          <DistanceMeters>492.0</DistanceMeters>
          <HeartRateBpm>
            <Value>169</Value>
          </HeartRateBpm>
          <SensorState>Absent</SensorState>
        </Trackpoint>
        <Trackpoint>
          <Time>2024-12-06T15:24:06Z</Time>
          <DistanceMeters>506.0</DistanceMeters>
          <HeartRateBpm>
            <Value>170</Value>
          </HeartRateBpm>
          <SensorState>Absent</SensorState>
        </Trackpoint>
        <Trackpoint>
          <Time>2024-12-06T15:24:08Z</Time>
          <DistanceMeters>506.0</DistanceMeters>
          <HeartRateBpm>
            <Value>171</Value>
          </HeartRateBpm>
          <SensorState>Absent</SensorState>
        </Trackpoint>
        <Trackpoint>
          <Time>2024-12-06T15:24:13Z</Time>
          <DistanceMeters>506.0</DistanceMeters>
          <HeartRateBpm>
            <Value>170</Value>
          </HeartRateBpm>
          <SensorState>Absent</SensorState>
        </Trackpoint>
        <Trackpoint>
          <Time>2024-12-06T15:24:14Z</Time>
          <DistanceMeters>506.0</DistanceMeters>
          <HeartRateBpm>
            <Value>174</Value>
          </HeartRateBpm>
          <SensorState>Absent</SensorState>
        </Trackpoint>
        <Trackpoint>
          <Time>2024-12-06T15:24:15Z</Time>
          <DistanceMeters>506.0</DistanceMeters>
          <HeartRateBpm>
            <Value>176</Value>
          </HeartRateBpm>
          <SensorState>Absent</SensorState>
        </Trackpoint>
        <Trackpoint>
          <Time>2024-12-06T15:24:15Z</Time>
          <DistanceMeters>506.0</DistanceMeters>
          <HeartRateBpm>
            <Value>176</Value>
          </HeartRateBpm>
          <SensorState>Absent</SensorState>
        </Trackpoint>
        <Trackpoint>
          <Time>2024-12-06T15:24:17Z</Time>
          <DistanceMeters>506.0</DistanceMeters>
          <HeartRateBpm>
            <Value>177</Value>
          </HeartRateBpm>
          <SensorState>Absent</SensorState>
        </Trackpoint>
        <Trackpoint>
          <Time>2024-12-06T15:24:22Z</Time>
          <DistanceMeters>506.0</DistanceMeters>
          <HeartRateBpm>
            <Value>178</Value>
          </HeartRateBpm>
          <SensorState>Absent</SensorState>
        </Trackpoint>
        <Trackpoint>
          <Time>2024-12-06T15:24:23Z</Time>
          <DistanceMeters>506.0</DistanceMeters>
          <HeartRateBpm>
            <Value>179</Value>
          </HeartRateBpm>
          <SensorState>Absent</SensorState>
        </Trackpoint>
        <Trackpoint>
          <Time>2024-12-06T15:24:25Z</Time>
          <DistanceMeters>506.0</DistanceMeters>
          <HeartRateBpm>
            <Value>177</Value>
          </HeartRateBpm>
          <SensorState>Absent</SensorState>
        </Trackpoint>
        <Trackpoint>
          <Time>2024-12-06T15:24:26Z</Time>
          <DistanceMeters>506.0</DistanceMeters>
          <HeartRateBpm>
            <Value>178</Value>
          </HeartRateBpm>
          <SensorState>Absent</SensorState>
        </Trackpoint>
        <Trackpoint>
          <Time>2024-12-06T15:24:30Z</Time>
          <DistanceMeters>506.0</DistanceMeters>
          <HeartRateBpm>
            <Value>180</Value>
          </HeartRateBpm>
          <SensorState>Absent</SensorState>
        </Trackpoint>
        <Trackpoint>
          <Time>2024-12-06T15:24:31Z</Time>
          <DistanceMeters>506.0</DistanceMeters>
          <HeartRateBpm>
            <Value>178</Value>
          </HeartRateBpm>
          <SensorState>Absent</SensorState>
        </Trackpoint>
        <Trackpoint>
          <Time>2024-12-06T15:24:35Z</Time>
          <DistanceMeters>506.0</DistanceMeters>
          <HeartRateBpm>
            <Value>176</Value>
          </HeartRateBpm>
          <SensorState>Absent</SensorState>
        </Trackpoint>
        <Trackpoint>
          <Time>2024-12-06T15:24:36Z</Time>
          <DistanceMeters>506.0</DistanceMeters>
          <HeartRateBpm>
            <Value>175</Value>
          </HeartRateBpm>
          <SensorState>Absent</SensorState>
        </Trackpoint>
        <Trackpoint>
          <Time>2024-12-06T15:24:38Z</Time>
          <DistanceMeters>506.0</DistanceMeters>
          <HeartRateBpm>
            <Value>174</Value>
          </HeartRateBpm>
          <SensorState>Absent</SensorState>
        </Trackpoint>
        <Trackpoint>
          <Time>2024-12-06T15:24:39Z</Time>
          <DistanceMeters>506.0</DistanceMeters>
          <HeartRateBpm>
            <Value>176</Value>
          </HeartRateBpm>
          <SensorState>Absent</SensorState>
        </Trackpoint>
        <Trackpoint>
          <Time>2024-12-06T15:24:40Z</Time>
          <DistanceMeters>506.0</DistanceMeters>
          <HeartRateBpm>
            <Value>177</Value>
          </HeartRateBpm>
          <SensorState>Absent</SensorState>
        </Trackpoint>
        <Trackpoint>
          <Time>2024-12-06T15:24:41Z</Time>
          <DistanceMeters>506.0</DistanceMeters>
          <HeartRateBpm>
            <Value>176</Value>
          </HeartRateBpm>
          <SensorState>Absent</SensorState>
        </Trackpoint>
        <Trackpoint>
          <Time>2024-12-06T15:24:43Z</Time>
          <DistanceMeters>506.0</DistanceMeters>
          <HeartRateBpm>
            <Value>174</Value>
          </HeartRateBpm>
          <SensorState>Absent</SensorState>
        </Trackpoint>
        <Trackpoint>
          <Time>2024-12-06T15:24:47Z</Time>
          <DistanceMeters>506.0</DistanceMeters>
          <HeartRateBpm>
            <Value>172</Value>
          </HeartRateBpm>
          <SensorState>Absent</SensorState>
        </Trackpoint>
        <Trackpoint>
          <Time>2024-12-06T15:24:48Z</Time>
          <DistanceMeters>506.0</DistanceMeters>
          <HeartRateBpm>
            <Value>170</Value>
          </HeartRateBpm>
          <SensorState>Absent</SensorState>
        </Trackpoint>
        <Trackpoint>
          <Time>2024-12-06T15:24:48Z</Time>
          <DistanceMeters>506.0</DistanceMeters>
          <HeartRateBpm>
            <Value>170</Value>
          </HeartRateBpm>
          <SensorState>Absent</SensorState>
        </Trackpoint>
        <Trackpoint>
          <Time>2024-12-06T15:24:51Z</Time>
          <DistanceMeters>506.0</DistanceMeters>
          <HeartRateBpm>
            <Value>169</Value>
          </HeartRateBpm>
          <SensorState>Absent</SensorState>
        </Trackpoint>
        <Trackpoint>
          <Time>2024-12-06T15:24:54Z</Time>
          <DistanceMeters>506.0</DistanceMeters>
          <HeartRateBpm>
            <Value>168</Value>
          </HeartRateBpm>
          <SensorState>Absent</SensorState>
        </Trackpoint>
        <Trackpoint>
          <Time>2024-12-06T15:25:00Z</Time>
          <DistanceMeters>506.0</DistanceMeters>
          <HeartRateBpm>
            <Value>160</Value>
          </HeartRateBpm>
          <SensorState>Absent</SensorState>
        </Trackpoint>
        <Trackpoint>
          <Time>2024-12-06T15:25:01Z</Time>
          <DistanceMeters>506.0</DistanceMeters>
          <HeartRateBpm>
            <Value>168</Value>
          </HeartRateBpm>
          <SensorState>Absent</SensorState>
        </Trackpoint>
        <Trackpoint>
          <Time>2024-12-06T15:25:06Z</Time>
          <DistanceMeters>520.0</DistanceMeters>
          <HeartRateBpm>
            <Value>168</Value>
          </HeartRateBpm>
          <SensorState>Absent</SensorState>
        </Trackpoint>
        <Trackpoint>
          <Time>2024-12-06T15:25:10Z</Time>
          <DistanceMeters>520.0</DistanceMeters>
          <HeartRateBpm>
            <Value>171</Value>
          </HeartRateBpm>
          <SensorState>Absent</SensorState>
        </Trackpoint>
        <Trackpoint>
          <Time>2024-12-06T15:25:14Z</Time>
          <DistanceMeters>520.0</DistanceMeters>
          <HeartRateBpm>
            <Value>169</Value>
          </HeartRateBpm>
          <SensorState>Absent</SensorState>
        </Trackpoint>
        <Trackpoint>
          <Time>2024-12-06T15:25:15Z</Time>
          <DistanceMeters>520.0</DistanceMeters>
          <HeartRateBpm>
            <Value>168</Value>
          </HeartRateBpm>
          <SensorState>Absent</SensorState>
        </Trackpoint>
        <Trackpoint>
          <Time>2024-12-06T15:25:16Z</Time>
          <DistanceMeters>520.0</DistanceMeters>
          <HeartRateBpm>
            <Value>167</Value>
          </HeartRateBpm>
          <SensorState>Absent</SensorState>
        </Trackpoint>
        <Trackpoint>
          <Time>2024-12-06T15:25:19Z</Time>
          <DistanceMeters>520.0</DistanceMeters>
          <HeartRateBpm>
            <Value>165</Value>
          </HeartRateBpm>
          <SensorState>Absent</SensorState>
        </Trackpoint>
        <Trackpoint>
          <Time>2024-12-06T15:25:20Z</Time>
          <DistanceMeters>520.0</DistanceMeters>
          <HeartRateBpm>
            <Value>164</Value>
          </HeartRateBpm>
          <SensorState>Absent</SensorState>
        </Trackpoint>
        <Trackpoint>
          <Time>2024-12-06T15:25:21Z</Time>
          <DistanceMeters>520.0</DistanceMeters>
          <HeartRateBpm>
            <Value>164</Value>
          </HeartRateBpm>
          <SensorState>Absent</SensorState>
        </Trackpoint>
        <Trackpoint>
          <Time>2024-12-06T15:25:23Z</Time>
          <DistanceMeters>520.0</DistanceMeters>
          <HeartRateBpm>
            <Value>163</Value>
          </HeartRateBpm>
          <SensorState>Absent</SensorState>
        </Trackpoint>
        <Trackpoint>
          <Time>2024-12-06T15:25:27Z</Time>
          <DistanceMeters>520.0</DistanceMeters>
          <HeartRateBpm>
            <Value>164</Value>
          </HeartRateBpm>
          <SensorState>Absent</SensorState>
        </Trackpoint>
        <Trackpoint>
          <Time>2024-12-06T15:25:31Z</Time>
          <DistanceMeters>520.0</DistanceMeters>
          <HeartRateBpm>
            <Value>163</Value>
          </HeartRateBpm>
          <SensorState>Absent</SensorState>
        </Trackpoint>
        <Trackpoint>
          <Time>2024-12-06T15:25:32Z</Time>
          <DistanceMeters>520.0</DistanceMeters>
          <HeartRateBpm>
            <Value>164</Value>
          </HeartRateBpm>
          <SensorState>Absent</SensorState>
        </Trackpoint>
        <Trackpoint>
          <Time>2024-12-06T15:25:33Z</Time>
          <DistanceMeters>520.0</DistanceMeters>
          <HeartRateBpm>
            <Value>163</Value>
          </HeartRateBpm>
          <SensorState>Absent</SensorState>
        </Trackpoint>
        <Trackpoint>
          <Time>2024-12-06T15:25:34Z</Time>
          <DistanceMeters>520.0</DistanceMeters>
          <HeartRateBpm>
            <Value>162</Value>
          </HeartRateBpm>
          <SensorState>Absent</SensorState>
        </Trackpoint>
        <Trackpoint>
          <Time>2024-12-06T15:25:35Z</Time>
          <DistanceMeters>520.0</DistanceMeters>
          <HeartRateBpm>
            <Value>158</Value>
          </HeartRateBpm>
          <SensorState>Absent</SensorState>
        </Trackpoint>
        <Trackpoint>
          <Time>2024-12-06T15:25:36Z</Time>
          <DistanceMeters>520.0</DistanceMeters>
          <HeartRateBpm>
            <Value>158</Value>
          </HeartRateBpm>
          <SensorState>Absent</SensorState>
        </Trackpoint>
        <Trackpoint>
          <Time>2024-12-06T15:25:37Z</Time>
          <DistanceMeters>520.0</DistanceMeters>
          <HeartRateBpm>
            <Value>156</Value>
          </HeartRateBpm>
          <SensorState>Absent</SensorState>
        </Trackpoint>
        <Trackpoint>
          <Time>2024-12-06T15:25:38Z</Time>
          <DistanceMeters>520.0</DistanceMeters>
          <HeartRateBpm>
            <Value>155</Value>
          </HeartRateBpm>
          <SensorState>Absent</SensorState>
        </Trackpoint>
        <Trackpoint>
          <Time>2024-12-06T15:25:40Z</Time>
          <DistanceMeters>520.0</DistanceMeters>
          <HeartRateBpm>
            <Value>154</Value>
          </HeartRateBpm>
          <SensorState>Absent</SensorState>
        </Trackpoint>
        <Trackpoint>
          <Time>2024-12-06T15:25:40Z</Time>
          <DistanceMeters>520.0</DistanceMeters>
          <HeartRateBpm>
            <Value>151</Value>
          </HeartRateBpm>
          <SensorState>Absent</SensorState>
        </Trackpoint>
        <Trackpoint>
          <Time>2024-12-06T15:25:41Z</Time>
          <DistanceMeters>520.0</DistanceMeters>
          <HeartRateBpm>
            <Value>151</Value>
          </HeartRateBpm>
          <SensorState>Absent</SensorState>
        </Trackpoint>
        <Trackpoint>
          <Time>2024-12-06T15:25:42Z</Time>
          <DistanceMeters>520.0</DistanceMeters>
          <HeartRateBpm>
            <Value>150</Value>
          </HeartRateBpm>
          <SensorState>Absent</SensorState>
        </Trackpoint>
        <Trackpoint>
          <Time>2024-12-06T15:25:45Z</Time>
          <DistanceMeters>520.0</DistanceMeters>
          <HeartRateBpm>
            <Value>151</Value>
          </HeartRateBpm>
          <SensorState>Absent</SensorState>
        </Trackpoint>
        <Trackpoint>
          <Time>2024-12-06T15:25:46Z</Time>
          <DistanceMeters>520.0</DistanceMeters>
          <HeartRateBpm>
            <Value>149</Value>
          </HeartRateBpm>
          <SensorState>Absent</SensorState>
        </Trackpoint>
        <Trackpoint>
          <Time>2024-12-06T15:25:47Z</Time>
          <DistanceMeters>520.0</DistanceMeters>
          <HeartRateBpm>
            <Value>147</Value>
          </HeartRateBpm>
          <SensorState>Absent</SensorState>
        </Trackpoint>
        <Trackpoint>
          <Time>2024-12-06T15:25:48Z</Time>
          <DistanceMeters>520.0</DistanceMeters>
          <HeartRateBpm>
            <Value>143</Value>
          </HeartRateBpm>
          <SensorState>Absent</SensorState>
        </Trackpoint>
        <Trackpoint>
          <Time>2024-12-06T15:25:49Z</Time>
          <DistanceMeters>520.0</DistanceMeters>
          <HeartRateBpm>
            <Value>143</Value>
          </HeartRateBpm>
          <SensorState>Absent</SensorState>
        </Trackpoint>
        <Trackpoint>
          <Time>2024-12-06T15:25:50Z</Time>
          <DistanceMeters>520.0</DistanceMeters>
          <HeartRateBpm>
            <Value>141</Value>
          </HeartRateBpm>
          <SensorState>Absent</SensorState>
        </Trackpoint>
        <Trackpoint>
          <Time>2024-12-06T15:25:51Z</Time>
          <DistanceMeters>520.0</DistanceMeters>
          <HeartRateBpm>
            <Value>140</Value>
          </HeartRateBpm>
          <SensorState>Absent</SensorState>
        </Trackpoint>
        <Trackpoint>
          <Time>2024-12-06T15:25:52Z</Time>
          <DistanceMeters>520.0</DistanceMeters>
          <HeartRateBpm>
            <Value>137</Value>
          </HeartRateBpm>
          <SensorState>Absent</SensorState>
        </Trackpoint>
        <Trackpoint>
          <Time>2024-12-06T15:25:53Z</Time>
          <DistanceMeters>520.0</DistanceMeters>
          <HeartRateBpm>
            <Value>137</Value>
          </HeartRateBpm>
          <SensorState>Absent</SensorState>
        </Trackpoint>
        <Trackpoint>
          <Time>2024-12-06T15:25:54Z</Time>
          <DistanceMeters>520.0</DistanceMeters>
          <HeartRateBpm>
            <Value>136</Value>
          </HeartRateBpm>
          <SensorState>Absent</SensorState>
        </Trackpoint>
        <Trackpoint>
          <Time>2024-12-06T15:25:55Z</Time>
          <DistanceMeters>520.0</DistanceMeters>
          <HeartRateBpm>
            <Value>135</Value>
          </HeartRateBpm>
          <SensorState>Absent</SensorState>
        </Trackpoint>
        <Trackpoint>
          <Time>2024-12-06T15:25:58Z</Time>
          <DistanceMeters>520.0</DistanceMeters>
          <HeartRateBpm>
            <Value>137</Value>
          </HeartRateBpm>
          <SensorState>Absent</SensorState>
        </Trackpoint>
        <Trackpoint>
          <Time>2024-12-06T15:26:00Z</Time>
          <DistanceMeters>520.0</DistanceMeters>
          <HeartRateBpm>
            <Value>137</Value>
          </HeartRateBpm>
          <SensorState>Absent</SensorState>
        </Trackpoint>
        <Trackpoint>
          <Time>2024-12-06T15:26:02Z</Time>
          <DistanceMeters>520.0</DistanceMeters>
          <HeartRateBpm>
            <Value>135</Value>
          </HeartRateBpm>
          <SensorState>Absent</SensorState>
        </Trackpoint>
        <Trackpoint>
          <Time>2024-12-06T15:26:03Z</Time>
          <DistanceMeters>520.0</DistanceMeters>
          <HeartRateBpm>
            <Value>137</Value>
          </HeartRateBpm>
          <SensorState>Absent</SensorState>
        </Trackpoint>
        <Trackpoint>
          <Time>2024-12-06T15:26:04Z</Time>
          <DistanceMeters>520.0</DistanceMeters>
          <HeartRateBpm>
            <Value>139</Value>
          </HeartRateBpm>
          <SensorState>Absent</SensorState>
        </Trackpoint>
        <Trackpoint>
          <Time>2024-12-06T15:26:06Z</Time>
          <DistanceMeters>534.0</DistanceMeters>
          <HeartRateBpm>
            <Value>141</Value>
          </HeartRateBpm>
          <SensorState>Absent</SensorState>
        </Trackpoint>
        <Trackpoint>
          <Time>2024-12-06T15:26:08Z</Time>
          <DistanceMeters>534.0</DistanceMeters>
          <HeartRateBpm>
            <Value>142</Value>
          </HeartRateBpm>
          <SensorState>Absent</SensorState>
        </Trackpoint>
        <Trackpoint>
          <Time>2024-12-06T15:26:10Z</Time>
          <DistanceMeters>534.0</DistanceMeters>
          <HeartRateBpm>
            <Value>141</Value>
          </HeartRateBpm>
          <SensorState>Absent</SensorState>
        </Trackpoint>
        <Trackpoint>
          <Time>2024-12-06T15:26:11Z</Time>
          <DistanceMeters>534.0</DistanceMeters>
          <HeartRateBpm>
            <Value>138</Value>
          </HeartRateBpm>
          <SensorState>Absent</SensorState>
        </Trackpoint>
        <Trackpoint>
          <Time>2024-12-06T15:26:12Z</Time>
          <DistanceMeters>534.0</DistanceMeters>
          <HeartRateBpm>
            <Value>136</Value>
          </HeartRateBpm>
          <SensorState>Absent</SensorState>
        </Trackpoint>
        <Trackpoint>
          <Time>2024-12-06T15:26:15Z</Time>
          <DistanceMeters>534.0</DistanceMeters>
          <HeartRateBpm>
            <Value>134</Value>
          </HeartRateBpm>
          <SensorState>Absent</SensorState>
        </Trackpoint>
        <Trackpoint>
          <Time>2024-12-06T15:26:16Z</Time>
          <DistanceMeters>534.0</DistanceMeters>
          <HeartRateBpm>
            <Value>133</Value>
          </HeartRateBpm>
          <SensorState>Absent</SensorState>
        </Trackpoint>
        <Trackpoint>
          <Time>2024-12-06T15:26:19Z</Time>
          <DistanceMeters>534.0</DistanceMeters>
          <HeartRateBpm>
            <Value>135</Value>
          </HeartRateBpm>
          <SensorState>Absent</SensorState>
        </Trackpoint>
        <Trackpoint>
          <Time>2024-12-06T15:26:20Z</Time>
          <DistanceMeters>534.0</DistanceMeters>
          <HeartRateBpm>
            <Value>137</Value>
          </HeartRateBpm>
          <SensorState>Absent</SensorState>
        </Trackpoint>
        <Trackpoint>
          <Time>2024-12-06T15:26:21Z</Time>
          <DistanceMeters>534.0</DistanceMeters>
          <HeartRateBpm>
            <Value>138</Value>
          </HeartRateBpm>
          <SensorState>Absent</SensorState>
        </Trackpoint>
        <Trackpoint>
          <Time>2024-12-06T15:26:24Z</Time>
          <DistanceMeters>534.0</DistanceMeters>
          <HeartRateBpm>
            <Value>140</Value>
          </HeartRateBpm>
          <SensorState>Absent</SensorState>
        </Trackpoint>
        <Trackpoint>
          <Time>2024-12-06T15:26:25Z</Time>
          <DistanceMeters>534.0</DistanceMeters>
          <HeartRateBpm>
            <Value>141</Value>
          </HeartRateBpm>
          <SensorState>Absent</SensorState>
        </Trackpoint>
        <Trackpoint>
          <Time>2024-12-06T15:26:26Z</Time>
          <DistanceMeters>534.0</DistanceMeters>
          <HeartRateBpm>
            <Value>140</Value>
          </HeartRateBpm>
          <SensorState>Absent</SensorState>
        </Trackpoint>
        <Trackpoint>
          <Time>2024-12-06T15:26:28Z</Time>
          <DistanceMeters>534.0</DistanceMeters>
          <HeartRateBpm>
            <Value>139</Value>
          </HeartRateBpm>
          <SensorState>Absent</SensorState>
        </Trackpoint>
        <Trackpoint>
          <Time>2024-12-06T15:26:29Z</Time>
          <DistanceMeters>534.0</DistanceMeters>
          <HeartRateBpm>
            <Value>138</Value>
          </HeartRateBpm>
          <SensorState>Absent</SensorState>
        </Trackpoint>
        <Trackpoint>
          <Time>2024-12-06T15:26:31Z</Time>
          <DistanceMeters>534.0</DistanceMeters>
          <HeartRateBpm>
            <Value>133</Value>
          </HeartRateBpm>
          <SensorState>Absent</SensorState>
        </Trackpoint>
        <Trackpoint>
          <Time>2024-12-06T15:26:32Z</Time>
          <DistanceMeters>534.0</DistanceMeters>
          <HeartRateBpm>
            <Value>130</Value>
          </HeartRateBpm>
          <SensorState>Absent</SensorState>
        </Trackpoint>
        <Trackpoint>
          <Time>2024-12-06T15:26:32Z</Time>
          <DistanceMeters>534.0</DistanceMeters>
          <HeartRateBpm>
            <Value>130</Value>
          </HeartRateBpm>
          <SensorState>Absent</SensorState>
        </Trackpoint>
        <Trackpoint>
          <Time>2024-12-06T15:26:33Z</Time>
          <DistanceMeters>534.0</DistanceMeters>
          <HeartRateBpm>
            <Value>129</Value>
          </HeartRateBpm>
          <SensorState>Absent</SensorState>
        </Trackpoint>
        <Trackpoint>
          <Time>2024-12-06T15:26:35Z</Time>
          <DistanceMeters>534.0</DistanceMeters>
          <HeartRateBpm>
            <Value>126</Value>
          </HeartRateBpm>
          <SensorState>Absent</SensorState>
        </Trackpoint>
        <Trackpoint>
          <Time>2024-12-06T15:26:36Z</Time>
          <DistanceMeters>534.0</DistanceMeters>
          <HeartRateBpm>
            <Value>119</Value>
          </HeartRateBpm>
          <SensorState>Absent</SensorState>
        </Trackpoint>
        <Trackpoint>
          <Time>2024-12-06T15:26:36Z</Time>
          <DistanceMeters>534.0</DistanceMeters>
          <HeartRateBpm>
            <Value>119</Value>
          </HeartRateBpm>
          <SensorState>Absent</SensorState>
        </Trackpoint>
        <Trackpoint>
          <Time>2024-12-06T15:26:40Z</Time>
          <DistanceMeters>534.0</DistanceMeters>
          <HeartRateBpm>
            <Value>118</Value>
          </HeartRateBpm>
          <SensorState>Absent</SensorState>
        </Trackpoint>
        <Trackpoint>
          <Time>2024-12-06T15:26:41Z</Time>
          <DistanceMeters>534.0</DistanceMeters>
          <HeartRateBpm>
            <Value>117</Value>
          </HeartRateBpm>
          <SensorState>Absent</SensorState>
        </Trackpoint>
        <Trackpoint>
          <Time>2024-12-06T15:26:45Z</Time>
          <DistanceMeters>534.0</DistanceMeters>
          <HeartRateBpm>
            <Value>116</Value>
          </HeartRateBpm>
          <SensorState>Absent</SensorState>
        </Trackpoint>
        <Trackpoint>
          <Time>2024-12-06T15:26:46Z</Time>
          <DistanceMeters>534.0</DistanceMeters>
          <HeartRateBpm>
            <Value>115</Value>
          </HeartRateBpm>
          <SensorState>Absent</SensorState>
        </Trackpoint>
        <Trackpoint>
          <Time>2024-12-06T15:26:49Z</Time>
          <DistanceMeters>534.0</DistanceMeters>
          <HeartRateBpm>
            <Value>116</Value>
          </HeartRateBpm>
          <SensorState>Absent</SensorState>
        </Trackpoint>
        <Trackpoint>
          <Time>2024-12-06T15:26:51Z</Time>
          <DistanceMeters>534.0</DistanceMeters>
          <HeartRateBpm>
            <Value>117</Value>
          </HeartRateBpm>
          <SensorState>Absent</SensorState>
        </Trackpoint>
        <Trackpoint>
          <Time>2024-12-06T15:26:53Z</Time>
          <DistanceMeters>534.0</DistanceMeters>
          <HeartRateBpm>
            <Value>120</Value>
          </HeartRateBpm>
          <SensorState>Absent</SensorState>
        </Trackpoint>
        <Trackpoint>
          <Time>2024-12-06T15:26:54Z</Time>
          <DistanceMeters>534.0</DistanceMeters>
          <HeartRateBpm>
            <Value>119</Value>
          </HeartRateBpm>
          <SensorState>Absent</SensorState>
        </Trackpoint>
        <Trackpoint>
          <Time>2024-12-06T15:26:55Z</Time>
          <DistanceMeters>534.0</DistanceMeters>
          <HeartRateBpm>
            <Value>120</Value>
          </HeartRateBpm>
          <SensorState>Absent</SensorState>
        </Trackpoint>
        <Trackpoint>
          <Time>2024-12-06T15:26:57Z</Time>
          <DistanceMeters>534.0</DistanceMeters>
          <HeartRateBpm>
            <Value>122</Value>
          </HeartRateBpm>
          <SensorState>Absent</SensorState>
        </Trackpoint>
        <Trackpoint>
          <Time>2024-12-06T15:26:58Z</Time>
          <DistanceMeters>534.0</DistanceMeters>
          <HeartRateBpm>
            <Value>125</Value>
          </HeartRateBpm>
          <SensorState>Absent</SensorState>
        </Trackpoint>
        <Trackpoint>
          <Time>2024-12-06T15:26:58Z</Time>
          <DistanceMeters>534.0</DistanceMeters>
          <HeartRateBpm>
            <Value>125</Value>
          </HeartRateBpm>
          <SensorState>Absent</SensorState>
        </Trackpoint>
        <Trackpoint>
          <Time>2024-12-06T15:26:59Z</Time>
          <DistanceMeters>534.0</DistanceMeters>
          <HeartRateBpm>
            <Value>126</Value>
          </HeartRateBpm>
          <SensorState>Absent</SensorState>
        </Trackpoint>
        <Trackpoint>
          <Time>2024-12-06T15:27:00Z</Time>
          <DistanceMeters>534.0</DistanceMeters>
          <HeartRateBpm>
            <Value>123</Value>
          </HeartRateBpm>
          <SensorState>Absent</SensorState>
        </Trackpoint>
        <Trackpoint>
          <Time>2024-12-06T15:27:04Z</Time>
          <DistanceMeters>534.0</DistanceMeters>
          <HeartRateBpm>
            <Value>125</Value>
          </HeartRateBpm>
          <SensorState>Absent</SensorState>
        </Trackpoint>
        <Trackpoint>
          <Time>2024-12-06T15:27:06Z</Time>
          <DistanceMeters>547.0</DistanceMeters>
          <HeartRateBpm>
            <Value>122</Value>
          </HeartRateBpm>
          <SensorState>Absent</SensorState>
        </Trackpoint>
        <Trackpoint>
          <Time>2024-12-06T15:27:07Z</Time>
          <DistanceMeters>547.0</DistanceMeters>
          <HeartRateBpm>
            <Value>117</Value>
          </HeartRateBpm>
          <SensorState>Absent</SensorState>
        </Trackpoint>
        <Trackpoint>
          <Time>2024-12-06T15:27:07Z</Time>
          <DistanceMeters>547.0</DistanceMeters>
          <HeartRateBpm>
            <Value>117</Value>
          </HeartRateBpm>
          <SensorState>Absent</SensorState>
        </Trackpoint>
        <Trackpoint>
          <Time>2024-12-06T15:27:08Z</Time>
          <DistanceMeters>547.0</DistanceMeters>
          <HeartRateBpm>
            <Value>114</Value>
          </HeartRateBpm>
          <SensorState>Absent</SensorState>
        </Trackpoint>
        <Trackpoint>
          <Time>2024-12-06T15:27:10Z</Time>
          <DistanceMeters>547.0</DistanceMeters>
          <HeartRateBpm>
            <Value>113</Value>
          </HeartRateBpm>
          <SensorState>Absent</SensorState>
        </Trackpoint>
        <Trackpoint>
          <Time>2024-12-06T15:27:11Z</Time>
          <DistanceMeters>547.0</DistanceMeters>
          <HeartRateBpm>
            <Value>112</Value>
          </HeartRateBpm>
          <SensorState>Absent</SensorState>
        </Trackpoint>
        <Trackpoint>
          <Time>2024-12-06T15:27:12Z</Time>
          <DistanceMeters>547.0</DistanceMeters>
          <HeartRateBpm>
            <Value>111</Value>
          </HeartRateBpm>
          <SensorState>Absent</SensorState>
        </Trackpoint>
        <Trackpoint>
          <Time>2024-12-06T15:27:12Z</Time>
          <DistanceMeters>547.0</DistanceMeters>
          <HeartRateBpm>
            <Value>111</Value>
          </HeartRateBpm>
          <SensorState>Absent</SensorState>
        </Trackpoint>
        <Trackpoint>
          <Time>2024-12-06T15:27:16Z</Time>
          <DistanceMeters>547.0</DistanceMeters>
          <HeartRateBpm>
            <Value>110</Value>
          </HeartRateBpm>
          <SensorState>Absent</SensorState>
        </Trackpoint>
        <Trackpoint>
          <Time>2024-12-06T15:27:19Z</Time>
          <DistanceMeters>547.0</DistanceMeters>
          <HeartRateBpm>
            <Value>111</Value>
          </HeartRateBpm>
          <SensorState>Absent</SensorState>
        </Trackpoint>
        <Trackpoint>
          <Time>2024-12-06T15:27:20Z</Time>
          <DistanceMeters>547.0</DistanceMeters>
          <HeartRateBpm>
            <Value>110</Value>
          </HeartRateBpm>
          <SensorState>Absent</SensorState>
        </Trackpoint>
        <Trackpoint>
          <Time>2024-12-06T15:27:21Z</Time>
          <DistanceMeters>547.0</DistanceMeters>
          <HeartRateBpm>
            <Value>108</Value>
          </HeartRateBpm>
          <SensorState>Absent</SensorState>
        </Trackpoint>
        <Trackpoint>
          <Time>2024-12-06T15:27:23Z</Time>
          <DistanceMeters>547.0</DistanceMeters>
          <HeartRateBpm>
            <Value>109</Value>
          </HeartRateBpm>
          <SensorState>Absent</SensorState>
        </Trackpoint>
        <Trackpoint>
          <Time>2024-12-06T15:27:25Z</Time>
          <DistanceMeters>547.0</DistanceMeters>
          <HeartRateBpm>
            <Value>110</Value>
          </HeartRateBpm>
          <SensorState>Absent</SensorState>
        </Trackpoint>
        <Trackpoint>
          <Time>2024-12-06T15:27:27Z</Time>
          <DistanceMeters>547.0</DistanceMeters>
          <HeartRateBpm>
            <Value>113</Value>
          </HeartRateBpm>
          <SensorState>Absent</SensorState>
        </Trackpoint>
        <Trackpoint>
          <Time>2024-12-06T15:27:28Z</Time>
          <DistanceMeters>547.0</DistanceMeters>
          <HeartRateBpm>
            <Value>120</Value>
          </HeartRateBpm>
          <SensorState>Absent</SensorState>
        </Trackpoint>
        <Trackpoint>
          <Time>2024-12-06T15:27:28Z</Time>
          <DistanceMeters>547.0</DistanceMeters>
          <HeartRateBpm>
            <Value>120</Value>
          </HeartRateBpm>
          <SensorState>Absent</SensorState>
        </Trackpoint>
        <Trackpoint>
          <Time>2024-12-06T15:27:29Z</Time>
          <DistanceMeters>547.0</DistanceMeters>
          <HeartRateBpm>
            <Value>121</Value>
          </HeartRateBpm>
          <SensorState>Absent</SensorState>
        </Trackpoint>
        <Trackpoint>
          <Time>2024-12-06T15:27:32Z</Time>
          <DistanceMeters>547.0</DistanceMeters>
          <HeartRateBpm>
            <Value>123</Value>
          </HeartRateBpm>
          <SensorState>Absent</SensorState>
        </Trackpoint>
        <Trackpoint>
          <Time>2024-12-06T15:27:37Z</Time>
          <DistanceMeters>547.0</DistanceMeters>
          <HeartRateBpm>
            <Value>124</Value>
          </HeartRateBpm>
          <SensorState>Absent</SensorState>
        </Trackpoint>
        <Trackpoint>
          <Time>2024-12-06T15:27:38Z</Time>
          <DistanceMeters>547.0</DistanceMeters>
          <HeartRateBpm>
            <Value>125</Value>
          </HeartRateBpm>
          <SensorState>Absent</SensorState>
        </Trackpoint>
        <Trackpoint>
          <Time>2024-12-06T15:27:42Z</Time>
          <DistanceMeters>547.0</DistanceMeters>
          <HeartRateBpm>
            <Value>124</Value>
          </HeartRateBpm>
          <SensorState>Absent</SensorState>
        </Trackpoint>
        <Trackpoint>
          <Time>2024-12-06T15:27:45Z</Time>
          <DistanceMeters>547.0</DistanceMeters>
          <HeartRateBpm>
            <Value>123</Value>
          </HeartRateBpm>
          <SensorState>Absent</SensorState>
        </Trackpoint>
        <Trackpoint>
          <Time>2024-12-06T15:27:50Z</Time>
          <DistanceMeters>547.0</DistanceMeters>
          <HeartRateBpm>
            <Value>123</Value>
          </HeartRateBpm>
          <SensorState>Absent</SensorState>
        </Trackpoint>
        <Trackpoint>
          <Time>2024-12-06T15:27:53Z</Time>
          <DistanceMeters>547.0</DistanceMeters>
          <HeartRateBpm>
            <Value>122</Value>
          </HeartRateBpm>
          <SensorState>Absent</SensorState>
        </Trackpoint>
        <Trackpoint>
          <Time>2024-12-06T15:27:54Z</Time>
          <DistanceMeters>547.0</DistanceMeters>
          <HeartRateBpm>
            <Value>121</Value>
          </HeartRateBpm>
          <SensorState>Absent</SensorState>
        </Trackpoint>
        <Trackpoint>
          <Time>2024-12-06T15:27:55Z</Time>
          <DistanceMeters>547.0</DistanceMeters>
          <HeartRateBpm>
            <Value>118</Value>
          </HeartRateBpm>
          <SensorState>Absent</SensorState>
        </Trackpoint>
        <Trackpoint>
          <Time>2024-12-06T15:27:59Z</Time>
          <DistanceMeters>547.0</DistanceMeters>
          <HeartRateBpm>
            <Value>119</Value>
          </HeartRateBpm>
          <SensorState>Absent</SensorState>
        </Trackpoint>
        <Trackpoint>
          <Time>2024-12-06T15:28:00Z</Time>
          <DistanceMeters>547.0</DistanceMeters>
          <HeartRateBpm>
            <Value>124</Value>
          </HeartRateBpm>
          <SensorState>Absent</SensorState>
        </Trackpoint>
        <Trackpoint>
          <Time>2024-12-06T15:28:00Z</Time>
          <DistanceMeters>547.0</DistanceMeters>
          <HeartRateBpm>
            <Value>120</Value>
          </HeartRateBpm>
          <SensorState>Absent</SensorState>
        </Trackpoint>
        <Trackpoint>
          <Time>2024-12-06T15:28:02Z</Time>
          <DistanceMeters>547.0</DistanceMeters>
          <HeartRateBpm>
            <Value>123</Value>
          </HeartRateBpm>
          <SensorState>Absent</SensorState>
        </Trackpoint>
        <Trackpoint>
          <Time>2024-12-06T15:28:07Z</Time>
          <DistanceMeters>561.0</DistanceMeters>
          <HeartRateBpm>
            <Value>123</Value>
          </HeartRateBpm>
          <SensorState>Absent</SensorState>
        </Trackpoint>
        <Trackpoint>
          <Time>2024-12-06T15:28:08Z</Time>
          <DistanceMeters>561.0</DistanceMeters>
          <HeartRateBpm>
            <Value>124</Value>
          </HeartRateBpm>
          <SensorState>Absent</SensorState>
        </Trackpoint>
        <Trackpoint>
          <Time>2024-12-06T15:28:11Z</Time>
          <DistanceMeters>561.0</DistanceMeters>
          <HeartRateBpm>
            <Value>128</Value>
          </HeartRateBpm>
          <SensorState>Absent</SensorState>
        </Trackpoint>
        <Trackpoint>
          <Time>2024-12-06T15:28:11Z</Time>
          <DistanceMeters>561.0</DistanceMeters>
          <HeartRateBpm>
            <Value>128</Value>
          </HeartRateBpm>
          <SensorState>Absent</SensorState>
        </Trackpoint>
        <Trackpoint>
          <Time>2024-12-06T15:28:12Z</Time>
          <DistanceMeters>561.0</DistanceMeters>
          <HeartRateBpm>
            <Value>129</Value>
          </HeartRateBpm>
          <SensorState>Absent</SensorState>
        </Trackpoint>
        <Trackpoint>
          <Time>2024-12-06T15:28:15Z</Time>
          <DistanceMeters>561.0</DistanceMeters>
          <HeartRateBpm>
            <Value>127</Value>
          </HeartRateBpm>
          <SensorState>Absent</SensorState>
        </Trackpoint>
        <Trackpoint>
          <Time>2024-12-06T15:28:19Z</Time>
          <DistanceMeters>561.0</DistanceMeters>
          <HeartRateBpm>
            <Value>128</Value>
          </HeartRateBpm>
          <SensorState>Absent</SensorState>
        </Trackpoint>
        <Trackpoint>
          <Time>2024-12-06T15:28:20Z</Time>
          <DistanceMeters>561.0</DistanceMeters>
          <HeartRateBpm>
            <Value>124</Value>
          </HeartRateBpm>
          <SensorState>Absent</SensorState>
        </Trackpoint>
        <Trackpoint>
          <Time>2024-12-06T15:28:21Z</Time>
          <DistanceMeters>561.0</DistanceMeters>
          <HeartRateBpm>
            <Value>123</Value>
          </HeartRateBpm>
          <SensorState>Absent</SensorState>
        </Trackpoint>
        <Trackpoint>
          <Time>2024-12-06T15:28:22Z</Time>
          <DistanceMeters>561.0</DistanceMeters>
          <HeartRateBpm>
            <Value>122</Value>
          </HeartRateBpm>
          <SensorState>Absent</SensorState>
        </Trackpoint>
        <Trackpoint>
          <Time>2024-12-06T15:28:22Z</Time>
          <DistanceMeters>561.0</DistanceMeters>
          <HeartRateBpm>
            <Value>122</Value>
          </HeartRateBpm>
          <SensorState>Absent</SensorState>
        </Trackpoint>
        <Trackpoint>
          <Time>2024-12-06T15:28:24Z</Time>
          <DistanceMeters>561.0</DistanceMeters>
          <HeartRateBpm>
            <Value>118</Value>
          </HeartRateBpm>
          <SensorState>Absent</SensorState>
        </Trackpoint>
        <Trackpoint>
          <Time>2024-12-06T15:28:26Z</Time>
          <DistanceMeters>561.0</DistanceMeters>
          <HeartRateBpm>
            <Value>117</Value>
          </HeartRateBpm>
          <SensorState>Absent</SensorState>
        </Trackpoint>
        <Trackpoint>
          <Time>2024-12-06T15:28:28Z</Time>
          <DistanceMeters>561.0</DistanceMeters>
          <HeartRateBpm>
            <Value>118</Value>
          </HeartRateBpm>
          <SensorState>Absent</SensorState>
        </Trackpoint>
        <Trackpoint>
          <Time>2024-12-06T15:28:29Z</Time>
          <DistanceMeters>561.0</DistanceMeters>
          <HeartRateBpm>
            <Value>119</Value>
          </HeartRateBpm>
          <SensorState>Absent</SensorState>
        </Trackpoint>
        <Trackpoint>
          <Time>2024-12-06T15:28:30Z</Time>
          <DistanceMeters>561.0</DistanceMeters>
          <HeartRateBpm>
            <Value>118</Value>
          </HeartRateBpm>
          <SensorState>Absent</SensorState>
        </Trackpoint>
        <Trackpoint>
          <Time>2024-12-06T15:28:35Z</Time>
          <DistanceMeters>561.0</DistanceMeters>
          <HeartRateBpm>
            <Value>118</Value>
          </HeartRateBpm>
          <SensorState>Absent</SensorState>
        </Trackpoint>
        <Trackpoint>
          <Time>2024-12-06T15:28:37Z</Time>
          <DistanceMeters>561.0</DistanceMeters>
          <HeartRateBpm>
            <Value>122</Value>
          </HeartRateBpm>
          <SensorState>Absent</SensorState>
        </Trackpoint>
        <Trackpoint>
          <Time>2024-12-06T15:28:38Z</Time>
          <DistanceMeters>561.0</DistanceMeters>
          <HeartRateBpm>
            <Value>124</Value>
          </HeartRateBpm>
          <SensorState>Absent</SensorState>
        </Trackpoint>
        <Trackpoint>
          <Time>2024-12-06T15:28:39Z</Time>
          <DistanceMeters>561.0</DistanceMeters>
          <HeartRateBpm>
            <Value>125</Value>
          </HeartRateBpm>
          <SensorState>Absent</SensorState>
        </Trackpoint>
        <Trackpoint>
          <Time>2024-12-06T15:28:41Z</Time>
          <DistanceMeters>561.0</DistanceMeters>
          <HeartRateBpm>
            <Value>127</Value>
          </HeartRateBpm>
          <SensorState>Absent</SensorState>
        </Trackpoint>
        <Trackpoint>
          <Time>2024-12-06T15:28:42Z</Time>
          <DistanceMeters>561.0</DistanceMeters>
          <HeartRateBpm>
            <Value>129</Value>
          </HeartRateBpm>
          <SensorState>Absent</SensorState>
        </Trackpoint>
        <Trackpoint>
          <Time>2024-12-06T15:28:42Z</Time>
          <DistanceMeters>561.0</DistanceMeters>
          <HeartRateBpm>
            <Value>129</Value>
          </HeartRateBpm>
          <SensorState>Absent</SensorState>
        </Trackpoint>
        <Trackpoint>
          <Time>2024-12-06T15:28:43Z</Time>
          <DistanceMeters>561.0</DistanceMeters>
          <HeartRateBpm>
            <Value>131</Value>
          </HeartRateBpm>
          <SensorState>Absent</SensorState>
        </Trackpoint>
        <Trackpoint>
          <Time>2024-12-06T15:28:45Z</Time>
          <DistanceMeters>561.0</DistanceMeters>
          <HeartRateBpm>
            <Value>132</Value>
          </HeartRateBpm>
          <SensorState>Absent</SensorState>
        </Trackpoint>
        <Trackpoint>
          <Time>2024-12-06T15:28:46Z</Time>
          <DistanceMeters>561.0</DistanceMeters>
          <HeartRateBpm>
            <Value>136</Value>
          </HeartRateBpm>
          <SensorState>Absent</SensorState>
        </Trackpoint>
        <Trackpoint>
          <Time>2024-12-06T15:28:46Z</Time>
          <DistanceMeters>561.0</DistanceMeters>
          <HeartRateBpm>
            <Value>136</Value>
          </HeartRateBpm>
          <SensorState>Absent</SensorState>
        </Trackpoint>
        <Trackpoint>
          <Time>2024-12-06T15:28:48Z</Time>
          <DistanceMeters>561.0</DistanceMeters>
          <HeartRateBpm>
            <Value>133</Value>
          </HeartRateBpm>
          <SensorState>Absent</SensorState>
        </Trackpoint>
        <Trackpoint>
          <Time>2024-12-06T15:28:50Z</Time>
          <DistanceMeters>561.0</DistanceMeters>
          <HeartRateBpm>
            <Value>130</Value>
          </HeartRateBpm>
          <SensorState>Absent</SensorState>
        </Trackpoint>
        <Trackpoint>
          <Time>2024-12-06T15:28:50Z</Time>
          <DistanceMeters>561.0</DistanceMeters>
          <HeartRateBpm>
            <Value>130</Value>
          </HeartRateBpm>
          <SensorState>Absent</SensorState>
        </Trackpoint>
        <Trackpoint>
          <Time>2024-12-06T15:28:51Z</Time>
          <DistanceMeters>561.0</DistanceMeters>
          <HeartRateBpm>
            <Value>129</Value>
          </HeartRateBpm>
          <SensorState>Absent</SensorState>
        </Trackpoint>
        <Trackpoint>
          <Time>2024-12-06T15:28:52Z</Time>
          <DistanceMeters>561.0</DistanceMeters>
          <HeartRateBpm>
            <Value>128</Value>
          </HeartRateBpm>
          <SensorState>Absent</SensorState>
        </Trackpoint>
        <Trackpoint>
          <Time>2024-12-06T15:28:55Z</Time>
          <DistanceMeters>561.0</DistanceMeters>
          <HeartRateBpm>
            <Value>133</Value>
          </HeartRateBpm>
          <SensorState>Absent</SensorState>
        </Trackpoint>
        <Trackpoint>
          <Time>2024-12-06T15:28:56Z</Time>
          <DistanceMeters>561.0</DistanceMeters>
          <HeartRateBpm>
            <Value>134</Value>
          </HeartRateBpm>
          <SensorState>Absent</SensorState>
        </Trackpoint>
        <Trackpoint>
          <Time>2024-12-06T15:28:58Z</Time>
          <DistanceMeters>561.0</DistanceMeters>
          <HeartRateBpm>
            <Value>135</Value>
          </HeartRateBpm>
          <SensorState>Absent</SensorState>
        </Trackpoint>
        <Trackpoint>
          <Time>2024-12-06T15:28:59Z</Time>
          <DistanceMeters>561.0</DistanceMeters>
          <HeartRateBpm>
            <Value>134</Value>
          </HeartRateBpm>
          <SensorState>Absent</SensorState>
        </Trackpoint>
        <Trackpoint>
          <Time>2024-12-06T15:29:00Z</Time>
          <DistanceMeters>561.0</DistanceMeters>
          <HeartRateBpm>
            <Value>123</Value>
          </HeartRateBpm>
          <SensorState>Absent</SensorState>
        </Trackpoint>
        <Trackpoint>
          <Time>2024-12-06T15:29:00Z</Time>
          <DistanceMeters>561.0</DistanceMeters>
          <HeartRateBpm>
            <Value>136</Value>
          </HeartRateBpm>
          <SensorState>Absent</SensorState>
        </Trackpoint>
        <Trackpoint>
          <Time>2024-12-06T15:29:00Z</Time>
          <DistanceMeters>561.0</DistanceMeters>
          <HeartRateBpm>
            <Value>136</Value>
          </HeartRateBpm>
          <SensorState>Absent</SensorState>
        </Trackpoint>
        <Trackpoint>
          <Time>2024-12-06T15:29:02Z</Time>
          <DistanceMeters>561.0</DistanceMeters>
          <HeartRateBpm>
            <Value>135</Value>
          </HeartRateBpm>
          <SensorState>Absent</SensorState>
        </Trackpoint>
        <Trackpoint>
          <Time>2024-12-06T15:29:04Z</Time>
          <DistanceMeters>561.0</DistanceMeters>
          <HeartRateBpm>
            <Value>133</Value>
          </HeartRateBpm>
          <SensorState>Absent</SensorState>
        </Trackpoint>
        <Trackpoint>
          <Time>2024-12-06T15:29:05Z</Time>
          <DistanceMeters>575.0</DistanceMeters>
          <HeartRateBpm>
            <Value>132</Value>
          </HeartRateBpm>
          <SensorState>Absent</SensorState>
        </Trackpoint>
        <Trackpoint>
          <Time>2024-12-06T15:29:08Z</Time>
          <DistanceMeters>575.0</DistanceMeters>
          <HeartRateBpm>
            <Value>131</Value>
          </HeartRateBpm>
          <SensorState>Absent</SensorState>
        </Trackpoint>
        <Trackpoint>
          <Time>2024-12-06T15:29:08Z</Time>
          <DistanceMeters>575.0</DistanceMeters>
          <HeartRateBpm>
            <Value>130</Value>
          </HeartRateBpm>
          <SensorState>Absent</SensorState>
        </Trackpoint>
        <Trackpoint>
          <Time>2024-12-06T15:29:09Z</Time>
          <DistanceMeters>575.0</DistanceMeters>
          <HeartRateBpm>
            <Value>130</Value>
          </HeartRateBpm>
          <SensorState>Absent</SensorState>
        </Trackpoint>
        <Trackpoint>
          <Time>2024-12-06T15:29:10Z</Time>
          <DistanceMeters>575.0</DistanceMeters>
          <HeartRateBpm>
            <Value>131</Value>
          </HeartRateBpm>
          <SensorState>Absent</SensorState>
        </Trackpoint>
        <Trackpoint>
          <Time>2024-12-06T15:29:12Z</Time>
          <DistanceMeters>575.0</DistanceMeters>
          <HeartRateBpm>
            <Value>132</Value>
          </HeartRateBpm>
          <SensorState>Absent</SensorState>
        </Trackpoint>
        <Trackpoint>
          <Time>2024-12-06T15:29:13Z</Time>
          <DistanceMeters>575.0</DistanceMeters>
          <HeartRateBpm>
            <Value>133</Value>
          </HeartRateBpm>
          <SensorState>Absent</SensorState>
        </Trackpoint>
        <Trackpoint>
          <Time>2024-12-06T15:29:14Z</Time>
          <DistanceMeters>575.0</DistanceMeters>
          <HeartRateBpm>
            <Value>132</Value>
          </HeartRateBpm>
          <SensorState>Absent</SensorState>
        </Trackpoint>
        <Trackpoint>
          <Time>2024-12-06T15:29:15Z</Time>
          <DistanceMeters>575.0</DistanceMeters>
          <HeartRateBpm>
            <Value>128</Value>
          </HeartRateBpm>
          <SensorState>Absent</SensorState>
        </Trackpoint>
        <Trackpoint>
          <Time>2024-12-06T15:29:17Z</Time>
          <DistanceMeters>575.0</DistanceMeters>
          <HeartRateBpm>
            <Value>124</Value>
          </HeartRateBpm>
          <SensorState>Absent</SensorState>
        </Trackpoint>
        <Trackpoint>
          <Time>2024-12-06T15:29:18Z</Time>
          <DistanceMeters>575.0</DistanceMeters>
          <HeartRateBpm>
            <Value>124</Value>
          </HeartRateBpm>
          <SensorState>Absent</SensorState>
        </Trackpoint>
        <Trackpoint>
          <Time>2024-12-06T15:29:19Z</Time>
          <DistanceMeters>575.0</DistanceMeters>
          <HeartRateBpm>
            <Value>123</Value>
          </HeartRateBpm>
          <SensorState>Absent</SensorState>
        </Trackpoint>
        <Trackpoint>
          <Time>2024-12-06T15:29:21Z</Time>
          <DistanceMeters>575.0</DistanceMeters>
          <HeartRateBpm>
            <Value>122</Value>
          </HeartRateBpm>
          <SensorState>Absent</SensorState>
        </Trackpoint>
        <Trackpoint>
          <Time>2024-12-06T15:29:23Z</Time>
          <DistanceMeters>575.0</DistanceMeters>
          <HeartRateBpm>
            <Value>123</Value>
          </HeartRateBpm>
          <SensorState>Absent</SensorState>
        </Trackpoint>
        <Trackpoint>
          <Time>2024-12-06T15:29:25Z</Time>
          <DistanceMeters>575.0</DistanceMeters>
          <HeartRateBpm>
            <Value>124</Value>
          </HeartRateBpm>
          <SensorState>Absent</SensorState>
        </Trackpoint>
        <Trackpoint>
          <Time>2024-12-06T15:29:26Z</Time>
          <DistanceMeters>575.0</DistanceMeters>
          <HeartRateBpm>
            <Value>123</Value>
          </HeartRateBpm>
          <SensorState>Absent</SensorState>
        </Trackpoint>
        <Trackpoint>
          <Time>2024-12-06T15:29:27Z</Time>
          <DistanceMeters>575.0</DistanceMeters>
          <HeartRateBpm>
            <Value>121</Value>
          </HeartRateBpm>
          <SensorState>Absent</SensorState>
        </Trackpoint>
        <Trackpoint>
          <Time>2024-12-06T15:29:28Z</Time>
          <DistanceMeters>575.0</DistanceMeters>
          <HeartRateBpm>
            <Value>120</Value>
          </HeartRateBpm>
          <SensorState>Absent</SensorState>
        </Trackpoint>
        <Trackpoint>
          <Time>2024-12-06T15:29:32Z</Time>
          <DistanceMeters>575.0</DistanceMeters>
          <HeartRateBpm>
            <Value>122</Value>
          </HeartRateBpm>
          <SensorState>Absent</SensorState>
        </Trackpoint>
        <Trackpoint>
          <Time>2024-12-06T15:29:34Z</Time>
          <DistanceMeters>575.0</DistanceMeters>
          <HeartRateBpm>
            <Value>123</Value>
          </HeartRateBpm>
          <SensorState>Absent</SensorState>
        </Trackpoint>
        <Trackpoint>
          <Time>2024-12-06T15:29:35Z</Time>
          <DistanceMeters>575.0</DistanceMeters>
          <HeartRateBpm>
            <Value>122</Value>
          </HeartRateBpm>
          <SensorState>Absent</SensorState>
        </Trackpoint>
        <Trackpoint>
          <Time>2024-12-06T15:29:36Z</Time>
          <DistanceMeters>575.0</DistanceMeters>
          <HeartRateBpm>
            <Value>123</Value>
          </HeartRateBpm>
          <SensorState>Absent</SensorState>
        </Trackpoint>
        <Trackpoint>
          <Time>2024-12-06T15:29:38Z</Time>
          <DistanceMeters>575.0</DistanceMeters>
          <HeartRateBpm>
            <Value>124</Value>
          </HeartRateBpm>
          <SensorState>Absent</SensorState>
        </Trackpoint>
        <Trackpoint>
          <Time>2024-12-06T15:29:40Z</Time>
          <DistanceMeters>575.0</DistanceMeters>
          <HeartRateBpm>
            <Value>125</Value>
          </HeartRateBpm>
          <SensorState>Absent</SensorState>
        </Trackpoint>
        <Trackpoint>
          <Time>2024-12-06T15:29:41Z</Time>
          <DistanceMeters>575.0</DistanceMeters>
          <HeartRateBpm>
            <Value>123</Value>
          </HeartRateBpm>
          <SensorState>Absent</SensorState>
        </Trackpoint>
        <Trackpoint>
          <Time>2024-12-06T15:29:43Z</Time>
          <DistanceMeters>575.0</DistanceMeters>
          <HeartRateBpm>
            <Value>121</Value>
          </HeartRateBpm>
          <SensorState>Absent</SensorState>
        </Trackpoint>
        <Trackpoint>
          <Time>2024-12-06T15:29:45Z</Time>
          <DistanceMeters>575.0</DistanceMeters>
          <HeartRateBpm>
            <Value>120</Value>
          </HeartRateBpm>
          <SensorState>Absent</SensorState>
        </Trackpoint>
        <Trackpoint>
          <Time>2024-12-06T15:29:48Z</Time>
          <DistanceMeters>575.0</DistanceMeters>
          <HeartRateBpm>
            <Value>119</Value>
          </HeartRateBpm>
          <SensorState>Absent</SensorState>
        </Trackpoint>
        <Trackpoint>
          <Time>2024-12-06T15:29:48Z</Time>
          <DistanceMeters>575.0</DistanceMeters>
          <HeartRateBpm>
            <Value>114</Value>
          </HeartRateBpm>
          <SensorState>Absent</SensorState>
        </Trackpoint>
        <Trackpoint>
          <Time>2024-12-06T15:29:49Z</Time>
          <DistanceMeters>575.0</DistanceMeters>
          <HeartRateBpm>
            <Value>114</Value>
          </HeartRateBpm>
          <SensorState>Absent</SensorState>
        </Trackpoint>
        <Trackpoint>
          <Time>2024-12-06T15:29:54Z</Time>
          <DistanceMeters>575.0</DistanceMeters>
          <HeartRateBpm>
            <Value>114</Value>
          </HeartRateBpm>
          <SensorState>Absent</SensorState>
        </Trackpoint>
        <Trackpoint>
          <Time>2024-12-06T15:29:56Z</Time>
          <DistanceMeters>575.0</DistanceMeters>
          <HeartRateBpm>
            <Value>113</Value>
          </HeartRateBpm>
          <SensorState>Absent</SensorState>
        </Trackpoint>
        <Trackpoint>
          <Time>2024-12-06T15:29:57Z</Time>
          <DistanceMeters>575.0</DistanceMeters>
          <HeartRateBpm>
            <Value>112</Value>
          </HeartRateBpm>
          <SensorState>Absent</SensorState>
        </Trackpoint>
        <Trackpoint>
          <Time>2024-12-06T15:29:58Z</Time>
          <DistanceMeters>575.0</DistanceMeters>
          <HeartRateBpm>
            <Value>113</Value>
          </HeartRateBpm>
          <SensorState>Absent</SensorState>
        </Trackpoint>
        <Trackpoint>
          <Time>2024-12-06T15:30:00Z</Time>
          <DistanceMeters>575.0</DistanceMeters>
          <HeartRateBpm>
            <Value>125</Value>
          </HeartRateBpm>
          <SensorState>Absent</SensorState>
        </Trackpoint>
        <Trackpoint>
          <Time>2024-12-06T15:30:02Z</Time>
          <DistanceMeters>575.0</DistanceMeters>
          <HeartRateBpm>
            <Value>114</Value>
          </HeartRateBpm>
          <SensorState>Absent</SensorState>
        </Trackpoint>
        <Trackpoint>
          <Time>2024-12-06T15:30:05Z</Time>
          <DistanceMeters>589.0</DistanceMeters>
          <HeartRateBpm>
            <Value>113</Value>
          </HeartRateBpm>
          <SensorState>Absent</SensorState>
        </Trackpoint>
        <Trackpoint>
          <Time>2024-12-06T15:30:06Z</Time>
          <DistanceMeters>589.0</DistanceMeters>
          <HeartRateBpm>
            <Value>112</Value>
          </HeartRateBpm>
          <SensorState>Absent</SensorState>
        </Trackpoint>
        <Trackpoint>
          <Time>2024-12-06T15:30:09Z</Time>
          <DistanceMeters>589.0</DistanceMeters>
          <HeartRateBpm>
            <Value>115</Value>
          </HeartRateBpm>
          <SensorState>Absent</SensorState>
        </Trackpoint>
        <Trackpoint>
          <Time>2024-12-06T15:30:10Z</Time>
          <DistanceMeters>589.0</DistanceMeters>
          <HeartRateBpm>
            <Value>117</Value>
          </HeartRateBpm>
          <SensorState>Absent</SensorState>
        </Trackpoint>
        <Trackpoint>
          <Time>2024-12-06T15:30:15Z</Time>
          <DistanceMeters>589.0</DistanceMeters>
          <HeartRateBpm>
            <Value>115</Value>
          </HeartRateBpm>
          <SensorState>Absent</SensorState>
        </Trackpoint>
        <Trackpoint>
          <Time>2024-12-06T15:30:17Z</Time>
          <DistanceMeters>589.0</DistanceMeters>
          <HeartRateBpm>
            <Value>114</Value>
          </HeartRateBpm>
          <SensorState>Absent</SensorState>
        </Trackpoint>
        <Trackpoint>
          <Time>2024-12-06T15:30:20Z</Time>
          <DistanceMeters>589.0</DistanceMeters>
          <HeartRateBpm>
            <Value>115</Value>
          </HeartRateBpm>
          <SensorState>Absent</SensorState>
        </Trackpoint>
        <Trackpoint>
          <Time>2024-12-06T15:30:22Z</Time>
          <DistanceMeters>589.0</DistanceMeters>
          <HeartRateBpm>
            <Value>117</Value>
          </HeartRateBpm>
          <SensorState>Absent</SensorState>
        </Trackpoint>
        <Trackpoint>
          <Time>2024-12-06T15:30:23Z</Time>
          <DistanceMeters>589.0</DistanceMeters>
          <HeartRateBpm>
            <Value>119</Value>
          </HeartRateBpm>
          <SensorState>Absent</SensorState>
        </Trackpoint>
        <Trackpoint>
          <Time>2024-12-06T15:30:23Z</Time>
          <DistanceMeters>589.0</DistanceMeters>
          <HeartRateBpm>
            <Value>121</Value>
          </HeartRateBpm>
          <SensorState>Absent</SensorState>
        </Trackpoint>
        <Trackpoint>
          <Time>2024-12-06T15:30:24Z</Time>
          <DistanceMeters>589.0</DistanceMeters>
          <HeartRateBpm>
            <Value>121</Value>
          </HeartRateBpm>
          <SensorState>Absent</SensorState>
        </Trackpoint>
        <Trackpoint>
          <Time>2024-12-06T15:30:26Z</Time>
          <DistanceMeters>589.0</DistanceMeters>
          <HeartRateBpm>
            <Value>124</Value>
          </HeartRateBpm>
          <SensorState>Absent</SensorState>
        </Trackpoint>
        <Trackpoint>
          <Time>2024-12-06T15:30:27Z</Time>
          <DistanceMeters>589.0</DistanceMeters>
          <HeartRateBpm>
            <Value>126</Value>
          </HeartRateBpm>
          <SensorState>Absent</SensorState>
        </Trackpoint>
        <Trackpoint>
          <Time>2024-12-06T15:30:27Z</Time>
          <DistanceMeters>589.0</DistanceMeters>
          <HeartRateBpm>
            <Value>127</Value>
          </HeartRateBpm>
          <SensorState>Absent</SensorState>
        </Trackpoint>
        <Trackpoint>
          <Time>2024-12-06T15:30:28Z</Time>
          <DistanceMeters>589.0</DistanceMeters>
          <HeartRateBpm>
            <Value>127</Value>
          </HeartRateBpm>
          <SensorState>Absent</SensorState>
        </Trackpoint>
        <Trackpoint>
          <Time>2024-12-06T15:30:31Z</Time>
          <DistanceMeters>589.0</DistanceMeters>
          <HeartRateBpm>
            <Value>128</Value>
          </HeartRateBpm>
          <SensorState>Absent</SensorState>
        </Trackpoint>
        <Trackpoint>
          <Time>2024-12-06T15:30:33Z</Time>
          <DistanceMeters>589.0</DistanceMeters>
          <HeartRateBpm>
            <Value>129</Value>
          </HeartRateBpm>
          <SensorState>Absent</SensorState>
        </Trackpoint>
        <Trackpoint>
          <Time>2024-12-06T15:30:35Z</Time>
          <DistanceMeters>589.0</DistanceMeters>
          <HeartRateBpm>
            <Value>130</Value>
          </HeartRateBpm>
          <SensorState>Absent</SensorState>
        </Trackpoint>
        <Trackpoint>
          <Time>2024-12-06T15:30:36Z</Time>
          <DistanceMeters>589.0</DistanceMeters>
          <HeartRateBpm>
            <Value>132</Value>
          </HeartRateBpm>
          <SensorState>Absent</SensorState>
        </Trackpoint>
        <Trackpoint>
          <Time>2024-12-06T15:30:36Z</Time>
          <DistanceMeters>589.0</DistanceMeters>
          <HeartRateBpm>
            <Value>135</Value>
          </HeartRateBpm>
          <SensorState>Absent</SensorState>
        </Trackpoint>
        <Trackpoint>
          <Time>2024-12-06T15:30:37Z</Time>
          <DistanceMeters>589.0</DistanceMeters>
          <HeartRateBpm>
            <Value>135</Value>
          </HeartRateBpm>
          <SensorState>Absent</SensorState>
        </Trackpoint>
        <Trackpoint>
          <Time>2024-12-06T15:30:39Z</Time>
          <DistanceMeters>589.0</DistanceMeters>
          <HeartRateBpm>
            <Value>137</Value>
          </HeartRateBpm>
          <SensorState>Absent</SensorState>
        </Trackpoint>
        <Trackpoint>
          <Time>2024-12-06T15:30:40Z</Time>
          <DistanceMeters>589.0</DistanceMeters>
          <HeartRateBpm>
            <Value>139</Value>
          </HeartRateBpm>
          <SensorState>Absent</SensorState>
        </Trackpoint>
        <Trackpoint>
          <Time>2024-12-06T15:30:40Z</Time>
          <DistanceMeters>589.0</DistanceMeters>
          <HeartRateBpm>
            <Value>142</Value>
          </HeartRateBpm>
          <SensorState>Absent</SensorState>
        </Trackpoint>
        <Trackpoint>
          <Time>2024-12-06T15:30:41Z</Time>
          <DistanceMeters>589.0</DistanceMeters>
          <HeartRateBpm>
            <Value>142</Value>
          </HeartRateBpm>
          <SensorState>Absent</SensorState>
        </Trackpoint>
        <Trackpoint>
          <Time>2024-12-06T15:30:43Z</Time>
          <DistanceMeters>589.0</DistanceMeters>
          <HeartRateBpm>
            <Value>147</Value>
          </HeartRateBpm>
          <SensorState>Absent</SensorState>
        </Trackpoint>
        <Trackpoint>
          <Time>2024-12-06T15:30:43Z</Time>
          <DistanceMeters>589.0</DistanceMeters>
          <HeartRateBpm>
            <Value>148</Value>
          </HeartRateBpm>
          <SensorState>Absent</SensorState>
        </Trackpoint>
        <Trackpoint>
          <Time>2024-12-06T15:30:44Z</Time>
          <DistanceMeters>589.0</DistanceMeters>
          <HeartRateBpm>
            <Value>148</Value>
          </HeartRateBpm>
          <SensorState>Absent</SensorState>
        </Trackpoint>
        <Trackpoint>
          <Time>2024-12-06T15:30:47Z</Time>
          <DistanceMeters>589.0</DistanceMeters>
          <HeartRateBpm>
            <Value>146</Value>
          </HeartRateBpm>
          <SensorState>Absent</SensorState>
        </Trackpoint>
        <Trackpoint>
          <Time>2024-12-06T15:30:48Z</Time>
          <DistanceMeters>589.0</DistanceMeters>
          <HeartRateBpm>
            <Value>143</Value>
          </HeartRateBpm>
          <SensorState>Absent</SensorState>
        </Trackpoint>
        <Trackpoint>
          <Time>2024-12-06T15:30:49Z</Time>
          <DistanceMeters>589.0</DistanceMeters>
          <HeartRateBpm>
            <Value>140</Value>
          </HeartRateBpm>
          <SensorState>Absent</SensorState>
        </Trackpoint>
        <Trackpoint>
          <Time>2024-12-06T15:30:49Z</Time>
          <DistanceMeters>589.0</DistanceMeters>
          <HeartRateBpm>
            <Value>140</Value>
          </HeartRateBpm>
          <SensorState>Absent</SensorState>
        </Trackpoint>
        <Trackpoint>
          <Time>2024-12-06T15:30:51Z</Time>
          <DistanceMeters>589.0</DistanceMeters>
          <HeartRateBpm>
            <Value>136</Value>
          </HeartRateBpm>
          <SensorState>Absent</SensorState>
        </Trackpoint>
        <Trackpoint>
          <Time>2024-12-06T15:30:52Z</Time>
          <DistanceMeters>589.0</DistanceMeters>
          <HeartRateBpm>
            <Value>134</Value>
          </HeartRateBpm>
          <SensorState>Absent</SensorState>
        </Trackpoint>
        <Trackpoint>
          <Time>2024-12-06T15:30:52Z</Time>
          <DistanceMeters>589.0</DistanceMeters>
          <HeartRateBpm>
            <Value>134</Value>
          </HeartRateBpm>
          <SensorState>Absent</SensorState>
        </Trackpoint>
        <Trackpoint>
          <Time>2024-12-06T15:30:53Z</Time>
          <DistanceMeters>589.0</DistanceMeters>
          <HeartRateBpm>
            <Value>133</Value>
          </HeartRateBpm>
          <SensorState>Absent</SensorState>
        </Trackpoint>
        <Trackpoint>
          <Time>2024-12-06T15:30:55Z</Time>
          <DistanceMeters>589.0</DistanceMeters>
          <HeartRateBpm>
            <Value>131</Value>
          </HeartRateBpm>
          <SensorState>Absent</SensorState>
        </Trackpoint>
        <Trackpoint>
          <Time>2024-12-06T15:30:58Z</Time>
          <DistanceMeters>589.0</DistanceMeters>
          <HeartRateBpm>
            <Value>130</Value>
          </HeartRateBpm>
          <SensorState>Absent</SensorState>
        </Trackpoint>
        <Trackpoint>
          <Time>2024-12-06T15:31:00Z</Time>
          <DistanceMeters>589.0</DistanceMeters>
          <HeartRateBpm>
            <Value>130</Value>
          </HeartRateBpm>
          <SensorState>Absent</SensorState>
        </Trackpoint>
        <Trackpoint>
          <Time>2024-12-06T15:31:00Z</Time>
          <DistanceMeters>589.0</DistanceMeters>
          <HeartRateBpm>
            <Value>131</Value>
          </HeartRateBpm>
          <SensorState>Absent</SensorState>
        </Trackpoint>
        <Trackpoint>
          <Time>2024-12-06T15:31:01Z</Time>
          <DistanceMeters>589.0</DistanceMeters>
          <HeartRateBpm>
            <Value>132</Value>
          </HeartRateBpm>
          <SensorState>Absent</SensorState>
        </Trackpoint>
        <Trackpoint>
          <Time>2024-12-06T15:31:02Z</Time>
          <DistanceMeters>589.0</DistanceMeters>
          <HeartRateBpm>
            <Value>134</Value>
          </HeartRateBpm>
          <SensorState>Absent</SensorState>
        </Trackpoint>
        <Trackpoint>
          <Time>2024-12-06T15:31:04Z</Time>
          <DistanceMeters>589.0</DistanceMeters>
          <HeartRateBpm>
            <Value>133</Value>
          </HeartRateBpm>
          <SensorState>Absent</SensorState>
        </Trackpoint>
        <Trackpoint>
          <Time>2024-12-06T15:31:05Z</Time>
          <DistanceMeters>603.0</DistanceMeters>
          <HeartRateBpm>
            <Value>131</Value>
          </HeartRateBpm>
          <SensorState>Absent</SensorState>
        </Trackpoint>
        <Trackpoint>
          <Time>2024-12-06T15:31:06Z</Time>
          <DistanceMeters>603.0</DistanceMeters>
          <HeartRateBpm>
            <Value>130</Value>
          </HeartRateBpm>
          <SensorState>Absent</SensorState>
        </Trackpoint>
        <Trackpoint>
          <Time>2024-12-06T15:31:10Z</Time>
          <DistanceMeters>603.0</DistanceMeters>
          <HeartRateBpm>
            <Value>131</Value>
          </HeartRateBpm>
          <SensorState>Absent</SensorState>
        </Trackpoint>
        <Trackpoint>
          <Time>2024-12-06T15:31:14Z</Time>
          <DistanceMeters>603.0</DistanceMeters>
          <HeartRateBpm>
            <Value>133</Value>
          </HeartRateBpm>
          <SensorState>Absent</SensorState>
        </Trackpoint>
        <Trackpoint>
          <Time>2024-12-06T15:31:15Z</Time>
          <DistanceMeters>603.0</DistanceMeters>
          <HeartRateBpm>
            <Value>132</Value>
          </HeartRateBpm>
          <SensorState>Absent</SensorState>
        </Trackpoint>
        <Trackpoint>
          <Time>2024-12-06T15:31:17Z</Time>
          <DistanceMeters>603.0</DistanceMeters>
          <HeartRateBpm>
            <Value>133</Value>
          </HeartRateBpm>
          <SensorState>Absent</SensorState>
        </Trackpoint>
        <Trackpoint>
          <Time>2024-12-06T15:31:18Z</Time>
          <DistanceMeters>603.0</DistanceMeters>
          <HeartRateBpm>
            <Value>134</Value>
          </HeartRateBpm>
          <SensorState>Absent</SensorState>
        </Trackpoint>
        <Trackpoint>
          <Time>2024-12-06T15:31:19Z</Time>
          <DistanceMeters>603.0</DistanceMeters>
          <HeartRateBpm>
            <Value>140</Value>
          </HeartRateBpm>
          <SensorState>Absent</SensorState>
        </Trackpoint>
        <Trackpoint>
          <Time>2024-12-06T15:31:19Z</Time>
          <DistanceMeters>603.0</DistanceMeters>
          <HeartRateBpm>
            <Value>140</Value>
          </HeartRateBpm>
          <SensorState>Absent</SensorState>
        </Trackpoint>
        <Trackpoint>
          <Time>2024-12-06T15:31:21Z</Time>
          <DistanceMeters>603.0</DistanceMeters>
          <HeartRateBpm>
            <Value>145</Value>
          </HeartRateBpm>
          <SensorState>Absent</SensorState>
        </Trackpoint>
        <Trackpoint>
          <Time>2024-12-06T15:31:22Z</Time>
          <DistanceMeters>603.0</DistanceMeters>
          <HeartRateBpm>
            <Value>144</Value>
          </HeartRateBpm>
          <SensorState>Absent</SensorState>
        </Trackpoint>
        <Trackpoint>
          <Time>2024-12-06T15:31:23Z</Time>
          <DistanceMeters>603.0</DistanceMeters>
          <HeartRateBpm>
            <Value>143</Value>
          </HeartRateBpm>
          <SensorState>Absent</SensorState>
        </Trackpoint>
        <Trackpoint>
          <Time>2024-12-06T15:31:24Z</Time>
          <DistanceMeters>603.0</DistanceMeters>
          <HeartRateBpm>
            <Value>142</Value>
          </HeartRateBpm>
          <SensorState>Absent</SensorState>
        </Trackpoint>
        <Trackpoint>
          <Time>2024-12-06T15:31:26Z</Time>
          <DistanceMeters>603.0</DistanceMeters>
          <HeartRateBpm>
            <Value>140</Value>
          </HeartRateBpm>
          <SensorState>Absent</SensorState>
        </Trackpoint>
        <Trackpoint>
          <Time>2024-12-06T15:31:28Z</Time>
          <DistanceMeters>603.0</DistanceMeters>
          <HeartRateBpm>
            <Value>139</Value>
          </HeartRateBpm>
          <SensorState>Absent</SensorState>
        </Trackpoint>
        <Trackpoint>
          <Time>2024-12-06T15:31:32Z</Time>
          <DistanceMeters>603.0</DistanceMeters>
          <HeartRateBpm>
            <Value>138</Value>
          </HeartRateBpm>
          <SensorState>Absent</SensorState>
        </Trackpoint>
        <Trackpoint>
          <Time>2024-12-06T15:31:34Z</Time>
          <DistanceMeters>603.0</DistanceMeters>
          <HeartRateBpm>
            <Value>140</Value>
          </HeartRateBpm>
          <SensorState>Absent</SensorState>
        </Trackpoint>
        <Trackpoint>
          <Time>2024-12-06T15:31:35Z</Time>
          <DistanceMeters>603.0</DistanceMeters>
          <HeartRateBpm>
            <Value>137</Value>
          </HeartRateBpm>
          <SensorState>Absent</SensorState>
        </Trackpoint>
        <Trackpoint>
          <Time>2024-12-06T15:31:36Z</Time>
          <DistanceMeters>603.0</DistanceMeters>
          <HeartRateBpm>
            <Value>134</Value>
          </HeartRateBpm>
          <SensorState>Absent</SensorState>
        </Trackpoint>
        <Trackpoint>
          <Time>2024-12-06T15:31:36Z</Time>
          <DistanceMeters>603.0</DistanceMeters>
          <HeartRateBpm>
            <Value>134</Value>
          </HeartRateBpm>
          <SensorState>Absent</SensorState>
        </Trackpoint>
        <Trackpoint>
          <Time>2024-12-06T15:31:40Z</Time>
          <DistanceMeters>603.0</DistanceMeters>
          <HeartRateBpm>
            <Value>132</Value>
          </HeartRateBpm>
          <SensorState>Absent</SensorState>
        </Trackpoint>
        <Trackpoint>
          <Time>2024-12-06T15:31:41Z</Time>
          <DistanceMeters>603.0</DistanceMeters>
          <HeartRateBpm>
            <Value>130</Value>
          </HeartRateBpm>
          <SensorState>Absent</SensorState>
        </Trackpoint>
        <Trackpoint>
          <Time>2024-12-06T15:31:44Z</Time>
          <DistanceMeters>603.0</DistanceMeters>
          <HeartRateBpm>
            <Value>131</Value>
          </HeartRateBpm>
          <SensorState>Absent</SensorState>
        </Trackpoint>
        <Trackpoint>
          <Time>2024-12-06T15:31:47Z</Time>
          <DistanceMeters>603.0</DistanceMeters>
          <HeartRateBpm>
            <Value>130</Value>
          </HeartRateBpm>
          <SensorState>Absent</SensorState>
        </Trackpoint>
        <Trackpoint>
          <Time>2024-12-06T15:31:48Z</Time>
          <DistanceMeters>603.0</DistanceMeters>
          <HeartRateBpm>
            <Value>128</Value>
          </HeartRateBpm>
          <SensorState>Absent</SensorState>
        </Trackpoint>
        <Trackpoint>
          <Time>2024-12-06T15:31:48Z</Time>
          <DistanceMeters>603.0</DistanceMeters>
          <HeartRateBpm>
            <Value>128</Value>
          </HeartRateBpm>
          <SensorState>Absent</SensorState>
        </Trackpoint>
        <Trackpoint>
          <Time>2024-12-06T15:31:49Z</Time>
          <DistanceMeters>603.0</DistanceMeters>
          <HeartRateBpm>
            <Value>124</Value>
          </HeartRateBpm>
          <SensorState>Absent</SensorState>
        </Trackpoint>
        <Trackpoint>
          <Time>2024-12-06T15:31:50Z</Time>
          <DistanceMeters>603.0</DistanceMeters>
          <HeartRateBpm>
            <Value>122</Value>
          </HeartRateBpm>
          <SensorState>Absent</SensorState>
        </Trackpoint>
        <Trackpoint>
          <Time>2024-12-06T15:31:50Z</Time>
          <DistanceMeters>603.0</DistanceMeters>
          <HeartRateBpm>
            <Value>122</Value>
          </HeartRateBpm>
          <SensorState>Absent</SensorState>
        </Trackpoint>
        <Trackpoint>
          <Time>2024-12-06T15:31:52Z</Time>
          <DistanceMeters>603.0</DistanceMeters>
          <HeartRateBpm>
            <Value>118</Value>
          </HeartRateBpm>
          <SensorState>Absent</SensorState>
        </Trackpoint>
        <Trackpoint>
          <Time>2024-12-06T15:31:53Z</Time>
          <DistanceMeters>603.0</DistanceMeters>
          <HeartRateBpm>
            <Value>116</Value>
          </HeartRateBpm>
          <SensorState>Absent</SensorState>
        </Trackpoint>
        <Trackpoint>
          <Time>2024-12-06T15:31:53Z</Time>
          <DistanceMeters>603.0</DistanceMeters>
          <HeartRateBpm>
            <Value>116</Value>
          </HeartRateBpm>
          <SensorState>Absent</SensorState>
        </Trackpoint>
        <Trackpoint>
          <Time>2024-12-06T15:31:56Z</Time>
          <DistanceMeters>603.0</DistanceMeters>
          <HeartRateBpm>
            <Value>111</Value>
          </HeartRateBpm>
          <SensorState>Absent</SensorState>
        </Trackpoint>
        <Trackpoint>
          <Time>2024-12-06T15:32:00Z</Time>
          <DistanceMeters>603.0</DistanceMeters>
          <HeartRateBpm>
            <Value>122</Value>
          </HeartRateBpm>
          <SensorState>Absent</SensorState>
        </Trackpoint>
        <Trackpoint>
          <Time>2024-12-06T15:32:01Z</Time>
          <DistanceMeters>603.0</DistanceMeters>
          <HeartRateBpm>
            <Value>111</Value>
          </HeartRateBpm>
          <SensorState>Absent</SensorState>
        </Trackpoint>
        <Trackpoint>
          <Time>2024-12-06T15:32:03Z</Time>
          <DistanceMeters>603.0</DistanceMeters>
          <HeartRateBpm>
            <Value>113</Value>
          </HeartRateBpm>
          <SensorState>Absent</SensorState>
        </Trackpoint>
        <Trackpoint>
          <Time>2024-12-06T15:32:05Z</Time>
          <DistanceMeters>617.0</DistanceMeters>
          <HeartRateBpm>
            <Value>116</Value>
          </HeartRateBpm>
          <SensorState>Absent</SensorState>
        </Trackpoint>
        <Trackpoint>
          <Time>2024-12-06T15:32:06Z</Time>
          <DistanceMeters>617.0</DistanceMeters>
          <HeartRateBpm>
            <Value>117</Value>
          </HeartRateBpm>
          <SensorState>Absent</SensorState>
        </Trackpoint>
        <Trackpoint>
          <Time>2024-12-06T15:32:09Z</Time>
          <DistanceMeters>617.0</DistanceMeters>
          <HeartRateBpm>
            <Value>118</Value>
          </HeartRateBpm>
          <SensorState>Absent</SensorState>
        </Trackpoint>
        <Trackpoint>
          <Time>2024-12-06T15:32:10Z</Time>
          <DistanceMeters>617.0</DistanceMeters>
          <HeartRateBpm>
            <Value>119</Value>
          </HeartRateBpm>
          <SensorState>Absent</SensorState>
        </Trackpoint>
        <Trackpoint>
          <Time>2024-12-06T15:32:11Z</Time>
          <DistanceMeters>617.0</DistanceMeters>
          <HeartRateBpm>
            <Value>118</Value>
          </HeartRateBpm>
          <SensorState>Absent</SensorState>
        </Trackpoint>
        <Trackpoint>
          <Time>2024-12-06T15:32:13Z</Time>
          <DistanceMeters>617.0</DistanceMeters>
          <HeartRateBpm>
            <Value>114</Value>
          </HeartRateBpm>
          <SensorState>Absent</SensorState>
        </Trackpoint>
        <Trackpoint>
          <Time>2024-12-06T15:32:14Z</Time>
          <DistanceMeters>617.0</DistanceMeters>
          <HeartRateBpm>
            <Value>113</Value>
          </HeartRateBpm>
          <SensorState>Absent</SensorState>
        </Trackpoint>
        <Trackpoint>
          <Time>2024-12-06T15:32:15Z</Time>
          <DistanceMeters>617.0</DistanceMeters>
          <HeartRateBpm>
            <Value>112</Value>
          </HeartRateBpm>
          <SensorState>Absent</SensorState>
        </Trackpoint>
        <Trackpoint>
          <Time>2024-12-06T15:32:19Z</Time>
          <DistanceMeters>617.0</DistanceMeters>
          <HeartRateBpm>
            <Value>113</Value>
          </HeartRateBpm>
          <SensorState>Absent</SensorState>
        </Trackpoint>
        <Trackpoint>
          <Time>2024-12-06T15:32:20Z</Time>
          <DistanceMeters>617.0</DistanceMeters>
          <HeartRateBpm>
            <Value>117</Value>
          </HeartRateBpm>
          <SensorState>Absent</SensorState>
        </Trackpoint>
        <Trackpoint>
          <Time>2024-12-06T15:32:22Z</Time>
          <DistanceMeters>617.0</DistanceMeters>
          <HeartRateBpm>
            <Value>120</Value>
          </HeartRateBpm>
          <SensorState>Absent</SensorState>
        </Trackpoint>
        <Trackpoint>
          <Time>2024-12-06T15:32:24Z</Time>
          <DistanceMeters>617.0</DistanceMeters>
          <HeartRateBpm>
            <Value>121</Value>
          </HeartRateBpm>
          <SensorState>Absent</SensorState>
        </Trackpoint>
        <Trackpoint>
          <Time>2024-12-06T15:32:26Z</Time>
          <DistanceMeters>617.0</DistanceMeters>
          <HeartRateBpm>
            <Value>122</Value>
          </HeartRateBpm>
          <SensorState>Absent</SensorState>
        </Trackpoint>
        <Trackpoint>
          <Time>2024-12-06T15:32:26Z</Time>
          <DistanceMeters>617.0</DistanceMeters>
          <HeartRateBpm>
            <Value>122</Value>
          </HeartRateBpm>
          <SensorState>Absent</SensorState>
        </Trackpoint>
        <Trackpoint>
          <Time>2024-12-06T15:32:28Z</Time>
          <DistanceMeters>617.0</DistanceMeters>
          <HeartRateBpm>
            <Value>124</Value>
          </HeartRateBpm>
          <SensorState>Absent</SensorState>
        </Trackpoint>
        <Trackpoint>
          <Time>2024-12-06T15:32:31Z</Time>
          <DistanceMeters>617.0</DistanceMeters>
          <HeartRateBpm>
            <Value>123</Value>
          </HeartRateBpm>
          <SensorState>Absent</SensorState>
        </Trackpoint>
        <Trackpoint>
          <Time>2024-12-06T15:32:32Z</Time>
          <DistanceMeters>617.0</DistanceMeters>
          <HeartRateBpm>
            <Value>121</Value>
          </HeartRateBpm>
          <SensorState>Absent</SensorState>
        </Trackpoint>
        <Trackpoint>
          <Time>2024-12-06T15:32:33Z</Time>
          <DistanceMeters>617.0</DistanceMeters>
          <HeartRateBpm>
            <Value>117</Value>
          </HeartRateBpm>
          <SensorState>Absent</SensorState>
        </Trackpoint>
        <Trackpoint>
          <Time>2024-12-06T15:32:35Z</Time>
          <DistanceMeters>617.0</DistanceMeters>
          <HeartRateBpm>
            <Value>116</Value>
          </HeartRateBpm>
          <SensorState>Absent</SensorState>
        </Trackpoint>
        <Trackpoint>
          <Time>2024-12-06T15:32:35Z</Time>
          <DistanceMeters>617.0</DistanceMeters>
          <HeartRateBpm>
            <Value>116</Value>
          </HeartRateBpm>
          <SensorState>Absent</SensorState>
        </Trackpoint>
        <Trackpoint>
          <Time>2024-12-06T15:32:36Z</Time>
          <DistanceMeters>617.0</DistanceMeters>
          <HeartRateBpm>
            <Value>118</Value>
          </HeartRateBpm>
          <SensorState>Absent</SensorState>
        </Trackpoint>
        <Trackpoint>
          <Time>2024-12-06T15:32:37Z</Time>
          <DistanceMeters>617.0</DistanceMeters>
          <HeartRateBpm>
            <Value>121</Value>
          </HeartRateBpm>
          <SensorState>Absent</SensorState>
        </Trackpoint>
        <Trackpoint>
          <Time>2024-12-06T15:32:39Z</Time>
          <DistanceMeters>617.0</DistanceMeters>
          <HeartRateBpm>
            <Value>122</Value>
          </HeartRateBpm>
          <SensorState>Absent</SensorState>
        </Trackpoint>
        <Trackpoint>
          <Time>2024-12-06T15:32:39Z</Time>
          <DistanceMeters>617.0</DistanceMeters>
          <HeartRateBpm>
            <Value>122</Value>
          </HeartRateBpm>
          <SensorState>Absent</SensorState>
        </Trackpoint>
        <Trackpoint>
          <Time>2024-12-06T15:32:40Z</Time>
          <DistanceMeters>617.0</DistanceMeters>
          <HeartRateBpm>
            <Value>120</Value>
          </HeartRateBpm>
          <SensorState>Absent</SensorState>
        </Trackpoint>
        <Trackpoint>
          <Time>2024-12-06T15:32:44Z</Time>
          <DistanceMeters>617.0</DistanceMeters>
          <HeartRateBpm>
            <Value>123</Value>
          </HeartRateBpm>
          <SensorState>Absent</SensorState>
        </Trackpoint>
        <Trackpoint>
          <Time>2024-12-06T15:32:45Z</Time>
          <DistanceMeters>617.0</DistanceMeters>
          <HeartRateBpm>
            <Value>124</Value>
          </HeartRateBpm>
          <SensorState>Absent</SensorState>
        </Trackpoint>
        <Trackpoint>
          <Time>2024-12-06T15:32:46Z</Time>
          <DistanceMeters>617.0</DistanceMeters>
          <HeartRateBpm>
            <Value>123</Value>
          </HeartRateBpm>
          <SensorState>Absent</SensorState>
        </Trackpoint>
        <Trackpoint>
          <Time>2024-12-06T15:32:48Z</Time>
          <DistanceMeters>617.0</DistanceMeters>
          <HeartRateBpm>
            <Value>119</Value>
          </HeartRateBpm>
          <SensorState>Absent</SensorState>
        </Trackpoint>
        <Trackpoint>
          <Time>2024-12-06T15:32:49Z</Time>
          <DistanceMeters>617.0</DistanceMeters>
          <HeartRateBpm>
            <Value>120</Value>
          </HeartRateBpm>
          <SensorState>Absent</SensorState>
        </Trackpoint>
        <Trackpoint>
          <Time>2024-12-06T15:32:50Z</Time>
          <DistanceMeters>617.0</DistanceMeters>
          <HeartRateBpm>
            <Value>121</Value>
          </HeartRateBpm>
          <SensorState>Absent</SensorState>
        </Trackpoint>
        <Trackpoint>
          <Time>2024-12-06T15:32:54Z</Time>
          <DistanceMeters>617.0</DistanceMeters>
          <HeartRateBpm>
            <Value>122</Value>
          </HeartRateBpm>
          <SensorState>Absent</SensorState>
        </Trackpoint>
        <Trackpoint>
          <Time>2024-12-06T15:32:55Z</Time>
          <DistanceMeters>617.0</DistanceMeters>
          <HeartRateBpm>
            <Value>126</Value>
          </HeartRateBpm>
          <SensorState>Absent</SensorState>
        </Trackpoint>
        <Trackpoint>
          <Time>2024-12-06T15:32:57Z</Time>
          <DistanceMeters>617.0</DistanceMeters>
          <HeartRateBpm>
            <Value>131</Value>
          </HeartRateBpm>
          <SensorState>Absent</SensorState>
        </Trackpoint>
        <Trackpoint>
          <Time>2024-12-06T15:32:57Z</Time>
          <DistanceMeters>617.0</DistanceMeters>
          <HeartRateBpm>
            <Value>131</Value>
          </HeartRateBpm>
          <SensorState>Absent</SensorState>
        </Trackpoint>
        <Trackpoint>
          <Time>2024-12-06T15:32:58Z</Time>
          <DistanceMeters>617.0</DistanceMeters>
          <HeartRateBpm>
            <Value>130</Value>
          </HeartRateBpm>
          <SensorState>Absent</SensorState>
        </Trackpoint>
        <Trackpoint>
          <Time>2024-12-06T15:33:00Z</Time>
          <DistanceMeters>617.0</DistanceMeters>
          <HeartRateBpm>
            <Value>132</Value>
          </HeartRateBpm>
          <SensorState>Absent</SensorState>
        </Trackpoint>
        <Trackpoint>
          <Time>2024-12-06T15:33:01Z</Time>
          <DistanceMeters>617.0</DistanceMeters>
          <HeartRateBpm>
            <Value>128</Value>
          </HeartRateBpm>
          <SensorState>Absent</SensorState>
        </Trackpoint>
        <Trackpoint>
          <Time>2024-12-06T15:33:02Z</Time>
          <DistanceMeters>617.0</DistanceMeters>
          <HeartRateBpm>
            <Value>126</Value>
          </HeartRateBpm>
          <SensorState>Absent</SensorState>
        </Trackpoint>
        <Trackpoint>
          <Time>2024-12-06T15:33:07Z</Time>
          <DistanceMeters>632.0</DistanceMeters>
          <HeartRateBpm>
            <Value>127</Value>
          </HeartRateBpm>
          <SensorState>Absent</SensorState>
        </Trackpoint>
        <Trackpoint>
          <Time>2024-12-06T15:33:07Z</Time>
          <DistanceMeters>632.0</DistanceMeters>
          <HeartRateBpm>
            <Value>125</Value>
          </HeartRateBpm>
          <SensorState>Absent</SensorState>
        </Trackpoint>
        <Trackpoint>
          <Time>2024-12-06T15:33:08Z</Time>
          <DistanceMeters>632.0</DistanceMeters>
          <HeartRateBpm>
            <Value>125</Value>
          </HeartRateBpm>
          <SensorState>Absent</SensorState>
        </Trackpoint>
        <Trackpoint>
          <Time>2024-12-06T15:33:09Z</Time>
          <DistanceMeters>632.0</DistanceMeters>
          <HeartRateBpm>
            <Value>126</Value>
          </HeartRateBpm>
          <SensorState>Absent</SensorState>
        </Trackpoint>
        <Trackpoint>
          <Time>2024-12-06T15:33:11Z</Time>
          <DistanceMeters>632.0</DistanceMeters>
          <HeartRateBpm>
            <Value>129</Value>
          </HeartRateBpm>
          <SensorState>Absent</SensorState>
        </Trackpoint>
        <Trackpoint>
          <Time>2024-12-06T15:33:13Z</Time>
          <DistanceMeters>632.0</DistanceMeters>
          <HeartRateBpm>
            <Value>128</Value>
          </HeartRateBpm>
          <SensorState>Absent</SensorState>
        </Trackpoint>
        <Trackpoint>
          <Time>2024-12-06T15:33:15Z</Time>
          <DistanceMeters>632.0</DistanceMeters>
          <HeartRateBpm>
            <Value>129</Value>
          </HeartRateBpm>
          <SensorState>Absent</SensorState>
        </Trackpoint>
        <Trackpoint>
          <Time>2024-12-06T15:33:16Z</Time>
          <DistanceMeters>632.0</DistanceMeters>
          <HeartRateBpm>
            <Value>130</Value>
          </HeartRateBpm>
          <SensorState>Absent</SensorState>
        </Trackpoint>
        <Trackpoint>
          <Time>2024-12-06T15:33:16Z</Time>
          <DistanceMeters>632.0</DistanceMeters>
          <HeartRateBpm>
            <Value>132</Value>
          </HeartRateBpm>
          <SensorState>Absent</SensorState>
        </Trackpoint>
        <Trackpoint>
          <Time>2024-12-06T15:33:17Z</Time>
          <DistanceMeters>632.0</DistanceMeters>
          <HeartRateBpm>
            <Value>132</Value>
          </HeartRateBpm>
          <SensorState>Absent</SensorState>
        </Trackpoint>
        <Trackpoint>
          <Time>2024-12-06T15:33:19Z</Time>
          <DistanceMeters>632.0</DistanceMeters>
          <HeartRateBpm>
            <Value>135</Value>
          </HeartRateBpm>
          <SensorState>Absent</SensorState>
        </Trackpoint>
        <Trackpoint>
          <Time>2024-12-06T15:33:19Z</Time>
          <DistanceMeters>632.0</DistanceMeters>
          <HeartRateBpm>
            <Value>140</Value>
          </HeartRateBpm>
          <SensorState>Absent</SensorState>
        </Trackpoint>
        <Trackpoint>
          <Time>2024-12-06T15:33:20Z</Time>
          <DistanceMeters>632.0</DistanceMeters>
          <HeartRateBpm>
            <Value>140</Value>
          </HeartRateBpm>
          <SensorState>Absent</SensorState>
        </Trackpoint>
        <Trackpoint>
          <Time>2024-12-06T15:33:22Z</Time>
          <DistanceMeters>632.0</DistanceMeters>
          <HeartRateBpm>
            <Value>139</Value>
          </HeartRateBpm>
          <SensorState>Absent</SensorState>
        </Trackpoint>
        <Trackpoint>
          <Time>2024-12-06T15:33:28Z</Time>
          <DistanceMeters>632.0</DistanceMeters>
          <HeartRateBpm>
            <Value>136</Value>
          </HeartRateBpm>
          <SensorState>Absent</SensorState>
        </Trackpoint>
        <Trackpoint>
          <Time>2024-12-06T15:33:28Z</Time>
          <DistanceMeters>632.0</DistanceMeters>
          <HeartRateBpm>
            <Value>132</Value>
          </HeartRateBpm>
          <SensorState>Absent</SensorState>
        </Trackpoint>
        <Trackpoint>
          <Time>2024-12-06T15:33:29Z</Time>
          <DistanceMeters>632.0</DistanceMeters>
          <HeartRateBpm>
            <Value>132</Value>
          </HeartRateBpm>
          <SensorState>Absent</SensorState>
        </Trackpoint>
        <Trackpoint>
          <Time>2024-12-06T15:33:32Z</Time>
          <DistanceMeters>632.0</DistanceMeters>
          <HeartRateBpm>
            <Value>133</Value>
          </HeartRateBpm>
          <SensorState>Absent</SensorState>
        </Trackpoint>
        <Trackpoint>
          <Time>2024-12-06T15:33:32Z</Time>
          <DistanceMeters>632.0</DistanceMeters>
          <HeartRateBpm>
            <Value>139</Value>
          </HeartRateBpm>
          <SensorState>Absent</SensorState>
        </Trackpoint>
        <Trackpoint>
          <Time>2024-12-06T15:33:33Z</Time>
          <DistanceMeters>632.0</DistanceMeters>
          <HeartRateBpm>
            <Value>139</Value>
          </HeartRateBpm>
          <SensorState>Absent</SensorState>
        </Trackpoint>
        <Trackpoint>
          <Time>2024-12-06T15:33:34Z</Time>
          <DistanceMeters>632.0</DistanceMeters>
          <HeartRateBpm>
            <Value>140</Value>
          </HeartRateBpm>
          <SensorState>Absent</SensorState>
        </Trackpoint>
        <Trackpoint>
          <Time>2024-12-06T15:33:35Z</Time>
          <DistanceMeters>632.0</DistanceMeters>
          <HeartRateBpm>
            <Value>141</Value>
          </HeartRateBpm>
          <SensorState>Absent</SensorState>
        </Trackpoint>
        <Trackpoint>
          <Time>2024-12-06T15:33:37Z</Time>
          <DistanceMeters>632.0</DistanceMeters>
          <HeartRateBpm>
            <Value>143</Value>
          </HeartRateBpm>
          <SensorState>Absent</SensorState>
        </Trackpoint>
        <Trackpoint>
          <Time>2024-12-06T15:33:42Z</Time>
          <DistanceMeters>632.0</DistanceMeters>
          <HeartRateBpm>
            <Value>143</Value>
          </HeartRateBpm>
          <SensorState>Absent</SensorState>
        </Trackpoint>
        <Trackpoint>
          <Time>2024-12-06T15:33:43Z</Time>
          <DistanceMeters>632.0</DistanceMeters>
          <HeartRateBpm>
            <Value>142</Value>
          </HeartRateBpm>
          <SensorState>Absent</SensorState>
        </Trackpoint>
        <Trackpoint>
          <Time>2024-12-06T15:33:45Z</Time>
          <DistanceMeters>632.0</DistanceMeters>
          <HeartRateBpm>
            <Value>141</Value>
          </HeartRateBpm>
          <SensorState>Absent</SensorState>
        </Trackpoint>
        <Trackpoint>
          <Time>2024-12-06T15:33:46Z</Time>
          <DistanceMeters>632.0</DistanceMeters>
          <HeartRateBpm>
            <Value>139</Value>
          </HeartRateBpm>
          <SensorState>Absent</SensorState>
        </Trackpoint>
        <Trackpoint>
          <Time>2024-12-06T15:33:48Z</Time>
          <DistanceMeters>632.0</DistanceMeters>
          <HeartRateBpm>
            <Value>140</Value>
          </HeartRateBpm>
          <SensorState>Absent</SensorState>
        </Trackpoint>
        <Trackpoint>
          <Time>2024-12-06T15:33:49Z</Time>
          <DistanceMeters>632.0</DistanceMeters>
          <HeartRateBpm>
            <Value>139</Value>
          </HeartRateBpm>
          <SensorState>Absent</SensorState>
        </Trackpoint>
        <Trackpoint>
          <Time>2024-12-06T15:33:52Z</Time>
          <DistanceMeters>632.0</DistanceMeters>
          <HeartRateBpm>
            <Value>140</Value>
          </HeartRateBpm>
          <SensorState>Absent</SensorState>
        </Trackpoint>
        <Trackpoint>
          <Time>2024-12-06T15:33:53Z</Time>
          <DistanceMeters>632.0</DistanceMeters>
          <HeartRateBpm>
            <Value>141</Value>
          </HeartRateBpm>
          <SensorState>Absent</SensorState>
        </Trackpoint>
        <Trackpoint>
          <Time>2024-12-06T15:33:54Z</Time>
          <DistanceMeters>632.0</DistanceMeters>
          <HeartRateBpm>
            <Value>139</Value>
          </HeartRateBpm>
          <SensorState>Absent</SensorState>
        </Trackpoint>
        <Trackpoint>
          <Time>2024-12-06T15:33:56Z</Time>
          <DistanceMeters>632.0</DistanceMeters>
          <HeartRateBpm>
            <Value>138</Value>
          </HeartRateBpm>
          <SensorState>Absent</SensorState>
        </Trackpoint>
        <Trackpoint>
          <Time>2024-12-06T15:33:58Z</Time>
          <DistanceMeters>632.0</DistanceMeters>
          <HeartRateBpm>
            <Value>137</Value>
          </HeartRateBpm>
          <SensorState>Absent</SensorState>
        </Trackpoint>
        <Trackpoint>
          <Time>2024-12-06T15:34:00Z</Time>
          <DistanceMeters>632.0</DistanceMeters>
          <HeartRateBpm>
            <Value>137</Value>
          </HeartRateBpm>
          <SensorState>Absent</SensorState>
        </Trackpoint>
        <Trackpoint>
          <Time>2024-12-06T15:34:03Z</Time>
          <DistanceMeters>632.0</DistanceMeters>
          <HeartRateBpm>
            <Value>137</Value>
          </HeartRateBpm>
          <SensorState>Absent</SensorState>
        </Trackpoint>
        <Trackpoint>
          <Time>2024-12-06T15:34:04Z</Time>
          <DistanceMeters>632.0</DistanceMeters>
          <HeartRateBpm>
            <Value>133</Value>
          </HeartRateBpm>
          <SensorState>Absent</SensorState>
        </Trackpoint>
        <Trackpoint>
          <Time>2024-12-06T15:34:05Z</Time>
          <DistanceMeters>646.0</DistanceMeters>
          <HeartRateBpm>
            <Value>133</Value>
          </HeartRateBpm>
          <SensorState>Absent</SensorState>
        </Trackpoint>
        <Trackpoint>
          <Time>2024-12-06T15:34:10Z</Time>
          <DistanceMeters>646.0</DistanceMeters>
          <HeartRateBpm>
            <Value>133</Value>
          </HeartRateBpm>
          <SensorState>Absent</SensorState>
        </Trackpoint>
        <Trackpoint>
          <Time>2024-12-06T15:34:11Z</Time>
          <DistanceMeters>646.0</DistanceMeters>
          <HeartRateBpm>
            <Value>130</Value>
          </HeartRateBpm>
          <SensorState>Absent</SensorState>
        </Trackpoint>
        <Trackpoint>
          <Time>2024-12-06T15:34:12Z</Time>
          <DistanceMeters>646.0</DistanceMeters>
          <HeartRateBpm>
            <Value>129</Value>
          </HeartRateBpm>
          <SensorState>Absent</SensorState>
        </Trackpoint>
        <Trackpoint>
          <Time>2024-12-06T15:34:14Z</Time>
          <DistanceMeters>646.0</DistanceMeters>
          <HeartRateBpm>
            <Value>128</Value>
          </HeartRateBpm>
          <SensorState>Absent</SensorState>
        </Trackpoint>
        <Trackpoint>
          <Time>2024-12-06T15:34:15Z</Time>
          <DistanceMeters>646.0</DistanceMeters>
          <HeartRateBpm>
            <Value>129</Value>
          </HeartRateBpm>
          <SensorState>Absent</SensorState>
        </Trackpoint>
        <Trackpoint>
          <Time>2024-12-06T15:34:16Z</Time>
          <DistanceMeters>646.0</DistanceMeters>
          <HeartRateBpm>
            <Value>131</Value>
          </HeartRateBpm>
          <SensorState>Absent</SensorState>
        </Trackpoint>
        <Trackpoint>
          <Time>2024-12-06T15:34:18Z</Time>
          <DistanceMeters>646.0</DistanceMeters>
          <HeartRateBpm>
            <Value>132</Value>
          </HeartRateBpm>
          <SensorState>Absent</SensorState>
        </Trackpoint>
        <Trackpoint>
          <Time>2024-12-06T15:34:20Z</Time>
          <DistanceMeters>646.0</DistanceMeters>
          <HeartRateBpm>
            <Value>134</Value>
          </HeartRateBpm>
          <SensorState>Absent</SensorState>
        </Trackpoint>
        <Trackpoint>
          <Time>2024-12-06T15:34:24Z</Time>
          <DistanceMeters>646.0</DistanceMeters>
          <HeartRateBpm>
            <Value>138</Value>
          </HeartRateBpm>
          <SensorState>Absent</SensorState>
        </Trackpoint>
        <Trackpoint>
          <Time>2024-12-06T15:34:26Z</Time>
          <DistanceMeters>646.0</DistanceMeters>
          <HeartRateBpm>
            <Value>140</Value>
          </HeartRateBpm>
          <SensorState>Absent</SensorState>
        </Trackpoint>
        <Trackpoint>
          <Time>2024-12-06T15:34:27Z</Time>
          <DistanceMeters>646.0</DistanceMeters>
          <HeartRateBpm>
            <Value>140</Value>
          </HeartRateBpm>
          <SensorState>Absent</SensorState>
        </Trackpoint>
        <Trackpoint>
          <Time>2024-12-06T15:34:29Z</Time>
          <DistanceMeters>646.0</DistanceMeters>
          <HeartRateBpm>
            <Value>139</Value>
          </HeartRateBpm>
          <SensorState>Absent</SensorState>
        </Trackpoint>
        <Trackpoint>
          <Time>2024-12-06T15:34:31Z</Time>
          <DistanceMeters>646.0</DistanceMeters>
          <HeartRateBpm>
            <Value>140</Value>
          </HeartRateBpm>
          <SensorState>Absent</SensorState>
        </Trackpoint>
        <Trackpoint>
          <Time>2024-12-06T15:34:33Z</Time>
          <DistanceMeters>646.0</DistanceMeters>
          <HeartRateBpm>
            <Value>143</Value>
          </HeartRateBpm>
          <SensorState>Absent</SensorState>
        </Trackpoint>
        <Trackpoint>
          <Time>2024-12-06T15:34:36Z</Time>
          <DistanceMeters>646.0</DistanceMeters>
          <HeartRateBpm>
            <Value>145</Value>
          </HeartRateBpm>
          <SensorState>Absent</SensorState>
        </Trackpoint>
        <Trackpoint>
          <Time>2024-12-06T15:34:36Z</Time>
          <DistanceMeters>646.0</DistanceMeters>
          <HeartRateBpm>
            <Value>146</Value>
          </HeartRateBpm>
          <SensorState>Absent</SensorState>
        </Trackpoint>
        <Trackpoint>
          <Time>2024-12-06T15:34:37Z</Time>
          <DistanceMeters>646.0</DistanceMeters>
          <HeartRateBpm>
            <Value>146</Value>
          </HeartRateBpm>
          <SensorState>Absent</SensorState>
        </Trackpoint>
        <Trackpoint>
          <Time>2024-12-06T15:34:38Z</Time>
          <DistanceMeters>646.0</DistanceMeters>
          <HeartRateBpm>
            <Value>147</Value>
          </HeartRateBpm>
          <SensorState>Absent</SensorState>
        </Trackpoint>
        <Trackpoint>
          <Time>2024-12-06T15:34:40Z</Time>
          <DistanceMeters>646.0</DistanceMeters>
          <HeartRateBpm>
            <Value>146</Value>
          </HeartRateBpm>
          <SensorState>Absent</SensorState>
        </Trackpoint>
        <Trackpoint>
          <Time>2024-12-06T15:34:41Z</Time>
          <DistanceMeters>646.0</DistanceMeters>
          <HeartRateBpm>
            <Value>145</Value>
          </HeartRateBpm>
          <SensorState>Absent</SensorState>
        </Trackpoint>
        <Trackpoint>
          <Time>2024-12-06T15:34:44Z</Time>
          <DistanceMeters>646.0</DistanceMeters>
          <HeartRateBpm>
            <Value>146</Value>
          </HeartRateBpm>
          <SensorState>Absent</SensorState>
        </Trackpoint>
        <Trackpoint>
          <Time>2024-12-06T15:34:45Z</Time>
          <DistanceMeters>646.0</DistanceMeters>
          <HeartRateBpm>
            <Value>147</Value>
          </HeartRateBpm>
          <SensorState>Absent</SensorState>
        </Trackpoint>
        <Trackpoint>
          <Time>2024-12-06T15:34:50Z</Time>
          <DistanceMeters>646.0</DistanceMeters>
          <HeartRateBpm>
            <Value>146</Value>
          </HeartRateBpm>
          <SensorState>Absent</SensorState>
        </Trackpoint>
        <Trackpoint>
          <Time>2024-12-06T15:34:53Z</Time>
          <DistanceMeters>646.0</DistanceMeters>
          <HeartRateBpm>
            <Value>145</Value>
          </HeartRateBpm>
          <SensorState>Absent</SensorState>
        </Trackpoint>
        <Trackpoint>
          <Time>2024-12-06T15:34:55Z</Time>
          <DistanceMeters>646.0</DistanceMeters>
          <HeartRateBpm>
            <Value>143</Value>
          </HeartRateBpm>
          <SensorState>Absent</SensorState>
        </Trackpoint>
        <Trackpoint>
          <Time>2024-12-06T15:34:57Z</Time>
          <DistanceMeters>646.0</DistanceMeters>
          <HeartRateBpm>
            <Value>144</Value>
          </HeartRateBpm>
          <SensorState>Absent</SensorState>
        </Trackpoint>
        <Trackpoint>
          <Time>2024-12-06T15:34:59Z</Time>
          <DistanceMeters>646.0</DistanceMeters>
          <HeartRateBpm>
            <Value>145</Value>
          </HeartRateBpm>
          <SensorState>Absent</SensorState>
        </Trackpoint>
        <Trackpoint>
          <Time>2024-12-06T15:35:00Z</Time>
          <DistanceMeters>646.0</DistanceMeters>
          <HeartRateBpm>
            <Value>150</Value>
          </HeartRateBpm>
          <SensorState>Absent</SensorState>
        </Trackpoint>
        <Trackpoint>
          <Time>2024-12-06T15:35:01Z</Time>
          <DistanceMeters>646.0</DistanceMeters>
          <HeartRateBpm>
            <Value>148</Value>
          </HeartRateBpm>
          <SensorState>Absent</SensorState>
        </Trackpoint>
        <Trackpoint>
          <Time>2024-12-06T15:35:05Z</Time>
          <DistanceMeters>660.0</DistanceMeters>
          <HeartRateBpm>
            <Value>150</Value>
          </HeartRateBpm>
          <SensorState>Absent</SensorState>
        </Trackpoint>
        <Trackpoint>
          <Time>2024-12-06T15:35:06Z</Time>
          <DistanceMeters>660.0</DistanceMeters>
          <HeartRateBpm>
            <Value>149</Value>
          </HeartRateBpm>
          <SensorState>Absent</SensorState>
        </Trackpoint>
        <Trackpoint>
          <Time>2024-12-06T15:35:10Z</Time>
          <DistanceMeters>660.0</DistanceMeters>
          <HeartRateBpm>
            <Value>150</Value>
          </HeartRateBpm>
          <SensorState>Absent</SensorState>
        </Trackpoint>
        <Trackpoint>
          <Time>2024-12-06T15:35:11Z</Time>
          <DistanceMeters>660.0</DistanceMeters>
          <HeartRateBpm>
            <Value>152</Value>
          </HeartRateBpm>
          <SensorState>Absent</SensorState>
        </Trackpoint>
        <Trackpoint>
          <Time>2024-12-06T15:35:11Z</Time>
          <DistanceMeters>660.0</DistanceMeters>
          <HeartRateBpm>
            <Value>152</Value>
          </HeartRateBpm>
          <SensorState>Absent</SensorState>
        </Trackpoint>
        <Trackpoint>
          <Time>2024-12-06T15:35:13Z</Time>
          <DistanceMeters>660.0</DistanceMeters>
          <HeartRateBpm>
            <Value>153</Value>
          </HeartRateBpm>
          <SensorState>Absent</SensorState>
        </Trackpoint>
        <Trackpoint>
          <Time>2024-12-06T15:35:14Z</Time>
          <DistanceMeters>660.0</DistanceMeters>
          <HeartRateBpm>
            <Value>151</Value>
          </HeartRateBpm>
          <SensorState>Absent</SensorState>
        </Trackpoint>
        <Trackpoint>
          <Time>2024-12-06T15:35:15Z</Time>
          <DistanceMeters>660.0</DistanceMeters>
          <HeartRateBpm>
            <Value>152</Value>
          </HeartRateBpm>
          <SensorState>Absent</SensorState>
        </Trackpoint>
        <Trackpoint>
          <Time>2024-12-06T15:35:16Z</Time>
          <DistanceMeters>660.0</DistanceMeters>
          <HeartRateBpm>
            <Value>156</Value>
          </HeartRateBpm>
          <SensorState>Absent</SensorState>
        </Trackpoint>
        <Trackpoint>
          <Time>2024-12-06T15:35:19Z</Time>
          <DistanceMeters>660.0</DistanceMeters>
          <HeartRateBpm>
            <Value>158</Value>
          </HeartRateBpm>
          <SensorState>Absent</SensorState>
        </Trackpoint>
        <Trackpoint>
          <Time>2024-12-06T15:35:23Z</Time>
          <DistanceMeters>660.0</DistanceMeters>
          <HeartRateBpm>
            <Value>162</Value>
          </HeartRateBpm>
          <SensorState>Absent</SensorState>
        </Trackpoint>
        <Trackpoint>
          <Time>2024-12-06T15:35:23Z</Time>
          <DistanceMeters>660.0</DistanceMeters>
          <HeartRateBpm>
            <Value>162</Value>
          </HeartRateBpm>
          <SensorState>Absent</SensorState>
        </Trackpoint>
        <Trackpoint>
          <Time>2024-12-06T15:35:24Z</Time>
          <DistanceMeters>660.0</DistanceMeters>
          <HeartRateBpm>
            <Value>165</Value>
          </HeartRateBpm>
          <SensorState>Absent</SensorState>
        </Trackpoint>
        <Trackpoint>
          <Time>2024-12-06T15:35:26Z</Time>
          <DistanceMeters>660.0</DistanceMeters>
          <HeartRateBpm>
            <Value>166</Value>
          </HeartRateBpm>
          <SensorState>Absent</SensorState>
        </Trackpoint>
        <Trackpoint>
          <Time>2024-12-06T15:35:29Z</Time>
          <DistanceMeters>660.0</DistanceMeters>
          <HeartRateBpm>
            <Value>165</Value>
          </HeartRateBpm>
          <SensorState>Absent</SensorState>
        </Trackpoint>
        <Trackpoint>
          <Time>2024-12-06T15:35:35Z</Time>
          <DistanceMeters>660.0</DistanceMeters>
          <HeartRateBpm>
            <Value>164</Value>
          </HeartRateBpm>
          <SensorState>Absent</SensorState>
        </Trackpoint>
        <Trackpoint>
          <Time>2024-12-06T15:35:36Z</Time>
          <DistanceMeters>660.0</DistanceMeters>
          <HeartRateBpm>
            <Value>162</Value>
          </HeartRateBpm>
          <SensorState>Absent</SensorState>
        </Trackpoint>
        <Trackpoint>
          <Time>2024-12-06T15:35:37Z</Time>
          <DistanceMeters>660.0</DistanceMeters>
          <HeartRateBpm>
            <Value>159</Value>
          </HeartRateBpm>
          <SensorState>Absent</SensorState>
        </Trackpoint>
        <Trackpoint>
          <Time>2024-12-06T15:35:39Z</Time>
          <DistanceMeters>660.0</DistanceMeters>
          <HeartRateBpm>
            <Value>156</Value>
          </HeartRateBpm>
          <SensorState>Absent</SensorState>
        </Trackpoint>
        <Trackpoint>
          <Time>2024-12-06T15:35:39Z</Time>
          <DistanceMeters>660.0</DistanceMeters>
          <HeartRateBpm>
            <Value>156</Value>
          </HeartRateBpm>
          <SensorState>Absent</SensorState>
        </Trackpoint>
        <Trackpoint>
          <Time>2024-12-06T15:35:40Z</Time>
          <DistanceMeters>660.0</DistanceMeters>
          <HeartRateBpm>
            <Value>154</Value>
          </HeartRateBpm>
          <SensorState>Absent</SensorState>
        </Trackpoint>
        <Trackpoint>
          <Time>2024-12-06T15:35:41Z</Time>
          <DistanceMeters>660.0</DistanceMeters>
          <HeartRateBpm>
            <Value>152</Value>
          </HeartRateBpm>
          <SensorState>Absent</SensorState>
        </Trackpoint>
        <Trackpoint>
          <Time>2024-12-06T15:35:42Z</Time>
          <DistanceMeters>660.0</DistanceMeters>
          <HeartRateBpm>
            <Value>154</Value>
          </HeartRateBpm>
          <SensorState>Absent</SensorState>
        </Trackpoint>
        <Trackpoint>
          <Time>2024-12-06T15:35:45Z</Time>
          <DistanceMeters>660.0</DistanceMeters>
          <HeartRateBpm>
            <Value>150</Value>
          </HeartRateBpm>
          <SensorState>Absent</SensorState>
        </Trackpoint>
        <Trackpoint>
          <Time>2024-12-06T15:35:45Z</Time>
          <DistanceMeters>660.0</DistanceMeters>
          <HeartRateBpm>
            <Value>150</Value>
          </HeartRateBpm>
          <SensorState>Absent</SensorState>
        </Trackpoint>
        <Trackpoint>
          <Time>2024-12-06T15:35:49Z</Time>
          <DistanceMeters>660.0</DistanceMeters>
          <HeartRateBpm>
            <Value>152</Value>
          </HeartRateBpm>
          <SensorState>Absent</SensorState>
        </Trackpoint>
        <Trackpoint>
          <Time>2024-12-06T15:35:50Z</Time>
          <DistanceMeters>660.0</DistanceMeters>
          <HeartRateBpm>
            <Value>155</Value>
          </HeartRateBpm>
          <SensorState>Absent</SensorState>
        </Trackpoint>
        <Trackpoint>
          <Time>2024-12-06T15:35:52Z</Time>
          <DistanceMeters>660.0</DistanceMeters>
          <HeartRateBpm>
            <Value>153</Value>
          </HeartRateBpm>
          <SensorState>Absent</SensorState>
        </Trackpoint>
        <Trackpoint>
          <Time>2024-12-06T15:35:55Z</Time>
          <DistanceMeters>660.0</DistanceMeters>
          <HeartRateBpm>
            <Value>152</Value>
          </HeartRateBpm>
          <SensorState>Absent</SensorState>
        </Trackpoint>
        <Trackpoint>
          <Time>2024-12-06T15:35:57Z</Time>
          <DistanceMeters>660.0</DistanceMeters>
          <HeartRateBpm>
            <Value>151</Value>
          </HeartRateBpm>
          <SensorState>Absent</SensorState>
        </Trackpoint>
        <Trackpoint>
          <Time>2024-12-06T15:35:58Z</Time>
          <DistanceMeters>660.0</DistanceMeters>
          <HeartRateBpm>
            <Value>149</Value>
          </HeartRateBpm>
          <SensorState>Absent</SensorState>
        </Trackpoint>
        <Trackpoint>
          <Time>2024-12-06T15:35:59Z</Time>
          <DistanceMeters>660.0</DistanceMeters>
          <HeartRateBpm>
            <Value>147</Value>
          </HeartRateBpm>
          <SensorState>Absent</SensorState>
        </Trackpoint>
        <Trackpoint>
          <Time>2024-12-06T15:36:00Z</Time>
          <DistanceMeters>660.0</DistanceMeters>
          <HeartRateBpm>
            <Value>152</Value>
          </HeartRateBpm>
          <SensorState>Absent</SensorState>
        </Trackpoint>
        <Trackpoint>
          <Time>2024-12-06T15:36:01Z</Time>
          <DistanceMeters>660.0</DistanceMeters>
          <HeartRateBpm>
            <Value>148</Value>
          </HeartRateBpm>
          <SensorState>Absent</SensorState>
        </Trackpoint>
        <Trackpoint>
          <Time>2024-12-06T15:36:02Z</Time>
          <DistanceMeters>660.0</DistanceMeters>
          <HeartRateBpm>
            <Value>147</Value>
          </HeartRateBpm>
          <SensorState>Absent</SensorState>
        </Trackpoint>
        <Trackpoint>
          <Time>2024-12-06T15:36:03Z</Time>
          <DistanceMeters>660.0</DistanceMeters>
          <HeartRateBpm>
            <Value>149</Value>
          </HeartRateBpm>
          <SensorState>Absent</SensorState>
        </Trackpoint>
        <Trackpoint>
          <Time>2024-12-06T15:36:05Z</Time>
          <DistanceMeters>674.0</DistanceMeters>
          <HeartRateBpm>
            <Value>150</Value>
          </HeartRateBpm>
          <SensorState>Absent</SensorState>
        </Trackpoint>
        <Trackpoint>
          <Time>2024-12-06T15:36:06Z</Time>
          <DistanceMeters>674.0</DistanceMeters>
          <HeartRateBpm>
            <Value>151</Value>
          </HeartRateBpm>
          <SensorState>Absent</SensorState>
        </Trackpoint>
        <Trackpoint>
          <Time>2024-12-06T15:36:07Z</Time>
          <DistanceMeters>674.0</DistanceMeters>
          <HeartRateBpm>
            <Value>149</Value>
          </HeartRateBpm>
          <SensorState>Absent</SensorState>
        </Trackpoint>
        <Trackpoint>
          <Time>2024-12-06T15:36:08Z</Time>
          <DistanceMeters>674.0</DistanceMeters>
          <HeartRateBpm>
            <Value>148</Value>
          </HeartRateBpm>
          <SensorState>Absent</SensorState>
        </Trackpoint>
        <Trackpoint>
          <Time>2024-12-06T15:36:10Z</Time>
          <DistanceMeters>674.0</DistanceMeters>
          <HeartRateBpm>
            <Value>151</Value>
          </HeartRateBpm>
          <SensorState>Absent</SensorState>
        </Trackpoint>
        <Trackpoint>
          <Time>2024-12-06T15:36:11Z</Time>
          <DistanceMeters>674.0</DistanceMeters>
          <HeartRateBpm>
            <Value>152</Value>
          </HeartRateBpm>
          <SensorState>Absent</SensorState>
        </Trackpoint>
        <Trackpoint>
          <Time>2024-12-06T15:36:14Z</Time>
          <DistanceMeters>674.0</DistanceMeters>
          <HeartRateBpm>
            <Value>151</Value>
          </HeartRateBpm>
          <SensorState>Absent</SensorState>
        </Trackpoint>
        <Trackpoint>
          <Time>2024-12-06T15:36:16Z</Time>
          <DistanceMeters>674.0</DistanceMeters>
          <HeartRateBpm>
            <Value>154</Value>
          </HeartRateBpm>
          <SensorState>Absent</SensorState>
        </Trackpoint>
        <Trackpoint>
          <Time>2024-12-06T15:36:19Z</Time>
          <DistanceMeters>674.0</DistanceMeters>
          <HeartRateBpm>
            <Value>155</Value>
          </HeartRateBpm>
          <SensorState>Absent</SensorState>
        </Trackpoint>
        <Trackpoint>
          <Time>2024-12-06T15:36:20Z</Time>
          <DistanceMeters>674.0</DistanceMeters>
          <HeartRateBpm>
            <Value>159</Value>
          </HeartRateBpm>
          <SensorState>Absent</SensorState>
        </Trackpoint>
        <Trackpoint>
          <Time>2024-12-06T15:36:20Z</Time>
          <DistanceMeters>674.0</DistanceMeters>
          <HeartRateBpm>
            <Value>159</Value>
          </HeartRateBpm>
          <SensorState>Absent</SensorState>
        </Trackpoint>
        <Trackpoint>
          <Time>2024-12-06T15:36:23Z</Time>
          <DistanceMeters>674.0</DistanceMeters>
          <HeartRateBpm>
            <Value>158</Value>
          </HeartRateBpm>
          <SensorState>Absent</SensorState>
        </Trackpoint>
        <Trackpoint>
          <Time>2024-12-06T15:36:25Z</Time>
          <DistanceMeters>674.0</DistanceMeters>
          <HeartRateBpm>
            <Value>154</Value>
          </HeartRateBpm>
          <SensorState>Absent</SensorState>
        </Trackpoint>
        <Trackpoint>
          <Time>2024-12-06T15:36:31Z</Time>
          <DistanceMeters>674.0</DistanceMeters>
          <HeartRateBpm>
            <Value>155</Value>
          </HeartRateBpm>
          <SensorState>Absent</SensorState>
        </Trackpoint>
        <Trackpoint>
          <Time>2024-12-06T15:36:33Z</Time>
          <DistanceMeters>674.0</DistanceMeters>
          <HeartRateBpm>
            <Value>157</Value>
          </HeartRateBpm>
          <SensorState>Absent</SensorState>
        </Trackpoint>
        <Trackpoint>
          <Time>2024-12-06T15:36:35Z</Time>
          <DistanceMeters>674.0</DistanceMeters>
          <HeartRateBpm>
            <Value>158</Value>
          </HeartRateBpm>
          <SensorState>Absent</SensorState>
        </Trackpoint>
        <Trackpoint>
          <Time>2024-12-06T15:36:36Z</Time>
          <DistanceMeters>674.0</DistanceMeters>
          <HeartRateBpm>
            <Value>159</Value>
          </HeartRateBpm>
          <SensorState>Absent</SensorState>
        </Trackpoint>
        <Trackpoint>
          <Time>2024-12-06T15:36:39Z</Time>
          <DistanceMeters>674.0</DistanceMeters>
          <HeartRateBpm>
            <Value>158</Value>
          </HeartRateBpm>
          <SensorState>Absent</SensorState>
        </Trackpoint>
        <Trackpoint>
          <Time>2024-12-06T15:36:40Z</Time>
          <DistanceMeters>674.0</DistanceMeters>
          <HeartRateBpm>
            <Value>157</Value>
          </HeartRateBpm>
          <SensorState>Absent</SensorState>
        </Trackpoint>
        <Trackpoint>
          <Time>2024-12-06T15:36:42Z</Time>
          <DistanceMeters>674.0</DistanceMeters>
          <HeartRateBpm>
            <Value>156</Value>
          </HeartRateBpm>
          <SensorState>Absent</SensorState>
        </Trackpoint>
        <Trackpoint>
          <Time>2024-12-06T15:36:43Z</Time>
          <DistanceMeters>674.0</DistanceMeters>
          <HeartRateBpm>
            <Value>155</Value>
          </HeartRateBpm>
          <SensorState>Absent</SensorState>
        </Trackpoint>
        <Trackpoint>
          <Time>2024-12-06T15:36:44Z</Time>
          <DistanceMeters>674.0</DistanceMeters>
          <HeartRateBpm>
            <Value>151</Value>
          </HeartRateBpm>
          <SensorState>Absent</SensorState>
        </Trackpoint>
        <Trackpoint>
          <Time>2024-12-06T15:36:44Z</Time>
          <DistanceMeters>674.0</DistanceMeters>
          <HeartRateBpm>
            <Value>151</Value>
          </HeartRateBpm>
          <SensorState>Absent</SensorState>
        </Trackpoint>
        <Trackpoint>
          <Time>2024-12-06T15:36:46Z</Time>
          <DistanceMeters>674.0</DistanceMeters>
          <HeartRateBpm>
            <Value>152</Value>
          </HeartRateBpm>
          <SensorState>Absent</SensorState>
        </Trackpoint>
        <Trackpoint>
          <Time>2024-12-06T15:36:47Z</Time>
          <DistanceMeters>674.0</DistanceMeters>
          <HeartRateBpm>
            <Value>153</Value>
          </HeartRateBpm>
          <SensorState>Absent</SensorState>
        </Trackpoint>
        <Trackpoint>
          <Time>2024-12-06T15:36:49Z</Time>
          <DistanceMeters>674.0</DistanceMeters>
          <HeartRateBpm>
            <Value>155</Value>
          </HeartRateBpm>
          <SensorState>Absent</SensorState>
        </Trackpoint>
        <Trackpoint>
          <Time>2024-12-06T15:36:51Z</Time>
          <DistanceMeters>674.0</DistanceMeters>
          <HeartRateBpm>
            <Value>156</Value>
          </HeartRateBpm>
          <SensorState>Absent</SensorState>
        </Trackpoint>
        <Trackpoint>
          <Time>2024-12-06T15:36:53Z</Time>
          <DistanceMeters>674.0</DistanceMeters>
          <HeartRateBpm>
            <Value>155</Value>
          </HeartRateBpm>
          <SensorState>Absent</SensorState>
        </Trackpoint>
        <Trackpoint>
          <Time>2024-12-06T15:36:55Z</Time>
          <DistanceMeters>674.0</DistanceMeters>
          <HeartRateBpm>
            <Value>154</Value>
          </HeartRateBpm>
          <SensorState>Absent</SensorState>
        </Trackpoint>
        <Trackpoint>
          <Time>2024-12-06T15:36:56Z</Time>
          <DistanceMeters>674.0</DistanceMeters>
          <HeartRateBpm>
            <Value>152</Value>
          </HeartRateBpm>
          <SensorState>Absent</SensorState>
        </Trackpoint>
        <Trackpoint>
          <Time>2024-12-06T15:36:57Z</Time>
          <DistanceMeters>674.0</DistanceMeters>
          <HeartRateBpm>
            <Value>150</Value>
          </HeartRateBpm>
          <SensorState>Absent</SensorState>
        </Trackpoint>
        <Trackpoint>
          <Time>2024-12-06T15:36:59Z</Time>
          <DistanceMeters>674.0</DistanceMeters>
          <HeartRateBpm>
            <Value>147</Value>
          </HeartRateBpm>
          <SensorState>Absent</SensorState>
        </Trackpoint>
        <Trackpoint>
          <Time>2024-12-06T15:37:00Z</Time>
          <DistanceMeters>674.0</DistanceMeters>
          <HeartRateBpm>
            <Value>155</Value>
          </HeartRateBpm>
          <Cadence><Value>44</Value></Cadence>
          <SensorState>Absent</SensorState>
        </Trackpoint>
        <Trackpoint>
          <Time>2024-12-06T15:37:00Z</Time>
          <DistanceMeters>674.0</DistanceMeters>
          <HeartRateBpm>
            <Value>145</Value>
          </HeartRateBpm>
          <Cadence><Value>44</Value></Cadence>
          <SensorState>Absent</SensorState>
        </Trackpoint>
        <Trackpoint>
          <Time>2024-12-06T15:37:00Z</Time>
          <DistanceMeters>674.0</DistanceMeters>
          <HeartRateBpm>
            <Value>145</Value>
          </HeartRateBpm>
          <Cadence><Value>44</Value></Cadence>
          <SensorState>Absent</SensorState>
        </Trackpoint>
        <Trackpoint>
          <Time>2024-12-06T15:37:01Z</Time>
          <DistanceMeters>674.0</DistanceMeters>
          <HeartRateBpm>
            <Value>144</Value>
          </HeartRateBpm>
          <Cadence><Value>44</Value></Cadence>
          <SensorState>Absent</SensorState>
        </Trackpoint>
        <Trackpoint>
          <Time>2024-12-06T15:37:02Z</Time>
          <DistanceMeters>674.0</DistanceMeters>
          <HeartRateBpm>
            <Value>143</Value>
          </HeartRateBpm>
          <Cadence><Value>44</Value></Cadence>
          <SensorState>Absent</SensorState>
        </Trackpoint>
        <Trackpoint>
          <Time>2024-12-06T15:37:05Z</Time>
          <DistanceMeters>688.0</DistanceMeters>
          <HeartRateBpm>
            <Value>144</Value>
          </HeartRateBpm>
          <Cadence><Value>44</Value></Cadence>
          <SensorState>Absent</SensorState>
        </Trackpoint>
        <Trackpoint>
          <Time>2024-12-06T15:37:06Z</Time>
          <DistanceMeters>688.0</DistanceMeters>
          <HeartRateBpm>
            <Value>147</Value>
          </HeartRateBpm>
          <Cadence><Value>44</Value></Cadence>
          <SensorState>Absent</SensorState>
        </Trackpoint>
        <Trackpoint>
          <Time>2024-12-06T15:37:09Z</Time>
          <DistanceMeters>688.0</DistanceMeters>
          <HeartRateBpm>
            <Value>150</Value>
          </HeartRateBpm>
          <Cadence><Value>44</Value></Cadence>
          <SensorState>Absent</SensorState>
        </Trackpoint>
        <Trackpoint>
          <Time>2024-12-06T15:37:10Z</Time>
          <DistanceMeters>688.0</DistanceMeters>
          <HeartRateBpm>
            <Value>153</Value>
          </HeartRateBpm>
          <Cadence><Value>44</Value></Cadence>
          <SensorState>Absent</SensorState>
        </Trackpoint>
        <Trackpoint>
          <Time>2024-12-06T15:37:10Z</Time>
          <DistanceMeters>688.0</DistanceMeters>
          <HeartRateBpm>
            <Value>153</Value>
          </HeartRateBpm>
          <Cadence><Value>44</Value></Cadence>
          <SensorState>Absent</SensorState>
        </Trackpoint>
        <Trackpoint>
          <Time>2024-12-06T15:37:15Z</Time>
          <DistanceMeters>688.0</DistanceMeters>
          <HeartRateBpm>
            <Value>152</Value>
          </HeartRateBpm>
          <Cadence><Value>44</Value></Cadence>
          <SensorState>Absent</SensorState>
        </Trackpoint>
        <Trackpoint>
          <Time>2024-12-06T15:37:16Z</Time>
          <DistanceMeters>688.0</DistanceMeters>
          <HeartRateBpm>
            <Value>153</Value>
          </HeartRateBpm>
          <Cadence><Value>44</Value></Cadence>
          <SensorState>Absent</SensorState>
        </Trackpoint>
        <Trackpoint>
          <Time>2024-12-06T15:37:18Z</Time>
          <DistanceMeters>688.0</DistanceMeters>
          <HeartRateBpm>
            <Value>152</Value>
          </HeartRateBpm>
          <Cadence><Value>44</Value></Cadence>
          <SensorState>Absent</SensorState>
        </Trackpoint>
        <Trackpoint>
          <Time>2024-12-06T15:37:19Z</Time>
          <DistanceMeters>688.0</DistanceMeters>
          <HeartRateBpm>
            <Value>151</Value>
          </HeartRateBpm>
          <Cadence><Value>44</Value></Cadence>
          <SensorState>Absent</SensorState>
        </Trackpoint>
        <Trackpoint>
          <Time>2024-12-06T15:37:22Z</Time>
          <DistanceMeters>688.0</DistanceMeters>
          <HeartRateBpm>
            <Value>152</Value>
          </HeartRateBpm>
          <Cadence><Value>44</Value></Cadence>
          <SensorState>Absent</SensorState>
        </Trackpoint>
        <Trackpoint>
          <Time>2024-12-06T15:37:26Z</Time>
          <DistanceMeters>688.0</DistanceMeters>
          <HeartRateBpm>
            <Value>156</Value>
          </HeartRateBpm>
          <Cadence><Value>44</Value></Cadence>
          <SensorState>Absent</SensorState>
        </Trackpoint>
        <Trackpoint>
          <Time>2024-12-06T15:37:27Z</Time>
          <DistanceMeters>688.0</DistanceMeters>
          <HeartRateBpm>
            <Value>157</Value>
          </HeartRateBpm>
          <Cadence><Value>44</Value></Cadence>
          <SensorState>Absent</SensorState>
        </Trackpoint>
        <Trackpoint>
          <Time>2024-12-06T15:37:29Z</Time>
          <DistanceMeters>688.0</DistanceMeters>
          <HeartRateBpm>
            <Value>156</Value>
          </HeartRateBpm>
          <Cadence><Value>44</Value></Cadence>
          <SensorState>Absent</SensorState>
        </Trackpoint>
        <Trackpoint>
          <Time>2024-12-06T15:37:33Z</Time>
          <DistanceMeters>688.0</DistanceMeters>
          <HeartRateBpm>
            <Value>155</Value>
          </HeartRateBpm>
          <Cadence><Value>44</Value></Cadence>
          <SensorState>Absent</SensorState>
        </Trackpoint>
        <Trackpoint>
          <Time>2024-12-06T15:37:37Z</Time>
          <DistanceMeters>688.0</DistanceMeters>
          <HeartRateBpm>
            <Value>156</Value>
          </HeartRateBpm>
          <Cadence><Value>44</Value></Cadence>
          <SensorState>Absent</SensorState>
        </Trackpoint>
        <Trackpoint>
          <Time>2024-12-06T15:37:39Z</Time>
          <DistanceMeters>688.0</DistanceMeters>
          <HeartRateBpm>
            <Value>158</Value>
          </HeartRateBpm>
          <Cadence><Value>44</Value></Cadence>
          <SensorState>Absent</SensorState>
        </Trackpoint>
        <Trackpoint>
          <Time>2024-12-06T15:37:41Z</Time>
          <DistanceMeters>688.0</DistanceMeters>
          <HeartRateBpm>
            <Value>164</Value>
          </HeartRateBpm>
          <Cadence><Value>44</Value></Cadence>
          <SensorState>Absent</SensorState>
        </Trackpoint>
        <Trackpoint>
          <Time>2024-12-06T15:37:42Z</Time>
          <DistanceMeters>688.0</DistanceMeters>
          <HeartRateBpm>
            <Value>164</Value>
          </HeartRateBpm>
          <Cadence><Value>44</Value></Cadence>
          <SensorState>Absent</SensorState>
        </Trackpoint>
        <Trackpoint>
          <Time>2024-12-06T15:37:44Z</Time>
          <DistanceMeters>688.0</DistanceMeters>
          <HeartRateBpm>
            <Value>165</Value>
          </HeartRateBpm>
          <Cadence><Value>44</Value></Cadence>
          <SensorState>Absent</SensorState>
        </Trackpoint>
        <Trackpoint>
          <Time>2024-12-06T15:37:45Z</Time>
          <DistanceMeters>688.0</DistanceMeters>
          <HeartRateBpm>
            <Value>166</Value>
          </HeartRateBpm>
          <Cadence><Value>44</Value></Cadence>
          <SensorState>Absent</SensorState>
        </Trackpoint>
        <Trackpoint>
          <Time>2024-12-06T15:37:46Z</Time>
          <DistanceMeters>688.0</DistanceMeters>
          <HeartRateBpm>
            <Value>167</Value>
          </HeartRateBpm>
          <Cadence><Value>44</Value></Cadence>
          <SensorState>Absent</SensorState>
        </Trackpoint>
        <Trackpoint>
          <Time>2024-12-06T15:37:48Z</Time>
          <DistanceMeters>688.0</DistanceMeters>
          <HeartRateBpm>
            <Value>165</Value>
          </HeartRateBpm>
          <Cadence><Value>44</Value></Cadence>
          <SensorState>Absent</SensorState>
        </Trackpoint>
        <Trackpoint>
          <Time>2024-12-06T15:37:49Z</Time>
          <DistanceMeters>688.0</DistanceMeters>
          <HeartRateBpm>
            <Value>166</Value>
          </HeartRateBpm>
          <Cadence><Value>44</Value></Cadence>
          <SensorState>Absent</SensorState>
        </Trackpoint>
        <Trackpoint>
          <Time>2024-12-06T15:37:52Z</Time>
          <DistanceMeters>688.0</DistanceMeters>
          <HeartRateBpm>
            <Value>168</Value>
          </HeartRateBpm>
          <Cadence><Value>44</Value></Cadence>
          <SensorState>Absent</SensorState>
        </Trackpoint>
        <Trackpoint>
          <Time>2024-12-06T15:37:53Z</Time>
          <DistanceMeters>688.0</DistanceMeters>
          <HeartRateBpm>
            <Value>167</Value>
          </HeartRateBpm>
          <Cadence><Value>44</Value></Cadence>
          <SensorState>Absent</SensorState>
        </Trackpoint>
        <Trackpoint>
          <Time>2024-12-06T15:37:55Z</Time>
          <DistanceMeters>688.0</DistanceMeters>
          <HeartRateBpm>
            <Value>165</Value>
          </HeartRateBpm>
          <Cadence><Value>44</Value></Cadence>
          <SensorState>Absent</SensorState>
        </Trackpoint>
        <Trackpoint>
          <Time>2024-12-06T15:37:57Z</Time>
          <DistanceMeters>688.0</DistanceMeters>
          <HeartRateBpm>
            <Value>164</Value>
          </HeartRateBpm>
          <Cadence><Value>44</Value></Cadence>
          <SensorState>Absent</SensorState>
        </Trackpoint>
        <Trackpoint>
          <Time>2024-12-06T15:37:58Z</Time>
          <DistanceMeters>688.0</DistanceMeters>
          <HeartRateBpm>
            <Value>165</Value>
          </HeartRateBpm>
          <Cadence><Value>44</Value></Cadence>
          <SensorState>Absent</SensorState>
        </Trackpoint>
        <Trackpoint>
          <Time>2024-12-06T15:38:00Z</Time>
          <DistanceMeters>688.0</DistanceMeters>
          <HeartRateBpm>
            <Value>162</Value>
          </HeartRateBpm>
          <SensorState>Absent</SensorState>
        </Trackpoint>
        <Trackpoint>
          <Time>2024-12-06T15:38:02Z</Time>
          <DistanceMeters>688.0</DistanceMeters>
          <HeartRateBpm>
            <Value>166</Value>
          </HeartRateBpm>
          <SensorState>Absent</SensorState>
        </Trackpoint>
        <Trackpoint>
          <Time>2024-12-06T15:38:03Z</Time>
          <DistanceMeters>688.0</DistanceMeters>
          <HeartRateBpm>
            <Value>167</Value>
          </HeartRateBpm>
          <SensorState>Absent</SensorState>
        </Trackpoint>
        <Trackpoint>
          <Time>2024-12-06T15:38:05Z</Time>
          <DistanceMeters>702.0</DistanceMeters>
          <HeartRateBpm>
            <Value>168</Value>
          </HeartRateBpm>
          <SensorState>Absent</SensorState>
        </Trackpoint>
        <Trackpoint>
          <Time>2024-12-06T15:38:06Z</Time>
          <DistanceMeters>702.0</DistanceMeters>
          <HeartRateBpm>
            <Value>169</Value>
          </HeartRateBpm>
          <SensorState>Absent</SensorState>
        </Trackpoint>
        <Trackpoint>
          <Time>2024-12-06T15:38:06Z</Time>
          <DistanceMeters>702.0</DistanceMeters>
          <HeartRateBpm>
            <Value>170</Value>
          </HeartRateBpm>
          <SensorState>Absent</SensorState>
        </Trackpoint>
        <Trackpoint>
          <Time>2024-12-06T15:38:07Z</Time>
          <DistanceMeters>702.0</DistanceMeters>
          <HeartRateBpm>
            <Value>170</Value>
          </HeartRateBpm>
          <SensorState>Absent</SensorState>
        </Trackpoint>
        <Trackpoint>
          <Time>2024-12-06T15:38:08Z</Time>
          <DistanceMeters>702.0</DistanceMeters>
          <HeartRateBpm>
            <Value>173</Value>
          </HeartRateBpm>
          <SensorState>Absent</SensorState>
        </Trackpoint>
        <Trackpoint>
          <Time>2024-12-06T15:38:12Z</Time>
          <DistanceMeters>702.0</DistanceMeters>
          <HeartRateBpm>
            <Value>172</Value>
          </HeartRateBpm>
          <SensorState>Absent</SensorState>
        </Trackpoint>
        <Trackpoint>
          <Time>2024-12-06T15:38:15Z</Time>
          <DistanceMeters>702.0</DistanceMeters>
          <HeartRateBpm>
            <Value>174</Value>
          </HeartRateBpm>
          <SensorState>Absent</SensorState>
        </Trackpoint>
        <Trackpoint>
          <Time>2024-12-06T15:38:15Z</Time>
          <DistanceMeters>702.0</DistanceMeters>
          <HeartRateBpm>
            <Value>178</Value>
          </HeartRateBpm>
          <SensorState>Absent</SensorState>
        </Trackpoint>
        <Trackpoint>
          <Time>2024-12-06T15:38:16Z</Time>
          <DistanceMeters>702.0</DistanceMeters>
          <HeartRateBpm>
            <Value>178</Value>
          </HeartRateBpm>
          <SensorState>Absent</SensorState>
        </Trackpoint>
        <Trackpoint>
          <Time>2024-12-06T15:38:17Z</Time>
          <DistanceMeters>702.0</DistanceMeters>
          <HeartRateBpm>
            <Value>185</Value>
          </HeartRateBpm>
          <SensorState>Absent</SensorState>
        </Trackpoint>
        <Trackpoint>
          <Time>2024-12-06T15:38:18Z</Time>
          <DistanceMeters>702.0</DistanceMeters>
          <HeartRateBpm>
            <Value>185</Value>
          </HeartRateBpm>
          <SensorState>Absent</SensorState>
        </Trackpoint>
        <Trackpoint>
          <Time>2024-12-06T15:38:19Z</Time>
          <DistanceMeters>702.0</DistanceMeters>
          <HeartRateBpm>
            <Value>186</Value>
          </HeartRateBpm>
          <SensorState>Absent</SensorState>
        </Trackpoint>
        <Trackpoint>
          <Time>2024-12-06T15:38:21Z</Time>
          <DistanceMeters>702.0</DistanceMeters>
          <HeartRateBpm>
            <Value>185</Value>
          </HeartRateBpm>
          <SensorState>Absent</SensorState>
        </Trackpoint>
        <Trackpoint>
          <Time>2024-12-06T15:38:23Z</Time>
          <DistanceMeters>702.0</DistanceMeters>
          <HeartRateBpm>
            <Value>181</Value>
          </HeartRateBpm>
          <SensorState>Absent</SensorState>
        </Trackpoint>
        <Trackpoint>
          <Time>2024-12-06T15:38:24Z</Time>
          <DistanceMeters>702.0</DistanceMeters>
          <HeartRateBpm>
            <Value>180</Value>
          </HeartRateBpm>
          <SensorState>Absent</SensorState>
        </Trackpoint>
        <Trackpoint>
          <Time>2024-12-06T15:38:24Z</Time>
          <DistanceMeters>702.0</DistanceMeters>
          <HeartRateBpm>
            <Value>179</Value>
          </HeartRateBpm>
          <SensorState>Absent</SensorState>
        </Trackpoint>
        <Trackpoint>
          <Time>2024-12-06T15:38:25Z</Time>
          <DistanceMeters>702.0</DistanceMeters>
          <HeartRateBpm>
            <Value>179</Value>
          </HeartRateBpm>
          <SensorState>Absent</SensorState>
        </Trackpoint>
        <Trackpoint>
          <Time>2024-12-06T15:38:27Z</Time>
          <DistanceMeters>702.0</DistanceMeters>
          <HeartRateBpm>
            <Value>178</Value>
          </HeartRateBpm>
          <SensorState>Absent</SensorState>
        </Trackpoint>
        <Trackpoint>
          <Time>2024-12-06T15:38:28Z</Time>
          <DistanceMeters>702.0</DistanceMeters>
          <HeartRateBpm>
            <Value>175</Value>
          </HeartRateBpm>
          <SensorState>Absent</SensorState>
        </Trackpoint>
        <Trackpoint>
          <Time>2024-12-06T15:38:29Z</Time>
          <DistanceMeters>702.0</DistanceMeters>
          <HeartRateBpm>
            <Value>174</Value>
          </HeartRateBpm>
          <SensorState>Absent</SensorState>
        </Trackpoint>
        <Trackpoint>
          <Time>2024-12-06T15:38:30Z</Time>
          <DistanceMeters>702.0</DistanceMeters>
          <HeartRateBpm>
            <Value>169</Value>
          </HeartRateBpm>
          <SensorState>Absent</SensorState>
        </Trackpoint>
        <Trackpoint>
          <Time>2024-12-06T15:38:31Z</Time>
          <DistanceMeters>702.0</DistanceMeters>
          <HeartRateBpm>
            <Value>169</Value>
          </HeartRateBpm>
          <SensorState>Absent</SensorState>
        </Trackpoint>
        <Trackpoint>
          <Time>2024-12-06T15:38:32Z</Time>
          <DistanceMeters>702.0</DistanceMeters>
          <HeartRateBpm>
            <Value>167</Value>
          </HeartRateBpm>
          <SensorState>Absent</SensorState>
        </Trackpoint>
        <Trackpoint>
          <Time>2024-12-06T15:38:33Z</Time>
          <DistanceMeters>702.0</DistanceMeters>
          <HeartRateBpm>
            <Value>165</Value>
          </HeartRateBpm>
          <SensorState>Absent</SensorState>
        </Trackpoint>
        <Trackpoint>
          <Time>2024-12-06T15:38:34Z</Time>
          <DistanceMeters>702.0</DistanceMeters>
          <HeartRateBpm>
            <Value>164</Value>
          </HeartRateBpm>
          <SensorState>Absent</SensorState>
        </Trackpoint>
        <Trackpoint>
          <Time>2024-12-06T15:38:35Z</Time>
          <DistanceMeters>702.0</DistanceMeters>
          <HeartRateBpm>
            <Value>158</Value>
          </HeartRateBpm>
          <SensorState>Absent</SensorState>
        </Trackpoint>
        <Trackpoint>
          <Time>2024-12-06T15:38:36Z</Time>
          <DistanceMeters>702.0</DistanceMeters>
          <HeartRateBpm>
            <Value>158</Value>
          </HeartRateBpm>
          <SensorState>Absent</SensorState>
        </Trackpoint>
        <Trackpoint>
          <Time>2024-12-06T15:38:37Z</Time>
          <DistanceMeters>702.0</DistanceMeters>
          <HeartRateBpm>
            <Value>156</Value>
          </HeartRateBpm>
          <SensorState>Absent</SensorState>
        </Trackpoint>
        <Trackpoint>
          <Time>2024-12-06T15:38:38Z</Time>
          <DistanceMeters>702.0</DistanceMeters>
          <HeartRateBpm>
            <Value>154</Value>
          </HeartRateBpm>
          <SensorState>Absent</SensorState>
        </Trackpoint>
        <Trackpoint>
          <Time>2024-12-06T15:38:39Z</Time>
          <DistanceMeters>702.0</DistanceMeters>
          <HeartRateBpm>
            <Value>152</Value>
          </HeartRateBpm>
          <SensorState>Absent</SensorState>
        </Trackpoint>
        <Trackpoint>
          <Time>2024-12-06T15:38:40Z</Time>
          <DistanceMeters>702.0</DistanceMeters>
          <HeartRateBpm>
            <Value>152</Value>
          </HeartRateBpm>
          <SensorState>Absent</SensorState>
        </Trackpoint>
        <Trackpoint>
          <Time>2024-12-06T15:38:44Z</Time>
          <DistanceMeters>702.0</DistanceMeters>
          <HeartRateBpm>
            <Value>154</Value>
          </HeartRateBpm>
          <SensorState>Absent</SensorState>
        </Trackpoint>
        <Trackpoint>
          <Time>2024-12-06T15:38:45Z</Time>
          <DistanceMeters>702.0</DistanceMeters>
          <HeartRateBpm>
            <Value>155</Value>
          </HeartRateBpm>
          <SensorState>Absent</SensorState>
        </Trackpoint>
        <Trackpoint>
          <Time>2024-12-06T15:38:46Z</Time>
          <DistanceMeters>702.0</DistanceMeters>
          <HeartRateBpm>
            <Value>156</Value>
          </HeartRateBpm>
          <SensorState>Absent</SensorState>
        </Trackpoint>
        <Trackpoint>
          <Time>2024-12-06T15:38:46Z</Time>
          <DistanceMeters>702.0</DistanceMeters>
          <HeartRateBpm>
            <Value>158</Value>
          </HeartRateBpm>
          <SensorState>Absent</SensorState>
        </Trackpoint>
        <Trackpoint>
          <Time>2024-12-06T15:38:47Z</Time>
          <DistanceMeters>702.0</DistanceMeters>
          <HeartRateBpm>
            <Value>158</Value>
          </HeartRateBpm>
          <SensorState>Absent</SensorState>
        </Trackpoint>
        <Trackpoint>
          <Time>2024-12-06T15:38:49Z</Time>
          <DistanceMeters>702.0</DistanceMeters>
          <HeartRateBpm>
            <Value>157</Value>
          </HeartRateBpm>
          <SensorState>Absent</SensorState>
        </Trackpoint>
        <Trackpoint>
          <Time>2024-12-06T15:38:53Z</Time>
          <DistanceMeters>702.0</DistanceMeters>
          <HeartRateBpm>
            <Value>155</Value>
          </HeartRateBpm>
          <SensorState>Absent</SensorState>
        </Trackpoint>
        <Trackpoint>
          <Time>2024-12-06T15:38:53Z</Time>
          <DistanceMeters>702.0</DistanceMeters>
          <HeartRateBpm>
            <Value>152</Value>
          </HeartRateBpm>
          <SensorState>Absent</SensorState>
        </Trackpoint>
        <Trackpoint>
          <Time>2024-12-06T15:38:54Z</Time>
          <DistanceMeters>702.0</DistanceMeters>
          <HeartRateBpm>
            <Value>152</Value>
          </HeartRateBpm>
          <SensorState>Absent</SensorState>
        </Trackpoint>
        <Trackpoint>
          <Time>2024-12-06T15:38:55Z</Time>
          <DistanceMeters>702.0</DistanceMeters>
          <HeartRateBpm>
            <Value>148</Value>
          </HeartRateBpm>
          <SensorState>Absent</SensorState>
        </Trackpoint>
        <Trackpoint>
          <Time>2024-12-06T15:38:56Z</Time>
          <DistanceMeters>702.0</DistanceMeters>
          <HeartRateBpm>
            <Value>145</Value>
          </HeartRateBpm>
          <SensorState>Absent</SensorState>
        </Trackpoint>
        <Trackpoint>
          <Time>2024-12-06T15:38:57Z</Time>
          <DistanceMeters>702.0</DistanceMeters>
          <HeartRateBpm>
            <Value>145</Value>
          </HeartRateBpm>
          <SensorState>Absent</SensorState>
        </Trackpoint>
        <Trackpoint>
          <Time>2024-12-06T15:38:58Z</Time>
          <DistanceMeters>702.0</DistanceMeters>
          <HeartRateBpm>
            <Value>144</Value>
          </HeartRateBpm>
          <SensorState>Absent</SensorState>
        </Trackpoint>
        <Trackpoint>
          <Time>2024-12-06T15:38:59Z</Time>
          <DistanceMeters>702.0</DistanceMeters>
          <HeartRateBpm>
            <Value>143</Value>
          </HeartRateBpm>
          <SensorState>Absent</SensorState>
        </Trackpoint>
        <Trackpoint>
          <Time>2024-12-06T15:39:00Z</Time>
          <DistanceMeters>702.0</DistanceMeters>
          <HeartRateBpm>
            <Value>159</Value>
          </HeartRateBpm>
          <SensorState>Absent</SensorState>
        </Trackpoint>
        <Trackpoint>
          <Time>2024-12-06T15:39:02Z</Time>
          <DistanceMeters>702.0</DistanceMeters>
          <HeartRateBpm>
            <Value>153</Value>
          </HeartRateBpm>
          <SensorState>Absent</SensorState>
        </Trackpoint>
        <Trackpoint>
          <Time>2024-12-06T15:39:02Z</Time>
          <DistanceMeters>702.0</DistanceMeters>
          <HeartRateBpm>
            <Value>150</Value>
          </HeartRateBpm>
          <SensorState>Absent</SensorState>
        </Trackpoint>
        <Trackpoint>
          <Time>2024-12-06T15:39:03Z</Time>
          <DistanceMeters>702.0</DistanceMeters>
          <HeartRateBpm>
            <Value>153</Value>
          </HeartRateBpm>
          <SensorState>Absent</SensorState>
        </Trackpoint>
        <Trackpoint>
          <Time>2024-12-06T15:39:04Z</Time>
          <DistanceMeters>702.0</DistanceMeters>
          <HeartRateBpm>
            <Value>155</Value>
          </HeartRateBpm>
          <SensorState>Absent</SensorState>
        </Trackpoint>
        <Trackpoint>
          <Time>2024-12-06T15:39:07Z</Time>
          <DistanceMeters>716.0</DistanceMeters>
          <HeartRateBpm>
            <Value>154</Value>
          </HeartRateBpm>
          <SensorState>Absent</SensorState>
        </Trackpoint>
        <Trackpoint>
          <Time>2024-12-06T15:39:08Z</Time>
          <DistanceMeters>716.0</DistanceMeters>
          <HeartRateBpm>
            <Value>153</Value>
          </HeartRateBpm>
          <SensorState>Absent</SensorState>
        </Trackpoint>
        <Trackpoint>
          <Time>2024-12-06T15:39:11Z</Time>
          <DistanceMeters>716.0</DistanceMeters>
          <HeartRateBpm>
            <Value>151</Value>
          </HeartRateBpm>
          <SensorState>Absent</SensorState>
        </Trackpoint>
        <Trackpoint>
          <Time>2024-12-06T15:39:15Z</Time>
          <DistanceMeters>716.0</DistanceMeters>
          <HeartRateBpm>
            <Value>150</Value>
          </HeartRateBpm>
          <SensorState>Absent</SensorState>
        </Trackpoint>
        <Trackpoint>
          <Time>2024-12-06T15:39:16Z</Time>
          <DistanceMeters>716.0</DistanceMeters>
          <HeartRateBpm>
            <Value>152</Value>
          </HeartRateBpm>
          <SensorState>Absent</SensorState>
        </Trackpoint>
        <Trackpoint>
          <Time>2024-12-06T15:39:17Z</Time>
          <DistanceMeters>716.0</DistanceMeters>
          <HeartRateBpm>
            <Value>153</Value>
          </HeartRateBpm>
          <SensorState>Absent</SensorState>
        </Trackpoint>
        <Trackpoint>
          <Time>2024-12-06T15:39:20Z</Time>
          <DistanceMeters>716.0</DistanceMeters>
          <HeartRateBpm>
            <Value>154</Value>
          </HeartRateBpm>
          <SensorState>Absent</SensorState>
        </Trackpoint>
        <Trackpoint>
          <Time>2024-12-06T15:39:24Z</Time>
          <DistanceMeters>716.0</DistanceMeters>
          <HeartRateBpm>
            <Value>155</Value>
          </HeartRateBpm>
          <SensorState>Absent</SensorState>
        </Trackpoint>
        <Trackpoint>
          <Time>2024-12-06T15:39:27Z</Time>
          <DistanceMeters>716.0</DistanceMeters>
          <HeartRateBpm>
            <Value>158</Value>
          </HeartRateBpm>
          <SensorState>Absent</SensorState>
        </Trackpoint>
        <Trackpoint>
          <Time>2024-12-06T15:39:28Z</Time>
          <DistanceMeters>716.0</DistanceMeters>
          <HeartRateBpm>
            <Value>162</Value>
          </HeartRateBpm>
          <SensorState>Absent</SensorState>
        </Trackpoint>
        <Trackpoint>
          <Time>2024-12-06T15:39:28Z</Time>
          <DistanceMeters>716.0</DistanceMeters>
          <HeartRateBpm>
            <Value>162</Value>
          </HeartRateBpm>
          <SensorState>Absent</SensorState>
        </Trackpoint>
        <Trackpoint>
          <Time>2024-12-06T15:39:29Z</Time>
          <DistanceMeters>716.0</DistanceMeters>
          <HeartRateBpm>
            <Value>163</Value>
          </HeartRateBpm>
          <SensorState>Absent</SensorState>
        </Trackpoint>
        <Trackpoint>
          <Time>2024-12-06T15:39:31Z</Time>
          <DistanceMeters>716.0</DistanceMeters>
          <HeartRateBpm>
            <Value>161</Value>
          </HeartRateBpm>
          <SensorState>Absent</SensorState>
        </Trackpoint>
        <Trackpoint>
          <Time>2024-12-06T15:39:32Z</Time>
          <DistanceMeters>716.0</DistanceMeters>
          <HeartRateBpm>
            <Value>160</Value>
          </HeartRateBpm>
          <SensorState>Absent</SensorState>
        </Trackpoint>
        <Trackpoint>
          <Time>2024-12-06T15:39:33Z</Time>
          <DistanceMeters>716.0</DistanceMeters>
          <HeartRateBpm>
            <Value>161</Value>
          </HeartRateBpm>
          <SensorState>Absent</SensorState>
        </Trackpoint>
        <Trackpoint>
          <Time>2024-12-06T15:39:36Z</Time>
          <DistanceMeters>716.0</DistanceMeters>
          <HeartRateBpm>
            <Value>162</Value>
          </HeartRateBpm>
          <SensorState>Absent</SensorState>
        </Trackpoint>
        <Trackpoint>
          <Time>2024-12-06T15:39:37Z</Time>
          <DistanceMeters>716.0</DistanceMeters>
          <HeartRateBpm>
            <Value>163</Value>
          </HeartRateBpm>
          <SensorState>Absent</SensorState>
        </Trackpoint>
        <Trackpoint>
          <Time>2024-12-06T15:39:41Z</Time>
          <DistanceMeters>716.0</DistanceMeters>
          <HeartRateBpm>
            <Value>162</Value>
          </HeartRateBpm>
          <SensorState>Absent</SensorState>
        </Trackpoint>
        <Trackpoint>
          <Time>2024-12-06T15:39:44Z</Time>
          <DistanceMeters>716.0</DistanceMeters>
          <HeartRateBpm>
            <Value>166</Value>
          </HeartRateBpm>
          <SensorState>Absent</SensorState>
        </Trackpoint>
        <Trackpoint>
          <Time>2024-12-06T15:39:45Z</Time>
          <DistanceMeters>716.0</DistanceMeters>
          <HeartRateBpm>
            <Value>167</Value>
          </HeartRateBpm>
          <SensorState>Absent</SensorState>
        </Trackpoint>
        <Trackpoint>
          <Time>2024-12-06T15:39:48Z</Time>
          <DistanceMeters>716.0</DistanceMeters>
          <HeartRateBpm>
            <Value>166</Value>
          </HeartRateBpm>
          <SensorState>Absent</SensorState>
        </Trackpoint>
        <Trackpoint>
          <Time>2024-12-06T15:39:49Z</Time>
          <DistanceMeters>716.0</DistanceMeters>
          <HeartRateBpm>
            <Value>164</Value>
          </HeartRateBpm>
          <SensorState>Absent</SensorState>
        </Trackpoint>
        <Trackpoint>
          <Time>2024-12-06T15:39:50Z</Time>
          <DistanceMeters>716.0</DistanceMeters>
          <HeartRateBpm>
            <Value>162</Value>
          </HeartRateBpm>
          <SensorState>Absent</SensorState>
        </Trackpoint>
        <Trackpoint>
          <Time>2024-12-06T15:39:51Z</Time>
          <DistanceMeters>716.0</DistanceMeters>
          <HeartRateBpm>
            <Value>160</Value>
          </HeartRateBpm>
          <SensorState>Absent</SensorState>
        </Trackpoint>
        <Trackpoint>
          <Time>2024-12-06T15:39:53Z</Time>
          <DistanceMeters>716.0</DistanceMeters>
          <HeartRateBpm>
            <Value>161</Value>
          </HeartRateBpm>
          <SensorState>Absent</SensorState>
        </Trackpoint>
        <Trackpoint>
          <Time>2024-12-06T15:39:54Z</Time>
          <DistanceMeters>716.0</DistanceMeters>
          <HeartRateBpm>
            <Value>164</Value>
          </HeartRateBpm>
          <SensorState>Absent</SensorState>
        </Trackpoint>
        <Trackpoint>
          <Time>2024-12-06T15:39:55Z</Time>
          <DistanceMeters>716.0</DistanceMeters>
          <HeartRateBpm>
            <Value>166</Value>
          </HeartRateBpm>
          <SensorState>Absent</SensorState>
        </Trackpoint>
        <Trackpoint>
          <Time>2024-12-06T15:39:57Z</Time>
          <DistanceMeters>716.0</DistanceMeters>
          <HeartRateBpm>
            <Value>168</Value>
          </HeartRateBpm>
          <SensorState>Absent</SensorState>
        </Trackpoint>
        <Trackpoint>
          <Time>2024-12-06T15:39:57Z</Time>
          <DistanceMeters>716.0</DistanceMeters>
          <HeartRateBpm>
            <Value>168</Value>
          </HeartRateBpm>
          <SensorState>Absent</SensorState>
        </Trackpoint>
        <Trackpoint>
          <Time>2024-12-06T15:39:58Z</Time>
          <DistanceMeters>716.0</DistanceMeters>
          <HeartRateBpm>
            <Value>171</Value>
          </HeartRateBpm>
          <SensorState>Absent</SensorState>
        </Trackpoint>
        <Trackpoint>
          <Time>2024-12-06T15:40:00Z</Time>
          <DistanceMeters>716.0</DistanceMeters>
          <HeartRateBpm>
            <Value>155</Value>
          </HeartRateBpm>
          <SensorState>Absent</SensorState>
        </Trackpoint>
        <Trackpoint>
          <Time>2024-12-06T15:40:01Z</Time>
          <DistanceMeters>716.0</DistanceMeters>
          <HeartRateBpm>
            <Value>169</Value>
          </HeartRateBpm>
          <SensorState>Absent</SensorState>
        </Trackpoint>
        <Trackpoint>
          <Time>2024-12-06T15:40:02Z</Time>
          <DistanceMeters>716.0</DistanceMeters>
          <HeartRateBpm>
            <Value>163</Value>
          </HeartRateBpm>
          <SensorState>Absent</SensorState>
        </Trackpoint>
        <Trackpoint>
          <Time>2024-12-06T15:40:03Z</Time>
          <DistanceMeters>716.0</DistanceMeters>
          <HeartRateBpm>
            <Value>161</Value>
          </HeartRateBpm>
          <SensorState>Absent</SensorState>
        </Trackpoint>
        <Trackpoint>
          <Time>2024-12-06T15:40:03Z</Time>
          <DistanceMeters>716.0</DistanceMeters>
          <HeartRateBpm>
            <Value>161</Value>
          </HeartRateBpm>
          <SensorState>Absent</SensorState>
        </Trackpoint>
        <Trackpoint>
          <Time>2024-12-06T15:40:06Z</Time>
          <DistanceMeters>730.0</DistanceMeters>
          <HeartRateBpm>
            <Value>159</Value>
          </HeartRateBpm>
          <SensorState>Absent</SensorState>
        </Trackpoint>
        <Trackpoint>
          <Time>2024-12-06T15:40:07Z</Time>
          <DistanceMeters>730.0</DistanceMeters>
          <HeartRateBpm>
            <Value>158</Value>
          </HeartRateBpm>
          <SensorState>Absent</SensorState>
        </Trackpoint>
        <Trackpoint>
          <Time>2024-12-06T15:40:08Z</Time>
          <DistanceMeters>730.0</DistanceMeters>
          <HeartRateBpm>
            <Value>156</Value>
          </HeartRateBpm>
          <SensorState>Absent</SensorState>
        </Trackpoint>
        <Trackpoint>
          <Time>2024-12-06T15:40:10Z</Time>
          <DistanceMeters>730.0</DistanceMeters>
          <HeartRateBpm>
            <Value>154</Value>
          </HeartRateBpm>
          <SensorState>Absent</SensorState>
        </Trackpoint>
        <Trackpoint>
          <Time>2024-12-06T15:40:10Z</Time>
          <DistanceMeters>730.0</DistanceMeters>
          <HeartRateBpm>
            <Value>154</Value>
          </HeartRateBpm>
          <SensorState>Absent</SensorState>
        </Trackpoint>
        <Trackpoint>
          <Time>2024-12-06T15:40:11Z</Time>
          <DistanceMeters>730.0</DistanceMeters>
          <HeartRateBpm>
            <Value>152</Value>
          </HeartRateBpm>
          <SensorState>Absent</SensorState>
        </Trackpoint>
        <Trackpoint>
          <Time>2024-12-06T15:40:14Z</Time>
          <DistanceMeters>730.0</DistanceMeters>
          <HeartRateBpm>
            <Value>151</Value>
          </HeartRateBpm>
          <SensorState>Absent</SensorState>
        </Trackpoint>
        <Trackpoint>
          <Time>2024-12-06T15:40:16Z</Time>
          <DistanceMeters>730.0</DistanceMeters>
          <HeartRateBpm>
            <Value>153</Value>
          </HeartRateBpm>
          <SensorState>Absent</SensorState>
        </Trackpoint>
        <Trackpoint>
          <Time>2024-12-06T15:40:17Z</Time>
          <DistanceMeters>730.0</DistanceMeters>
          <HeartRateBpm>
            <Value>154</Value>
          </HeartRateBpm>
          <SensorState>Absent</SensorState>
        </Trackpoint>
        <Trackpoint>
          <Time>2024-12-06T15:40:19Z</Time>
          <DistanceMeters>730.0</DistanceMeters>
          <HeartRateBpm>
            <Value>151</Value>
          </HeartRateBpm>
          <SensorState>Absent</SensorState>
        </Trackpoint>
        <Trackpoint>
          <Time>2024-12-06T15:40:20Z</Time>
          <DistanceMeters>730.0</DistanceMeters>
          <HeartRateBpm>
            <Value>150</Value>
          </HeartRateBpm>
          <SensorState>Absent</SensorState>
        </Trackpoint>
        <Trackpoint>
          <Time>2024-12-06T15:40:21Z</Time>
          <DistanceMeters>730.0</DistanceMeters>
          <HeartRateBpm>
            <Value>149</Value>
          </HeartRateBpm>
          <SensorState>Absent</SensorState>
        </Trackpoint>
        <Trackpoint>
          <Time>2024-12-06T15:40:23Z</Time>
          <DistanceMeters>730.0</DistanceMeters>
          <HeartRateBpm>
            <Value>147</Value>
          </HeartRateBpm>
          <SensorState>Absent</SensorState>
        </Trackpoint>
        <Trackpoint>
          <Time>2024-12-06T15:40:23Z</Time>
          <DistanceMeters>730.0</DistanceMeters>
          <HeartRateBpm>
            <Value>147</Value>
          </HeartRateBpm>
          <SensorState>Absent</SensorState>
        </Trackpoint>
        <Trackpoint>
          <Time>2024-12-06T15:40:24Z</Time>
          <DistanceMeters>730.0</DistanceMeters>
          <HeartRateBpm>
            <Value>146</Value>
          </HeartRateBpm>
          <SensorState>Absent</SensorState>
        </Trackpoint>
        <Trackpoint>
          <Time>2024-12-06T15:40:28Z</Time>
          <DistanceMeters>730.0</DistanceMeters>
          <HeartRateBpm>
            <Value>145</Value>
          </HeartRateBpm>
          <SensorState>Absent</SensorState>
        </Trackpoint>
        <Trackpoint>
          <Time>2024-12-06T15:40:29Z</Time>
          <DistanceMeters>730.0</DistanceMeters>
          <HeartRateBpm>
            <Value>144</Value>
          </HeartRateBpm>
          <SensorState>Absent</SensorState>
        </Trackpoint>
        <Trackpoint>
          <Time>2024-12-06T15:40:30Z</Time>
          <DistanceMeters>730.0</DistanceMeters>
          <HeartRateBpm>
            <Value>143</Value>
          </HeartRateBpm>
          <SensorState>Absent</SensorState>
        </Trackpoint>
        <Trackpoint>
          <Time>2024-12-06T15:40:32Z</Time>
          <DistanceMeters>730.0</DistanceMeters>
          <HeartRateBpm>
            <Value>140</Value>
          </HeartRateBpm>
          <SensorState>Absent</SensorState>
        </Trackpoint>
        <Trackpoint>
          <Time>2024-12-06T15:40:32Z</Time>
          <DistanceMeters>730.0</DistanceMeters>
          <HeartRateBpm>
            <Value>140</Value>
          </HeartRateBpm>
          <SensorState>Absent</SensorState>
        </Trackpoint>
        <Trackpoint>
          <Time>2024-12-06T15:40:33Z</Time>
          <DistanceMeters>730.0</DistanceMeters>
          <HeartRateBpm>
            <Value>142</Value>
          </HeartRateBpm>
          <SensorState>Absent</SensorState>
        </Trackpoint>
        <Trackpoint>
          <Time>2024-12-06T15:40:34Z</Time>
          <DistanceMeters>730.0</DistanceMeters>
          <HeartRateBpm>
            <Value>145</Value>
          </HeartRateBpm>
          <SensorState>Absent</SensorState>
        </Trackpoint>
        <Trackpoint>
          <Time>2024-12-06T15:40:36Z</Time>
          <DistanceMeters>730.0</DistanceMeters>
          <HeartRateBpm>
            <Value>152</Value>
          </HeartRateBpm>
          <SensorState>Absent</SensorState>
        </Trackpoint>
        <Trackpoint>
          <Time>2024-12-06T15:40:36Z</Time>
          <DistanceMeters>730.0</DistanceMeters>
          <HeartRateBpm>
            <Value>152</Value>
          </HeartRateBpm>
          <SensorState>Absent</SensorState>
        </Trackpoint>
        <Trackpoint>
          <Time>2024-12-06T15:40:37Z</Time>
          <DistanceMeters>730.0</DistanceMeters>
          <HeartRateBpm>
            <Value>153</Value>
          </HeartRateBpm>
          <SensorState>Absent</SensorState>
        </Trackpoint>
        <Trackpoint>
          <Time>2024-12-06T15:40:38Z</Time>
          <DistanceMeters>730.0</DistanceMeters>
          <HeartRateBpm>
            <Value>157</Value>
          </HeartRateBpm>
          <SensorState>Absent</SensorState>
        </Trackpoint>
        <Trackpoint>
          <Time>2024-12-06T15:40:40Z</Time>
          <DistanceMeters>730.0</DistanceMeters>
          <HeartRateBpm>
            <Value>159</Value>
          </HeartRateBpm>
          <SensorState>Absent</SensorState>
        </Trackpoint>
        <Trackpoint>
          <Time>2024-12-06T15:40:40Z</Time>
          <DistanceMeters>730.0</DistanceMeters>
          <HeartRateBpm>
            <Value>159</Value>
          </HeartRateBpm>
          <SensorState>Absent</SensorState>
        </Trackpoint>
        <Trackpoint>
          <Time>2024-12-06T15:40:43Z</Time>
          <DistanceMeters>730.0</DistanceMeters>
          <HeartRateBpm>
            <Value>158</Value>
          </HeartRateBpm>
          <SensorState>Absent</SensorState>
        </Trackpoint>
        <Trackpoint>
          <Time>2024-12-06T15:40:45Z</Time>
          <DistanceMeters>730.0</DistanceMeters>
          <HeartRateBpm>
            <Value>157</Value>
          </HeartRateBpm>
          <SensorState>Absent</SensorState>
        </Trackpoint>
        <Trackpoint>
          <Time>2024-12-06T15:40:46Z</Time>
          <DistanceMeters>730.0</DistanceMeters>
          <HeartRateBpm>
            <Value>155</Value>
          </HeartRateBpm>
          <SensorState>Absent</SensorState>
        </Trackpoint>
        <Trackpoint>
          <Time>2024-12-06T15:40:47Z</Time>
          <DistanceMeters>730.0</DistanceMeters>
          <HeartRateBpm>
            <Value>153</Value>
          </HeartRateBpm>
          <SensorState>Absent</SensorState>
        </Trackpoint>
        <Trackpoint>
          <Time>2024-12-06T15:40:47Z</Time>
          <DistanceMeters>730.0</DistanceMeters>
          <HeartRateBpm>
            <Value>153</Value>
          </HeartRateBpm>
          <SensorState>Absent</SensorState>
        </Trackpoint>
        <Trackpoint>
          <Time>2024-12-06T15:40:50Z</Time>
          <DistanceMeters>730.0</DistanceMeters>
          <HeartRateBpm>
            <Value>154</Value>
          </HeartRateBpm>
          <SensorState>Absent</SensorState>
        </Trackpoint>
        <Trackpoint>
          <Time>2024-12-06T15:40:53Z</Time>
          <DistanceMeters>730.0</DistanceMeters>
          <HeartRateBpm>
            <Value>156</Value>
          </HeartRateBpm>
          <SensorState>Absent</SensorState>
        </Trackpoint>
        <Trackpoint>
          <Time>2024-12-06T15:40:54Z</Time>
          <DistanceMeters>730.0</DistanceMeters>
          <HeartRateBpm>
            <Value>161</Value>
          </HeartRateBpm>
          <SensorState>Absent</SensorState>
        </Trackpoint>
        <Trackpoint>
          <Time>2024-12-06T15:40:54Z</Time>
          <DistanceMeters>730.0</DistanceMeters>
          <HeartRateBpm>
            <Value>161</Value>
          </HeartRateBpm>
          <SensorState>Absent</SensorState>
        </Trackpoint>
        <Trackpoint>
          <Time>2024-12-06T15:40:55Z</Time>
          <DistanceMeters>730.0</DistanceMeters>
          <HeartRateBpm>
            <Value>164</Value>
          </HeartRateBpm>
          <SensorState>Absent</SensorState>
        </Trackpoint>
        <Trackpoint>
          <Time>2024-12-06T15:41:00Z</Time>
          <DistanceMeters>730.0</DistanceMeters>
          <HeartRateBpm>
            <Value>153</Value>
          </HeartRateBpm>
          <SensorState>Absent</SensorState>
        </Trackpoint>
        <Trackpoint>
          <Time>2024-12-06T15:41:00Z</Time>
          <DistanceMeters>730.0</DistanceMeters>
          <HeartRateBpm>
            <Value>165</Value>
          </HeartRateBpm>
          <SensorState>Absent</SensorState>
        </Trackpoint>
        <Trackpoint>
          <Time>2024-12-06T15:41:02Z</Time>
          <DistanceMeters>730.0</DistanceMeters>
          <HeartRateBpm>
            <Value>163</Value>
          </HeartRateBpm>
          <SensorState>Absent</SensorState>
        </Trackpoint>
        <Trackpoint>
          <Time>2024-12-06T15:41:03Z</Time>
          <DistanceMeters>730.0</DistanceMeters>
          <HeartRateBpm>
            <Value>161</Value>
          </HeartRateBpm>
          <SensorState>Absent</SensorState>
        </Trackpoint>
        <Trackpoint>
          <Time>2024-12-06T15:41:04Z</Time>
          <DistanceMeters>730.0</DistanceMeters>
          <HeartRateBpm>
            <Value>159</Value>
          </HeartRateBpm>
          <SensorState>Absent</SensorState>
        </Trackpoint>
        <Trackpoint>
          <Time>2024-12-06T15:41:06Z</Time>
          <DistanceMeters>744.0</DistanceMeters>
          <HeartRateBpm>
            <Value>157</Value>
          </HeartRateBpm>
          <SensorState>Absent</SensorState>
        </Trackpoint>
        <Trackpoint>
          <Time>2024-12-06T15:41:07Z</Time>
          <DistanceMeters>744.0</DistanceMeters>
          <HeartRateBpm>
            <Value>156</Value>
          </HeartRateBpm>
          <SensorState>Absent</SensorState>
        </Trackpoint>
        <Trackpoint>
          <Time>2024-12-06T15:41:08Z</Time>
          <DistanceMeters>744.0</DistanceMeters>
          <HeartRateBpm>
            <Value>155</Value>
          </HeartRateBpm>
          <SensorState>Absent</SensorState>
        </Trackpoint>
        <Trackpoint>
          <Time>2024-12-06T15:41:08Z</Time>
          <DistanceMeters>744.0</DistanceMeters>
          <HeartRateBpm>
            <Value>155</Value>
          </HeartRateBpm>
          <SensorState>Absent</SensorState>
        </Trackpoint>
        <Trackpoint>
          <Time>2024-12-06T15:41:11Z</Time>
          <DistanceMeters>744.0</DistanceMeters>
          <HeartRateBpm>
            <Value>150</Value>
          </HeartRateBpm>
          <SensorState>Absent</SensorState>
        </Trackpoint>
        <Trackpoint>
          <Time>2024-12-06T15:41:12Z</Time>
          <DistanceMeters>744.0</DistanceMeters>
          <HeartRateBpm>
            <Value>149</Value>
          </HeartRateBpm>
          <SensorState>Absent</SensorState>
        </Trackpoint>
        <Trackpoint>
          <Time>2024-12-06T15:41:12Z</Time>
          <DistanceMeters>744.0</DistanceMeters>
          <HeartRateBpm>
            <Value>149</Value>
          </HeartRateBpm>
          <SensorState>Absent</SensorState>
        </Trackpoint>
        <Trackpoint>
          <Time>2024-12-06T15:41:15Z</Time>
          <DistanceMeters>744.0</DistanceMeters>
          <HeartRateBpm>
            <Value>151</Value>
          </HeartRateBpm>
          <SensorState>Absent</SensorState>
        </Trackpoint>
        <Trackpoint>
          <Time>2024-12-06T15:41:16Z</Time>
          <DistanceMeters>744.0</DistanceMeters>
          <HeartRateBpm>
            <Value>152</Value>
          </HeartRateBpm>
          <SensorState>Absent</SensorState>
        </Trackpoint>
        <Trackpoint>
          <Time>2024-12-06T15:41:20Z</Time>
          <DistanceMeters>744.0</DistanceMeters>
          <HeartRateBpm>
            <Value>153</Value>
          </HeartRateBpm>
          <SensorState>Absent</SensorState>
        </Trackpoint>
        <Trackpoint>
          <Time>2024-12-06T15:41:21Z</Time>
          <DistanceMeters>744.0</DistanceMeters>
          <HeartRateBpm>
            <Value>154</Value>
          </HeartRateBpm>
          <SensorState>Absent</SensorState>
        </Trackpoint>
        <Trackpoint>
          <Time>2024-12-06T15:41:22Z</Time>
          <DistanceMeters>744.0</DistanceMeters>
          <HeartRateBpm>
            <Value>155</Value>
          </HeartRateBpm>
          <SensorState>Absent</SensorState>
        </Trackpoint>
        <Trackpoint>
          <Time>2024-12-06T15:41:23Z</Time>
          <DistanceMeters>744.0</DistanceMeters>
          <HeartRateBpm>
            <Value>155</Value>
          </HeartRateBpm>
          <SensorState>Absent</SensorState>
        </Trackpoint>
        <Trackpoint>
          <Time>2024-12-06T15:41:25Z</Time>
          <DistanceMeters>744.0</DistanceMeters>
          <HeartRateBpm>
            <Value>157</Value>
          </HeartRateBpm>
          <SensorState>Absent</SensorState>
        </Trackpoint>
        <Trackpoint>
          <Time>2024-12-06T15:41:29Z</Time>
          <DistanceMeters>744.0</DistanceMeters>
          <HeartRateBpm>
            <Value>156</Value>
          </HeartRateBpm>
          <SensorState>Absent</SensorState>
        </Trackpoint>
        <Trackpoint>
          <Time>2024-12-06T15:41:30Z</Time>
          <DistanceMeters>744.0</DistanceMeters>
          <HeartRateBpm>
            <Value>153</Value>
          </HeartRateBpm>
          <SensorState>Absent</SensorState>
        </Trackpoint>
        <Trackpoint>
          <Time>2024-12-06T15:41:30Z</Time>
          <DistanceMeters>744.0</DistanceMeters>
          <HeartRateBpm>
            <Value>148</Value>
          </HeartRateBpm>
          <SensorState>Absent</SensorState>
        </Trackpoint>
        <Trackpoint>
          <Time>2024-12-06T15:41:31Z</Time>
          <DistanceMeters>744.0</DistanceMeters>
          <HeartRateBpm>
            <Value>148</Value>
          </HeartRateBpm>
          <SensorState>Absent</SensorState>
        </Trackpoint>
        <Trackpoint>
          <Time>2024-12-06T15:41:33Z</Time>
          <DistanceMeters>744.0</DistanceMeters>
          <HeartRateBpm>
            <Value>146</Value>
          </HeartRateBpm>
          <SensorState>Absent</SensorState>
        </Trackpoint>
        <Trackpoint>
          <Time>2024-12-06T15:41:34Z</Time>
          <DistanceMeters>744.0</DistanceMeters>
          <HeartRateBpm>
            <Value>151</Value>
          </HeartRateBpm>
          <SensorState>Absent</SensorState>
        </Trackpoint>
        <Trackpoint>
          <Time>2024-12-06T15:41:35Z</Time>
          <DistanceMeters>744.0</DistanceMeters>
          <HeartRateBpm>
            <Value>152</Value>
          </HeartRateBpm>
          <SensorState>Absent</SensorState>
        </Trackpoint>
        <Trackpoint>
          <Time>2024-12-06T15:41:38Z</Time>
          <DistanceMeters>744.0</DistanceMeters>
          <HeartRateBpm>
            <Value>151</Value>
          </HeartRateBpm>
          <SensorState>Absent</SensorState>
        </Trackpoint>
        <Trackpoint>
          <Time>2024-12-06T15:41:40Z</Time>
          <DistanceMeters>744.0</DistanceMeters>
          <HeartRateBpm>
            <Value>150</Value>
          </HeartRateBpm>
          <SensorState>Absent</SensorState>
        </Trackpoint>
        <Trackpoint>
          <Time>2024-12-06T15:41:42Z</Time>
          <DistanceMeters>744.0</DistanceMeters>
          <HeartRateBpm>
            <Value>152</Value>
          </HeartRateBpm>
          <SensorState>Absent</SensorState>
        </Trackpoint>
        <Trackpoint>
          <Time>2024-12-06T15:41:43Z</Time>
          <DistanceMeters>744.0</DistanceMeters>
          <HeartRateBpm>
            <Value>153</Value>
          </HeartRateBpm>
          <SensorState>Absent</SensorState>
        </Trackpoint>
        <Trackpoint>
          <Time>2024-12-06T15:41:44Z</Time>
          <DistanceMeters>744.0</DistanceMeters>
          <HeartRateBpm>
            <Value>152</Value>
          </HeartRateBpm>
          <SensorState>Absent</SensorState>
        </Trackpoint>
        <Trackpoint>
          <Time>2024-12-06T15:41:46Z</Time>
          <DistanceMeters>744.0</DistanceMeters>
          <HeartRateBpm>
            <Value>151</Value>
          </HeartRateBpm>
          <SensorState>Absent</SensorState>
        </Trackpoint>
        <Trackpoint>
          <Time>2024-12-06T15:41:47Z</Time>
          <DistanceMeters>744.0</DistanceMeters>
          <HeartRateBpm>
            <Value>147</Value>
          </HeartRateBpm>
          <SensorState>Absent</SensorState>
        </Trackpoint>
        <Trackpoint>
          <Time>2024-12-06T15:41:49Z</Time>
          <DistanceMeters>744.0</DistanceMeters>
          <HeartRateBpm>
            <Value>148</Value>
          </HeartRateBpm>
          <SensorState>Absent</SensorState>
        </Trackpoint>
        <Trackpoint>
          <Time>2024-12-06T15:41:51Z</Time>
          <DistanceMeters>744.0</DistanceMeters>
          <HeartRateBpm>
            <Value>147</Value>
          </HeartRateBpm>
          <SensorState>Absent</SensorState>
        </Trackpoint>
        <Trackpoint>
          <Time>2024-12-06T15:41:52Z</Time>
          <DistanceMeters>744.0</DistanceMeters>
          <HeartRateBpm>
            <Value>146</Value>
          </HeartRateBpm>
          <SensorState>Absent</SensorState>
        </Trackpoint>
        <Trackpoint>
          <Time>2024-12-06T15:41:55Z</Time>
          <DistanceMeters>744.0</DistanceMeters>
          <HeartRateBpm>
            <Value>144</Value>
          </HeartRateBpm>
          <SensorState>Absent</SensorState>
        </Trackpoint>
        <Trackpoint>
          <Time>2024-12-06T15:41:56Z</Time>
          <DistanceMeters>744.0</DistanceMeters>
          <HeartRateBpm>
            <Value>146</Value>
          </HeartRateBpm>
          <SensorState>Absent</SensorState>
        </Trackpoint>
        <Trackpoint>
          <Time>2024-12-06T15:41:57Z</Time>
          <DistanceMeters>744.0</DistanceMeters>
          <HeartRateBpm>
            <Value>150</Value>
          </HeartRateBpm>
          <SensorState>Absent</SensorState>
        </Trackpoint>
        <Trackpoint>
          <Time>2024-12-06T15:42:00Z</Time>
          <DistanceMeters>744.0</DistanceMeters>
          <HeartRateBpm>
            <Value>158</Value>
          </HeartRateBpm>
          <SensorState>Absent</SensorState>
        </Trackpoint>
        <Trackpoint>
          <Time>2024-12-06T15:42:00Z</Time>
          <DistanceMeters>744.0</DistanceMeters>
          <HeartRateBpm>
            <Value>148</Value>
          </HeartRateBpm>
          <SensorState>Absent</SensorState>
        </Trackpoint>
        <Trackpoint>
          <Time>2024-12-06T15:42:01Z</Time>
          <DistanceMeters>744.0</DistanceMeters>
          <HeartRateBpm>
            <Value>145</Value>
          </HeartRateBpm>
          <SensorState>Absent</SensorState>
        </Trackpoint>
        <Trackpoint>
          <Time>2024-12-06T15:42:02Z</Time>
          <DistanceMeters>744.0</DistanceMeters>
          <HeartRateBpm>
            <Value>144</Value>
          </HeartRateBpm>
          <SensorState>Absent</SensorState>
        </Trackpoint>
        <Trackpoint>
          <Time>2024-12-06T15:42:04Z</Time>
          <DistanceMeters>744.0</DistanceMeters>
          <HeartRateBpm>
            <Value>143</Value>
          </HeartRateBpm>
          <SensorState>Absent</SensorState>
        </Trackpoint>
        <Trackpoint>
          <Time>2024-12-06T15:42:04Z</Time>
          <DistanceMeters>744.0</DistanceMeters>
          <HeartRateBpm>
            <Value>142</Value>
          </HeartRateBpm>
          <SensorState>Absent</SensorState>
        </Trackpoint>
        <Trackpoint>
          <Time>2024-12-06T15:42:05Z</Time>
          <DistanceMeters>758.0</DistanceMeters>
          <HeartRateBpm>
            <Value>142</Value>
          </HeartRateBpm>
          <SensorState>Absent</SensorState>
        </Trackpoint>
        <Trackpoint>
          <Time>2024-12-06T15:42:08Z</Time>
          <DistanceMeters>758.0</DistanceMeters>
          <HeartRateBpm>
            <Value>141</Value>
          </HeartRateBpm>
          <SensorState>Absent</SensorState>
        </Trackpoint>
        <Trackpoint>
          <Time>2024-12-06T15:42:09Z</Time>
          <DistanceMeters>758.0</DistanceMeters>
          <HeartRateBpm>
            <Value>142</Value>
          </HeartRateBpm>
          <SensorState>Absent</SensorState>
        </Trackpoint>
        <Trackpoint>
          <Time>2024-12-06T15:42:12Z</Time>
          <DistanceMeters>758.0</DistanceMeters>
          <HeartRateBpm>
            <Value>143</Value>
          </HeartRateBpm>
          <SensorState>Absent</SensorState>
        </Trackpoint>
        <Trackpoint>
          <Time>2024-12-06T15:42:13Z</Time>
          <DistanceMeters>758.0</DistanceMeters>
          <HeartRateBpm>
            <Value>145</Value>
          </HeartRateBpm>
          <SensorState>Absent</SensorState>
        </Trackpoint>
        <Trackpoint>
          <Time>2024-12-06T15:42:15Z</Time>
          <DistanceMeters>758.0</DistanceMeters>
          <HeartRateBpm>
            <Value>144</Value>
          </HeartRateBpm>
          <SensorState>Absent</SensorState>
        </Trackpoint>
        <Trackpoint>
          <Time>2024-12-06T15:42:17Z</Time>
          <DistanceMeters>758.0</DistanceMeters>
          <HeartRateBpm>
            <Value>141</Value>
          </HeartRateBpm>
          <SensorState>Absent</SensorState>
        </Trackpoint>
        <Trackpoint>
          <Time>2024-12-06T15:42:18Z</Time>
          <DistanceMeters>758.0</DistanceMeters>
          <HeartRateBpm>
            <Value>139</Value>
          </HeartRateBpm>
          <SensorState>Absent</SensorState>
        </Trackpoint>
        <Trackpoint>
          <Time>2024-12-06T15:42:21Z</Time>
          <DistanceMeters>758.0</DistanceMeters>
          <HeartRateBpm>
            <Value>141</Value>
          </HeartRateBpm>
          <SensorState>Absent</SensorState>
        </Trackpoint>
        <Trackpoint>
          <Time>2024-12-06T15:42:22Z</Time>
          <DistanceMeters>758.0</DistanceMeters>
          <HeartRateBpm>
            <Value>144</Value>
          </HeartRateBpm>
          <SensorState>Absent</SensorState>
        </Trackpoint>
        <Trackpoint>
          <Time>2024-12-06T15:42:23Z</Time>
          <DistanceMeters>758.0</DistanceMeters>
          <HeartRateBpm>
            <Value>145</Value>
          </HeartRateBpm>
          <SensorState>Absent</SensorState>
        </Trackpoint>
        <Trackpoint>
          <Time>2024-12-06T15:42:24Z</Time>
          <DistanceMeters>758.0</DistanceMeters>
          <HeartRateBpm>
            <Value>148</Value>
          </HeartRateBpm>
          <SensorState>Absent</SensorState>
        </Trackpoint>
        <Trackpoint>
          <Time>2024-12-06T15:42:25Z</Time>
          <DistanceMeters>758.0</DistanceMeters>
          <HeartRateBpm>
            <Value>148</Value>
          </HeartRateBpm>
          <SensorState>Absent</SensorState>
        </Trackpoint>
        <Trackpoint>
          <Time>2024-12-06T15:42:25Z</Time>
          <DistanceMeters>758.0</DistanceMeters>
          <HeartRateBpm>
            <Value>155</Value>
          </HeartRateBpm>
          <SensorState>Absent</SensorState>
        </Trackpoint>
        <Trackpoint>
          <Time>2024-12-06T15:42:26Z</Time>
          <DistanceMeters>758.0</DistanceMeters>
          <HeartRateBpm>
            <Value>155</Value>
          </HeartRateBpm>
          <SensorState>Absent</SensorState>
        </Trackpoint>
        <Trackpoint>
          <Time>2024-12-06T15:42:27Z</Time>
          <DistanceMeters>758.0</DistanceMeters>
          <HeartRateBpm>
            <Value>157</Value>
          </HeartRateBpm>
          <SensorState>Absent</SensorState>
        </Trackpoint>
        <Trackpoint>
          <Time>2024-12-06T15:42:28Z</Time>
          <DistanceMeters>758.0</DistanceMeters>
          <HeartRateBpm>
            <Value>160</Value>
          </HeartRateBpm>
          <SensorState>Absent</SensorState>
        </Trackpoint>
        <Trackpoint>
          <Time>2024-12-06T15:42:29Z</Time>
          <DistanceMeters>758.0</DistanceMeters>
          <HeartRateBpm>
            <Value>166</Value>
          </HeartRateBpm>
          <SensorState>Absent</SensorState>
        </Trackpoint>
        <Trackpoint>
          <Time>2024-12-06T15:42:30Z</Time>
          <DistanceMeters>758.0</DistanceMeters>
          <HeartRateBpm>
            <Value>166</Value>
          </HeartRateBpm>
          <SensorState>Absent</SensorState>
        </Trackpoint>
        <Trackpoint>
          <Time>2024-12-06T15:42:30Z</Time>
          <DistanceMeters>758.0</DistanceMeters>
          <HeartRateBpm>
            <Value>172</Value>
          </HeartRateBpm>
          <SensorState>Absent</SensorState>
        </Trackpoint>
        <Trackpoint>
          <Time>2024-12-06T15:42:31Z</Time>
          <DistanceMeters>758.0</DistanceMeters>
          <HeartRateBpm>
            <Value>172</Value>
          </HeartRateBpm>
          <SensorState>Absent</SensorState>
        </Trackpoint>
        <Trackpoint>
          <Time>2024-12-06T15:42:32Z</Time>
          <DistanceMeters>758.0</DistanceMeters>
          <HeartRateBpm>
            <Value>175</Value>
          </HeartRateBpm>
          <SensorState>Absent</SensorState>
        </Trackpoint>
        <Trackpoint>
          <Time>2024-12-06T15:42:34Z</Time>
          <DistanceMeters>758.0</DistanceMeters>
          <HeartRateBpm>
            <Value>174</Value>
          </HeartRateBpm>
          <SensorState>Absent</SensorState>
        </Trackpoint>
        <Trackpoint>
          <Time>2024-12-06T15:42:35Z</Time>
          <DistanceMeters>758.0</DistanceMeters>
          <HeartRateBpm>
            <Value>173</Value>
          </HeartRateBpm>
          <SensorState>Absent</SensorState>
        </Trackpoint>
        <Trackpoint>
          <Time>2024-12-06T15:42:40Z</Time>
          <DistanceMeters>758.0</DistanceMeters>
          <HeartRateBpm>
            <Value>172</Value>
          </HeartRateBpm>
          <SensorState>Absent</SensorState>
        </Trackpoint>
        <Trackpoint>
          <Time>2024-12-06T15:42:41Z</Time>
          <DistanceMeters>758.0</DistanceMeters>
          <HeartRateBpm>
            <Value>173</Value>
          </HeartRateBpm>
          <SensorState>Absent</SensorState>
        </Trackpoint>
        <Trackpoint>
          <Time>2024-12-06T15:42:43Z</Time>
          <DistanceMeters>758.0</DistanceMeters>
          <HeartRateBpm>
            <Value>175</Value>
          </HeartRateBpm>
          <SensorState>Absent</SensorState>
        </Trackpoint>
        <Trackpoint>
          <Time>2024-12-06T15:42:47Z</Time>
          <DistanceMeters>758.0</DistanceMeters>
          <HeartRateBpm>
            <Value>177</Value>
          </HeartRateBpm>
          <SensorState>Absent</SensorState>
        </Trackpoint>
        <Trackpoint>
          <Time>2024-12-06T15:42:49Z</Time>
          <DistanceMeters>758.0</DistanceMeters>
          <HeartRateBpm>
            <Value>175</Value>
          </HeartRateBpm>
          <SensorState>Absent</SensorState>
        </Trackpoint>
        <Trackpoint>
          <Time>2024-12-06T15:42:51Z</Time>
          <DistanceMeters>758.0</DistanceMeters>
          <HeartRateBpm>
            <Value>174</Value>
          </HeartRateBpm>
          <SensorState>Absent</SensorState>
        </Trackpoint>
        <Trackpoint>
          <Time>2024-12-06T15:42:52Z</Time>
          <DistanceMeters>758.0</DistanceMeters>
          <HeartRateBpm>
            <Value>177</Value>
          </HeartRateBpm>
          <SensorState>Absent</SensorState>
        </Trackpoint>
        <Trackpoint>
          <Time>2024-12-06T15:42:52Z</Time>
          <DistanceMeters>758.0</DistanceMeters>
          <HeartRateBpm>
            <Value>179</Value>
          </HeartRateBpm>
          <SensorState>Absent</SensorState>
        </Trackpoint>
        <Trackpoint>
          <Time>2024-12-06T15:42:53Z</Time>
          <DistanceMeters>758.0</DistanceMeters>
          <HeartRateBpm>
            <Value>179</Value>
          </HeartRateBpm>
          <SensorState>Absent</SensorState>
        </Trackpoint>
        <Trackpoint>
          <Time>2024-12-06T15:42:54Z</Time>
          <DistanceMeters>758.0</DistanceMeters>
          <HeartRateBpm>
            <Value>181</Value>
          </HeartRateBpm>
          <SensorState>Absent</SensorState>
        </Trackpoint>
        <Trackpoint>
          <Time>2024-12-06T15:42:56Z</Time>
          <DistanceMeters>758.0</DistanceMeters>
          <HeartRateBpm>
            <Value>180</Value>
          </HeartRateBpm>
          <SensorState>Absent</SensorState>
        </Trackpoint>
        <Trackpoint>
          <Time>2024-12-06T15:42:57Z</Time>
          <DistanceMeters>758.0</DistanceMeters>
          <HeartRateBpm>
            <Value>179</Value>
          </HeartRateBpm>
          <SensorState>Absent</SensorState>
        </Trackpoint>
        <Trackpoint>
          <Time>2024-12-06T15:42:58Z</Time>
          <DistanceMeters>758.0</DistanceMeters>
          <HeartRateBpm>
            <Value>178</Value>
          </HeartRateBpm>
          <SensorState>Absent</SensorState>
        </Trackpoint>
        <Trackpoint>
          <Time>2024-12-06T15:43:00Z</Time>
          <DistanceMeters>758.0</DistanceMeters>
          <HeartRateBpm>
            <Value>175</Value>
          </HeartRateBpm>
          <SensorState>Absent</SensorState>
        </Trackpoint>
        <Trackpoint>
          <Time>2024-12-06T15:43:00Z</Time>
          <DistanceMeters>758.0</DistanceMeters>
          <HeartRateBpm>
            <Value>179</Value>
          </HeartRateBpm>
          <SensorState>Absent</SensorState>
        </Trackpoint>
        <Trackpoint>
          <Time>2024-12-06T15:43:01Z</Time>
          <DistanceMeters>758.0</DistanceMeters>
          <HeartRateBpm>
            <Value>182</Value>
          </HeartRateBpm>
          <SensorState>Absent</SensorState>
        </Trackpoint>
        <Trackpoint>
          <Time>2024-12-06T15:43:01Z</Time>
          <DistanceMeters>758.0</DistanceMeters>
          <HeartRateBpm>
            <Value>185</Value>
          </HeartRateBpm>
          <SensorState>Absent</SensorState>
        </Trackpoint>
        <Trackpoint>
          <Time>2024-12-06T15:43:02Z</Time>
          <DistanceMeters>758.0</DistanceMeters>
          <HeartRateBpm>
            <Value>185</Value>
          </HeartRateBpm>
          <SensorState>Absent</SensorState>
        </Trackpoint>
        <Trackpoint>
          <Time>2024-12-06T15:43:04Z</Time>
          <DistanceMeters>758.0</DistanceMeters>
          <HeartRateBpm>
            <Value>186</Value>
          </HeartRateBpm>
          <SensorState>Absent</SensorState>
        </Trackpoint>
        <Trackpoint>
          <Time>2024-12-06T15:43:07Z</Time>
          <DistanceMeters>772.0</DistanceMeters>
          <HeartRateBpm>
            <Value>187</Value>
          </HeartRateBpm>
          <SensorState>Absent</SensorState>
        </Trackpoint>
        <Trackpoint>
          <Time>2024-12-06T15:43:09Z</Time>
          <DistanceMeters>772.0</DistanceMeters>
          <HeartRateBpm>
            <Value>188</Value>
          </HeartRateBpm>
          <SensorState>Absent</SensorState>
        </Trackpoint>
        <Trackpoint>
          <Time>2024-12-06T15:43:10Z</Time>
          <DistanceMeters>772.0</DistanceMeters>
          <HeartRateBpm>
            <Value>187</Value>
          </HeartRateBpm>
          <SensorState>Absent</SensorState>
        </Trackpoint>
        <Trackpoint>
          <Time>2024-12-06T15:43:11Z</Time>
          <DistanceMeters>772.0</DistanceMeters>
          <HeartRateBpm>
            <Value>186</Value>
          </HeartRateBpm>
          <SensorState>Absent</SensorState>
        </Trackpoint>
        <Trackpoint>
          <Time>2024-12-06T15:43:13Z</Time>
          <DistanceMeters>772.0</DistanceMeters>
          <HeartRateBpm>
            <Value>184</Value>
          </HeartRateBpm>
          <SensorState>Absent</SensorState>
        </Trackpoint>
        <Trackpoint>
          <Time>2024-12-06T15:43:14Z</Time>
          <DistanceMeters>772.0</DistanceMeters>
          <HeartRateBpm>
            <Value>183</Value>
          </HeartRateBpm>
          <SensorState>Absent</SensorState>
        </Trackpoint>
        <Trackpoint>
          <Time>2024-12-06T15:43:15Z</Time>
          <DistanceMeters>772.0</DistanceMeters>
          <HeartRateBpm>
            <Value>182</Value>
          </HeartRateBpm>
          <SensorState>Absent</SensorState>
        </Trackpoint>
        <Trackpoint>
          <Time>2024-12-06T15:43:17Z</Time>
          <DistanceMeters>772.0</DistanceMeters>
          <HeartRateBpm>
            <Value>181</Value>
          </HeartRateBpm>
          <SensorState>Absent</SensorState>
        </Trackpoint>
        <Trackpoint>
          <Time>2024-12-06T15:43:18Z</Time>
          <DistanceMeters>772.0</DistanceMeters>
          <HeartRateBpm>
            <Value>180</Value>
          </HeartRateBpm>
          <SensorState>Absent</SensorState>
        </Trackpoint>
        <Trackpoint>
          <Time>2024-12-06T15:43:23Z</Time>
          <DistanceMeters>772.0</DistanceMeters>
          <HeartRateBpm>
            <Value>182</Value>
          </HeartRateBpm>
          <SensorState>Absent</SensorState>
        </Trackpoint>
        <Trackpoint>
          <Time>2024-12-06T15:43:24Z</Time>
          <DistanceMeters>772.0</DistanceMeters>
          <HeartRateBpm>
            <Value>184</Value>
          </HeartRateBpm>
          <SensorState>Absent</SensorState>
        </Trackpoint>
        <Trackpoint>
          <Time>2024-12-06T15:43:26Z</Time>
          <DistanceMeters>772.0</DistanceMeters>
          <HeartRateBpm>
            <Value>179</Value>
          </HeartRateBpm>
          <SensorState>Absent</SensorState>
        </Trackpoint>
        <Trackpoint>
          <Time>2024-12-06T15:43:26Z</Time>
          <DistanceMeters>772.0</DistanceMeters>
          <HeartRateBpm>
            <Value>180</Value>
          </HeartRateBpm>
          <SensorState>Absent</SensorState>
        </Trackpoint>
        <Trackpoint>
          <Time>2024-12-06T15:43:27Z</Time>
          <DistanceMeters>772.0</DistanceMeters>
          <HeartRateBpm>
            <Value>179</Value>
          </HeartRateBpm>
          <SensorState>Absent</SensorState>
        </Trackpoint>
        <Trackpoint>
          <Time>2024-12-06T15:43:28Z</Time>
          <DistanceMeters>772.0</DistanceMeters>
          <HeartRateBpm>
            <Value>177</Value>
          </HeartRateBpm>
          <SensorState>Absent</SensorState>
        </Trackpoint>
        <Trackpoint>
          <Time>2024-12-06T15:43:30Z</Time>
          <DistanceMeters>772.0</DistanceMeters>
          <HeartRateBpm>
            <Value>176</Value>
          </HeartRateBpm>
          <SensorState>Absent</SensorState>
        </Trackpoint>
        <Trackpoint>
          <Time>2024-12-06T15:43:31Z</Time>
          <DistanceMeters>772.0</DistanceMeters>
          <HeartRateBpm>
            <Value>177</Value>
          </HeartRateBpm>
          <SensorState>Absent</SensorState>
        </Trackpoint>
        <Trackpoint>
          <Time>2024-12-06T15:43:32Z</Time>
          <DistanceMeters>772.0</DistanceMeters>
          <HeartRateBpm>
            <Value>178</Value>
          </HeartRateBpm>
          <SensorState>Absent</SensorState>
        </Trackpoint>
        <Trackpoint>
          <Time>2024-12-06T15:43:33Z</Time>
          <DistanceMeters>772.0</DistanceMeters>
          <HeartRateBpm>
            <Value>179</Value>
          </HeartRateBpm>
          <SensorState>Absent</SensorState>
        </Trackpoint>
        <Trackpoint>
          <Time>2024-12-06T15:43:35Z</Time>
          <DistanceMeters>772.0</DistanceMeters>
          <HeartRateBpm>
            <Value>180</Value>
          </HeartRateBpm>
          <SensorState>Absent</SensorState>
        </Trackpoint>
        <Trackpoint>
          <Time>2024-12-06T15:43:36Z</Time>
          <DistanceMeters>772.0</DistanceMeters>
          <HeartRateBpm>
            <Value>181</Value>
          </HeartRateBpm>
          <SensorState>Absent</SensorState>
        </Trackpoint>
        <Trackpoint>
          <Time>2024-12-06T15:43:39Z</Time>
          <DistanceMeters>772.0</DistanceMeters>
          <HeartRateBpm>
            <Value>180</Value>
          </HeartRateBpm>
          <SensorState>Absent</SensorState>
        </Trackpoint>
        <Trackpoint>
          <Time>2024-12-06T15:43:40Z</Time>
          <DistanceMeters>772.0</DistanceMeters>
          <HeartRateBpm>
            <Value>179</Value>
          </HeartRateBpm>
          <SensorState>Absent</SensorState>
        </Trackpoint>
        <Trackpoint>
          <Time>2024-12-06T15:43:43Z</Time>
          <DistanceMeters>772.0</DistanceMeters>
          <HeartRateBpm>
            <Value>178</Value>
          </HeartRateBpm>
          <SensorState>Absent</SensorState>
        </Trackpoint>
        <Trackpoint>
          <Time>2024-12-06T15:43:47Z</Time>
          <DistanceMeters>772.0</DistanceMeters>
          <HeartRateBpm>
            <Value>181</Value>
          </HeartRateBpm>
          <SensorState>Absent</SensorState>
        </Trackpoint>
        <Trackpoint>
          <Time>2024-12-06T15:43:48Z</Time>
          <DistanceMeters>772.0</DistanceMeters>
          <HeartRateBpm>
            <Value>182</Value>
          </HeartRateBpm>
          <SensorState>Absent</SensorState>
        </Trackpoint>
        <Trackpoint>
          <Time>2024-12-06T15:43:53Z</Time>
          <DistanceMeters>772.0</DistanceMeters>
          <HeartRateBpm>
            <Value>182</Value>
          </HeartRateBpm>
          <SensorState>Absent</SensorState>
        </Trackpoint>
        <Trackpoint>
          <Time>2024-12-06T15:43:55Z</Time>
          <DistanceMeters>772.0</DistanceMeters>
          <HeartRateBpm>
            <Value>181</Value>
          </HeartRateBpm>
          <SensorState>Absent</SensorState>
        </Trackpoint>
        <Trackpoint>
          <Time>2024-12-06T15:43:56Z</Time>
          <DistanceMeters>772.0</DistanceMeters>
          <HeartRateBpm>
            <Value>179</Value>
          </HeartRateBpm>
          <SensorState>Absent</SensorState>
        </Trackpoint>
        <Trackpoint>
          <Time>2024-12-06T15:43:58Z</Time>
          <DistanceMeters>772.0</DistanceMeters>
          <HeartRateBpm>
            <Value>178</Value>
          </HeartRateBpm>
          <SensorState>Absent</SensorState>
        </Trackpoint>
        <Trackpoint>
          <Time>2024-12-06T15:44:00Z</Time>
          <DistanceMeters>772.0</DistanceMeters>
          <HeartRateBpm>
            <Value>174</Value>
          </HeartRateBpm>
          <SensorState>Absent</SensorState>
        </Trackpoint>
        <Trackpoint>
          <Time>2024-12-06T15:44:01Z</Time>
          <DistanceMeters>772.0</DistanceMeters>
          <HeartRateBpm>
            <Value>177</Value>
          </HeartRateBpm>
          <SensorState>Absent</SensorState>
        </Trackpoint>
        <Trackpoint>
          <Time>2024-12-06T15:44:04Z</Time>
          <DistanceMeters>772.0</DistanceMeters>
          <HeartRateBpm>
            <Value>176</Value>
          </HeartRateBpm>
          <SensorState>Absent</SensorState>
        </Trackpoint>
        <Trackpoint>
          <Time>2024-12-06T15:44:06Z</Time>
          <DistanceMeters>786.0</DistanceMeters>
          <HeartRateBpm>
            <Value>175</Value>
          </HeartRateBpm>
          <SensorState>Absent</SensorState>
        </Trackpoint>
        <Trackpoint>
          <Time>2024-12-06T15:44:08Z</Time>
          <DistanceMeters>786.0</DistanceMeters>
          <HeartRateBpm>
            <Value>174</Value>
          </HeartRateBpm>
          <SensorState>Absent</SensorState>
        </Trackpoint>
        <Trackpoint>
          <Time>2024-12-06T15:44:09Z</Time>
          <DistanceMeters>786.0</DistanceMeters>
          <HeartRateBpm>
            <Value>172</Value>
          </HeartRateBpm>
          <SensorState>Absent</SensorState>
        </Trackpoint>
        <Trackpoint>
          <Time>2024-12-06T15:44:09Z</Time>
          <DistanceMeters>786.0</DistanceMeters>
          <HeartRateBpm>
            <Value>172</Value>
          </HeartRateBpm>
          <SensorState>Absent</SensorState>
        </Trackpoint>
        <Trackpoint>
          <Time>2024-12-06T15:44:10Z</Time>
          <DistanceMeters>786.0</DistanceMeters>
          <HeartRateBpm>
            <Value>170</Value>
          </HeartRateBpm>
          <SensorState>Absent</SensorState>
        </Trackpoint>
        <Trackpoint>
          <Time>2024-12-06T15:44:15Z</Time>
          <DistanceMeters>786.0</DistanceMeters>
          <HeartRateBpm>
            <Value>170</Value>
          </HeartRateBpm>
          <SensorState>Absent</SensorState>
        </Trackpoint>
        <Trackpoint>
          <Time>2024-12-06T15:44:17Z</Time>
          <DistanceMeters>786.0</DistanceMeters>
          <HeartRateBpm>
            <Value>171</Value>
          </HeartRateBpm>
          <SensorState>Absent</SensorState>
        </Trackpoint>
        <Trackpoint>
          <Time>2024-12-06T15:44:18Z</Time>
          <DistanceMeters>786.0</DistanceMeters>
          <HeartRateBpm>
            <Value>172</Value>
          </HeartRateBpm>
          <SensorState>Absent</SensorState>
        </Trackpoint>
        <Trackpoint>
          <Time>2024-12-06T15:44:19Z</Time>
          <DistanceMeters>786.0</DistanceMeters>
          <HeartRateBpm>
            <Value>173</Value>
          </HeartRateBpm>
          <SensorState>Absent</SensorState>
        </Trackpoint>
        <Trackpoint>
          <Time>2024-12-06T15:44:21Z</Time>
          <DistanceMeters>786.0</DistanceMeters>
          <HeartRateBpm>
            <Value>174</Value>
          </HeartRateBpm>
          <SensorState>Absent</SensorState>
        </Trackpoint>
        <Trackpoint>
          <Time>2024-12-06T15:44:22Z</Time>
          <DistanceMeters>786.0</DistanceMeters>
          <HeartRateBpm>
            <Value>172</Value>
          </HeartRateBpm>
          <SensorState>Absent</SensorState>
        </Trackpoint>
        <Trackpoint>
          <Time>2024-12-06T15:44:23Z</Time>
          <DistanceMeters>786.0</DistanceMeters>
          <HeartRateBpm>
            <Value>170</Value>
          </HeartRateBpm>
          <SensorState>Absent</SensorState>
        </Trackpoint>
        <Trackpoint>
          <Time>2024-12-06T15:44:27Z</Time>
          <DistanceMeters>786.0</DistanceMeters>
          <HeartRateBpm>
            <Value>171</Value>
          </HeartRateBpm>
          <SensorState>Absent</SensorState>
        </Trackpoint>
        <Trackpoint>
          <Time>2024-12-06T15:44:30Z</Time>
          <DistanceMeters>786.0</DistanceMeters>
          <HeartRateBpm>
            <Value>173</Value>
          </HeartRateBpm>
          <SensorState>Absent</SensorState>
        </Trackpoint>
        <Trackpoint>
          <Time>2024-12-06T15:44:32Z</Time>
          <DistanceMeters>786.0</DistanceMeters>
          <HeartRateBpm>
            <Value>174</Value>
          </HeartRateBpm>
          <SensorState>Absent</SensorState>
        </Trackpoint>
        <Trackpoint>
          <Time>2024-12-06T15:44:34Z</Time>
          <DistanceMeters>786.0</DistanceMeters>
          <HeartRateBpm>
            <Value>176</Value>
          </HeartRateBpm>
          <SensorState>Absent</SensorState>
        </Trackpoint>
        <Trackpoint>
          <Time>2024-12-06T15:44:35Z</Time>
          <DistanceMeters>786.0</DistanceMeters>
          <HeartRateBpm>
            <Value>178</Value>
          </HeartRateBpm>
          <SensorState>Absent</SensorState>
        </Trackpoint>
        <Trackpoint>
          <Time>2024-12-06T15:44:35Z</Time>
          <DistanceMeters>786.0</DistanceMeters>
          <HeartRateBpm>
            <Value>178</Value>
          </HeartRateBpm>
          <SensorState>Absent</SensorState>
        </Trackpoint>
        <Trackpoint>
          <Time>2024-12-06T15:44:37Z</Time>
          <DistanceMeters>786.0</DistanceMeters>
          <HeartRateBpm>
            <Value>177</Value>
          </HeartRateBpm>
          <SensorState>Absent</SensorState>
        </Trackpoint>
        <Trackpoint>
          <Time>2024-12-06T15:44:41Z</Time>
          <DistanceMeters>786.0</DistanceMeters>
          <HeartRateBpm>
            <Value>178</Value>
          </HeartRateBpm>
          <SensorState>Absent</SensorState>
        </Trackpoint>
        <Trackpoint>
          <Time>2024-12-06T15:44:44Z</Time>
          <DistanceMeters>786.0</DistanceMeters>
          <HeartRateBpm>
            <Value>176</Value>
          </HeartRateBpm>
          <SensorState>Absent</SensorState>
        </Trackpoint>
        <Trackpoint>
          <Time>2024-12-06T15:44:45Z</Time>
          <DistanceMeters>786.0</DistanceMeters>
          <HeartRateBpm>
            <Value>175</Value>
          </HeartRateBpm>
          <SensorState>Absent</SensorState>
        </Trackpoint>
        <Trackpoint>
          <Time>2024-12-06T15:44:50Z</Time>
          <DistanceMeters>786.0</DistanceMeters>
          <HeartRateBpm>
            <Value>176</Value>
          </HeartRateBpm>
          <SensorState>Absent</SensorState>
        </Trackpoint>
        <Trackpoint>
          <Time>2024-12-06T15:44:53Z</Time>
          <DistanceMeters>786.0</DistanceMeters>
          <HeartRateBpm>
            <Value>177</Value>
          </HeartRateBpm>
          <SensorState>Absent</SensorState>
        </Trackpoint>
        <Trackpoint>
          <Time>2024-12-06T15:44:56Z</Time>
          <DistanceMeters>786.0</DistanceMeters>
          <HeartRateBpm>
            <Value>176</Value>
          </HeartRateBpm>
          <SensorState>Absent</SensorState>
        </Trackpoint>
        <Trackpoint>
          <Time>2024-12-06T15:44:57Z</Time>
          <DistanceMeters>786.0</DistanceMeters>
          <HeartRateBpm>
            <Value>175</Value>
          </HeartRateBpm>
          <SensorState>Absent</SensorState>
        </Trackpoint>
        <Trackpoint>
          <Time>2024-12-06T15:44:58Z</Time>
          <DistanceMeters>786.0</DistanceMeters>
          <HeartRateBpm>
            <Value>176</Value>
          </HeartRateBpm>
          <SensorState>Absent</SensorState>
        </Trackpoint>
        <Trackpoint>
          <Time>2024-12-06T15:45:00Z</Time>
          <DistanceMeters>786.0</DistanceMeters>
          <HeartRateBpm>
            <Value>173</Value>
          </HeartRateBpm>
          <SensorState>Absent</SensorState>
        </Trackpoint>
        <Trackpoint>
          <Time>2024-12-06T15:45:00Z</Time>
          <DistanceMeters>786.0</DistanceMeters>
          <HeartRateBpm>
            <Value>178</Value>
          </HeartRateBpm>
          <SensorState>Absent</SensorState>
        </Trackpoint>
        <Trackpoint>
          <Time>2024-12-06T15:45:02Z</Time>
          <DistanceMeters>786.0</DistanceMeters>
          <HeartRateBpm>
            <Value>177</Value>
          </HeartRateBpm>
          <SensorState>Absent</SensorState>
        </Trackpoint>
        <Trackpoint>
          <Time>2024-12-06T15:45:03Z</Time>
          <DistanceMeters>786.0</DistanceMeters>
          <HeartRateBpm>
            <Value>175</Value>
          </HeartRateBpm>
          <SensorState>Absent</SensorState>
        </Trackpoint>
        <Trackpoint>
          <Time>2024-12-06T15:45:09Z</Time>
          <DistanceMeters>800.0</DistanceMeters>
          <HeartRateBpm>
            <Value>174</Value>
          </HeartRateBpm>
          <SensorState>Absent</SensorState>
        </Trackpoint>
        <Trackpoint>
          <Time>2024-12-06T15:45:10Z</Time>
          <DistanceMeters>800.0</DistanceMeters>
          <HeartRateBpm>
            <Value>175</Value>
          </HeartRateBpm>
          <SensorState>Absent</SensorState>
        </Trackpoint>
        <Trackpoint>
          <Time>2024-12-06T15:45:14Z</Time>
          <DistanceMeters>800.0</DistanceMeters>
          <HeartRateBpm>
            <Value>173</Value>
          </HeartRateBpm>
          <SensorState>Absent</SensorState>
        </Trackpoint>
        <Trackpoint>
          <Time>2024-12-06T15:45:15Z</Time>
          <DistanceMeters>800.0</DistanceMeters>
          <HeartRateBpm>
            <Value>174</Value>
          </HeartRateBpm>
          <SensorState>Absent</SensorState>
        </Trackpoint>
        <Trackpoint>
          <Time>2024-12-06T15:45:16Z</Time>
          <DistanceMeters>800.0</DistanceMeters>
          <HeartRateBpm>
            <Value>175</Value>
          </HeartRateBpm>
          <SensorState>Absent</SensorState>
        </Trackpoint>
        <Trackpoint>
          <Time>2024-12-06T15:45:19Z</Time>
          <DistanceMeters>800.0</DistanceMeters>
          <HeartRateBpm>
            <Value>176</Value>
          </HeartRateBpm>
          <SensorState>Absent</SensorState>
        </Trackpoint>
        <Trackpoint>
          <Time>2024-12-06T15:45:22Z</Time>
          <DistanceMeters>800.0</DistanceMeters>
          <HeartRateBpm>
            <Value>177</Value>
          </HeartRateBpm>
          <SensorState>Absent</SensorState>
        </Trackpoint>
        <Trackpoint>
          <Time>2024-12-06T15:45:24Z</Time>
          <DistanceMeters>800.0</DistanceMeters>
          <HeartRateBpm>
            <Value>179</Value>
          </HeartRateBpm>
          <SensorState>Absent</SensorState>
        </Trackpoint>
        <Trackpoint>
          <Time>2024-12-06T15:45:29Z</Time>
          <DistanceMeters>800.0</DistanceMeters>
          <HeartRateBpm>
            <Value>177</Value>
          </HeartRateBpm>
          <SensorState>Absent</SensorState>
        </Trackpoint>
        <Trackpoint>
          <Time>2024-12-06T15:45:30Z</Time>
          <DistanceMeters>800.0</DistanceMeters>
          <HeartRateBpm>
            <Value>175</Value>
          </HeartRateBpm>
          <SensorState>Absent</SensorState>
        </Trackpoint>
        <Trackpoint>
          <Time>2024-12-06T15:45:31Z</Time>
          <DistanceMeters>800.0</DistanceMeters>
          <HeartRateBpm>
            <Value>171</Value>
          </HeartRateBpm>
          <SensorState>Absent</SensorState>
        </Trackpoint>
        <Trackpoint>
          <Time>2024-12-06T15:45:32Z</Time>
          <DistanceMeters>800.0</DistanceMeters>
          <HeartRateBpm>
            <Value>171</Value>
          </HeartRateBpm>
          <SensorState>Absent</SensorState>
        </Trackpoint>
        <Trackpoint>
          <Time>2024-12-06T15:45:37Z</Time>
          <DistanceMeters>800.0</DistanceMeters>
          <HeartRateBpm>
            <Value>170</Value>
          </HeartRateBpm>
          <SensorState>Absent</SensorState>
        </Trackpoint>
        <Trackpoint>
          <Time>2024-12-06T15:45:41Z</Time>
          <DistanceMeters>800.0</DistanceMeters>
          <HeartRateBpm>
            <Value>173</Value>
          </HeartRateBpm>
          <SensorState>Absent</SensorState>
        </Trackpoint>
        <Trackpoint>
          <Time>2024-12-06T15:45:42Z</Time>
          <DistanceMeters>800.0</DistanceMeters>
          <HeartRateBpm>
            <Value>176</Value>
          </HeartRateBpm>
          <SensorState>Absent</SensorState>
        </Trackpoint>
        <Trackpoint>
          <Time>2024-12-06T15:45:42Z</Time>
          <DistanceMeters>800.0</DistanceMeters>
          <HeartRateBpm>
            <Value>179</Value>
          </HeartRateBpm>
          <SensorState>Absent</SensorState>
        </Trackpoint>
        <Trackpoint>
          <Time>2024-12-06T15:45:43Z</Time>
          <DistanceMeters>800.0</DistanceMeters>
          <HeartRateBpm>
            <Value>179</Value>
          </HeartRateBpm>
          <SensorState>Absent</SensorState>
        </Trackpoint>
        <Trackpoint>
          <Time>2024-12-06T15:45:45Z</Time>
          <DistanceMeters>800.0</DistanceMeters>
          <HeartRateBpm>
            <Value>176</Value>
          </HeartRateBpm>
          <SensorState>Absent</SensorState>
        </Trackpoint>
        <Trackpoint>
          <Time>2024-12-06T15:45:46Z</Time>
          <DistanceMeters>800.0</DistanceMeters>
          <HeartRateBpm>
            <Value>175</Value>
          </HeartRateBpm>
          <SensorState>Absent</SensorState>
        </Trackpoint>
        <Trackpoint>
          <Time>2024-12-06T15:45:49Z</Time>
          <DistanceMeters>800.0</DistanceMeters>
          <HeartRateBpm>
            <Value>172</Value>
          </HeartRateBpm>
          <SensorState>Absent</SensorState>
        </Trackpoint>
        <Trackpoint>
          <Time>2024-12-06T15:45:50Z</Time>
          <DistanceMeters>800.0</DistanceMeters>
          <HeartRateBpm>
            <Value>172</Value>
          </HeartRateBpm>
          <SensorState>Absent</SensorState>
        </Trackpoint>
        <Trackpoint>
          <Time>2024-12-06T15:45:51Z</Time>
          <DistanceMeters>800.0</DistanceMeters>
          <HeartRateBpm>
            <Value>168</Value>
          </HeartRateBpm>
          <SensorState>Absent</SensorState>
        </Trackpoint>
        <Trackpoint>
          <Time>2024-12-06T15:45:53Z</Time>
          <DistanceMeters>800.0</DistanceMeters>
          <HeartRateBpm>
            <Value>167</Value>
          </HeartRateBpm>
          <SensorState>Absent</SensorState>
        </Trackpoint>
        <Trackpoint>
          <Time>2024-12-06T15:45:53Z</Time>
          <DistanceMeters>800.0</DistanceMeters>
          <HeartRateBpm>
            <Value>166</Value>
          </HeartRateBpm>
          <SensorState>Absent</SensorState>
        </Trackpoint>
        <Trackpoint>
          <Time>2024-12-06T15:45:54Z</Time>
          <DistanceMeters>800.0</DistanceMeters>
          <HeartRateBpm>
            <Value>166</Value>
          </HeartRateBpm>
          <SensorState>Absent</SensorState>
        </Trackpoint>
        <Trackpoint>
          <Time>2024-12-06T15:45:56Z</Time>
          <DistanceMeters>800.0</DistanceMeters>
          <HeartRateBpm>
            <Value>165</Value>
          </HeartRateBpm>
          <SensorState>Absent</SensorState>
        </Trackpoint>
        <Trackpoint>
          <Time>2024-12-06T15:45:59Z</Time>
          <DistanceMeters>800.0</DistanceMeters>
          <HeartRateBpm>
            <Value>167</Value>
          </HeartRateBpm>
          <SensorState>Absent</SensorState>
        </Trackpoint>
        <Trackpoint>
          <Time>2024-12-06T15:46:00Z</Time>
          <DistanceMeters>800.0</DistanceMeters>
          <HeartRateBpm>
            <Value>166</Value>
          </HeartRateBpm>
          <SensorState>Absent</SensorState>
        </Trackpoint>
        <Trackpoint>
          <Time>2024-12-06T15:46:02Z</Time>
          <DistanceMeters>800.0</DistanceMeters>
          <HeartRateBpm>
            <Value>166</Value>
          </HeartRateBpm>
          <SensorState>Absent</SensorState>
        </Trackpoint>
        <Trackpoint>
          <Time>2024-12-06T15:46:03Z</Time>
          <DistanceMeters>800.0</DistanceMeters>
          <HeartRateBpm>
            <Value>165</Value>
          </HeartRateBpm>
          <SensorState>Absent</SensorState>
        </Trackpoint>
        <Trackpoint>
          <Time>2024-12-06T15:46:06Z</Time>
          <DistanceMeters>815.0</DistanceMeters>
          <HeartRateBpm>
            <Value>164</Value>
          </HeartRateBpm>
          <SensorState>Absent</SensorState>
        </Trackpoint>
        <Trackpoint>
          <Time>2024-12-06T15:46:07Z</Time>
          <DistanceMeters>815.0</DistanceMeters>
          <HeartRateBpm>
            <Value>166</Value>
          </HeartRateBpm>
          <SensorState>Absent</SensorState>
        </Trackpoint>
        <Trackpoint>
          <Time>2024-12-06T15:46:09Z</Time>
          <DistanceMeters>815.0</DistanceMeters>
          <HeartRateBpm>
            <Value>165</Value>
          </HeartRateBpm>
          <SensorState>Absent</SensorState>
        </Trackpoint>
        <Trackpoint>
          <Time>2024-12-06T15:46:10Z</Time>
          <DistanceMeters>815.0</DistanceMeters>
          <HeartRateBpm>
            <Value>159</Value>
          </HeartRateBpm>
          <SensorState>Absent</SensorState>
        </Trackpoint>
        <Trackpoint>
          <Time>2024-12-06T15:46:11Z</Time>
          <DistanceMeters>815.0</DistanceMeters>
          <HeartRateBpm>
            <Value>159</Value>
          </HeartRateBpm>
          <SensorState>Absent</SensorState>
        </Trackpoint>
        <Trackpoint>
          <Time>2024-12-06T15:46:15Z</Time>
          <DistanceMeters>815.0</DistanceMeters>
          <HeartRateBpm>
            <Value>161</Value>
          </HeartRateBpm>
          <SensorState>Absent</SensorState>
        </Trackpoint>
        <Trackpoint>
          <Time>2024-12-06T15:46:16Z</Time>
          <DistanceMeters>815.0</DistanceMeters>
          <HeartRateBpm>
            <Value>163</Value>
          </HeartRateBpm>
          <SensorState>Absent</SensorState>
        </Trackpoint>
        <Trackpoint>
          <Time>2024-12-06T15:46:17Z</Time>
          <DistanceMeters>815.0</DistanceMeters>
          <HeartRateBpm>
            <Value>164</Value>
          </HeartRateBpm>
          <SensorState>Absent</SensorState>
        </Trackpoint>
        <Trackpoint>
          <Time>2024-12-06T15:46:19Z</Time>
          <DistanceMeters>815.0</DistanceMeters>
          <HeartRateBpm>
            <Value>166</Value>
          </HeartRateBpm>
          <SensorState>Absent</SensorState>
        </Trackpoint>
        <Trackpoint>
          <Time>2024-12-06T15:46:20Z</Time>
          <DistanceMeters>815.0</DistanceMeters>
          <HeartRateBpm>
            <Value>166</Value>
          </HeartRateBpm>
          <SensorState>Absent</SensorState>
        </Trackpoint>
        <Trackpoint>
          <Time>2024-12-06T15:46:21Z</Time>
          <DistanceMeters>815.0</DistanceMeters>
          <HeartRateBpm>
            <Value>167</Value>
          </HeartRateBpm>
          <SensorState>Absent</SensorState>
        </Trackpoint>
        <Trackpoint>
          <Time>2024-12-06T15:46:25Z</Time>
          <DistanceMeters>815.0</DistanceMeters>
          <HeartRateBpm>
            <Value>165</Value>
          </HeartRateBpm>
          <SensorState>Absent</SensorState>
        </Trackpoint>
        <Trackpoint>
          <Time>2024-12-06T15:46:26Z</Time>
          <DistanceMeters>815.0</DistanceMeters>
          <HeartRateBpm>
            <Value>164</Value>
          </HeartRateBpm>
          <SensorState>Absent</SensorState>
        </Trackpoint>
        <Trackpoint>
          <Time>2024-12-06T15:46:28Z</Time>
          <DistanceMeters>815.0</DistanceMeters>
          <HeartRateBpm>
            <Value>163</Value>
          </HeartRateBpm>
          <SensorState>Absent</SensorState>
        </Trackpoint>
        <Trackpoint>
          <Time>2024-12-06T15:46:30Z</Time>
          <DistanceMeters>815.0</DistanceMeters>
          <HeartRateBpm>
            <Value>162</Value>
          </HeartRateBpm>
          <SensorState>Absent</SensorState>
        </Trackpoint>
        <Trackpoint>
          <Time>2024-12-06T15:46:31Z</Time>
          <DistanceMeters>815.0</DistanceMeters>
          <HeartRateBpm>
            <Value>160</Value>
          </HeartRateBpm>
          <SensorState>Absent</SensorState>
        </Trackpoint>
        <Trackpoint>
          <Time>2024-12-06T15:46:32Z</Time>
          <DistanceMeters>815.0</DistanceMeters>
          <HeartRateBpm>
            <Value>160</Value>
          </HeartRateBpm>
          <SensorState>Absent</SensorState>
        </Trackpoint>
        <Trackpoint>
          <Time>2024-12-06T15:46:33Z</Time>
          <DistanceMeters>815.0</DistanceMeters>
          <HeartRateBpm>
            <Value>155</Value>
          </HeartRateBpm>
          <SensorState>Absent</SensorState>
        </Trackpoint>
        <Trackpoint>
          <Time>2024-12-06T15:46:37Z</Time>
          <DistanceMeters>815.0</DistanceMeters>
          <HeartRateBpm>
            <Value>154</Value>
          </HeartRateBpm>
          <SensorState>Absent</SensorState>
        </Trackpoint>
        <Trackpoint>
          <Time>2024-12-06T15:46:38Z</Time>
          <DistanceMeters>815.0</DistanceMeters>
          <HeartRateBpm>
            <Value>154</Value>
          </HeartRateBpm>
          <SensorState>Absent</SensorState>
        </Trackpoint>
        <Trackpoint>
          <Time>2024-12-06T15:46:39Z</Time>
          <DistanceMeters>815.0</DistanceMeters>
          <HeartRateBpm>
            <Value>155</Value>
          </HeartRateBpm>
          <SensorState>Absent</SensorState>
        </Trackpoint>
        <Trackpoint>
          <Time>2024-12-06T15:46:41Z</Time>
          <DistanceMeters>815.0</DistanceMeters>
          <HeartRateBpm>
            <Value>156</Value>
          </HeartRateBpm>
          <SensorState>Absent</SensorState>
        </Trackpoint>
        <Trackpoint>
          <Time>2024-12-06T15:46:42Z</Time>
          <DistanceMeters>815.0</DistanceMeters>
          <HeartRateBpm>
            <Value>157</Value>
          </HeartRateBpm>
          <SensorState>Absent</SensorState>
        </Trackpoint>
        <Trackpoint>
          <Time>2024-12-06T15:46:45Z</Time>
          <DistanceMeters>815.0</DistanceMeters>
          <HeartRateBpm>
            <Value>158</Value>
          </HeartRateBpm>
          <SensorState>Absent</SensorState>
        </Trackpoint>
        <Trackpoint>
          <Time>2024-12-06T15:46:47Z</Time>
          <DistanceMeters>815.0</DistanceMeters>
          <HeartRateBpm>
            <Value>159</Value>
          </HeartRateBpm>
          <SensorState>Absent</SensorState>
        </Trackpoint>
        <Trackpoint>
          <Time>2024-12-06T15:46:47Z</Time>
          <DistanceMeters>815.0</DistanceMeters>
          <HeartRateBpm>
            <Value>162</Value>
          </HeartRateBpm>
          <SensorState>Absent</SensorState>
        </Trackpoint>
        <Trackpoint>
          <Time>2024-12-06T15:46:48Z</Time>
          <DistanceMeters>815.0</DistanceMeters>
          <HeartRateBpm>
            <Value>162</Value>
          </HeartRateBpm>
          <SensorState>Absent</SensorState>
        </Trackpoint>
        <Trackpoint>
          <Time>2024-12-06T15:46:50Z</Time>
          <DistanceMeters>815.0</DistanceMeters>
          <HeartRateBpm>
            <Value>166</Value>
          </HeartRateBpm>
          <SensorState>Absent</SensorState>
        </Trackpoint>
        <Trackpoint>
          <Time>2024-12-06T15:46:50Z</Time>
          <DistanceMeters>815.0</DistanceMeters>
          <HeartRateBpm>
            <Value>168</Value>
          </HeartRateBpm>
          <SensorState>Absent</SensorState>
        </Trackpoint>
        <Trackpoint>
          <Time>2024-12-06T15:46:51Z</Time>
          <DistanceMeters>815.0</DistanceMeters>
          <HeartRateBpm>
            <Value>168</Value>
          </HeartRateBpm>
          <SensorState>Absent</SensorState>
        </Trackpoint>
        <Trackpoint>
          <Time>2024-12-06T15:46:52Z</Time>
          <DistanceMeters>815.0</DistanceMeters>
          <HeartRateBpm>
            <Value>170</Value>
          </HeartRateBpm>
          <SensorState>Absent</SensorState>
        </Trackpoint>
        <Trackpoint>
          <Time>2024-12-06T15:46:54Z</Time>
          <DistanceMeters>815.0</DistanceMeters>
          <HeartRateBpm>
            <Value>171</Value>
          </HeartRateBpm>
          <SensorState>Absent</SensorState>
        </Trackpoint>
        <Trackpoint>
          <Time>2024-12-06T15:46:58Z</Time>
          <DistanceMeters>815.0</DistanceMeters>
          <HeartRateBpm>
            <Value>172</Value>
          </HeartRateBpm>
          <SensorState>Absent</SensorState>
        </Trackpoint>
        <Trackpoint>
          <Time>2024-12-06T15:46:58Z</Time>
          <DistanceMeters>815.0</DistanceMeters>
          <HeartRateBpm>
            <Value>176</Value>
          </HeartRateBpm>
          <SensorState>Absent</SensorState>
        </Trackpoint>
        <Trackpoint>
          <Time>2024-12-06T15:46:59Z</Time>
          <DistanceMeters>815.0</DistanceMeters>
          <HeartRateBpm>
            <Value>176</Value>
          </HeartRateBpm>
          <SensorState>Absent</SensorState>
        </Trackpoint>
        <Trackpoint>
          <Time>2024-12-06T15:47:00Z</Time>
          <DistanceMeters>815.0</DistanceMeters>
          <HeartRateBpm>
            <Value>172</Value>
          </HeartRateBpm>
          <SensorState>Absent</SensorState>
        </Trackpoint>
        <Trackpoint>
          <Time>2024-12-06T15:47:00Z</Time>
          <DistanceMeters>815.0</DistanceMeters>
          <HeartRateBpm>
            <Value>178</Value>
          </HeartRateBpm>
          <SensorState>Absent</SensorState>
        </Trackpoint>
        <Trackpoint>
          <Time>2024-12-06T15:47:01Z</Time>
          <DistanceMeters>815.0</DistanceMeters>
          <HeartRateBpm>
            <Value>179</Value>
          </HeartRateBpm>
          <SensorState>Absent</SensorState>
        </Trackpoint>
        <Trackpoint>
          <Time>2024-12-06T15:47:03Z</Time>
          <DistanceMeters>815.0</DistanceMeters>
          <HeartRateBpm>
            <Value>181</Value>
          </HeartRateBpm>
          <SensorState>Absent</SensorState>
        </Trackpoint>
        <Trackpoint>
          <Time>2024-12-06T15:47:04Z</Time>
          <DistanceMeters>815.0</DistanceMeters>
          <HeartRateBpm>
            <Value>180</Value>
          </HeartRateBpm>
          <SensorState>Absent</SensorState>
        </Trackpoint>
        <Trackpoint>
          <Time>2024-12-06T15:47:05Z</Time>
          <DistanceMeters>829.0</DistanceMeters>
          <HeartRateBpm>
            <Value>178</Value>
          </HeartRateBpm>
          <SensorState>Absent</SensorState>
        </Trackpoint>
        <Trackpoint>
          <Time>2024-12-06T15:47:07Z</Time>
          <DistanceMeters>829.0</DistanceMeters>
          <HeartRateBpm>
            <Value>176</Value>
          </HeartRateBpm>
          <SensorState>Absent</SensorState>
        </Trackpoint>
        <Trackpoint>
          <Time>2024-12-06T15:47:09Z</Time>
          <DistanceMeters>829.0</DistanceMeters>
          <HeartRateBpm>
            <Value>179</Value>
          </HeartRateBpm>
          <SensorState>Absent</SensorState>
        </Trackpoint>
        <Trackpoint>
          <Time>2024-12-06T15:47:10Z</Time>
          <DistanceMeters>829.0</DistanceMeters>
          <HeartRateBpm>
            <Value>182</Value>
          </HeartRateBpm>
          <SensorState>Absent</SensorState>
        </Trackpoint>
        <Trackpoint>
          <Time>2024-12-06T15:47:11Z</Time>
          <DistanceMeters>829.0</DistanceMeters>
          <HeartRateBpm>
            <Value>182</Value>
          </HeartRateBpm>
          <SensorState>Absent</SensorState>
        </Trackpoint>
        <Trackpoint>
          <Time>2024-12-06T15:47:12Z</Time>
          <DistanceMeters>829.0</DistanceMeters>
          <HeartRateBpm>
            <Value>185</Value>
          </HeartRateBpm>
          <SensorState>Absent</SensorState>
        </Trackpoint>
        <Trackpoint>
          <Time>2024-12-06T15:47:16Z</Time>
          <DistanceMeters>829.0</DistanceMeters>
          <HeartRateBpm>
            <Value>182</Value>
          </HeartRateBpm>
          <SensorState>Absent</SensorState>
        </Trackpoint>
        <Trackpoint>
          <Time>2024-12-06T15:47:17Z</Time>
          <DistanceMeters>829.0</DistanceMeters>
          <HeartRateBpm>
            <Value>180</Value>
          </HeartRateBpm>
          <SensorState>Absent</SensorState>
        </Trackpoint>
        <Trackpoint>
          <Time>2024-12-06T15:47:18Z</Time>
          <DistanceMeters>829.0</DistanceMeters>
          <HeartRateBpm>
            <Value>179</Value>
          </HeartRateBpm>
          <SensorState>Absent</SensorState>
        </Trackpoint>
        <Trackpoint>
          <Time>2024-12-06T15:47:24Z</Time>
          <DistanceMeters>829.0</DistanceMeters>
          <HeartRateBpm>
            <Value>178</Value>
          </HeartRateBpm>
          <SensorState>Absent</SensorState>
        </Trackpoint>
        <Trackpoint>
          <Time>2024-12-06T15:47:25Z</Time>
          <DistanceMeters>829.0</DistanceMeters>
          <HeartRateBpm>
            <Value>177</Value>
          </HeartRateBpm>
          <SensorState>Absent</SensorState>
        </Trackpoint>
        <Trackpoint>
          <Time>2024-12-06T15:47:25Z</Time>
          <DistanceMeters>829.0</DistanceMeters>
          <HeartRateBpm>
            <Value>175</Value>
          </HeartRateBpm>
          <SensorState>Absent</SensorState>
        </Trackpoint>
        <Trackpoint>
          <Time>2024-12-06T15:47:26Z</Time>
          <DistanceMeters>829.0</DistanceMeters>
          <HeartRateBpm>
            <Value>175</Value>
          </HeartRateBpm>
          <SensorState>Absent</SensorState>
        </Trackpoint>
        <Trackpoint>
          <Time>2024-12-06T15:47:27Z</Time>
          <DistanceMeters>829.0</DistanceMeters>
          <HeartRateBpm>
            <Value>172</Value>
          </HeartRateBpm>
          <SensorState>Absent</SensorState>
        </Trackpoint>
        <Trackpoint>
          <Time>2024-12-06T15:47:28Z</Time>
          <DistanceMeters>829.0</DistanceMeters>
          <HeartRateBpm>
            <Value>169</Value>
          </HeartRateBpm>
          <SensorState>Absent</SensorState>
        </Trackpoint>
        <Trackpoint>
          <Time>2024-12-06T15:47:29Z</Time>
          <DistanceMeters>829.0</DistanceMeters>
          <HeartRateBpm>
            <Value>169</Value>
          </HeartRateBpm>
          <SensorState>Absent</SensorState>
        </Trackpoint>
        <Trackpoint>
          <Time>2024-12-06T15:47:31Z</Time>
          <DistanceMeters>829.0</DistanceMeters>
          <HeartRateBpm>
            <Value>171</Value>
          </HeartRateBpm>
          <SensorState>Absent</SensorState>
        </Trackpoint>
        <Trackpoint>
          <Time>2024-12-06T15:47:35Z</Time>
          <DistanceMeters>829.0</DistanceMeters>
          <HeartRateBpm>
            <Value>170</Value>
          </HeartRateBpm>
          <SensorState>Absent</SensorState>
        </Trackpoint>
        <Trackpoint>
          <Time>2024-12-06T15:47:37Z</Time>
          <DistanceMeters>829.0</DistanceMeters>
          <HeartRateBpm>
            <Value>171</Value>
          </HeartRateBpm>
          <SensorState>Absent</SensorState>
        </Trackpoint>
        <Trackpoint>
          <Time>2024-12-06T15:47:38Z</Time>
          <DistanceMeters>829.0</DistanceMeters>
          <HeartRateBpm>
            <Value>172</Value>
          </HeartRateBpm>
          <SensorState>Absent</SensorState>
        </Trackpoint>
        <Trackpoint>
          <Time>2024-12-06T15:47:39Z</Time>
          <DistanceMeters>829.0</DistanceMeters>
          <HeartRateBpm>
            <Value>173</Value>
          </HeartRateBpm>
          <SensorState>Absent</SensorState>
        </Trackpoint>
        <Trackpoint>
          <Time>2024-12-06T15:47:42Z</Time>
          <DistanceMeters>829.0</DistanceMeters>
          <HeartRateBpm>
            <Value>172</Value>
          </HeartRateBpm>
          <SensorState>Absent</SensorState>
        </Trackpoint>
        <Trackpoint>
          <Time>2024-12-06T15:47:43Z</Time>
          <DistanceMeters>829.0</DistanceMeters>
          <HeartRateBpm>
            <Value>170</Value>
          </HeartRateBpm>
          <SensorState>Absent</SensorState>
        </Trackpoint>
        <Trackpoint>
          <Time>2024-12-06T15:47:46Z</Time>
          <DistanceMeters>829.0</DistanceMeters>
          <HeartRateBpm>
            <Value>171</Value>
          </HeartRateBpm>
          <SensorState>Absent</SensorState>
        </Trackpoint>
        <Trackpoint>
          <Time>2024-12-06T15:47:47Z</Time>
          <DistanceMeters>829.0</DistanceMeters>
          <HeartRateBpm>
            <Value>172</Value>
          </HeartRateBpm>
          <SensorState>Absent</SensorState>
        </Trackpoint>
        <Trackpoint>
          <Time>2024-12-06T15:47:47Z</Time>
          <DistanceMeters>829.0</DistanceMeters>
          <HeartRateBpm>
            <Value>175</Value>
          </HeartRateBpm>
          <SensorState>Absent</SensorState>
        </Trackpoint>
        <Trackpoint>
          <Time>2024-12-06T15:47:48Z</Time>
          <DistanceMeters>829.0</DistanceMeters>
          <HeartRateBpm>
            <Value>175</Value>
          </HeartRateBpm>
          <SensorState>Absent</SensorState>
        </Trackpoint>
        <Trackpoint>
          <Time>2024-12-06T15:47:49Z</Time>
          <DistanceMeters>829.0</DistanceMeters>
          <HeartRateBpm>
            <Value>176</Value>
          </HeartRateBpm>
          <SensorState>Absent</SensorState>
        </Trackpoint>
        <Trackpoint>
          <Time>2024-12-06T15:47:50Z</Time>
          <DistanceMeters>829.0</DistanceMeters>
          <HeartRateBpm>
            <Value>173</Value>
          </HeartRateBpm>
          <SensorState>Absent</SensorState>
        </Trackpoint>
        <Trackpoint>
          <Time>2024-12-06T15:47:51Z</Time>
          <DistanceMeters>829.0</DistanceMeters>
          <HeartRateBpm>
            <Value>172</Value>
          </HeartRateBpm>
          <SensorState>Absent</SensorState>
        </Trackpoint>
        <Trackpoint>
          <Time>2024-12-06T15:47:52Z</Time>
          <DistanceMeters>829.0</DistanceMeters>
          <HeartRateBpm>
            <Value>170</Value>
          </HeartRateBpm>
          <SensorState>Absent</SensorState>
        </Trackpoint>
        <Trackpoint>
          <Time>2024-12-06T15:47:54Z</Time>
          <DistanceMeters>829.0</DistanceMeters>
          <HeartRateBpm>
            <Value>166</Value>
          </HeartRateBpm>
          <SensorState>Absent</SensorState>
        </Trackpoint>
        <Trackpoint>
          <Time>2024-12-06T15:47:54Z</Time>
          <DistanceMeters>829.0</DistanceMeters>
          <HeartRateBpm>
            <Value>166</Value>
          </HeartRateBpm>
          <SensorState>Absent</SensorState>
        </Trackpoint>
        <Trackpoint>
          <Time>2024-12-06T15:47:59Z</Time>
          <DistanceMeters>829.0</DistanceMeters>
          <HeartRateBpm>
            <Value>167</Value>
          </HeartRateBpm>
          <SensorState>Absent</SensorState>
        </Trackpoint>
        <Trackpoint>
          <Time>2024-12-06T15:48:00Z</Time>
          <DistanceMeters>829.0</DistanceMeters>
          <HeartRateBpm>
            <Value>145</Value>
          </HeartRateBpm>
          <SensorState>Absent</SensorState>
        </Trackpoint>
        <Trackpoint>
          <Time>2024-12-06T15:48:03Z</Time>
          <DistanceMeters>829.0</DistanceMeters>
          <HeartRateBpm>
            <Value>166</Value>
          </HeartRateBpm>
          <SensorState>Absent</SensorState>
        </Trackpoint>
        <Trackpoint>
          <Time>2024-12-06T15:48:04Z</Time>
          <DistanceMeters>829.0</DistanceMeters>
          <HeartRateBpm>
            <Value>163</Value>
          </HeartRateBpm>
          <SensorState>Absent</SensorState>
        </Trackpoint>
        <Trackpoint>
          <Time>2024-12-06T15:48:05Z</Time>
          <DistanceMeters>843.0</DistanceMeters>
          <HeartRateBpm>
            <Value>162</Value>
          </HeartRateBpm>
          <SensorState>Absent</SensorState>
        </Trackpoint>
        <Trackpoint>
          <Time>2024-12-06T15:48:07Z</Time>
          <DistanceMeters>843.0</DistanceMeters>
          <HeartRateBpm>
            <Value>161</Value>
          </HeartRateBpm>
          <SensorState>Absent</SensorState>
        </Trackpoint>
        <Trackpoint>
          <Time>2024-12-06T15:48:09Z</Time>
          <DistanceMeters>843.0</DistanceMeters>
          <HeartRateBpm>
            <Value>160</Value>
          </HeartRateBpm>
          <SensorState>Absent</SensorState>
        </Trackpoint>
        <Trackpoint>
          <Time>2024-12-06T15:48:09Z</Time>
          <DistanceMeters>843.0</DistanceMeters>
          <HeartRateBpm>
            <Value>160</Value>
          </HeartRateBpm>
          <SensorState>Absent</SensorState>
        </Trackpoint>
        <Trackpoint>
          <Time>2024-12-06T15:48:11Z</Time>
          <DistanceMeters>843.0</DistanceMeters>
          <HeartRateBpm>
            <Value>158</Value>
          </HeartRateBpm>
          <SensorState>Absent</SensorState>
        </Trackpoint>
        <Trackpoint>
          <Time>2024-12-06T15:48:12Z</Time>
          <DistanceMeters>843.0</DistanceMeters>
          <HeartRateBpm>
            <Value>157</Value>
          </HeartRateBpm>
          <SensorState>Absent</SensorState>
        </Trackpoint>
        <Trackpoint>
          <Time>2024-12-06T15:48:13Z</Time>
          <DistanceMeters>843.0</DistanceMeters>
          <HeartRateBpm>
            <Value>156</Value>
          </HeartRateBpm>
          <SensorState>Absent</SensorState>
        </Trackpoint>
        <Trackpoint>
          <Time>2024-12-06T15:48:15Z</Time>
          <DistanceMeters>843.0</DistanceMeters>
          <HeartRateBpm>
            <Value>154</Value>
          </HeartRateBpm>
          <SensorState>Absent</SensorState>
        </Trackpoint>
        <Trackpoint>
          <Time>2024-12-06T15:48:15Z</Time>
          <DistanceMeters>843.0</DistanceMeters>
          <HeartRateBpm>
            <Value>154</Value>
          </HeartRateBpm>
          <SensorState>Absent</SensorState>
        </Trackpoint>
        <Trackpoint>
          <Time>2024-12-06T15:48:16Z</Time>
          <DistanceMeters>843.0</DistanceMeters>
          <HeartRateBpm>
            <Value>150</Value>
          </HeartRateBpm>
          <SensorState>Absent</SensorState>
        </Trackpoint>
        <Trackpoint>
          <Time>2024-12-06T15:48:17Z</Time>
          <DistanceMeters>843.0</DistanceMeters>
          <HeartRateBpm>
            <Value>147</Value>
          </HeartRateBpm>
          <SensorState>Absent</SensorState>
        </Trackpoint>
        <Trackpoint>
          <Time>2024-12-06T15:48:17Z</Time>
          <DistanceMeters>843.0</DistanceMeters>
          <HeartRateBpm>
            <Value>147</Value>
          </HeartRateBpm>
          <SensorState>Absent</SensorState>
        </Trackpoint>
        <Trackpoint>
          <Time>2024-12-06T15:48:18Z</Time>
          <DistanceMeters>843.0</DistanceMeters>
          <HeartRateBpm>
            <Value>145</Value>
          </HeartRateBpm>
          <SensorState>Absent</SensorState>
        </Trackpoint>
        <Trackpoint>
          <Time>2024-12-06T15:48:20Z</Time>
          <DistanceMeters>843.0</DistanceMeters>
          <HeartRateBpm>
            <Value>139</Value>
          </HeartRateBpm>
          <SensorState>Absent</SensorState>
        </Trackpoint>
        <Trackpoint>
          <Time>2024-12-06T15:48:20Z</Time>
          <DistanceMeters>843.0</DistanceMeters>
          <HeartRateBpm>
            <Value>139</Value>
          </HeartRateBpm>
          <SensorState>Absent</SensorState>
        </Trackpoint>
        <Trackpoint>
          <Time>2024-12-06T15:48:21Z</Time>
          <DistanceMeters>843.0</DistanceMeters>
          <HeartRateBpm>
            <Value>138</Value>
          </HeartRateBpm>
          <SensorState>Absent</SensorState>
        </Trackpoint>
        <Trackpoint>
          <Time>2024-12-06T15:48:29Z</Time>
          <DistanceMeters>843.0</DistanceMeters>
          <HeartRateBpm>
            <Value>128</Value>
          </HeartRateBpm>
          <SensorState>Absent</SensorState>
        </Trackpoint>
        <Trackpoint>
          <Time>2024-12-06T15:48:29Z</Time>
          <DistanceMeters>843.0</DistanceMeters>
          <HeartRateBpm>
            <Value>128</Value>
          </HeartRateBpm>
          <SensorState>Absent</SensorState>
        </Trackpoint>
        <Trackpoint>
          <Time>2024-12-06T15:48:30Z</Time>
          <DistanceMeters>843.0</DistanceMeters>
          <HeartRateBpm>
            <Value>126</Value>
          </HeartRateBpm>
          <SensorState>Absent</SensorState>
        </Trackpoint>
        <Trackpoint>
          <Time>2024-12-06T15:48:33Z</Time>
          <DistanceMeters>843.0</DistanceMeters>
          <HeartRateBpm>
            <Value>124</Value>
          </HeartRateBpm>
          <SensorState>Absent</SensorState>
        </Trackpoint>
        <Trackpoint>
          <Time>2024-12-06T15:48:35Z</Time>
          <DistanceMeters>843.0</DistanceMeters>
          <HeartRateBpm>
            <Value>123</Value>
          </HeartRateBpm>
          <SensorState>Absent</SensorState>
        </Trackpoint>
        <Trackpoint>
          <Time>2024-12-06T15:48:36Z</Time>
          <DistanceMeters>843.0</DistanceMeters>
          <HeartRateBpm>
            <Value>122</Value>
          </HeartRateBpm>
          <SensorState>Absent</SensorState>
        </Trackpoint>
        <Trackpoint>
          <Time>2024-12-06T15:48:36Z</Time>
          <DistanceMeters>843.0</DistanceMeters>
          <HeartRateBpm>
            <Value>122</Value>
          </HeartRateBpm>
          <SensorState>Absent</SensorState>
        </Trackpoint>
        <Trackpoint>
          <Time>2024-12-06T15:48:37Z</Time>
          <DistanceMeters>843.0</DistanceMeters>
          <HeartRateBpm>
            <Value>121</Value>
          </HeartRateBpm>
          <SensorState>Absent</SensorState>
        </Trackpoint>
        <Trackpoint>
          <Time>2024-12-06T15:48:39Z</Time>
          <DistanceMeters>843.0</DistanceMeters>
          <HeartRateBpm>
            <Value>120</Value>
          </HeartRateBpm>
          <SensorState>Absent</SensorState>
        </Trackpoint>
        <Trackpoint>
          <Time>2024-12-06T15:48:40Z</Time>
          <DistanceMeters>843.0</DistanceMeters>
          <HeartRateBpm>
            <Value>119</Value>
          </HeartRateBpm>
          <SensorState>Absent</SensorState>
        </Trackpoint>
        <Trackpoint>
          <Time>2024-12-06T15:48:41Z</Time>
          <DistanceMeters>843.0</DistanceMeters>
          <HeartRateBpm>
            <Value>117</Value>
          </HeartRateBpm>
          <SensorState>Absent</SensorState>
        </Trackpoint>
        <Trackpoint>
          <Time>2024-12-06T15:48:42Z</Time>
          <DistanceMeters>843.0</DistanceMeters>
          <HeartRateBpm>
            <Value>115</Value>
          </HeartRateBpm>
          <SensorState>Absent</SensorState>
        </Trackpoint>
        <Trackpoint>
          <Time>2024-12-06T15:48:42Z</Time>
          <DistanceMeters>843.0</DistanceMeters>
          <HeartRateBpm>
            <Value>115</Value>
          </HeartRateBpm>
          <SensorState>Absent</SensorState>
        </Trackpoint>
        <Trackpoint>
          <Time>2024-12-06T15:48:44Z</Time>
          <DistanceMeters>843.0</DistanceMeters>
          <HeartRateBpm>
            <Value>114</Value>
          </HeartRateBpm>
          <SensorState>Absent</SensorState>
        </Trackpoint>
        <Trackpoint>
          <Time>2024-12-06T15:48:54Z</Time>
          <DistanceMeters>843.0</DistanceMeters>
          <HeartRateBpm>
            <Value>93</Value>
          </HeartRateBpm>
          <SensorState>Absent</SensorState>
        </Trackpoint>
        <Trackpoint>
          <Time>2024-12-06T15:48:54Z</Time>
          <DistanceMeters>843.0</DistanceMeters>
          <HeartRateBpm>
            <Value>93</Value>
          </HeartRateBpm>
          <SensorState>Absent</SensorState>
        </Trackpoint>
        <Trackpoint>
          <Time>2024-12-06T15:48:55Z</Time>
          <DistanceMeters>843.0</DistanceMeters>
          <HeartRateBpm>
            <Value>92</Value>
          </HeartRateBpm>
          <SensorState>Absent</SensorState>
        </Trackpoint>
        <Trackpoint>
          <Time>2024-12-06T15:48:58Z</Time>
          <DistanceMeters>843.0</DistanceMeters>
          <HeartRateBpm>
            <Value>91</Value>
          </HeartRateBpm>
          <SensorState>Absent</SensorState>
        </Trackpoint>
        <Trackpoint>
          <Time>2024-12-06T15:49:00Z</Time>
          <DistanceMeters>843.0</DistanceMeters>
          <HeartRateBpm>
            <Value>105</Value>
          </HeartRateBpm>
          <SensorState>Absent</SensorState>
        </Trackpoint>
        <Trackpoint>
          <Time>2024-12-06T15:49:01Z</Time>
          <DistanceMeters>843.0</DistanceMeters>
          <HeartRateBpm>
            <Value>88</Value>
          </HeartRateBpm>
          <SensorState>Absent</SensorState>
        </Trackpoint>
        <Trackpoint>
          <Time>2024-12-06T15:49:02Z</Time>
          <DistanceMeters>843.0</DistanceMeters>
          <HeartRateBpm>
            <Value>87</Value>
          </HeartRateBpm>
          <SensorState>Absent</SensorState>
        </Trackpoint>
        <Trackpoint>
          <Time>2024-12-06T15:49:02Z</Time>
          <DistanceMeters>843.0</DistanceMeters>
          <HeartRateBpm>
            <Value>87</Value>
          </HeartRateBpm>
          <SensorState>Absent</SensorState>
        </Trackpoint>
        <Trackpoint>
          <Time>2024-12-06T15:49:03Z</Time>
          <DistanceMeters>843.0</DistanceMeters>
          <HeartRateBpm>
            <Value>86</Value>
          </HeartRateBpm>
          <SensorState>Absent</SensorState>
        </Trackpoint>
        <Trackpoint>
          <Time>2024-12-06T15:49:08Z</Time>
          <DistanceMeters>857.0</DistanceMeters>
          <HeartRateBpm>
            <Value>85</Value>
          </HeartRateBpm>
          <SensorState>Absent</SensorState>
        </Trackpoint>
        <Trackpoint>
          <Time>2024-12-06T15:49:14Z</Time>
          <DistanceMeters>857.0</DistanceMeters>
          <HeartRateBpm>
            <Value>86</Value>
          </HeartRateBpm>
          <SensorState>Absent</SensorState>
        </Trackpoint>
        <Trackpoint>
          <Time>2024-12-06T15:49:19Z</Time>
          <DistanceMeters>857.0</DistanceMeters>
          <HeartRateBpm>
            <Value>87</Value>
          </HeartRateBpm>
          <SensorState>Absent</SensorState>
        </Trackpoint>
        <Trackpoint>
          <Time>2024-12-06T15:49:21Z</Time>
          <DistanceMeters>857.0</DistanceMeters>
          <HeartRateBpm>
            <Value>88</Value>
          </HeartRateBpm>
          <SensorState>Absent</SensorState>
        </Trackpoint>
        <Trackpoint>
          <Time>2024-12-06T15:49:23Z</Time>
          <DistanceMeters>857.0</DistanceMeters>
          <HeartRateBpm>
            <Value>89</Value>
          </HeartRateBpm>
          <SensorState>Absent</SensorState>
        </Trackpoint>
        <Trackpoint>
          <Time>2024-12-06T15:49:24Z</Time>
          <DistanceMeters>857.0</DistanceMeters>
          <HeartRateBpm>
            <Value>90</Value>
          </HeartRateBpm>
          <SensorState>Absent</SensorState>
        </Trackpoint>
        <Trackpoint>
          <Time>2024-12-06T15:49:27Z</Time>
          <DistanceMeters>857.0</DistanceMeters>
          <HeartRateBpm>
            <Value>91</Value>
          </HeartRateBpm>
          <SensorState>Absent</SensorState>
        </Trackpoint>
        <Trackpoint>
          <Time>2024-12-06T15:49:33Z</Time>
          <DistanceMeters>857.0</DistanceMeters>
          <HeartRateBpm>
            <Value>91</Value>
          </HeartRateBpm>
          <SensorState>Absent</SensorState>
        </Trackpoint>
        <Trackpoint>
          <Time>2024-12-06T15:49:37Z</Time>
          <DistanceMeters>857.0</DistanceMeters>
          <HeartRateBpm>
            <Value>92</Value>
          </HeartRateBpm>
          <SensorState>Absent</SensorState>
        </Trackpoint>
        <Trackpoint>
          <Time>2024-12-06T15:49:37Z</Time>
          <DistanceMeters>857.0</DistanceMeters>
          <HeartRateBpm>
            <Value>93</Value>
          </HeartRateBpm>
          <SensorState>Absent</SensorState>
        </Trackpoint>
        <Trackpoint>
          <Time>2024-12-06T15:49:38Z</Time>
          <DistanceMeters>857.0</DistanceMeters>
          <HeartRateBpm>
            <Value>93</Value>
          </HeartRateBpm>
          <SensorState>Absent</SensorState>
        </Trackpoint>
        <Trackpoint>
          <Time>2024-12-06T15:49:41Z</Time>
          <DistanceMeters>857.0</DistanceMeters>
          <HeartRateBpm>
            <Value>94</Value>
          </HeartRateBpm>
          <SensorState>Absent</SensorState>
        </Trackpoint>
        <Trackpoint>
          <Time>2024-12-06T15:49:46Z</Time>
          <DistanceMeters>857.0</DistanceMeters>
          <HeartRateBpm>
            <Value>94</Value>
          </HeartRateBpm>
          <SensorState>Absent</SensorState>
        </Trackpoint>
        <Trackpoint>
          <Time>2024-12-06T15:49:47Z</Time>
          <DistanceMeters>857.0</DistanceMeters>
          <HeartRateBpm>
            <Value>95</Value>
          </HeartRateBpm>
          <SensorState>Absent</SensorState>
        </Trackpoint>
        <Trackpoint>
          <Time>2024-12-06T15:49:52Z</Time>
          <DistanceMeters>857.0</DistanceMeters>
          <HeartRateBpm>
            <Value>95</Value>
          </HeartRateBpm>
          <SensorState>Absent</SensorState>
        </Trackpoint>
        <Trackpoint>
          <Time>2024-12-06T15:49:54Z</Time>
          <DistanceMeters>857.0</DistanceMeters>
          <HeartRateBpm>
            <Value>96</Value>
          </HeartRateBpm>
          <SensorState>Absent</SensorState>
        </Trackpoint>
        <Trackpoint>
          <Time>2024-12-06T15:49:58Z</Time>
          <DistanceMeters>857.0</DistanceMeters>
          <HeartRateBpm>
            <Value>95</Value>
          </HeartRateBpm>
          <SensorState>Absent</SensorState>
        </Trackpoint>
        <Trackpoint>
          <Time>2024-12-06T15:50:00Z</Time>
          <DistanceMeters>857.0</DistanceMeters>
          <HeartRateBpm>
            <Value>102</Value>
          </HeartRateBpm>
          <SensorState>Absent</SensorState>
        </Trackpoint>
        <Trackpoint>
          <Time>2024-12-06T15:50:03Z</Time>
          <DistanceMeters>857.0</DistanceMeters>
          <HeartRateBpm>
            <Value>94</Value>
          </HeartRateBpm>
          <SensorState>Absent</SensorState>
        </Trackpoint>
        <Trackpoint>
          <Time>2024-12-06T15:50:05Z</Time>
          <DistanceMeters>871.0</DistanceMeters>
          <HeartRateBpm>
            <Value>93</Value>
          </HeartRateBpm>
          <SensorState>Absent</SensorState>
        </Trackpoint>
        <Trackpoint>
          <Time>2024-12-06T15:50:07Z</Time>
          <DistanceMeters>871.0</DistanceMeters>
          <HeartRateBpm>
            <Value>92</Value>
          </HeartRateBpm>
          <SensorState>Absent</SensorState>
        </Trackpoint>
        <Trackpoint>
          <Time>2024-12-06T15:50:12Z</Time>
          <DistanceMeters>871.0</DistanceMeters>
          <HeartRateBpm>
            <Value>93</Value>
          </HeartRateBpm>
          <SensorState>Absent</SensorState>
        </Trackpoint>
        <Trackpoint>
          <Time>2024-12-06T15:50:14Z</Time>
          <DistanceMeters>871.0</DistanceMeters>
          <HeartRateBpm>
            <Value>94</Value>
          </HeartRateBpm>
          <SensorState>Absent</SensorState>
        </Trackpoint>
        <Trackpoint>
          <Time>2024-12-06T15:50:16Z</Time>
          <DistanceMeters>871.0</DistanceMeters>
          <HeartRateBpm>
            <Value>96</Value>
          </HeartRateBpm>
          <SensorState>Absent</SensorState>
        </Trackpoint>
        <Trackpoint>
          <Time>2024-12-06T15:50:20Z</Time>
          <DistanceMeters>871.0</DistanceMeters>
          <HeartRateBpm>
            <Value>97</Value>
          </HeartRateBpm>
          <SensorState>Absent</SensorState>
        </Trackpoint>
        <Trackpoint>
          <Time>2024-12-06T15:50:20Z</Time>
          <DistanceMeters>871.0</DistanceMeters>
          <HeartRateBpm>
            <Value>100</Value>
          </HeartRateBpm>
          <SensorState>Absent</SensorState>
        </Trackpoint>
        <Trackpoint>
          <Time>2024-12-06T15:50:21Z</Time>
          <DistanceMeters>871.0</DistanceMeters>
          <HeartRateBpm>
            <Value>100</Value>
          </HeartRateBpm>
          <SensorState>Absent</SensorState>
        </Trackpoint>
        <Trackpoint>
          <Time>2024-12-06T15:50:22Z</Time>
          <DistanceMeters>871.0</DistanceMeters>
          <HeartRateBpm>
            <Value>102</Value>
          </HeartRateBpm>
          <SensorState>Absent</SensorState>
        </Trackpoint>
        <Trackpoint>
          <Time>2024-12-06T15:50:24Z</Time>
          <DistanceMeters>871.0</DistanceMeters>
          <HeartRateBpm>
            <Value>103</Value>
          </HeartRateBpm>
          <SensorState>Absent</SensorState>
        </Trackpoint>
        <Trackpoint>
          <Time>2024-12-06T15:50:29Z</Time>
          <DistanceMeters>871.0</DistanceMeters>
          <HeartRateBpm>
            <Value>104</Value>
          </HeartRateBpm>
          <SensorState>Absent</SensorState>
        </Trackpoint>
        <Trackpoint>
          <Time>2024-12-06T15:50:30Z</Time>
          <DistanceMeters>871.0</DistanceMeters>
          <HeartRateBpm>
            <Value>105</Value>
          </HeartRateBpm>
          <SensorState>Absent</SensorState>
        </Trackpoint>
        <Trackpoint>
          <Time>2024-12-06T15:50:30Z</Time>
          <DistanceMeters>871.0</DistanceMeters>
          <HeartRateBpm>
            <Value>106</Value>
          </HeartRateBpm>
          <SensorState>Absent</SensorState>
        </Trackpoint>
        <Trackpoint>
          <Time>2024-12-06T15:50:31Z</Time>
          <DistanceMeters>871.0</DistanceMeters>
          <HeartRateBpm>
            <Value>106</Value>
          </HeartRateBpm>
          <SensorState>Absent</SensorState>
        </Trackpoint>
        <Trackpoint>
          <Time>2024-12-06T15:50:33Z</Time>
          <DistanceMeters>871.0</DistanceMeters>
          <HeartRateBpm>
            <Value>104</Value>
          </HeartRateBpm>
          <SensorState>Absent</SensorState>
        </Trackpoint>
        <Trackpoint>
          <Time>2024-12-06T15:50:38Z</Time>
          <DistanceMeters>871.0</DistanceMeters>
          <HeartRateBpm>
            <Value>104</Value>
          </HeartRateBpm>
          <SensorState>Absent</SensorState>
        </Trackpoint>
        <Trackpoint>
          <Time>2024-12-06T15:50:43Z</Time>
          <DistanceMeters>871.0</DistanceMeters>
          <HeartRateBpm>
            <Value>105</Value>
          </HeartRateBpm>
          <SensorState>Absent</SensorState>
        </Trackpoint>
        <Trackpoint>
          <Time>2024-12-06T15:50:44Z</Time>
          <DistanceMeters>871.0</DistanceMeters>
          <HeartRateBpm>
            <Value>106</Value>
          </HeartRateBpm>
          <SensorState>Absent</SensorState>
        </Trackpoint>
        <Trackpoint>
          <Time>2024-12-06T15:50:46Z</Time>
          <DistanceMeters>871.0</DistanceMeters>
          <HeartRateBpm>
            <Value>107</Value>
          </HeartRateBpm>
          <SensorState>Absent</SensorState>
        </Trackpoint>
        <Trackpoint>
          <Time>2024-12-06T15:50:48Z</Time>
          <DistanceMeters>871.0</DistanceMeters>
          <HeartRateBpm>
            <Value>108</Value>
          </HeartRateBpm>
          <SensorState>Absent</SensorState>
        </Trackpoint>
        <Trackpoint>
          <Time>2024-12-06T15:50:51Z</Time>
          <DistanceMeters>871.0</DistanceMeters>
          <HeartRateBpm>
            <Value>107</Value>
          </HeartRateBpm>
          <SensorState>Absent</SensorState>
        </Trackpoint>
        <Trackpoint>
          <Time>2024-12-06T15:50:53Z</Time>
          <DistanceMeters>871.0</DistanceMeters>
          <HeartRateBpm>
            <Value>108</Value>
          </HeartRateBpm>
          <SensorState>Absent</SensorState>
        </Trackpoint>
        <Trackpoint>
          <Time>2024-12-06T15:50:55Z</Time>
          <DistanceMeters>871.0</DistanceMeters>
          <HeartRateBpm>
            <Value>110</Value>
          </HeartRateBpm>
          <SensorState>Absent</SensorState>
        </Trackpoint>
        <Trackpoint>
          <Time>2024-12-06T15:50:57Z</Time>
          <DistanceMeters>871.0</DistanceMeters>
          <HeartRateBpm>
            <Value>109</Value>
          </HeartRateBpm>
          <SensorState>Absent</SensorState>
        </Trackpoint>
        <Trackpoint>
          <Time>2024-12-06T15:50:59Z</Time>
          <DistanceMeters>871.0</DistanceMeters>
          <HeartRateBpm>
            <Value>108</Value>
          </HeartRateBpm>
          <SensorState>Absent</SensorState>
        </Trackpoint>
        <Trackpoint>
          <Time>2024-12-06T15:51:00Z</Time>
          <DistanceMeters>871.0</DistanceMeters>
          <HeartRateBpm>
            <Value>106</Value>
          </HeartRateBpm>
          <SensorState>Absent</SensorState>
        </Trackpoint>
        <Trackpoint>
          <Time>2024-12-06T15:51:01Z</Time>
          <DistanceMeters>871.0</DistanceMeters>
          <HeartRateBpm>
            <Value>107</Value>
          </HeartRateBpm>
          <SensorState>Absent</SensorState>
        </Trackpoint>
        <Trackpoint>
          <Time>2024-12-06T15:51:04Z</Time>
          <DistanceMeters>871.0</DistanceMeters>
          <HeartRateBpm>
            <Value>104</Value>
          </HeartRateBpm>
          <SensorState>Absent</SensorState>
        </Trackpoint>
        <Trackpoint>
          <Time>2024-12-06T15:51:05Z</Time>
          <DistanceMeters>885.0</DistanceMeters>
          <HeartRateBpm>
            <Value>103</Value>
          </HeartRateBpm>
          <SensorState>Absent</SensorState>
        </Trackpoint>
        <Trackpoint>
          <Time>2024-12-06T15:51:06Z</Time>
          <DistanceMeters>885.0</DistanceMeters>
          <HeartRateBpm>
            <Value>102</Value>
          </HeartRateBpm>
          <SensorState>Absent</SensorState>
        </Trackpoint>
        <Trackpoint>
          <Time>2024-12-06T15:51:12Z</Time>
          <DistanceMeters>885.0</DistanceMeters>
          <HeartRateBpm>
            <Value>102</Value>
          </HeartRateBpm>
          <SensorState>Absent</SensorState>
        </Trackpoint>
        <Trackpoint>
          <Time>2024-12-06T15:51:14Z</Time>
          <DistanceMeters>885.0</DistanceMeters>
          <HeartRateBpm>
            <Value>101</Value>
          </HeartRateBpm>
          <SensorState>Absent</SensorState>
        </Trackpoint>
        <Trackpoint>
          <Time>2024-12-06T15:51:18Z</Time>
          <DistanceMeters>885.0</DistanceMeters>
          <HeartRateBpm>
            <Value>103</Value>
          </HeartRateBpm>
          <SensorState>Absent</SensorState>
        </Trackpoint>
        <Trackpoint>
          <Time>2024-12-06T15:51:19Z</Time>
          <DistanceMeters>885.0</DistanceMeters>
          <HeartRateBpm>
            <Value>104</Value>
          </HeartRateBpm>
          <SensorState>Absent</SensorState>
        </Trackpoint>
        <Trackpoint>
          <Time>2024-12-06T15:51:21Z</Time>
          <DistanceMeters>885.0</DistanceMeters>
          <HeartRateBpm>
            <Value>105</Value>
          </HeartRateBpm>
          <SensorState>Absent</SensorState>
        </Trackpoint>
        <Trackpoint>
          <Time>2024-12-06T15:51:22Z</Time>
          <DistanceMeters>885.0</DistanceMeters>
          <HeartRateBpm>
            <Value>106</Value>
          </HeartRateBpm>
          <SensorState>Absent</SensorState>
        </Trackpoint>
        <Trackpoint>
          <Time>2024-12-06T15:51:25Z</Time>
          <DistanceMeters>885.0</DistanceMeters>
          <HeartRateBpm>
            <Value>105</Value>
          </HeartRateBpm>
          <SensorState>Absent</SensorState>
        </Trackpoint>
        <Trackpoint>
          <Time>2024-12-06T15:51:27Z</Time>
          <DistanceMeters>885.0</DistanceMeters>
          <HeartRateBpm>
            <Value>106</Value>
          </HeartRateBpm>
          <SensorState>Absent</SensorState>
        </Trackpoint>
        <Trackpoint>
          <Time>2024-12-06T15:51:29Z</Time>
          <DistanceMeters>885.0</DistanceMeters>
          <HeartRateBpm>
            <Value>107</Value>
          </HeartRateBpm>
          <SensorState>Absent</SensorState>
        </Trackpoint>
        <Trackpoint>
          <Time>2024-12-06T15:51:30Z</Time>
          <DistanceMeters>885.0</DistanceMeters>
          <HeartRateBpm>
            <Value>110</Value>
          </HeartRateBpm>
          <SensorState>Absent</SensorState>
        </Trackpoint>
        <Trackpoint>
          <Time>2024-12-06T15:51:31Z</Time>
          <DistanceMeters>885.0</DistanceMeters>
          <HeartRateBpm>
            <Value>111</Value>
          </HeartRateBpm>
          <SensorState>Absent</SensorState>
        </Trackpoint>
        <Trackpoint>
          <Time>2024-12-06T15:51:31Z</Time>
          <DistanceMeters>885.0</DistanceMeters>
          <HeartRateBpm>
            <Value>112</Value>
          </HeartRateBpm>
          <SensorState>Absent</SensorState>
        </Trackpoint>
        <Trackpoint>
          <Time>2024-12-06T15:51:32Z</Time>
          <DistanceMeters>885.0</DistanceMeters>
          <HeartRateBpm>
            <Value>112</Value>
          </HeartRateBpm>
          <SensorState>Absent</SensorState>
        </Trackpoint>
        <Trackpoint>
          <Time>2024-12-06T15:51:34Z</Time>
          <DistanceMeters>885.0</DistanceMeters>
          <HeartRateBpm>
            <Value>111</Value>
          </HeartRateBpm>
          <SensorState>Absent</SensorState>
        </Trackpoint>
        <Trackpoint>
          <Time>2024-12-06T15:51:39Z</Time>
          <DistanceMeters>885.0</DistanceMeters>
          <HeartRateBpm>
            <Value>110</Value>
          </HeartRateBpm>
          <SensorState>Absent</SensorState>
        </Trackpoint>
        <Trackpoint>
          <Time>2024-12-06T15:51:43Z</Time>
          <DistanceMeters>885.0</DistanceMeters>
          <HeartRateBpm>
            <Value>108</Value>
          </HeartRateBpm>
          <SensorState>Absent</SensorState>
        </Trackpoint>
        <Trackpoint>
          <Time>2024-12-06T15:51:45Z</Time>
          <DistanceMeters>885.0</DistanceMeters>
          <HeartRateBpm>
            <Value>110</Value>
          </HeartRateBpm>
          <SensorState>Absent</SensorState>
        </Trackpoint>
        <Trackpoint>
          <Time>2024-12-06T15:51:47Z</Time>
          <DistanceMeters>885.0</DistanceMeters>
          <HeartRateBpm>
            <Value>111</Value>
          </HeartRateBpm>
          <SensorState>Absent</SensorState>
        </Trackpoint>
        <Trackpoint>
          <Time>2024-12-06T15:51:49Z</Time>
          <DistanceMeters>885.0</DistanceMeters>
          <HeartRateBpm>
            <Value>112</Value>
          </HeartRateBpm>
          <SensorState>Absent</SensorState>
        </Trackpoint>
        <Trackpoint>
          <Time>2024-12-06T15:51:51Z</Time>
          <DistanceMeters>885.0</DistanceMeters>
          <HeartRateBpm>
            <Value>113</Value>
          </HeartRateBpm>
          <SensorState>Absent</SensorState>
        </Trackpoint>
        <Trackpoint>
          <Time>2024-12-06T15:51:52Z</Time>
          <DistanceMeters>885.0</DistanceMeters>
          <HeartRateBpm>
            <Value>115</Value>
          </HeartRateBpm>
          <SensorState>Absent</SensorState>
        </Trackpoint>
        <Trackpoint>
          <Time>2024-12-06T15:51:53Z</Time>
          <DistanceMeters>885.0</DistanceMeters>
          <HeartRateBpm>
            <Value>116</Value>
          </HeartRateBpm>
          <SensorState>Absent</SensorState>
        </Trackpoint>
        <Trackpoint>
          <Time>2024-12-06T15:51:55Z</Time>
          <DistanceMeters>885.0</DistanceMeters>
          <HeartRateBpm>
            <Value>115</Value>
          </HeartRateBpm>
          <SensorState>Absent</SensorState>
        </Trackpoint>
        <Trackpoint>
          <Time>2024-12-06T15:51:56Z</Time>
          <DistanceMeters>885.0</DistanceMeters>
          <HeartRateBpm>
            <Value>116</Value>
          </HeartRateBpm>
          <SensorState>Absent</SensorState>
        </Trackpoint>
        <Trackpoint>
          <Time>2024-12-06T15:51:57Z</Time>
          <DistanceMeters>885.0</DistanceMeters>
          <HeartRateBpm>
            <Value>117</Value>
          </HeartRateBpm>
          <SensorState>Absent</SensorState>
        </Trackpoint>
        <Trackpoint>
          <Time>2024-12-06T15:51:57Z</Time>
          <DistanceMeters>885.0</DistanceMeters>
          <HeartRateBpm>
            <Value>118</Value>
          </HeartRateBpm>
          <SensorState>Absent</SensorState>
        </Trackpoint>
        <Trackpoint>
          <Time>2024-12-06T15:51:58Z</Time>
          <DistanceMeters>885.0</DistanceMeters>
          <HeartRateBpm>
            <Value>118</Value>
          </HeartRateBpm>
          <SensorState>Absent</SensorState>
        </Trackpoint>
        <Trackpoint>
          <Time>2024-12-06T15:52:00Z</Time>
          <DistanceMeters>885.0</DistanceMeters>
          <HeartRateBpm>
            <Value>114</Value>
          </HeartRateBpm>
          <SensorState>Absent</SensorState>
        </Trackpoint>
        <Trackpoint>
          <Time>2024-12-06T15:52:01Z</Time>
          <DistanceMeters>885.0</DistanceMeters>
          <HeartRateBpm>
            <Value>119</Value>
          </HeartRateBpm>
          <SensorState>Absent</SensorState>
        </Trackpoint>
        <Trackpoint>
          <Time>2024-12-06T15:52:04Z</Time>
          <DistanceMeters>885.0</DistanceMeters>
          <HeartRateBpm>
            <Value>118</Value>
          </HeartRateBpm>
          <SensorState>Absent</SensorState>
        </Trackpoint>
        <Trackpoint>
          <Time>2024-12-06T15:52:05Z</Time>
          <DistanceMeters>899.0</DistanceMeters>
          <HeartRateBpm>
            <Value>117</Value>
          </HeartRateBpm>
          <SensorState>Absent</SensorState>
        </Trackpoint>
        <Trackpoint>
          <Time>2024-12-06T15:52:08Z</Time>
          <DistanceMeters>899.0</DistanceMeters>
          <HeartRateBpm>
            <Value>119</Value>
          </HeartRateBpm>
          <SensorState>Absent</SensorState>
        </Trackpoint>
        <Trackpoint>
          <Time>2024-12-06T15:52:13Z</Time>
          <DistanceMeters>899.0</DistanceMeters>
          <HeartRateBpm>
            <Value>119</Value>
          </HeartRateBpm>
          <SensorState>Absent</SensorState>
        </Trackpoint>
        <Trackpoint>
          <Time>2024-12-06T15:52:16Z</Time>
          <DistanceMeters>899.0</DistanceMeters>
          <HeartRateBpm>
            <Value>118</Value>
          </HeartRateBpm>
          <SensorState>Absent</SensorState>
        </Trackpoint>
        <Trackpoint>
          <Time>2024-12-06T15:52:17Z</Time>
          <DistanceMeters>899.0</DistanceMeters>
          <HeartRateBpm>
            <Value>117</Value>
          </HeartRateBpm>
          <SensorState>Absent</SensorState>
        </Trackpoint>
        <Trackpoint>
          <Time>2024-12-06T15:52:18Z</Time>
          <DistanceMeters>899.0</DistanceMeters>
          <HeartRateBpm>
            <Value>116</Value>
          </HeartRateBpm>
          <SensorState>Absent</SensorState>
        </Trackpoint>
        <Trackpoint>
          <Time>2024-12-06T15:52:20Z</Time>
          <DistanceMeters>899.0</DistanceMeters>
          <HeartRateBpm>
            <Value>115</Value>
          </HeartRateBpm>
          <SensorState>Absent</SensorState>
        </Trackpoint>
        <Trackpoint>
          <Time>2024-12-06T15:52:22Z</Time>
          <DistanceMeters>899.0</DistanceMeters>
          <HeartRateBpm>
            <Value>116</Value>
          </HeartRateBpm>
          <SensorState>Absent</SensorState>
        </Trackpoint>
        <Trackpoint>
          <Time>2024-12-06T15:52:27Z</Time>
          <DistanceMeters>899.0</DistanceMeters>
          <HeartRateBpm>
            <Value>116</Value>
          </HeartRateBpm>
          <SensorState>Absent</SensorState>
        </Trackpoint>
        <Trackpoint>
          <Time>2024-12-06T15:52:33Z</Time>
          <DistanceMeters>899.0</DistanceMeters>
          <HeartRateBpm>
            <Value>116</Value>
          </HeartRateBpm>
          <SensorState>Absent</SensorState>
        </Trackpoint>
        <Trackpoint>
          <Time>2024-12-06T15:52:34Z</Time>
          <DistanceMeters>899.0</DistanceMeters>
          <HeartRateBpm>
            <Value>115</Value>
          </HeartRateBpm>
          <SensorState>Absent</SensorState>
        </Trackpoint>
        <Trackpoint>
          <Time>2024-12-06T15:52:35Z</Time>
          <DistanceMeters>899.0</DistanceMeters>
          <HeartRateBpm>
            <Value>114</Value>
          </HeartRateBpm>
          <SensorState>Absent</SensorState>
        </Trackpoint>
        <Trackpoint>
          <Time>2024-12-06T15:52:39Z</Time>
          <DistanceMeters>899.0</DistanceMeters>
          <HeartRateBpm>
            <Value>115</Value>
          </HeartRateBpm>
          <SensorState>Absent</SensorState>
        </Trackpoint>
        <Trackpoint>
          <Time>2024-12-06T15:52:40Z</Time>
          <DistanceMeters>899.0</DistanceMeters>
          <HeartRateBpm>
            <Value>116</Value>
          </HeartRateBpm>
          <SensorState>Absent</SensorState>
        </Trackpoint>
        <Trackpoint>
          <Time>2024-12-06T15:52:42Z</Time>
          <DistanceMeters>899.0</DistanceMeters>
          <HeartRateBpm>
            <Value>118</Value>
          </HeartRateBpm>
          <SensorState>Absent</SensorState>
        </Trackpoint>
        <Trackpoint>
          <Time>2024-12-06T15:52:44Z</Time>
          <DistanceMeters>899.0</DistanceMeters>
          <HeartRateBpm>
            <Value>120</Value>
          </HeartRateBpm>
          <SensorState>Absent</SensorState>
        </Trackpoint>
        <Trackpoint>
          <Time>2024-12-06T15:52:46Z</Time>
          <DistanceMeters>899.0</DistanceMeters>
          <HeartRateBpm>
            <Value>121</Value>
          </HeartRateBpm>
          <SensorState>Absent</SensorState>
        </Trackpoint>
        <Trackpoint>
          <Time>2024-12-06T15:52:47Z</Time>
          <DistanceMeters>899.0</DistanceMeters>
          <HeartRateBpm>
            <Value>120</Value>
          </HeartRateBpm>
          <SensorState>Absent</SensorState>
        </Trackpoint>
        <Trackpoint>
          <Time>2024-12-06T15:52:49Z</Time>
          <DistanceMeters>899.0</DistanceMeters>
          <HeartRateBpm>
            <Value>119</Value>
          </HeartRateBpm>
          <SensorState>Absent</SensorState>
        </Trackpoint>
        <Trackpoint>
          <Time>2024-12-06T15:52:51Z</Time>
          <DistanceMeters>899.0</DistanceMeters>
          <HeartRateBpm>
            <Value>121</Value>
          </HeartRateBpm>
          <SensorState>Absent</SensorState>
        </Trackpoint>
        <Trackpoint>
          <Time>2024-12-06T15:52:56Z</Time>
          <DistanceMeters>899.0</DistanceMeters>
          <HeartRateBpm>
            <Value>121</Value>
          </HeartRateBpm>
          <SensorState>Absent</SensorState>
        </Trackpoint>
        <Trackpoint>
          <Time>2024-12-06T15:52:57Z</Time>
          <DistanceMeters>899.0</DistanceMeters>
          <HeartRateBpm>
            <Value>119</Value>
          </HeartRateBpm>
          <SensorState>Absent</SensorState>
        </Trackpoint>
        <Trackpoint>
          <Time>2024-12-06T15:52:59Z</Time>
          <DistanceMeters>899.0</DistanceMeters>
          <HeartRateBpm>
            <Value>115</Value>
          </HeartRateBpm>
          <SensorState>Absent</SensorState>
        </Trackpoint>
        <Trackpoint>
          <Time>2024-12-06T15:52:59Z</Time>
          <DistanceMeters>899.0</DistanceMeters>
          <HeartRateBpm>
            <Value>115</Value>
          </HeartRateBpm>
          <SensorState>Absent</SensorState>
        </Trackpoint>
        <Trackpoint>
          <Time>2024-12-06T15:53:00Z</Time>
          <DistanceMeters>899.0</DistanceMeters>
          <HeartRateBpm>
            <Value>104</Value>
          </HeartRateBpm>
          <SensorState>Absent</SensorState>
        </Trackpoint>
        <Trackpoint>
          <Time>2024-12-06T15:53:00Z</Time>
          <DistanceMeters>899.0</DistanceMeters>
          <HeartRateBpm>
            <Value>109</Value>
          </HeartRateBpm>
          <SensorState>Absent</SensorState>
        </Trackpoint>
        <Trackpoint>
          <Time>2024-12-06T15:53:00Z</Time>
          <DistanceMeters>899.0</DistanceMeters>
          <HeartRateBpm>
            <Value>109</Value>
          </HeartRateBpm>
          <SensorState>Absent</SensorState>
        </Trackpoint>
        <Trackpoint>
          <Time>2024-12-06T15:53:01Z</Time>
          <DistanceMeters>899.0</DistanceMeters>
          <HeartRateBpm>
            <Value>108</Value>
          </HeartRateBpm>
          <SensorState>Absent</SensorState>
        </Trackpoint>
        <Trackpoint>
          <Time>2024-12-06T15:53:04Z</Time>
          <DistanceMeters>899.0</DistanceMeters>
          <HeartRateBpm>
            <Value>107</Value>
          </HeartRateBpm>
          <SensorState>Absent</SensorState>
        </Trackpoint>
        <Trackpoint>
          <Time>2024-12-06T15:53:05Z</Time>
          <DistanceMeters>912.0</DistanceMeters>
          <HeartRateBpm>
            <Value>106</Value>
          </HeartRateBpm>
          <SensorState>Absent</SensorState>
        </Trackpoint>
        <Trackpoint>
          <Time>2024-12-06T15:53:06Z</Time>
          <DistanceMeters>912.0</DistanceMeters>
          <HeartRateBpm>
            <Value>105</Value>
          </HeartRateBpm>
          <SensorState>Absent</SensorState>
        </Trackpoint>
        <Trackpoint>
          <Time>2024-12-06T15:53:08Z</Time>
          <DistanceMeters>912.0</DistanceMeters>
          <HeartRateBpm>
            <Value>103</Value>
          </HeartRateBpm>
          <SensorState>Absent</SensorState>
        </Trackpoint>
        <Trackpoint>
          <Time>2024-12-06T15:53:08Z</Time>
          <DistanceMeters>912.0</DistanceMeters>
          <HeartRateBpm>
            <Value>103</Value>
          </HeartRateBpm>
          <SensorState>Absent</SensorState>
        </Trackpoint>
        <Trackpoint>
          <Time>2024-12-06T15:53:09Z</Time>
          <DistanceMeters>912.0</DistanceMeters>
          <HeartRateBpm>
            <Value>102</Value>
          </HeartRateBpm>
          <SensorState>Absent</SensorState>
        </Trackpoint>
        <Trackpoint>
          <Time>2024-12-06T15:53:14Z</Time>
          <DistanceMeters>912.0</DistanceMeters>
          <HeartRateBpm>
            <Value>102</Value>
          </HeartRateBpm>
          <SensorState>Absent</SensorState>
        </Trackpoint>
        <Trackpoint>
          <Time>2024-12-06T15:53:15Z</Time>
          <DistanceMeters>912.0</DistanceMeters>
          <HeartRateBpm>
            <Value>101</Value>
          </HeartRateBpm>
          <SensorState>Absent</SensorState>
        </Trackpoint>
        <Trackpoint>
          <Time>2024-12-06T15:53:17Z</Time>
          <DistanceMeters>912.0</DistanceMeters>
          <HeartRateBpm>
            <Value>100</Value>
          </HeartRateBpm>
          <SensorState>Absent</SensorState>
        </Trackpoint>
        <Trackpoint>
          <Time>2024-12-06T15:53:21Z</Time>
          <DistanceMeters>912.0</DistanceMeters>
          <HeartRateBpm>
            <Value>102</Value>
          </HeartRateBpm>
          <SensorState>Absent</SensorState>
        </Trackpoint>
        <Trackpoint>
          <Time>2024-12-06T15:53:22Z</Time>
          <DistanceMeters>912.0</DistanceMeters>
          <HeartRateBpm>
            <Value>101</Value>
          </HeartRateBpm>
          <SensorState>Absent</SensorState>
        </Trackpoint>
        <Trackpoint>
          <Time>2024-12-06T15:53:27Z</Time>
          <DistanceMeters>912.0</DistanceMeters>
          <HeartRateBpm>
            <Value>100</Value>
          </HeartRateBpm>
          <SensorState>Absent</SensorState>
        </Trackpoint>
        <Trackpoint>
          <Time>2024-12-06T15:53:31Z</Time>
          <DistanceMeters>912.0</DistanceMeters>
          <HeartRateBpm>
            <Value>101</Value>
          </HeartRateBpm>
          <SensorState>Absent</SensorState>
        </Trackpoint>
        <Trackpoint>
          <Time>2024-12-06T15:53:37Z</Time>
          <DistanceMeters>912.0</DistanceMeters>
          <HeartRateBpm>
            <Value>101</Value>
          </HeartRateBpm>
          <SensorState>Absent</SensorState>
        </Trackpoint>
        <Trackpoint>
          <Time>2024-12-06T15:53:40Z</Time>
          <DistanceMeters>912.0</DistanceMeters>
          <HeartRateBpm>
            <Value>102</Value>
          </HeartRateBpm>
          <SensorState>Absent</SensorState>
        </Trackpoint>
        <Trackpoint>
          <Time>2024-12-06T15:53:44Z</Time>
          <DistanceMeters>912.0</DistanceMeters>
          <HeartRateBpm>
            <Value>101</Value>
          </HeartRateBpm>
          <SensorState>Absent</SensorState>
        </Trackpoint>
        <Trackpoint>
          <Time>2024-12-06T15:53:49Z</Time>
          <DistanceMeters>912.0</DistanceMeters>
          <HeartRateBpm>
            <Value>101</Value>
          </HeartRateBpm>
          <SensorState>Absent</SensorState>
        </Trackpoint>
        <Trackpoint>
          <Time>2024-12-06T15:53:50Z</Time>
          <DistanceMeters>912.0</DistanceMeters>
          <HeartRateBpm>
            <Value>100</Value>
          </HeartRateBpm>
          <SensorState>Absent</SensorState>
        </Trackpoint>
        <Trackpoint>
          <Time>2024-12-06T15:53:54Z</Time>
          <DistanceMeters>912.0</DistanceMeters>
          <HeartRateBpm>
            <Value>98</Value>
          </HeartRateBpm>
          <SensorState>Absent</SensorState>
        </Trackpoint>
        <Trackpoint>
          <Time>2024-12-06T15:53:58Z</Time>
          <DistanceMeters>912.0</DistanceMeters>
          <HeartRateBpm>
            <Value>100</Value>
          </HeartRateBpm>
          <SensorState>Absent</SensorState>
        </Trackpoint>
        <Trackpoint>
          <Time>2024-12-06T15:54:00Z</Time>
          <DistanceMeters>912.0</DistanceMeters>
          <HeartRateBpm>
            <Value>105</Value>
          </HeartRateBpm>
          <Cadence><Value>48</Value></Cadence>
          <SensorState>Absent</SensorState>
        </Trackpoint>
        <Trackpoint>
          <Time>2024-12-06T15:54:03Z</Time>
          <DistanceMeters>912.0</DistanceMeters>
          <HeartRateBpm>
            <Value>101</Value>
          </HeartRateBpm>
          <Cadence><Value>48</Value></Cadence>
          <SensorState>Absent</SensorState>
        </Trackpoint>
        <Trackpoint>
          <Time>2024-12-06T15:54:08Z</Time>
          <DistanceMeters>926.0</DistanceMeters>
          <HeartRateBpm>
            <Value>102</Value>
          </HeartRateBpm>
          <Cadence><Value>48</Value></Cadence>
          <SensorState>Absent</SensorState>
        </Trackpoint>
        <Trackpoint>
          <Time>2024-12-06T15:54:09Z</Time>
          <DistanceMeters>926.0</DistanceMeters>
          <HeartRateBpm>
            <Value>103</Value>
          </HeartRateBpm>
          <Cadence><Value>48</Value></Cadence>
          <SensorState>Absent</SensorState>
        </Trackpoint>
        <Trackpoint>
          <Time>2024-12-06T15:54:10Z</Time>
          <DistanceMeters>926.0</DistanceMeters>
          <HeartRateBpm>
            <Value>103</Value>
          </HeartRateBpm>
          <Cadence><Value>48</Value></Cadence>
          <SensorState>Absent</SensorState>
        </Trackpoint>
        <Trackpoint>
          <Time>2024-12-06T15:54:12Z</Time>
          <DistanceMeters>926.0</DistanceMeters>
          <HeartRateBpm>
            <Value>102</Value>
          </HeartRateBpm>
          <Cadence><Value>48</Value></Cadence>
          <SensorState>Absent</SensorState>
        </Trackpoint>
        <Trackpoint>
          <Time>2024-12-06T15:54:14Z</Time>
          <DistanceMeters>926.0</DistanceMeters>
          <HeartRateBpm>
            <Value>101</Value>
          </HeartRateBpm>
          <Cadence><Value>48</Value></Cadence>
          <SensorState>Absent</SensorState>
        </Trackpoint>
        <Trackpoint>
          <Time>2024-12-06T15:54:16Z</Time>
          <DistanceMeters>926.0</DistanceMeters>
          <HeartRateBpm>
            <Value>103</Value>
          </HeartRateBpm>
          <Cadence><Value>48</Value></Cadence>
          <SensorState>Absent</SensorState>
        </Trackpoint>
        <Trackpoint>
          <Time>2024-12-06T15:54:18Z</Time>
          <DistanceMeters>926.0</DistanceMeters>
          <HeartRateBpm>
            <Value>104</Value>
          </HeartRateBpm>
          <Cadence><Value>48</Value></Cadence>
          <SensorState>Absent</SensorState>
        </Trackpoint>
        <Trackpoint>
          <Time>2024-12-06T15:54:19Z</Time>
          <DistanceMeters>926.0</DistanceMeters>
          <HeartRateBpm>
            <Value>106</Value>
          </HeartRateBpm>
          <Cadence><Value>48</Value></Cadence>
          <SensorState>Absent</SensorState>
        </Trackpoint>
        <Trackpoint>
          <Time>2024-12-06T15:54:20Z</Time>
          <DistanceMeters>926.0</DistanceMeters>
          <HeartRateBpm>
            <Value>108</Value>
          </HeartRateBpm>
          <Cadence><Value>48</Value></Cadence>
          <SensorState>Absent</SensorState>
        </Trackpoint>
        <Trackpoint>
          <Time>2024-12-06T15:54:20Z</Time>
          <DistanceMeters>926.0</DistanceMeters>
          <HeartRateBpm>
            <Value>110</Value>
          </HeartRateBpm>
          <Cadence><Value>48</Value></Cadence>
          <SensorState>Absent</SensorState>
        </Trackpoint>
        <Trackpoint>
          <Time>2024-12-06T15:54:21Z</Time>
          <DistanceMeters>926.0</DistanceMeters>
          <HeartRateBpm>
            <Value>110</Value>
          </HeartRateBpm>
          <Cadence><Value>48</Value></Cadence>
          <SensorState>Absent</SensorState>
        </Trackpoint>
        <Trackpoint>
          <Time>2024-12-06T15:54:24Z</Time>
          <DistanceMeters>926.0</DistanceMeters>
          <HeartRateBpm>
            <Value>108</Value>
          </HeartRateBpm>
          <Cadence><Value>48</Value></Cadence>
          <SensorState>Absent</SensorState>
        </Trackpoint>
        <Trackpoint>
          <Time>2024-12-06T15:54:24Z</Time>
          <DistanceMeters>926.0</DistanceMeters>
          <HeartRateBpm>
            <Value>104</Value>
          </HeartRateBpm>
          <Cadence><Value>48</Value></Cadence>
          <SensorState>Absent</SensorState>
        </Trackpoint>
        <Trackpoint>
          <Time>2024-12-06T15:54:25Z</Time>
          <DistanceMeters>926.0</DistanceMeters>
          <HeartRateBpm>
            <Value>104</Value>
          </HeartRateBpm>
          <Cadence><Value>48</Value></Cadence>
          <SensorState>Absent</SensorState>
        </Trackpoint>
        <Trackpoint>
          <Time>2024-12-06T15:54:29Z</Time>
          <DistanceMeters>926.0</DistanceMeters>
          <HeartRateBpm>
            <Value>106</Value>
          </HeartRateBpm>
          <Cadence><Value>48</Value></Cadence>
          <SensorState>Absent</SensorState>
        </Trackpoint>
        <Trackpoint>
          <Time>2024-12-06T15:54:32Z</Time>
          <DistanceMeters>926.0</DistanceMeters>
          <HeartRateBpm>
            <Value>107</Value>
          </HeartRateBpm>
          <Cadence><Value>48</Value></Cadence>
          <SensorState>Absent</SensorState>
        </Trackpoint>
        <Trackpoint>
          <Time>2024-12-06T15:54:33Z</Time>
          <DistanceMeters>926.0</DistanceMeters>
          <HeartRateBpm>
            <Value>106</Value>
          </HeartRateBpm>
          <Cadence><Value>48</Value></Cadence>
          <SensorState>Absent</SensorState>
        </Trackpoint>
        <Trackpoint>
          <Time>2024-12-06T15:54:38Z</Time>
          <DistanceMeters>926.0</DistanceMeters>
          <HeartRateBpm>
            <Value>107</Value>
          </HeartRateBpm>
          <Cadence><Value>48</Value></Cadence>
          <SensorState>Absent</SensorState>
        </Trackpoint>
        <Trackpoint>
          <Time>2024-12-06T15:54:40Z</Time>
          <DistanceMeters>926.0</DistanceMeters>
          <HeartRateBpm>
            <Value>108</Value>
          </HeartRateBpm>
          <Cadence><Value>48</Value></Cadence>
          <SensorState>Absent</SensorState>
        </Trackpoint>
        <Trackpoint>
          <Time>2024-12-06T15:54:41Z</Time>
          <DistanceMeters>926.0</DistanceMeters>
          <HeartRateBpm>
            <Value>109</Value>
          </HeartRateBpm>
          <Cadence><Value>48</Value></Cadence>
          <SensorState>Absent</SensorState>
        </Trackpoint>
        <Trackpoint>
          <Time>2024-12-06T15:54:41Z</Time>
          <DistanceMeters>926.0</DistanceMeters>
          <HeartRateBpm>
            <Value>110</Value>
          </HeartRateBpm>
          <Cadence><Value>48</Value></Cadence>
          <SensorState>Absent</SensorState>
        </Trackpoint>
        <Trackpoint>
          <Time>2024-12-06T15:54:42Z</Time>
          <DistanceMeters>926.0</DistanceMeters>
          <HeartRateBpm>
            <Value>110</Value>
          </HeartRateBpm>
          <Cadence><Value>48</Value></Cadence>
          <SensorState>Absent</SensorState>
        </Trackpoint>
        <Trackpoint>
          <Time>2024-12-06T15:54:47Z</Time>
          <DistanceMeters>926.0</DistanceMeters>
          <HeartRateBpm>
            <Value>108</Value>
          </HeartRateBpm>
          <Cadence><Value>48</Value></Cadence>
          <SensorState>Absent</SensorState>
        </Trackpoint>
        <Trackpoint>
          <Time>2024-12-06T15:54:49Z</Time>
          <DistanceMeters>926.0</DistanceMeters>
          <HeartRateBpm>
            <Value>107</Value>
          </HeartRateBpm>
          <Cadence><Value>48</Value></Cadence>
          <SensorState>Absent</SensorState>
        </Trackpoint>
        <Trackpoint>
          <Time>2024-12-06T15:54:53Z</Time>
          <DistanceMeters>926.0</DistanceMeters>
          <HeartRateBpm>
            <Value>108</Value>
          </HeartRateBpm>
          <Cadence><Value>48</Value></Cadence>
          <SensorState>Absent</SensorState>
        </Trackpoint>
        <Trackpoint>
          <Time>2024-12-06T15:54:55Z</Time>
          <DistanceMeters>926.0</DistanceMeters>
          <HeartRateBpm>
            <Value>109</Value>
          </HeartRateBpm>
          <Cadence><Value>48</Value></Cadence>
          <SensorState>Absent</SensorState>
        </Trackpoint>
        <Trackpoint>
          <Time>2024-12-06T15:54:58Z</Time>
          <DistanceMeters>926.0</DistanceMeters>
          <HeartRateBpm>
            <Value>110</Value>
          </HeartRateBpm>
          <Cadence><Value>48</Value></Cadence>
          <SensorState>Absent</SensorState>
        </Trackpoint>
        <Trackpoint>
          <Time>2024-12-06T15:55:00Z</Time>
          <DistanceMeters>926.0</DistanceMeters>
          <HeartRateBpm>
            <Value>111</Value>
          </HeartRateBpm>
          <SensorState>Absent</SensorState>
        </Trackpoint>
        <Trackpoint>
          <Time>2024-12-06T15:55:00Z</Time>
          <DistanceMeters>926.0</DistanceMeters>
          <HeartRateBpm>
            <Value>109</Value>
          </HeartRateBpm>
          <SensorState>Absent</SensorState>
        </Trackpoint>
        <Trackpoint>
          <Time>2024-12-06T15:55:02Z</Time>
          <DistanceMeters>926.0</DistanceMeters>
          <HeartRateBpm>
            <Value>108</Value>
          </HeartRateBpm>
          <SensorState>Absent</SensorState>
        </Trackpoint>
        <Trackpoint>
          <Time>2024-12-06T15:55:07Z</Time>
          <DistanceMeters>940.0</DistanceMeters>
          <HeartRateBpm>
            <Value>108</Value>
          </HeartRateBpm>
          <SensorState>Absent</SensorState>
        </Trackpoint>
        <Trackpoint>
          <Time>2024-12-06T15:55:08Z</Time>
          <DistanceMeters>940.0</DistanceMeters>
          <HeartRateBpm>
            <Value>111</Value>
          </HeartRateBpm>
          <SensorState>Absent</SensorState>
        </Trackpoint>
        <Trackpoint>
          <Time>2024-12-06T15:55:13Z</Time>
          <DistanceMeters>940.0</DistanceMeters>
          <HeartRateBpm>
            <Value>113</Value>
          </HeartRateBpm>
          <SensorState>Absent</SensorState>
        </Trackpoint>
        <Trackpoint>
          <Time>2024-12-06T15:55:15Z</Time>
          <DistanceMeters>940.0</DistanceMeters>
          <HeartRateBpm>
            <Value>115</Value>
          </HeartRateBpm>
          <SensorState>Absent</SensorState>
        </Trackpoint>
        <Trackpoint>
          <Time>2024-12-06T15:55:15Z</Time>
          <DistanceMeters>940.0</DistanceMeters>
          <HeartRateBpm>
            <Value>116</Value>
          </HeartRateBpm>
          <SensorState>Absent</SensorState>
        </Trackpoint>
        <Trackpoint>
          <Time>2024-12-06T15:55:16Z</Time>
          <DistanceMeters>940.0</DistanceMeters>
          <HeartRateBpm>
            <Value>116</Value>
          </HeartRateBpm>
          <SensorState>Absent</SensorState>
        </Trackpoint>
        <Trackpoint>
          <Time>2024-12-06T15:55:17Z</Time>
          <DistanceMeters>940.0</DistanceMeters>
          <HeartRateBpm>
            <Value>118</Value>
          </HeartRateBpm>
          <SensorState>Absent</SensorState>
        </Trackpoint>
        <Trackpoint>
          <Time>2024-12-06T15:55:19Z</Time>
          <DistanceMeters>940.0</DistanceMeters>
          <HeartRateBpm>
            <Value>119</Value>
          </HeartRateBpm>
          <SensorState>Absent</SensorState>
        </Trackpoint>
        <Trackpoint>
          <Time>2024-12-06T15:55:24Z</Time>
          <DistanceMeters>940.0</DistanceMeters>
          <HeartRateBpm>
            <Value>119</Value>
          </HeartRateBpm>
          <SensorState>Absent</SensorState>
        </Trackpoint>
        <Trackpoint>
          <Time>2024-12-06T15:55:28Z</Time>
          <DistanceMeters>940.0</DistanceMeters>
          <HeartRateBpm>
            <Value>118</Value>
          </HeartRateBpm>
          <SensorState>Absent</SensorState>
        </Trackpoint>
        <Trackpoint>
          <Time>2024-12-06T15:55:30Z</Time>
          <DistanceMeters>940.0</DistanceMeters>
          <HeartRateBpm>
            <Value>119</Value>
          </HeartRateBpm>
          <SensorState>Absent</SensorState>
        </Trackpoint>
        <Trackpoint>
          <Time>2024-12-06T15:55:33Z</Time>
          <DistanceMeters>940.0</DistanceMeters>
          <HeartRateBpm>
            <Value>118</Value>
          </HeartRateBpm>
          <SensorState>Absent</SensorState>
        </Trackpoint>
        <Trackpoint>
          <Time>2024-12-06T15:55:34Z</Time>
          <DistanceMeters>940.0</DistanceMeters>
          <HeartRateBpm>
            <Value>117</Value>
          </HeartRateBpm>
          <SensorState>Absent</SensorState>
        </Trackpoint>
        <Trackpoint>
          <Time>2024-12-06T15:55:36Z</Time>
          <DistanceMeters>940.0</DistanceMeters>
          <HeartRateBpm>
            <Value>116</Value>
          </HeartRateBpm>
          <SensorState>Absent</SensorState>
        </Trackpoint>
        <Trackpoint>
          <Time>2024-12-06T15:55:37Z</Time>
          <DistanceMeters>940.0</DistanceMeters>
          <HeartRateBpm>
            <Value>115</Value>
          </HeartRateBpm>
          <SensorState>Absent</SensorState>
        </Trackpoint>
        <Trackpoint>
          <Time>2024-12-06T15:55:38Z</Time>
          <DistanceMeters>940.0</DistanceMeters>
          <HeartRateBpm>
            <Value>114</Value>
          </HeartRateBpm>
          <SensorState>Absent</SensorState>
        </Trackpoint>
        <Trackpoint>
          <Time>2024-12-06T15:55:39Z</Time>
          <DistanceMeters>940.0</DistanceMeters>
          <HeartRateBpm>
            <Value>112</Value>
          </HeartRateBpm>
          <SensorState>Absent</SensorState>
        </Trackpoint>
        <Trackpoint>
          <Time>2024-12-06T15:55:45Z</Time>
          <DistanceMeters>940.0</DistanceMeters>
          <HeartRateBpm>
            <Value>112</Value>
          </HeartRateBpm>
          <SensorState>Absent</SensorState>
        </Trackpoint>
        <Trackpoint>
          <Time>2024-12-06T15:55:47Z</Time>
          <DistanceMeters>940.0</DistanceMeters>
          <HeartRateBpm>
            <Value>113</Value>
          </HeartRateBpm>
          <SensorState>Absent</SensorState>
        </Trackpoint>
        <Trackpoint>
          <Time>2024-12-06T15:55:49Z</Time>
          <DistanceMeters>940.0</DistanceMeters>
          <HeartRateBpm>
            <Value>110</Value>
          </HeartRateBpm>
          <SensorState>Absent</SensorState>
        </Trackpoint>
        <Trackpoint>
          <Time>2024-12-06T15:55:49Z</Time>
          <DistanceMeters>940.0</DistanceMeters>
          <HeartRateBpm>
            <Value>111</Value>
          </HeartRateBpm>
          <SensorState>Absent</SensorState>
        </Trackpoint>
        <Trackpoint>
          <Time>2024-12-06T15:55:50Z</Time>
          <DistanceMeters>940.0</DistanceMeters>
          <HeartRateBpm>
            <Value>110</Value>
          </HeartRateBpm>
          <SensorState>Absent</SensorState>
        </Trackpoint>
        <Trackpoint>
          <Time>2024-12-06T15:55:51Z</Time>
          <DistanceMeters>940.0</DistanceMeters>
          <HeartRateBpm>
            <Value>109</Value>
          </HeartRateBpm>
          <SensorState>Absent</SensorState>
        </Trackpoint>
        <Trackpoint>
          <Time>2024-12-06T15:55:52Z</Time>
          <DistanceMeters>940.0</DistanceMeters>
          <HeartRateBpm>
            <Value>108</Value>
          </HeartRateBpm>
          <SensorState>Absent</SensorState>
        </Trackpoint>
        <Trackpoint>
          <Time>2024-12-06T15:55:56Z</Time>
          <DistanceMeters>940.0</DistanceMeters>
          <HeartRateBpm>
            <Value>107</Value>
          </HeartRateBpm>
          <SensorState>Absent</SensorState>
        </Trackpoint>
        <Trackpoint>
          <Time>2024-12-06T15:55:58Z</Time>
          <DistanceMeters>940.0</DistanceMeters>
          <HeartRateBpm>
            <Value>106</Value>
          </HeartRateBpm>
          <SensorState>Absent</SensorState>
        </Trackpoint>
        <Trackpoint>
          <Time>2024-12-06T15:55:59Z</Time>
          <DistanceMeters>940.0</DistanceMeters>
          <HeartRateBpm>
            <Value>105</Value>
          </HeartRateBpm>
          <SensorState>Absent</SensorState>
        </Trackpoint>
        <Trackpoint>
          <Time>2024-12-06T15:56:00Z</Time>
          <DistanceMeters>940.0</DistanceMeters>
          <HeartRateBpm>
            <Value>105</Value>
          </HeartRateBpm>
          <SensorState>Absent</SensorState>
        </Trackpoint>
        <Trackpoint>
          <Time>2024-12-06T15:56:01Z</Time>
          <DistanceMeters>940.0</DistanceMeters>
          <HeartRateBpm>
            <Value>103</Value>
          </HeartRateBpm>
          <SensorState>Absent</SensorState>
        </Trackpoint>
        <Trackpoint>
          <Time>2024-12-06T15:56:02Z</Time>
          <DistanceMeters>940.0</DistanceMeters>
          <HeartRateBpm>
            <Value>103</Value>
          </HeartRateBpm>
          <SensorState>Absent</SensorState>
        </Trackpoint>
        <Trackpoint>
          <Time>2024-12-06T15:56:05Z</Time>
          <DistanceMeters>954.0</DistanceMeters>
          <HeartRateBpm>
            <Value>102</Value>
          </HeartRateBpm>
          <SensorState>Absent</SensorState>
        </Trackpoint>
        <Trackpoint>
          <Time>2024-12-06T15:56:08Z</Time>
          <DistanceMeters>954.0</DistanceMeters>
          <HeartRateBpm>
            <Value>101</Value>
          </HeartRateBpm>
          <SensorState>Absent</SensorState>
        </Trackpoint>
        <Trackpoint>
          <Time>2024-12-06T15:56:13Z</Time>
          <DistanceMeters>954.0</DistanceMeters>
          <HeartRateBpm>
            <Value>103</Value>
          </HeartRateBpm>
          <SensorState>Absent</SensorState>
        </Trackpoint>
        <Trackpoint>
          <Time>2024-12-06T15:56:15Z</Time>
          <DistanceMeters>954.0</DistanceMeters>
          <HeartRateBpm>
            <Value>105</Value>
          </HeartRateBpm>
          <SensorState>Absent</SensorState>
        </Trackpoint>
        <Trackpoint>
          <Time>2024-12-06T15:56:17Z</Time>
          <DistanceMeters>954.0</DistanceMeters>
          <HeartRateBpm>
            <Value>106</Value>
          </HeartRateBpm>
          <SensorState>Absent</SensorState>
        </Trackpoint>
        <Trackpoint>
          <Time>2024-12-06T15:56:21Z</Time>
          <DistanceMeters>954.0</DistanceMeters>
          <HeartRateBpm>
            <Value>106</Value>
          </HeartRateBpm>
          <SensorState>Absent</SensorState>
        </Trackpoint>
        <Trackpoint>
          <Time>2024-12-06T15:56:23Z</Time>
          <DistanceMeters>954.0</DistanceMeters>
          <HeartRateBpm>
            <Value>105</Value>
          </HeartRateBpm>
          <SensorState>Absent</SensorState>
        </Trackpoint>
        <Trackpoint>
          <Time>2024-12-06T15:56:24Z</Time>
          <DistanceMeters>954.0</DistanceMeters>
          <HeartRateBpm>
            <Value>104</Value>
          </HeartRateBpm>
          <SensorState>Absent</SensorState>
        </Trackpoint>
        <Trackpoint>
          <Time>2024-12-06T15:56:29Z</Time>
          <DistanceMeters>954.0</DistanceMeters>
          <HeartRateBpm>
            <Value>104</Value>
          </HeartRateBpm>
          <SensorState>Absent</SensorState>
        </Trackpoint>
        <Trackpoint>
          <Time>2024-12-06T15:56:30Z</Time>
          <DistanceMeters>954.0</DistanceMeters>
          <HeartRateBpm>
            <Value>105</Value>
          </HeartRateBpm>
          <SensorState>Absent</SensorState>
        </Trackpoint>
        <Trackpoint>
          <Time>2024-12-06T15:56:32Z</Time>
          <DistanceMeters>954.0</DistanceMeters>
          <HeartRateBpm>
            <Value>106</Value>
          </HeartRateBpm>
          <SensorState>Absent</SensorState>
        </Trackpoint>
        <Trackpoint>
          <Time>2024-12-06T15:56:33Z</Time>
          <DistanceMeters>954.0</DistanceMeters>
          <HeartRateBpm>
            <Value>109</Value>
          </HeartRateBpm>
          <SensorState>Absent</SensorState>
        </Trackpoint>
        <Trackpoint>
          <Time>2024-12-06T15:56:33Z</Time>
          <DistanceMeters>954.0</DistanceMeters>
          <HeartRateBpm>
            <Value>109</Value>
          </HeartRateBpm>
          <SensorState>Absent</SensorState>
        </Trackpoint>
        <Trackpoint>
          <Time>2024-12-06T15:56:34Z</Time>
          <DistanceMeters>954.0</DistanceMeters>
          <HeartRateBpm>
            <Value>111</Value>
          </HeartRateBpm>
          <SensorState>Absent</SensorState>
        </Trackpoint>
        <Trackpoint>
          <Time>2024-12-06T15:56:36Z</Time>
          <DistanceMeters>954.0</DistanceMeters>
          <HeartRateBpm>
            <Value>110</Value>
          </HeartRateBpm>
          <SensorState>Absent</SensorState>
        </Trackpoint>
        <Trackpoint>
          <Time>2024-12-06T15:56:37Z</Time>
          <DistanceMeters>954.0</DistanceMeters>
          <HeartRateBpm>
            <Value>108</Value>
          </HeartRateBpm>
          <SensorState>Absent</SensorState>
        </Trackpoint>
        <Trackpoint>
          <Time>2024-12-06T15:56:38Z</Time>
          <DistanceMeters>954.0</DistanceMeters>
          <HeartRateBpm>
            <Value>106</Value>
          </HeartRateBpm>
          <SensorState>Absent</SensorState>
        </Trackpoint>
        <Trackpoint>
          <Time>2024-12-06T15:56:42Z</Time>
          <DistanceMeters>954.0</DistanceMeters>
          <HeartRateBpm>
            <Value>105</Value>
          </HeartRateBpm>
          <SensorState>Absent</SensorState>
        </Trackpoint>
        <Trackpoint>
          <Time>2024-12-06T15:56:43Z</Time>
          <DistanceMeters>954.0</DistanceMeters>
          <HeartRateBpm>
            <Value>104</Value>
          </HeartRateBpm>
          <SensorState>Absent</SensorState>
        </Trackpoint>
        <Trackpoint>
          <Time>2024-12-06T15:56:45Z</Time>
          <DistanceMeters>954.0</DistanceMeters>
          <HeartRateBpm>
            <Value>103</Value>
          </HeartRateBpm>
          <SensorState>Absent</SensorState>
        </Trackpoint>
        <Trackpoint>
          <Time>2024-12-06T15:56:45Z</Time>
          <DistanceMeters>954.0</DistanceMeters>
          <HeartRateBpm>
            <Value>103</Value>
          </HeartRateBpm>
          <SensorState>Absent</SensorState>
        </Trackpoint>
        <Trackpoint>
          <Time>2024-12-06T15:56:47Z</Time>
          <DistanceMeters>954.0</DistanceMeters>
          <HeartRateBpm>
            <Value>102</Value>
          </HeartRateBpm>
          <SensorState>Absent</SensorState>
        </Trackpoint>
        <Trackpoint>
          <Time>2024-12-06T15:56:51Z</Time>
          <DistanceMeters>954.0</DistanceMeters>
          <HeartRateBpm>
            <Value>101</Value>
          </HeartRateBpm>
          <SensorState>Absent</SensorState>
        </Trackpoint>
        <Trackpoint>
          <Time>2024-12-06T15:56:56Z</Time>
          <DistanceMeters>954.0</DistanceMeters>
          <HeartRateBpm>
            <Value>100</Value>
          </HeartRateBpm>
          <SensorState>Absent</SensorState>
        </Trackpoint>
        <Trackpoint>
          <Time>2024-12-06T15:56:58Z</Time>
          <DistanceMeters>954.0</DistanceMeters>
          <HeartRateBpm>
            <Value>99</Value>
          </HeartRateBpm>
          <SensorState>Absent</SensorState>
        </Trackpoint>
        <Trackpoint>
          <Time>2024-12-06T15:56:59Z</Time>
          <DistanceMeters>954.0</DistanceMeters>
          <HeartRateBpm>
            <Value>98</Value>
          </HeartRateBpm>
          <SensorState>Absent</SensorState>
        </Trackpoint>
        <Trackpoint>
          <Time>2024-12-06T15:57:00Z</Time>
          <DistanceMeters>954.0</DistanceMeters>
          <HeartRateBpm>
            <Value>97</Value>
          </HeartRateBpm>
          <SensorState>Absent</SensorState>
        </Trackpoint>
        <Trackpoint>
          <Time>2024-12-06T15:57:00Z</Time>
          <DistanceMeters>954.0</DistanceMeters>
          <HeartRateBpm>
            <Value>97</Value>
          </HeartRateBpm>
          <SensorState>Absent</SensorState>
        </Trackpoint>
        <Trackpoint>
          <Time>2024-12-06T15:57:00Z</Time>
          <DistanceMeters>954.0</DistanceMeters>
          <HeartRateBpm>
            <Value>97</Value>
          </HeartRateBpm>
          <SensorState>Absent</SensorState>
        </Trackpoint>
        <Trackpoint>
          <Time>2024-12-06T15:57:03Z</Time>
          <DistanceMeters>954.0</DistanceMeters>
          <HeartRateBpm>
            <Value>98</Value>
          </HeartRateBpm>
          <SensorState>Absent</SensorState>
        </Trackpoint>
        <Trackpoint>
          <Time>2024-12-06T15:57:08Z</Time>
          <DistanceMeters>968.0</DistanceMeters>
          <HeartRateBpm>
            <Value>98</Value>
          </HeartRateBpm>
          <SensorState>Absent</SensorState>
        </Trackpoint>
        <Trackpoint>
          <Time>2024-12-06T15:57:12Z</Time>
          <DistanceMeters>968.0</DistanceMeters>
          <HeartRateBpm>
            <Value>97</Value>
          </HeartRateBpm>
          <SensorState>Absent</SensorState>
        </Trackpoint>
        <Trackpoint>
          <Time>2024-12-06T15:57:13Z</Time>
          <DistanceMeters>968.0</DistanceMeters>
          <HeartRateBpm>
            <Value>96</Value>
          </HeartRateBpm>
          <SensorState>Absent</SensorState>
        </Trackpoint>
        <Trackpoint>
          <Time>2024-12-06T15:57:19Z</Time>
          <DistanceMeters>968.0</DistanceMeters>
          <HeartRateBpm>
            <Value>95</Value>
          </HeartRateBpm>
          <SensorState>Absent</SensorState>
        </Trackpoint>
        <Trackpoint>
          <Time>2024-12-06T15:57:20Z</Time>
          <DistanceMeters>968.0</DistanceMeters>
          <HeartRateBpm>
            <Value>94</Value>
          </HeartRateBpm>
          <SensorState>Absent</SensorState>
        </Trackpoint>
        <Trackpoint>
          <Time>2024-12-06T15:57:25Z</Time>
          <DistanceMeters>968.0</DistanceMeters>
          <HeartRateBpm>
            <Value>95</Value>
          </HeartRateBpm>
          <SensorState>Absent</SensorState>
        </Trackpoint>
        <Trackpoint>
          <Time>2024-12-06T15:57:28Z</Time>
          <DistanceMeters>968.0</DistanceMeters>
          <HeartRateBpm>
            <Value>96</Value>
          </HeartRateBpm>
          <SensorState>Absent</SensorState>
        </Trackpoint>
        <Trackpoint>
          <Time>2024-12-06T15:57:33Z</Time>
          <DistanceMeters>968.0</DistanceMeters>
          <HeartRateBpm>
            <Value>95</Value>
          </HeartRateBpm>
          <SensorState>Absent</SensorState>
        </Trackpoint>
        <Trackpoint>
          <Time>2024-12-06T15:57:35Z</Time>
          <DistanceMeters>968.0</DistanceMeters>
          <HeartRateBpm>
            <Value>94</Value>
          </HeartRateBpm>
          <SensorState>Absent</SensorState>
        </Trackpoint>
        <Trackpoint>
          <Time>2024-12-06T15:57:37Z</Time>
          <DistanceMeters>968.0</DistanceMeters>
          <HeartRateBpm>
            <Value>95</Value>
          </HeartRateBpm>
          <SensorState>Absent</SensorState>
        </Trackpoint>
        <Trackpoint>
          <Time>2024-12-06T15:57:38Z</Time>
          <DistanceMeters>968.0</DistanceMeters>
          <HeartRateBpm>
            <Value>94</Value>
          </HeartRateBpm>
          <SensorState>Absent</SensorState>
        </Trackpoint>
        <Trackpoint>
          <Time>2024-12-06T15:57:42Z</Time>
          <DistanceMeters>968.0</DistanceMeters>
          <HeartRateBpm>
            <Value>93</Value>
          </HeartRateBpm>
          <SensorState>Absent</SensorState>
        </Trackpoint>
        <Trackpoint>
          <Time>2024-12-06T15:57:43Z</Time>
          <DistanceMeters>968.0</DistanceMeters>
          <HeartRateBpm>
            <Value>92</Value>
          </HeartRateBpm>
          <SensorState>Absent</SensorState>
        </Trackpoint>
        <Trackpoint>
          <Time>2024-12-06T15:57:43Z</Time>
          <DistanceMeters>968.0</DistanceMeters>
          <HeartRateBpm>
            <Value>91</Value>
          </HeartRateBpm>
          <SensorState>Absent</SensorState>
        </Trackpoint>
        <Trackpoint>
          <Time>2024-12-06T15:57:44Z</Time>
          <DistanceMeters>968.0</DistanceMeters>
          <HeartRateBpm>
            <Value>91</Value>
          </HeartRateBpm>
          <SensorState>Absent</SensorState>
        </Trackpoint>
        <Trackpoint>
          <Time>2024-12-06T15:57:49Z</Time>
          <DistanceMeters>968.0</DistanceMeters>
          <HeartRateBpm>
            <Value>91</Value>
          </HeartRateBpm>
          <SensorState>Absent</SensorState>
        </Trackpoint>
        <Trackpoint>
          <Time>2024-12-06T15:57:53Z</Time>
          <DistanceMeters>968.0</DistanceMeters>
          <HeartRateBpm>
            <Value>90</Value>
          </HeartRateBpm>
          <SensorState>Absent</SensorState>
        </Trackpoint>
        <Trackpoint>
          <Time>2024-12-06T15:57:55Z</Time>
          <DistanceMeters>968.0</DistanceMeters>
          <HeartRateBpm>
            <Value>92</Value>
          </HeartRateBpm>
          <SensorState>Absent</SensorState>
        </Trackpoint>
        <Trackpoint>
          <Time>2024-12-06T15:57:57Z</Time>
          <DistanceMeters>968.0</DistanceMeters>
          <HeartRateBpm>
            <Value>93</Value>
          </HeartRateBpm>
          <SensorState>Absent</SensorState>
        </Trackpoint>
        <Trackpoint>
          <Time>2024-12-06T15:57:59Z</Time>
          <DistanceMeters>968.0</DistanceMeters>
          <HeartRateBpm>
            <Value>94</Value>
          </HeartRateBpm>
          <SensorState>Absent</SensorState>
        </Trackpoint>
        <Trackpoint>
          <Time>2024-12-06T15:57:59Z</Time>
          <DistanceMeters>968.0</DistanceMeters>
          <HeartRateBpm>
            <Value>97</Value>
          </HeartRateBpm>
          <SensorState>Absent</SensorState>
        </Trackpoint>
        <Trackpoint>
          <Time>2024-12-06T15:58:00Z</Time>
          <DistanceMeters>968.0</DistanceMeters>
          <HeartRateBpm>
            <Value>101</Value>
          </HeartRateBpm>
          <SensorState>Absent</SensorState>
        </Trackpoint>
        <Trackpoint>
          <Time>2024-12-06T15:58:00Z</Time>
          <DistanceMeters>968.0</DistanceMeters>
          <HeartRateBpm>
            <Value>97</Value>
          </HeartRateBpm>
          <SensorState>Absent</SensorState>
        </Trackpoint>
        <Trackpoint>
          <Time>2024-12-06T15:58:01Z</Time>
          <DistanceMeters>968.0</DistanceMeters>
          <HeartRateBpm>
            <Value>98</Value>
          </HeartRateBpm>
          <SensorState>Absent</SensorState>
        </Trackpoint>
        <Trackpoint>
          <Time>2024-12-06T15:58:02Z</Time>
          <DistanceMeters>968.0</DistanceMeters>
          <HeartRateBpm>
            <Value>100</Value>
          </HeartRateBpm>
          <SensorState>Absent</SensorState>
        </Trackpoint>
        <Trackpoint>
          <Time>2024-12-06T15:58:04Z</Time>
          <DistanceMeters>968.0</DistanceMeters>
          <HeartRateBpm>
            <Value>101</Value>
          </HeartRateBpm>
          <SensorState>Absent</SensorState>
        </Trackpoint>
        <Trackpoint>
          <Time>2024-12-06T15:58:09Z</Time>
          <DistanceMeters>982.0</DistanceMeters>
          <HeartRateBpm>
            <Value>101</Value>
          </HeartRateBpm>
          <SensorState>Absent</SensorState>
        </Trackpoint>
        <Trackpoint>
          <Time>2024-12-06T15:58:13Z</Time>
          <DistanceMeters>982.0</DistanceMeters>
          <HeartRateBpm>
            <Value>102</Value>
          </HeartRateBpm>
          <SensorState>Absent</SensorState>
        </Trackpoint>
        <Trackpoint>
          <Time>2024-12-06T15:58:14Z</Time>
          <DistanceMeters>982.0</DistanceMeters>
          <HeartRateBpm>
            <Value>103</Value>
          </HeartRateBpm>
          <SensorState>Absent</SensorState>
        </Trackpoint>
        <Trackpoint>
          <Time>2024-12-06T15:58:15Z</Time>
          <DistanceMeters>982.0</DistanceMeters>
          <HeartRateBpm>
            <Value>103</Value>
          </HeartRateBpm>
          <SensorState>Absent</SensorState>
        </Trackpoint>
        <Trackpoint>
          <Time>2024-12-06T15:58:17Z</Time>
          <DistanceMeters>982.0</DistanceMeters>
          <HeartRateBpm>
            <Value>104</Value>
          </HeartRateBpm>
          <SensorState>Absent</SensorState>
        </Trackpoint>
        <Trackpoint>
          <Time>2024-12-06T15:58:18Z</Time>
          <DistanceMeters>982.0</DistanceMeters>
          <HeartRateBpm>
            <Value>105</Value>
          </HeartRateBpm>
          <SensorState>Absent</SensorState>
        </Trackpoint>
        <Trackpoint>
          <Time>2024-12-06T15:58:19Z</Time>
          <DistanceMeters>982.0</DistanceMeters>
          <HeartRateBpm>
            <Value>104</Value>
          </HeartRateBpm>
          <SensorState>Absent</SensorState>
        </Trackpoint>
        <Trackpoint>
          <Time>2024-12-06T15:58:21Z</Time>
          <DistanceMeters>982.0</DistanceMeters>
          <HeartRateBpm>
            <Value>105</Value>
          </HeartRateBpm>
          <SensorState>Absent</SensorState>
        </Trackpoint>
        <Trackpoint>
          <Time>2024-12-06T15:58:22Z</Time>
          <DistanceMeters>982.0</DistanceMeters>
          <HeartRateBpm>
            <Value>104</Value>
          </HeartRateBpm>
          <SensorState>Absent</SensorState>
        </Trackpoint>
        <Trackpoint>
          <Time>2024-12-06T15:58:23Z</Time>
          <DistanceMeters>982.0</DistanceMeters>
          <HeartRateBpm>
            <Value>103</Value>
          </HeartRateBpm>
          <SensorState>Absent</SensorState>
        </Trackpoint>
        <Trackpoint>
          <Time>2024-12-06T15:58:25Z</Time>
          <DistanceMeters>982.0</DistanceMeters>
          <HeartRateBpm>
            <Value>102</Value>
          </HeartRateBpm>
          <SensorState>Absent</SensorState>
        </Trackpoint>
        <Trackpoint>
          <Time>2024-12-06T15:58:27Z</Time>
          <DistanceMeters>982.0</DistanceMeters>
          <HeartRateBpm>
            <Value>103</Value>
          </HeartRateBpm>
          <SensorState>Absent</SensorState>
        </Trackpoint>
        <Trackpoint>
          <Time>2024-12-06T15:58:28Z</Time>
          <DistanceMeters>982.0</DistanceMeters>
          <HeartRateBpm>
            <Value>105</Value>
          </HeartRateBpm>
          <SensorState>Absent</SensorState>
        </Trackpoint>
        <Trackpoint>
          <Time>2024-12-06T15:58:30Z</Time>
          <DistanceMeters>982.0</DistanceMeters>
          <HeartRateBpm>
            <Value>106</Value>
          </HeartRateBpm>
          <SensorState>Absent</SensorState>
        </Trackpoint>
        <Trackpoint>
          <Time>2024-12-06T15:58:31Z</Time>
          <DistanceMeters>982.0</DistanceMeters>
          <HeartRateBpm>
            <Value>105</Value>
          </HeartRateBpm>
          <SensorState>Absent</SensorState>
        </Trackpoint>
        <Trackpoint>
          <Time>2024-12-06T15:58:34Z</Time>
          <DistanceMeters>982.0</DistanceMeters>
          <HeartRateBpm>
            <Value>106</Value>
          </HeartRateBpm>
          <SensorState>Absent</SensorState>
        </Trackpoint>
        <Trackpoint>
          <Time>2024-12-06T15:58:38Z</Time>
          <DistanceMeters>982.0</DistanceMeters>
          <HeartRateBpm>
            <Value>105</Value>
          </HeartRateBpm>
          <SensorState>Absent</SensorState>
        </Trackpoint>
        <Trackpoint>
          <Time>2024-12-06T15:58:39Z</Time>
          <DistanceMeters>982.0</DistanceMeters>
          <HeartRateBpm>
            <Value>104</Value>
          </HeartRateBpm>
          <SensorState>Absent</SensorState>
        </Trackpoint>
        <Trackpoint>
          <Time>2024-12-06T15:58:40Z</Time>
          <DistanceMeters>982.0</DistanceMeters>
          <HeartRateBpm>
            <Value>103</Value>
          </HeartRateBpm>
          <SensorState>Absent</SensorState>
        </Trackpoint>
        <Trackpoint>
          <Time>2024-12-06T15:58:44Z</Time>
          <DistanceMeters>982.0</DistanceMeters>
          <HeartRateBpm>
            <Value>104</Value>
          </HeartRateBpm>
          <SensorState>Absent</SensorState>
        </Trackpoint>
        <Trackpoint>
          <Time>2024-12-06T15:58:47Z</Time>
          <DistanceMeters>982.0</DistanceMeters>
          <HeartRateBpm>
            <Value>103</Value>
          </HeartRateBpm>
          <SensorState>Absent</SensorState>
        </Trackpoint>
        <Trackpoint>
          <Time>2024-12-06T15:58:48Z</Time>
          <DistanceMeters>982.0</DistanceMeters>
          <HeartRateBpm>
            <Value>105</Value>
          </HeartRateBpm>
          <SensorState>Absent</SensorState>
        </Trackpoint>
        <Trackpoint>
          <Time>2024-12-06T15:58:49Z</Time>
          <DistanceMeters>982.0</DistanceMeters>
          <HeartRateBpm>
            <Value>106</Value>
          </HeartRateBpm>
          <SensorState>Absent</SensorState>
        </Trackpoint>
        <Trackpoint>
          <Time>2024-12-06T15:58:52Z</Time>
          <DistanceMeters>982.0</DistanceMeters>
          <HeartRateBpm>
            <Value>104</Value>
          </HeartRateBpm>
          <SensorState>Absent</SensorState>
        </Trackpoint>
        <Trackpoint>
          <Time>2024-12-06T15:58:53Z</Time>
          <DistanceMeters>982.0</DistanceMeters>
          <HeartRateBpm>
            <Value>102</Value>
          </HeartRateBpm>
          <SensorState>Absent</SensorState>
        </Trackpoint>
        <Trackpoint>
          <Time>2024-12-06T15:58:54Z</Time>
          <DistanceMeters>982.0</DistanceMeters>
          <HeartRateBpm>
            <Value>100</Value>
          </HeartRateBpm>
          <SensorState>Absent</SensorState>
        </Trackpoint>
        <Trackpoint>
          <Time>2024-12-06T15:59:00Z</Time>
          <DistanceMeters>982.0</DistanceMeters>
          <HeartRateBpm>
            <Value>99</Value>
          </HeartRateBpm>
          <SensorState>Absent</SensorState>
        </Trackpoint>
        <Trackpoint>
          <Time>2024-12-06T15:59:00Z</Time>
          <DistanceMeters>982.0</DistanceMeters>
          <HeartRateBpm>
            <Value>101</Value>
          </HeartRateBpm>
          <SensorState>Absent</SensorState>
        </Trackpoint>
        <Trackpoint>
          <Time>2024-12-06T15:59:02Z</Time>
          <DistanceMeters>982.0</DistanceMeters>
          <HeartRateBpm>
            <Value>102</Value>
          </HeartRateBpm>
          <SensorState>Absent</SensorState>
        </Trackpoint>
        <Trackpoint>
          <Time>2024-12-06T15:59:06Z</Time>
          <DistanceMeters>997.0</DistanceMeters>
          <HeartRateBpm>
            <Value>104</Value>
          </HeartRateBpm>
          <SensorState>Absent</SensorState>
        </Trackpoint>
        <Trackpoint>
          <Time>2024-12-06T15:59:11Z</Time>
          <DistanceMeters>997.0</DistanceMeters>
          <HeartRateBpm>
            <Value>104</Value>
          </HeartRateBpm>
          <SensorState>Absent</SensorState>
        </Trackpoint>
        <Trackpoint>
          <Time>2024-12-06T15:59:15Z</Time>
          <DistanceMeters>997.0</DistanceMeters>
          <HeartRateBpm>
            <Value>103</Value>
          </HeartRateBpm>
          <SensorState>Absent</SensorState>
        </Trackpoint>
        <Trackpoint>
          <Time>2024-12-06T15:59:16Z</Time>
          <DistanceMeters>997.0</DistanceMeters>
          <HeartRateBpm>
            <Value>102</Value>
          </HeartRateBpm>
          <SensorState>Absent</SensorState>
        </Trackpoint>
        <Trackpoint>
          <Time>2024-12-06T15:59:17Z</Time>
          <DistanceMeters>997.0</DistanceMeters>
          <HeartRateBpm>
            <Value>102</Value>
          </HeartRateBpm>
          <SensorState>Absent</SensorState>
        </Trackpoint>
        <Trackpoint>
          <Time>2024-12-06T15:59:22Z</Time>
          <DistanceMeters>997.0</DistanceMeters>
          <HeartRateBpm>
            <Value>99</Value>
          </HeartRateBpm>
          <SensorState>Absent</SensorState>
        </Trackpoint>
        <Trackpoint>
          <Time>2024-12-06T15:59:23Z</Time>
          <DistanceMeters>997.0</DistanceMeters>
          <HeartRateBpm>
            <Value>98</Value>
          </HeartRateBpm>
          <SensorState>Absent</SensorState>
        </Trackpoint>
        <Trackpoint>
          <Time>2024-12-06T15:59:24Z</Time>
          <DistanceMeters>997.0</DistanceMeters>
          <HeartRateBpm>
            <Value>97</Value>
          </HeartRateBpm>
          <SensorState>Absent</SensorState>
        </Trackpoint>
        <Trackpoint>
          <Time>2024-12-06T15:59:25Z</Time>
          <DistanceMeters>997.0</DistanceMeters>
          <HeartRateBpm>
            <Value>94</Value>
          </HeartRateBpm>
          <SensorState>Absent</SensorState>
        </Trackpoint>
        <Trackpoint>
          <Time>2024-12-06T15:59:26Z</Time>
          <DistanceMeters>997.0</DistanceMeters>
          <HeartRateBpm>
            <Value>94</Value>
          </HeartRateBpm>
          <SensorState>Absent</SensorState>
        </Trackpoint>
        <Trackpoint>
          <Time>2024-12-06T15:59:30Z</Time>
          <DistanceMeters>997.0</DistanceMeters>
          <HeartRateBpm>
            <Value>96</Value>
          </HeartRateBpm>
          <SensorState>Absent</SensorState>
        </Trackpoint>
        <Trackpoint>
          <Time>2024-12-06T15:59:31Z</Time>
          <DistanceMeters>997.0</DistanceMeters>
          <HeartRateBpm>
            <Value>99</Value>
          </HeartRateBpm>
          <SensorState>Absent</SensorState>
        </Trackpoint>
        <Trackpoint>
          <Time>2024-12-06T15:59:31Z</Time>
          <DistanceMeters>997.0</DistanceMeters>
          <HeartRateBpm>
            <Value>100</Value>
          </HeartRateBpm>
          <SensorState>Absent</SensorState>
        </Trackpoint>
        <Trackpoint>
          <Time>2024-12-06T15:59:32Z</Time>
          <DistanceMeters>997.0</DistanceMeters>
          <HeartRateBpm>
            <Value>100</Value>
          </HeartRateBpm>
          <SensorState>Absent</SensorState>
        </Trackpoint>
        <Trackpoint>
          <Time>2024-12-06T15:59:37Z</Time>
          <DistanceMeters>997.0</DistanceMeters>
          <HeartRateBpm>
            <Value>100</Value>
          </HeartRateBpm>
          <SensorState>Absent</SensorState>
        </Trackpoint>
        <Trackpoint>
          <Time>2024-12-06T15:59:40Z</Time>
          <DistanceMeters>997.0</DistanceMeters>
          <HeartRateBpm>
            <Value>101</Value>
          </HeartRateBpm>
          <SensorState>Absent</SensorState>
        </Trackpoint>
        <Trackpoint>
          <Time>2024-12-06T15:59:45Z</Time>
          <DistanceMeters>997.0</DistanceMeters>
          <HeartRateBpm>
            <Value>101</Value>
          </HeartRateBpm>
          <SensorState>Absent</SensorState>
        </Trackpoint>
        <Trackpoint>
          <Time>2024-12-06T15:59:46Z</Time>
          <DistanceMeters>997.0</DistanceMeters>
          <HeartRateBpm>
            <Value>100</Value>
          </HeartRateBpm>
          <SensorState>Absent</SensorState>
        </Trackpoint>
        <Trackpoint>
          <Time>2024-12-06T15:59:48Z</Time>
          <DistanceMeters>997.0</DistanceMeters>
          <HeartRateBpm>
            <Value>97</Value>
          </HeartRateBpm>
          <SensorState>Absent</SensorState>
        </Trackpoint>
        <Trackpoint>
          <Time>2024-12-06T15:59:49Z</Time>
          <DistanceMeters>997.0</DistanceMeters>
          <HeartRateBpm>
            <Value>96</Value>
          </HeartRateBpm>
          <SensorState>Absent</SensorState>
        </Trackpoint>
        <Trackpoint>
          <Time>2024-12-06T15:59:50Z</Time>
          <DistanceMeters>997.0</DistanceMeters>
          <HeartRateBpm>
            <Value>95</Value>
          </HeartRateBpm>
          <SensorState>Absent</SensorState>
        </Trackpoint>
        <Trackpoint>
          <Time>2024-12-06T15:59:56Z</Time>
          <DistanceMeters>997.0</DistanceMeters>
          <HeartRateBpm>
            <Value>95</Value>
          </HeartRateBpm>
          <SensorState>Absent</SensorState>
        </Trackpoint>
        <Trackpoint>
          <Time>2024-12-06T15:59:57Z</Time>
          <DistanceMeters>997.0</DistanceMeters>
          <HeartRateBpm>
            <Value>93</Value>
          </HeartRateBpm>
          <SensorState>Absent</SensorState>
        </Trackpoint>
        <Trackpoint>
          <Time>2024-12-06T15:59:58Z</Time>
          <DistanceMeters>997.0</DistanceMeters>
          <HeartRateBpm>
            <Value>93</Value>
          </HeartRateBpm>
          <SensorState>Absent</SensorState>
        </Trackpoint>
        <Trackpoint>
          <Time>2024-12-06T16:00:00Z</Time>
          <DistanceMeters>997.0</DistanceMeters>
          <HeartRateBpm>
            <Value>97</Value>
          </HeartRateBpm>
          <SensorState>Absent</SensorState>
        </Trackpoint>
        <Trackpoint>
          <Time>2024-12-06T16:00:04Z</Time>
          <DistanceMeters>997.0</DistanceMeters>
          <HeartRateBpm>
            <Value>93</Value>
          </HeartRateBpm>
          <SensorState>Absent</SensorState>
        </Trackpoint>
        <Trackpoint>
          <Time>2024-12-06T16:00:05Z</Time>
          <DistanceMeters>1011.0</DistanceMeters>
          <HeartRateBpm>
            <Value>92</Value>
          </HeartRateBpm>
          <SensorState>Absent</SensorState>
        </Trackpoint>
        <Trackpoint>
          <Time>2024-12-06T16:00:11Z</Time>
          <DistanceMeters>1011.0</DistanceMeters>
          <HeartRateBpm>
            <Value>92</Value>
          </HeartRateBpm>
          <SensorState>Absent</SensorState>
        </Trackpoint>
        <Trackpoint>
          <Time>2024-12-06T16:00:13Z</Time>
          <DistanceMeters>1011.0</DistanceMeters>
          <HeartRateBpm>
            <Value>93</Value>
          </HeartRateBpm>
          <SensorState>Absent</SensorState>
        </Trackpoint>
        <Trackpoint>
          <Time>2024-12-06T16:00:14Z</Time>
          <DistanceMeters>1011.0</DistanceMeters>
          <HeartRateBpm>
            <Value>95</Value>
          </HeartRateBpm>
          <SensorState>Absent</SensorState>
        </Trackpoint>
        <Trackpoint>
          <Time>2024-12-06T16:00:16Z</Time>
          <DistanceMeters>1011.0</DistanceMeters>
          <HeartRateBpm>
            <Value>96</Value>
          </HeartRateBpm>
          <SensorState>Absent</SensorState>
        </Trackpoint>
        <Trackpoint>
          <Time>2024-12-06T16:00:18Z</Time>
          <DistanceMeters>1011.0</DistanceMeters>
          <HeartRateBpm>
            <Value>98</Value>
          </HeartRateBpm>
          <SensorState>Absent</SensorState>
        </Trackpoint>
        <Trackpoint>
          <Time>2024-12-06T16:00:19Z</Time>
          <DistanceMeters>1011.0</DistanceMeters>
          <HeartRateBpm>
            <Value>101</Value>
          </HeartRateBpm>
          <SensorState>Absent</SensorState>
        </Trackpoint>
        <Trackpoint>
          <Time>2024-12-06T16:00:19Z</Time>
          <DistanceMeters>1011.0</DistanceMeters>
          <HeartRateBpm>
            <Value>101</Value>
          </HeartRateBpm>
          <SensorState>Absent</SensorState>
        </Trackpoint>
        <Trackpoint>
          <Time>2024-12-06T16:00:22Z</Time>
          <DistanceMeters>1011.0</DistanceMeters>
          <HeartRateBpm>
            <Value>100</Value>
          </HeartRateBpm>
          <SensorState>Absent</SensorState>
        </Trackpoint>
        <Trackpoint>
          <Time>2024-12-06T16:00:23Z</Time>
          <DistanceMeters>1011.0</DistanceMeters>
          <HeartRateBpm>
            <Value>98</Value>
          </HeartRateBpm>
          <SensorState>Absent</SensorState>
        </Trackpoint>
        <Trackpoint>
          <Time>2024-12-06T16:00:24Z</Time>
          <DistanceMeters>1011.0</DistanceMeters>
          <HeartRateBpm>
            <Value>99</Value>
          </HeartRateBpm>
          <SensorState>Absent</SensorState>
        </Trackpoint>
        <Trackpoint>
          <Time>2024-12-06T16:00:26Z</Time>
          <DistanceMeters>1011.0</DistanceMeters>
          <HeartRateBpm>
            <Value>100</Value>
          </HeartRateBpm>
          <SensorState>Absent</SensorState>
        </Trackpoint>
        <Trackpoint>
          <Time>2024-12-06T16:00:29Z</Time>
          <DistanceMeters>1011.0</DistanceMeters>
          <HeartRateBpm>
            <Value>99</Value>
          </HeartRateBpm>
          <SensorState>Absent</SensorState>
        </Trackpoint>
        <Trackpoint>
          <Time>2024-12-06T16:00:32Z</Time>
          <DistanceMeters>1011.0</DistanceMeters>
          <HeartRateBpm>
            <Value>98</Value>
          </HeartRateBpm>
          <SensorState>Absent</SensorState>
        </Trackpoint>
        <Trackpoint>
          <Time>2024-12-06T16:00:36Z</Time>
          <DistanceMeters>1011.0</DistanceMeters>
          <HeartRateBpm>
            <Value>97</Value>
          </HeartRateBpm>
          <SensorState>Absent</SensorState>
        </Trackpoint>
        <Trackpoint>
          <Time>2024-12-06T16:00:39Z</Time>
          <DistanceMeters>1011.0</DistanceMeters>
          <HeartRateBpm>
            <Value>98</Value>
          </HeartRateBpm>
          <SensorState>Absent</SensorState>
        </Trackpoint>
        <Trackpoint>
          <Time>2024-12-06T16:00:43Z</Time>
          <DistanceMeters>1011.0</DistanceMeters>
          <HeartRateBpm>
            <Value>99</Value>
          </HeartRateBpm>
          <SensorState>Absent</SensorState>
        </Trackpoint>
        <Trackpoint>
          <Time>2024-12-06T16:00:44Z</Time>
          <DistanceMeters>1011.0</DistanceMeters>
          <HeartRateBpm>
            <Value>97</Value>
          </HeartRateBpm>
          <SensorState>Absent</SensorState>
        </Trackpoint>
        <Trackpoint>
          <Time>2024-12-06T16:00:45Z</Time>
          <DistanceMeters>1011.0</DistanceMeters>
          <HeartRateBpm>
            <Value>95</Value>
          </HeartRateBpm>
          <SensorState>Absent</SensorState>
        </Trackpoint>
        <Trackpoint>
          <Time>2024-12-06T16:00:46Z</Time>
          <DistanceMeters>1011.0</DistanceMeters>
          <HeartRateBpm>
            <Value>95</Value>
          </HeartRateBpm>
          <SensorState>Absent</SensorState>
        </Trackpoint>
        <Trackpoint>
          <Time>2024-12-06T16:00:47Z</Time>
          <DistanceMeters>1011.0</DistanceMeters>
          <HeartRateBpm>
            <Value>94</Value>
          </HeartRateBpm>
          <SensorState>Absent</SensorState>
        </Trackpoint>
        <Trackpoint>
          <Time>2024-12-06T16:00:49Z</Time>
          <DistanceMeters>1011.0</DistanceMeters>
          <HeartRateBpm>
            <Value>95</Value>
          </HeartRateBpm>
          <SensorState>Absent</SensorState>
        </Trackpoint>
        <Trackpoint>
          <Time>2024-12-06T16:00:53Z</Time>
          <DistanceMeters>1011.0</DistanceMeters>
          <HeartRateBpm>
            <Value>94</Value>
          </HeartRateBpm>
          <SensorState>Absent</SensorState>
        </Trackpoint>
        <Trackpoint>
          <Time>2024-12-06T16:00:57Z</Time>
          <DistanceMeters>1011.0</DistanceMeters>
          <HeartRateBpm>
            <Value>96</Value>
          </HeartRateBpm>
          <SensorState>Absent</SensorState>
        </Trackpoint>
        <Trackpoint>
          <Time>2024-12-06T16:01:00Z</Time>
          <DistanceMeters>1011.0</DistanceMeters>
          <HeartRateBpm>
            <Value>96</Value>
          </HeartRateBpm>
          <SensorState>Absent</SensorState>
        </Trackpoint>
        <Trackpoint>
          <Time>2024-12-06T16:01:02Z</Time>
          <DistanceMeters>1011.0</DistanceMeters>
          <HeartRateBpm>
            <Value>96</Value>
          </HeartRateBpm>
          <SensorState>Absent</SensorState>
        </Trackpoint>
        <Trackpoint>
          <Time>2024-12-06T16:01:07Z</Time>
          <DistanceMeters>1025.0</DistanceMeters>
          <HeartRateBpm>
            <Value>95</Value>
          </HeartRateBpm>
          <SensorState>Absent</SensorState>
        </Trackpoint>
        <Trackpoint>
          <Time>2024-12-06T16:01:09Z</Time>
          <DistanceMeters>1025.0</DistanceMeters>
          <HeartRateBpm>
            <Value>94</Value>
          </HeartRateBpm>
          <SensorState>Absent</SensorState>
        </Trackpoint>
        <Trackpoint>
          <Time>2024-12-06T16:01:10Z</Time>
          <DistanceMeters>1025.0</DistanceMeters>
          <HeartRateBpm>
            <Value>93</Value>
          </HeartRateBpm>
          <SensorState>Absent</SensorState>
        </Trackpoint>
        <Trackpoint>
          <Time>2024-12-06T16:01:11Z</Time>
          <DistanceMeters>1025.0</DistanceMeters>
          <HeartRateBpm>
            <Value>92</Value>
          </HeartRateBpm>
          <SensorState>Absent</SensorState>
        </Trackpoint>
        <Trackpoint>
          <Time>2024-12-06T16:01:16Z</Time>
          <DistanceMeters>1025.0</DistanceMeters>
          <HeartRateBpm>
            <Value>92</Value>
          </HeartRateBpm>
          <SensorState>Absent</SensorState>
        </Trackpoint>
        <Trackpoint>
          <Time>2024-12-06T16:01:22Z</Time>
          <DistanceMeters>1025.0</DistanceMeters>
          <HeartRateBpm>
            <Value>92</Value>
          </HeartRateBpm>
          <SensorState>Absent</SensorState>
        </Trackpoint>
        <Trackpoint>
          <Time>2024-12-06T16:01:25Z</Time>
          <DistanceMeters>1025.0</DistanceMeters>
          <HeartRateBpm>
            <Value>93</Value>
          </HeartRateBpm>
          <SensorState>Absent</SensorState>
        </Trackpoint>
        <Trackpoint>
          <Time>2024-12-06T16:01:28Z</Time>
          <DistanceMeters>1025.0</DistanceMeters>
          <HeartRateBpm>
            <Value>94</Value>
          </HeartRateBpm>
          <SensorState>Absent</SensorState>
        </Trackpoint>
        <Trackpoint>
          <Time>2024-12-06T16:01:29Z</Time>
          <DistanceMeters>1025.0</DistanceMeters>
          <HeartRateBpm>
            <Value>95</Value>
          </HeartRateBpm>
          <SensorState>Absent</SensorState>
        </Trackpoint>
        <Trackpoint>
          <Time>2024-12-06T16:01:31Z</Time>
          <DistanceMeters>1025.0</DistanceMeters>
          <HeartRateBpm>
            <Value>97</Value>
          </HeartRateBpm>
          <SensorState>Absent</SensorState>
        </Trackpoint>
        <Trackpoint>
          <Time>2024-12-06T16:01:32Z</Time>
          <DistanceMeters>1025.0</DistanceMeters>
          <HeartRateBpm>
            <Value>99</Value>
          </HeartRateBpm>
          <SensorState>Absent</SensorState>
        </Trackpoint>
        <Trackpoint>
          <Time>2024-12-06T16:01:37Z</Time>
          <DistanceMeters>1025.0</DistanceMeters>
          <HeartRateBpm>
            <Value>99</Value>
          </HeartRateBpm>
          <SensorState>Absent</SensorState>
        </Trackpoint>
        <Trackpoint>
          <Time>2024-12-06T16:01:42Z</Time>
          <DistanceMeters>1025.0</DistanceMeters>
          <HeartRateBpm>
            <Value>100</Value>
          </HeartRateBpm>
          <SensorState>Absent</SensorState>
        </Trackpoint>
        <Trackpoint>
          <Time>2024-12-06T16:01:48Z</Time>
          <DistanceMeters>1025.0</DistanceMeters>
          <HeartRateBpm>
            <Value>100</Value>
          </HeartRateBpm>
          <SensorState>Absent</SensorState>
        </Trackpoint>
        <Trackpoint>
          <Time>2024-12-06T16:01:48Z</Time>
          <DistanceMeters>1025.0</DistanceMeters>
          <HeartRateBpm>
            <Value>100</Value>
          </HeartRateBpm>
          <SensorState>Absent</SensorState>
        </Trackpoint>
        <Trackpoint>
          <Time>2024-12-06T16:01:52Z</Time>
          <DistanceMeters>1025.0</DistanceMeters>
          <HeartRateBpm>
            <Value>99</Value>
          </HeartRateBpm>
          <SensorState>Absent</SensorState>
        </Trackpoint>
        <Trackpoint>
          <Time>2024-12-06T16:01:54Z</Time>
          <DistanceMeters>1025.0</DistanceMeters>
          <HeartRateBpm>
            <Value>100</Value>
          </HeartRateBpm>
          <SensorState>Absent</SensorState>
        </Trackpoint>
        <Trackpoint>
          <Time>2024-12-06T16:01:56Z</Time>
          <DistanceMeters>1025.0</DistanceMeters>
          <HeartRateBpm>
            <Value>101</Value>
          </HeartRateBpm>
          <SensorState>Absent</SensorState>
        </Trackpoint>
        <Trackpoint>
          <Time>2024-12-06T16:01:58Z</Time>
          <DistanceMeters>1025.0</DistanceMeters>
          <HeartRateBpm>
            <Value>102</Value>
          </HeartRateBpm>
          <SensorState>Absent</SensorState>
        </Trackpoint>
        <Trackpoint>
          <Time>2024-12-06T16:02:00Z</Time>
          <DistanceMeters>1025.0</DistanceMeters>
          <HeartRateBpm>
            <Value>98</Value>
          </HeartRateBpm>
          <SensorState>Absent</SensorState>
        </Trackpoint>
        <Trackpoint>
          <Time>2024-12-06T16:02:00Z</Time>
          <DistanceMeters>1025.0</DistanceMeters>
          <HeartRateBpm>
            <Value>103</Value>
          </HeartRateBpm>
          <SensorState>Absent</SensorState>
        </Trackpoint>
        <Trackpoint>
          <Time>2024-12-06T16:02:01Z</Time>
          <DistanceMeters>1025.0</DistanceMeters>
          <HeartRateBpm>
            <Value>105</Value>
          </HeartRateBpm>
          <SensorState>Absent</SensorState>
        </Trackpoint>
        <Trackpoint>
          <Time>2024-12-06T16:02:03Z</Time>
          <DistanceMeters>1025.0</DistanceMeters>
          <HeartRateBpm>
            <Value>103</Value>
          </HeartRateBpm>
          <SensorState>Absent</SensorState>
        </Trackpoint>
        <Trackpoint>
          <Time>2024-12-06T16:02:06Z</Time>
          <DistanceMeters>1039.0</DistanceMeters>
          <HeartRateBpm>
            <Value>102</Value>
          </HeartRateBpm>
          <SensorState>Absent</SensorState>
        </Trackpoint>
        <Trackpoint>
          <Time>2024-12-06T16:02:07Z</Time>
          <DistanceMeters>1039.0</DistanceMeters>
          <HeartRateBpm>
            <Value>100</Value>
          </HeartRateBpm>
          <SensorState>Absent</SensorState>
        </Trackpoint>
        <Trackpoint>
          <Time>2024-12-06T16:02:09Z</Time>
          <DistanceMeters>1039.0</DistanceMeters>
          <HeartRateBpm>
            <Value>101</Value>
          </HeartRateBpm>
          <SensorState>Absent</SensorState>
        </Trackpoint>
        <Trackpoint>
          <Time>2024-12-06T16:02:14Z</Time>
          <DistanceMeters>1039.0</DistanceMeters>
          <HeartRateBpm>
            <Value>100</Value>
          </HeartRateBpm>
          <SensorState>Absent</SensorState>
        </Trackpoint>
        <Trackpoint>
          <Time>2024-12-06T16:02:16Z</Time>
          <DistanceMeters>1039.0</DistanceMeters>
          <HeartRateBpm>
            <Value>99</Value>
          </HeartRateBpm>
          <SensorState>Absent</SensorState>
        </Trackpoint>
        <Trackpoint>
          <Time>2024-12-06T16:02:22Z</Time>
          <DistanceMeters>1039.0</DistanceMeters>
          <HeartRateBpm>
            <Value>99</Value>
          </HeartRateBpm>
          <SensorState>Absent</SensorState>
        </Trackpoint>
        <Trackpoint>
          <Time>2024-12-06T16:02:24Z</Time>
          <DistanceMeters>1039.0</DistanceMeters>
          <HeartRateBpm>
            <Value>98</Value>
          </HeartRateBpm>
          <SensorState>Absent</SensorState>
        </Trackpoint>
        <Trackpoint>
          <Time>2024-12-06T16:02:28Z</Time>
          <DistanceMeters>1039.0</DistanceMeters>
          <HeartRateBpm>
            <Value>96</Value>
          </HeartRateBpm>
          <SensorState>Absent</SensorState>
        </Trackpoint>
        <Trackpoint>
          <Time>2024-12-06T16:02:29Z</Time>
          <DistanceMeters>1039.0</DistanceMeters>
          <HeartRateBpm>
            <Value>94</Value>
          </HeartRateBpm>
          <SensorState>Absent</SensorState>
        </Trackpoint>
        <Trackpoint>
          <Time>2024-12-06T16:02:29Z</Time>
          <DistanceMeters>1039.0</DistanceMeters>
          <HeartRateBpm>
            <Value>94</Value>
          </HeartRateBpm>
          <SensorState>Absent</SensorState>
        </Trackpoint>
        <Trackpoint>
          <Time>2024-12-06T16:02:32Z</Time>
          <DistanceMeters>1039.0</DistanceMeters>
          <HeartRateBpm>
            <Value>96</Value>
          </HeartRateBpm>
          <SensorState>Absent</SensorState>
        </Trackpoint>
        <Trackpoint>
          <Time>2024-12-06T16:02:33Z</Time>
          <DistanceMeters>1039.0</DistanceMeters>
          <HeartRateBpm>
            <Value>98</Value>
          </HeartRateBpm>
          <SensorState>Absent</SensorState>
        </Trackpoint>
        <Trackpoint>
          <Time>2024-12-06T16:02:37Z</Time>
          <DistanceMeters>1039.0</DistanceMeters>
          <HeartRateBpm>
            <Value>100</Value>
          </HeartRateBpm>
          <SensorState>Absent</SensorState>
        </Trackpoint>
        <Trackpoint>
          <Time>2024-12-06T16:02:37Z</Time>
          <DistanceMeters>1039.0</DistanceMeters>
          <HeartRateBpm>
            <Value>100</Value>
          </HeartRateBpm>
          <SensorState>Absent</SensorState>
        </Trackpoint>
        <Trackpoint>
          <Time>2024-12-06T16:02:40Z</Time>
          <DistanceMeters>1039.0</DistanceMeters>
          <HeartRateBpm>
            <Value>99</Value>
          </HeartRateBpm>
          <SensorState>Absent</SensorState>
        </Trackpoint>
        <Trackpoint>
          <Time>2024-12-06T16:02:41Z</Time>
          <DistanceMeters>1039.0</DistanceMeters>
          <HeartRateBpm>
            <Value>101</Value>
          </HeartRateBpm>
          <SensorState>Absent</SensorState>
        </Trackpoint>
        <Trackpoint>
          <Time>2024-12-06T16:02:45Z</Time>
          <DistanceMeters>1039.0</DistanceMeters>
          <HeartRateBpm>
            <Value>100</Value>
          </HeartRateBpm>
          <SensorState>Absent</SensorState>
        </Trackpoint>
        <Trackpoint>
          <Time>2024-12-06T16:02:48Z</Time>
          <DistanceMeters>1039.0</DistanceMeters>
          <HeartRateBpm>
            <Value>99</Value>
          </HeartRateBpm>
          <SensorState>Absent</SensorState>
        </Trackpoint>
        <Trackpoint>
          <Time>2024-12-06T16:02:49Z</Time>
          <DistanceMeters>1039.0</DistanceMeters>
          <HeartRateBpm>
            <Value>98</Value>
          </HeartRateBpm>
          <SensorState>Absent</SensorState>
        </Trackpoint>
        <Trackpoint>
          <Time>2024-12-06T16:02:50Z</Time>
          <DistanceMeters>1039.0</DistanceMeters>
          <HeartRateBpm>
            <Value>97</Value>
          </HeartRateBpm>
          <SensorState>Absent</SensorState>
        </Trackpoint>
        <Trackpoint>
          <Time>2024-12-06T16:02:52Z</Time>
          <DistanceMeters>1039.0</DistanceMeters>
          <HeartRateBpm>
            <Value>95</Value>
          </HeartRateBpm>
          <SensorState>Absent</SensorState>
        </Trackpoint>
        <Trackpoint>
          <Time>2024-12-06T16:02:55Z</Time>
          <DistanceMeters>1039.0</DistanceMeters>
          <HeartRateBpm>
            <Value>96</Value>
          </HeartRateBpm>
          <SensorState>Absent</SensorState>
        </Trackpoint>
        <Trackpoint>
          <Time>2024-12-06T16:02:57Z</Time>
          <DistanceMeters>1039.0</DistanceMeters>
          <HeartRateBpm>
            <Value>97</Value>
          </HeartRateBpm>
          <SensorState>Absent</SensorState>
        </Trackpoint>
        <Trackpoint>
          <Time>2024-12-06T16:02:58Z</Time>
          <DistanceMeters>1039.0</DistanceMeters>
          <HeartRateBpm>
            <Value>99</Value>
          </HeartRateBpm>
          <SensorState>Absent</SensorState>
        </Trackpoint>
        <Trackpoint>
          <Time>2024-12-06T16:03:00Z</Time>
          <DistanceMeters>1039.0</DistanceMeters>
          <HeartRateBpm>
            <Value>99</Value>
          </HeartRateBpm>
          <SensorState>Absent</SensorState>
        </Trackpoint>
        <Trackpoint>
          <Time>2024-12-06T16:03:03Z</Time>
          <DistanceMeters>1039.0</DistanceMeters>
          <HeartRateBpm>
            <Value>99</Value>
          </HeartRateBpm>
          <SensorState>Absent</SensorState>
        </Trackpoint>
        <Trackpoint>
          <Time>2024-12-06T16:03:06Z</Time>
          <DistanceMeters>1053.0</DistanceMeters>
          <HeartRateBpm>
            <Value>98</Value>
          </HeartRateBpm>
          <SensorState>Absent</SensorState>
        </Trackpoint>
        <Trackpoint>
          <Time>2024-12-06T16:03:08Z</Time>
          <DistanceMeters>1053.0</DistanceMeters>
          <HeartRateBpm>
            <Value>99</Value>
          </HeartRateBpm>
          <SensorState>Absent</SensorState>
        </Trackpoint>
        <Trackpoint>
          <Time>2024-12-06T16:03:11Z</Time>
          <DistanceMeters>1053.0</DistanceMeters>
          <HeartRateBpm>
            <Value>98</Value>
          </HeartRateBpm>
          <SensorState>Absent</SensorState>
        </Trackpoint>
        <Trackpoint>
          <Time>2024-12-06T16:03:14Z</Time>
          <DistanceMeters>1053.0</DistanceMeters>
          <HeartRateBpm>
            <Value>97</Value>
          </HeartRateBpm>
          <SensorState>Absent</SensorState>
        </Trackpoint>
        <Trackpoint>
          <Time>2024-12-06T16:03:15Z</Time>
          <DistanceMeters>1053.0</DistanceMeters>
          <HeartRateBpm>
            <Value>96</Value>
          </HeartRateBpm>
          <SensorState>Absent</SensorState>
        </Trackpoint>
        <Trackpoint>
          <Time>2024-12-06T16:03:16Z</Time>
          <DistanceMeters>1053.0</DistanceMeters>
          <HeartRateBpm>
            <Value>97</Value>
          </HeartRateBpm>
          <SensorState>Absent</SensorState>
        </Trackpoint>
        <Trackpoint>
          <Time>2024-12-06T16:03:19Z</Time>
          <DistanceMeters>1053.0</DistanceMeters>
          <HeartRateBpm>
            <Value>98</Value>
          </HeartRateBpm>
          <SensorState>Absent</SensorState>
        </Trackpoint>
        <Trackpoint>
          <Time>2024-12-06T16:03:20Z</Time>
          <DistanceMeters>1053.0</DistanceMeters>
          <HeartRateBpm>
            <Value>99</Value>
          </HeartRateBpm>
          <SensorState>Absent</SensorState>
        </Trackpoint>
        <Trackpoint>
          <Time>2024-12-06T16:03:21Z</Time>
          <DistanceMeters>1053.0</DistanceMeters>
          <HeartRateBpm>
            <Value>101</Value>
          </HeartRateBpm>
          <SensorState>Absent</SensorState>
        </Trackpoint>
        <Trackpoint>
          <Time>2024-12-06T16:03:23Z</Time>
          <DistanceMeters>1053.0</DistanceMeters>
          <HeartRateBpm>
            <Value>102</Value>
          </HeartRateBpm>
          <SensorState>Absent</SensorState>
        </Trackpoint>
        <Trackpoint>
          <Time>2024-12-06T16:03:28Z</Time>
          <DistanceMeters>1053.0</DistanceMeters>
          <HeartRateBpm>
            <Value>103</Value>
          </HeartRateBpm>
          <SensorState>Absent</SensorState>
        </Trackpoint>
        <Trackpoint>
          <Time>2024-12-06T16:03:32Z</Time>
          <DistanceMeters>1053.0</DistanceMeters>
          <HeartRateBpm>
            <Value>104</Value>
          </HeartRateBpm>
          <SensorState>Absent</SensorState>
        </Trackpoint>
        <Trackpoint>
          <Time>2024-12-06T16:03:34Z</Time>
          <DistanceMeters>1053.0</DistanceMeters>
          <HeartRateBpm>
            <Value>103</Value>
          </HeartRateBpm>
          <SensorState>Absent</SensorState>
        </Trackpoint>
        <Trackpoint>
          <Time>2024-12-06T16:03:37Z</Time>
          <DistanceMeters>1053.0</DistanceMeters>
          <HeartRateBpm>
            <Value>102</Value>
          </HeartRateBpm>
          <SensorState>Absent</SensorState>
        </Trackpoint>
        <Trackpoint>
          <Time>2024-12-06T16:03:40Z</Time>
          <DistanceMeters>1053.0</DistanceMeters>
          <HeartRateBpm>
            <Value>101</Value>
          </HeartRateBpm>
          <SensorState>Absent</SensorState>
        </Trackpoint>
        <Trackpoint>
          <Time>2024-12-06T16:03:40Z</Time>
          <DistanceMeters>1053.0</DistanceMeters>
          <HeartRateBpm>
            <Value>101</Value>
          </HeartRateBpm>
          <SensorState>Absent</SensorState>
        </Trackpoint>
        <Trackpoint>
          <Time>2024-12-06T16:03:45Z</Time>
          <DistanceMeters>1053.0</DistanceMeters>
          <HeartRateBpm>
            <Value>101</Value>
          </HeartRateBpm>
          <SensorState>Absent</SensorState>
        </Trackpoint>
        <Trackpoint>
          <Time>2024-12-06T16:03:49Z</Time>
          <DistanceMeters>1053.0</DistanceMeters>
          <HeartRateBpm>
            <Value>100</Value>
          </HeartRateBpm>
          <SensorState>Absent</SensorState>
        </Trackpoint>
        <Trackpoint>
          <Time>2024-12-06T16:03:50Z</Time>
          <DistanceMeters>1053.0</DistanceMeters>
          <HeartRateBpm>
            <Value>98</Value>
          </HeartRateBpm>
          <SensorState>Absent</SensorState>
        </Trackpoint>
        <Trackpoint>
          <Time>2024-12-06T16:03:51Z</Time>
          <DistanceMeters>1053.0</DistanceMeters>
          <HeartRateBpm>
            <Value>97</Value>
          </HeartRateBpm>
          <SensorState>Absent</SensorState>
        </Trackpoint>
        <Trackpoint>
          <Time>2024-12-06T16:03:53Z</Time>
          <DistanceMeters>1053.0</DistanceMeters>
          <HeartRateBpm>
            <Value>96</Value>
          </HeartRateBpm>
          <SensorState>Absent</SensorState>
        </Trackpoint>
        <Trackpoint>
          <Time>2024-12-06T16:03:55Z</Time>
          <DistanceMeters>1053.0</DistanceMeters>
          <HeartRateBpm>
            <Value>97</Value>
          </HeartRateBpm>
          <SensorState>Absent</SensorState>
        </Trackpoint>
        <Trackpoint>
          <Time>2024-12-06T16:03:58Z</Time>
          <DistanceMeters>1053.0</DistanceMeters>
          <HeartRateBpm>
            <Value>96</Value>
          </HeartRateBpm>
          <SensorState>Absent</SensorState>
        </Trackpoint>
        <Trackpoint>
          <Time>2024-12-06T16:04:00Z</Time>
          <DistanceMeters>1053.0</DistanceMeters>
          <HeartRateBpm>
            <Value>92</Value>
          </HeartRateBpm>
          <SensorState>Absent</SensorState>
        </Trackpoint>
        <Trackpoint>
          <Time>2024-12-06T16:04:00Z</Time>
          <DistanceMeters>1053.0</DistanceMeters>
          <HeartRateBpm>
            <Value>97</Value>
          </HeartRateBpm>
          <SensorState>Absent</SensorState>
        </Trackpoint>
        <Trackpoint>
          <Time>2024-12-06T16:04:02Z</Time>
          <DistanceMeters>1053.0</DistanceMeters>
          <HeartRateBpm>
            <Value>98</Value>
          </HeartRateBpm>
          <SensorState>Absent</SensorState>
        </Trackpoint>
        <Trackpoint>
          <Time>2024-12-06T16:04:06Z</Time>
          <DistanceMeters>1067.0</DistanceMeters>
          <HeartRateBpm>
            <Value>99</Value>
          </HeartRateBpm>
          <SensorState>Absent</SensorState>
        </Trackpoint>
        <Trackpoint>
          <Time>2024-12-06T16:04:11Z</Time>
          <DistanceMeters>1067.0</DistanceMeters>
          <HeartRateBpm>
            <Value>99</Value>
          </HeartRateBpm>
          <SensorState>Absent</SensorState>
        </Trackpoint>
        <Trackpoint>
          <Time>2024-12-06T16:04:12Z</Time>
          <DistanceMeters>1067.0</DistanceMeters>
          <HeartRateBpm>
            <Value>98</Value>
          </HeartRateBpm>
          <SensorState>Absent</SensorState>
        </Trackpoint>
        <Trackpoint>
          <Time>2024-12-06T16:04:15Z</Time>
          <DistanceMeters>1067.0</DistanceMeters>
          <HeartRateBpm>
            <Value>97</Value>
          </HeartRateBpm>
          <SensorState>Absent</SensorState>
        </Trackpoint>
        <Trackpoint>
          <Time>2024-12-06T16:04:20Z</Time>
          <DistanceMeters>1067.0</DistanceMeters>
          <HeartRateBpm>
            <Value>95</Value>
          </HeartRateBpm>
          <SensorState>Absent</SensorState>
        </Trackpoint>
        <Trackpoint>
          <Time>2024-12-06T16:04:20Z</Time>
          <DistanceMeters>1067.0</DistanceMeters>
          <HeartRateBpm>
            <Value>95</Value>
          </HeartRateBpm>
          <SensorState>Absent</SensorState>
        </Trackpoint>
        <Trackpoint>
          <Time>2024-12-06T16:04:21Z</Time>
          <DistanceMeters>1067.0</DistanceMeters>
          <HeartRateBpm>
            <Value>94</Value>
          </HeartRateBpm>
          <SensorState>Absent</SensorState>
        </Trackpoint>
        <Trackpoint>
          <Time>2024-12-06T16:04:23Z</Time>
          <DistanceMeters>1067.0</DistanceMeters>
          <HeartRateBpm>
            <Value>92</Value>
          </HeartRateBpm>
          <SensorState>Absent</SensorState>
        </Trackpoint>
        <Trackpoint>
          <Time>2024-12-06T16:04:24Z</Time>
          <DistanceMeters>1067.0</DistanceMeters>
          <HeartRateBpm>
            <Value>91</Value>
          </HeartRateBpm>
          <SensorState>Absent</SensorState>
        </Trackpoint>
        <Trackpoint>
          <Time>2024-12-06T16:04:25Z</Time>
          <DistanceMeters>1067.0</DistanceMeters>
          <HeartRateBpm>
            <Value>89</Value>
          </HeartRateBpm>
          <SensorState>Absent</SensorState>
        </Trackpoint>
        <Trackpoint>
          <Time>2024-12-06T16:04:25Z</Time>
          <DistanceMeters>1067.0</DistanceMeters>
          <HeartRateBpm>
            <Value>89</Value>
          </HeartRateBpm>
          <SensorState>Absent</SensorState>
        </Trackpoint>
        <Trackpoint>
          <Time>2024-12-06T16:04:26Z</Time>
          <DistanceMeters>1067.0</DistanceMeters>
          <HeartRateBpm>
            <Value>87</Value>
          </HeartRateBpm>
          <SensorState>Absent</SensorState>
        </Trackpoint>
        <Trackpoint>
          <Time>2024-12-06T16:04:28Z</Time>
          <DistanceMeters>1067.0</DistanceMeters>
          <HeartRateBpm>
            <Value>85</Value>
          </HeartRateBpm>
          <SensorState>Absent</SensorState>
        </Trackpoint>
        <Trackpoint>
          <Time>2024-12-06T16:04:29Z</Time>
          <DistanceMeters>1067.0</DistanceMeters>
          <HeartRateBpm>
            <Value>83</Value>
          </HeartRateBpm>
          <SensorState>Absent</SensorState>
        </Trackpoint>
        <Trackpoint>
          <Time>2024-12-06T16:04:29Z</Time>
          <DistanceMeters>1067.0</DistanceMeters>
          <HeartRateBpm>
            <Value>83</Value>
          </HeartRateBpm>
          <SensorState>Absent</SensorState>
        </Trackpoint>
        <Trackpoint>
          <Time>2024-12-06T16:04:33Z</Time>
          <DistanceMeters>1067.0</DistanceMeters>
          <HeartRateBpm>
            <Value>84</Value>
          </HeartRateBpm>
          <SensorState>Absent</SensorState>
        </Trackpoint>
        <Trackpoint>
          <Time>2024-12-06T16:04:34Z</Time>
          <DistanceMeters>1067.0</DistanceMeters>
          <HeartRateBpm>
            <Value>85</Value>
          </HeartRateBpm>
          <SensorState>Absent</SensorState>
        </Trackpoint>
        <Trackpoint>
          <Time>2024-12-06T16:04:36Z</Time>
          <DistanceMeters>1067.0</DistanceMeters>
          <HeartRateBpm>
            <Value>86</Value>
          </HeartRateBpm>
          <SensorState>Absent</SensorState>
        </Trackpoint>
        <Trackpoint>
          <Time>2024-12-06T16:04:37Z</Time>
          <DistanceMeters>1067.0</DistanceMeters>
          <HeartRateBpm>
            <Value>88</Value>
          </HeartRateBpm>
          <SensorState>Absent</SensorState>
        </Trackpoint>
        <Trackpoint>
          <Time>2024-12-06T16:04:42Z</Time>
          <DistanceMeters>1067.0</DistanceMeters>
          <HeartRateBpm>
            <Value>87</Value>
          </HeartRateBpm>
          <SensorState>Absent</SensorState>
        </Trackpoint>
        <Trackpoint>
          <Time>2024-12-06T16:04:46Z</Time>
          <DistanceMeters>1067.0</DistanceMeters>
          <HeartRateBpm>
            <Value>85</Value>
          </HeartRateBpm>
          <SensorState>Absent</SensorState>
        </Trackpoint>
        <Trackpoint>
          <Time>2024-12-06T16:04:47Z</Time>
          <DistanceMeters>1067.0</DistanceMeters>
          <HeartRateBpm>
            <Value>84</Value>
          </HeartRateBpm>
          <SensorState>Absent</SensorState>
        </Trackpoint>
        <Trackpoint>
          <Time>2024-12-06T16:04:50Z</Time>
          <DistanceMeters>1067.0</DistanceMeters>
          <HeartRateBpm>
            <Value>83</Value>
          </HeartRateBpm>
          <SensorState>Absent</SensorState>
        </Trackpoint>
        <Trackpoint>
          <Time>2024-12-06T16:04:52Z</Time>
          <DistanceMeters>1067.0</DistanceMeters>
          <HeartRateBpm>
            <Value>84</Value>
          </HeartRateBpm>
          <SensorState>Absent</SensorState>
        </Trackpoint>
        <Trackpoint>
          <Time>2024-12-06T16:04:57Z</Time>
          <DistanceMeters>1067.0</DistanceMeters>
          <HeartRateBpm>
            <Value>84</Value>
          </HeartRateBpm>
          <SensorState>Absent</SensorState>
        </Trackpoint>
        <Trackpoint>
          <Time>2024-12-06T16:05:00Z</Time>
          <DistanceMeters>1067.0</DistanceMeters>
          <HeartRateBpm>
            <Value>88</Value>
          </HeartRateBpm>
          <SensorState>Absent</SensorState>
        </Trackpoint>
        <Trackpoint>
          <Time>2024-12-06T16:05:02Z</Time>
          <DistanceMeters>1067.0</DistanceMeters>
          <HeartRateBpm>
            <Value>84</Value>
          </HeartRateBpm>
          <SensorState>Absent</SensorState>
        </Trackpoint>
        <Trackpoint>
          <Time>2024-12-06T16:05:06Z</Time>
          <DistanceMeters>1067.0</DistanceMeters>
          <HeartRateBpm>
            <Value>83</Value>
          </HeartRateBpm>
          <SensorState>Absent</SensorState>
        </Trackpoint>
        <Trackpoint>
          <Time>2024-12-06T16:05:07Z</Time>
          <DistanceMeters>1067.0</DistanceMeters>
          <HeartRateBpm>
            <Value>81</Value>
          </HeartRateBpm>
          <SensorState>Absent</SensorState>
        </Trackpoint>
        <Trackpoint>
          <Time>2024-12-06T16:05:08Z</Time>
          <DistanceMeters>1067.0</DistanceMeters>
          <HeartRateBpm>
            <Value>82</Value>
          </HeartRateBpm>
          <SensorState>Absent</SensorState>
        </Trackpoint>
        <Trackpoint>
          <Time>2024-12-06T16:05:14Z</Time>
          <DistanceMeters>1067.0</DistanceMeters>
          <HeartRateBpm>
            <Value>82</Value>
          </HeartRateBpm>
          <SensorState>Absent</SensorState>
        </Trackpoint>
        <Trackpoint>
          <Time>2024-12-06T16:05:15Z</Time>
          <DistanceMeters>1067.0</DistanceMeters>
          <HeartRateBpm>
            <Value>81</Value>
          </HeartRateBpm>
          <SensorState>Absent</SensorState>
        </Trackpoint>
        <Trackpoint>
          <Time>2024-12-06T16:05:17Z</Time>
          <DistanceMeters>1067.0</DistanceMeters>
          <HeartRateBpm>
            <Value>80</Value>
          </HeartRateBpm>
          <SensorState>Absent</SensorState>
        </Trackpoint>
        <Trackpoint>
          <Time>2024-12-06T16:05:20Z</Time>
          <DistanceMeters>1067.0</DistanceMeters>
          <HeartRateBpm>
            <Value>81</Value>
          </HeartRateBpm>
          <SensorState>Absent</SensorState>
        </Trackpoint>
        <Trackpoint>
          <Time>2024-12-06T16:05:23Z</Time>
          <DistanceMeters>1067.0</DistanceMeters>
          <HeartRateBpm>
            <Value>80</Value>
          </HeartRateBpm>
          <SensorState>Absent</SensorState>
        </Trackpoint>
        <Trackpoint>
          <Time>2024-12-06T16:05:28Z</Time>
          <DistanceMeters>1067.0</DistanceMeters>
          <HeartRateBpm>
            <Value>81</Value>
          </HeartRateBpm>
          <SensorState>Absent</SensorState>
        </Trackpoint>
        <Trackpoint>
          <Time>2024-12-06T16:05:30Z</Time>
          <DistanceMeters>1067.0</DistanceMeters>
          <HeartRateBpm>
            <Value>80</Value>
          </HeartRateBpm>
          <SensorState>Absent</SensorState>
        </Trackpoint>
        <Trackpoint>
          <Time>2024-12-06T16:05:31Z</Time>
          <DistanceMeters>1067.0</DistanceMeters>
          <HeartRateBpm>
            <Value>80</Value>
          </HeartRateBpm>
          <SensorState>Absent</SensorState>
        </Trackpoint>
        <Trackpoint>
          <Time>2024-12-06T16:05:36Z</Time>
          <DistanceMeters>1067.0</DistanceMeters>
          <HeartRateBpm>
            <Value>80</Value>
          </HeartRateBpm>
          <SensorState>Absent</SensorState>
        </Trackpoint>
        <Trackpoint>
          <Time>2024-12-06T16:05:40Z</Time>
          <DistanceMeters>1067.0</DistanceMeters>
          <HeartRateBpm>
            <Value>81</Value>
          </HeartRateBpm>
          <SensorState>Absent</SensorState>
        </Trackpoint>
        <Trackpoint>
          <Time>2024-12-06T16:05:41Z</Time>
          <DistanceMeters>1067.0</DistanceMeters>
          <HeartRateBpm>
            <Value>83</Value>
          </HeartRateBpm>
          <SensorState>Absent</SensorState>
        </Trackpoint>
        <Trackpoint>
          <Time>2024-12-06T16:05:45Z</Time>
          <DistanceMeters>1067.0</DistanceMeters>
          <HeartRateBpm>
            <Value>85</Value>
          </HeartRateBpm>
          <SensorState>Absent</SensorState>
        </Trackpoint>
        <Trackpoint>
          <Time>2024-12-06T16:05:46Z</Time>
          <DistanceMeters>1067.0</DistanceMeters>
          <HeartRateBpm>
            <Value>86</Value>
          </HeartRateBpm>
          <SensorState>Absent</SensorState>
        </Trackpoint>
        <Trackpoint>
          <Time>2024-12-06T16:05:47Z</Time>
          <DistanceMeters>1067.0</DistanceMeters>
          <HeartRateBpm>
            <Value>86</Value>
          </HeartRateBpm>
          <SensorState>Absent</SensorState>
        </Trackpoint>
        <Trackpoint>
          <Time>2024-12-06T16:05:50Z</Time>
          <DistanceMeters>1067.0</DistanceMeters>
          <HeartRateBpm>
            <Value>87</Value>
          </HeartRateBpm>
          <SensorState>Absent</SensorState>
        </Trackpoint>
        <Trackpoint>
          <Time>2024-12-06T16:05:52Z</Time>
          <DistanceMeters>1081.0</DistanceMeters>
           <HeartRateBpm>
            <Value>87</Value>
           </HeartRateBpm>
          <SensorState>Absent</SensorState>
        </Trackpoint>
	  </Track>
      </Lap>
      </Activity>
  </Activities>

</TrainingCenterDatabase>