<?xml version="1.0" encoding="UTF-8" standalone="no" ?>
<TrainingCenterDatabase xmlns="http://www.garmin.com/xmlschemas/TrainingCenterDatabase/v2" xmlns:xsi="http://www.w3.org/2001/XMLSchema-instance" xsi:schemaLocation="http://www.garmin.com/xmlschemas/TrainingCenterDatabase/v2 http://www.garmin.com/xmlschemas/TrainingCenterDatabasev2.xsd">
  <Activities>
    <Activity Sport="Other">
      <Id>2025-11-09T06:20:41Z</Id>
      <Notes>舞蹈</Notes>
      <Lap StartTime="2025-11-09T06:20:41Z">
        <TotalTimeSeconds>5330</TotalTimeSeconds>
        <DistanceMeters>975</DistanceMeters>
        <Calories>727</Calories>
        <AverageHeartRateBpm>
          <Value>123</Value>
        </AverageHeartRateBpm>
        <MaximumHeartRateBpm>
          <Value>181</Value>
        </MaximumHeartRateBpm>
        <Intensity>Active</Intensity>
        <TriggerMethod>Manual</TriggerMethod>
	  <Track>
        <Trackpoint>
          <Time>2025-11-09T06:20:47Z</Time>
          <DistanceMeters>0.0</DistanceMeters>
          <HeartRateBpm>
            <Value>82</Value>
          </HeartRateBpm>
          <SensorState>Absent</SensorState>
        </Trackpoint>
        <Trackpoint>
          <Time>2025-11-09T06:20:52Z</Time>
          <DistanceMeters>0.0</DistanceMeters>
          <HeartRateBpm>
            <Value>81</Value>
          </HeartRateBpm>
          <SensorState>Absent</SensorState>
        </Trackpoint>
        <Trackpoint>
          <Time>2025-11-09T06:20:56Z</Time>
          <DistanceMeters>0.0</DistanceMeters>
          <HeartRateBpm>
            <Value>80</Value>
          </HeartRateBpm>
          <SensorState>Absent</SensorState>
        </Trackpoint>
        <Trackpoint>
          <Time>2025-11-09T06:20:57Z</Time>
          <DistanceMeters>0.0</DistanceMeters>
          <HeartRateBpm>
            <Value>82</Value>
          </HeartRateBpm>
          <SensorState>Absent</SensorState>
        </Trackpoint>
        <Trackpoint>
          <Time>2025-11-09T06:21:00Z</Time>
          <DistanceMeters>0.0</DistanceMeters>
          <HeartRateBpm>
            <Value>108</Value>
          </HeartRateBpm>
          <SensorState>Absent</SensorState>
        </Trackpoint>
        <Trackpoint>
          <Time>2025-11-09T06:21:02Z</Time>
          <DistanceMeters>0.0</DistanceMeters>
          <HeartRateBpm>
            <Value>82</Value>
          </HeartRateBpm>
          <SensorState>Absent</SensorState>
        </Trackpoint>
        <Trackpoint>
          <Time>2025-11-09T06:21:06Z</Time>
          <DistanceMeters>0.0</DistanceMeters>
          <HeartRateBpm>
            <Value>83</Value>
          </HeartRateBpm>
          <SensorState>Absent</SensorState>
        </Trackpoint>
        <Trackpoint>
          <Time>2025-11-09T06:21:07Z</Time>
          <DistanceMeters>0.0</DistanceMeters>
          <HeartRateBpm>
            <Value>84</Value>
          </HeartRateBpm>
          <SensorState>Absent</SensorState>
        </Trackpoint>
        <Trackpoint>
          <Time>2025-11-09T06:21:09Z</Time>
          <DistanceMeters>0.0</DistanceMeters>
          <HeartRateBpm>
            <Value>85</Value>
          </HeartRateBpm>
          <SensorState>Absent</SensorState>
        </Trackpoint>
        <Trackpoint>
          <Time>2025-11-09T06:21:10Z</Time>
          <DistanceMeters>0.0</DistanceMeters>
          <HeartRateBpm>
            <Value>88</Value>
          </HeartRateBpm>
          <SensorState>Absent</SensorState>
        </Trackpoint>
        <Trackpoint>
          <Time>2025-11-09T06:21:11Z</Time>
          <DistanceMeters>0.0</DistanceMeters>
          <HeartRateBpm>
            <Value>90</Value>
          </HeartRateBpm>
          <SensorState>Absent</SensorState>
        </Trackpoint>
        <Trackpoint>
          <Time>2025-11-09T06:21:14Z</Time>
          <DistanceMeters>0.0</DistanceMeters>
          <HeartRateBpm>
            <Value>89</Value>
          </HeartRateBpm>
          <SensorState>Absent</SensorState>
        </Trackpoint>
        <Trackpoint>
          <Time>2025-11-09T06:21:15Z</Time>
          <DistanceMeters>0.0</DistanceMeters>
          <HeartRateBpm>
            <Value>86</Value>
          </HeartRateBpm>
          <SensorState>Absent</SensorState>
        </Trackpoint>
        <Trackpoint>
          <Time>2025-11-09T06:21:19Z</Time>
          <DistanceMeters>0.0</DistanceMeters>
          <HeartRateBpm>
            <Value>91</Value>
          </HeartRateBpm>
          <SensorState>Absent</SensorState>
        </Trackpoint>
        <Trackpoint>
          <Time>2025-11-09T06:21:21Z</Time>
          <DistanceMeters>0.0</DistanceMeters>
          <HeartRateBpm>
            <Value>93</Value>
          </HeartRateBpm>
          <SensorState>Absent</SensorState>
        </Trackpoint>
        <Trackpoint>
          <Time>2025-11-09T06:21:22Z</Time>
          <DistanceMeters>0.0</DistanceMeters>
          <HeartRateBpm>
            <Value>94</Value>
          </HeartRateBpm>
          <SensorState>Absent</SensorState>
        </Trackpoint>
        <Trackpoint>
          <Time>2025-11-09T06:21:23Z</Time>
          <DistanceMeters>0.0</DistanceMeters>
          <HeartRateBpm>
            <Value>96</Value>
          </HeartRateBpm>
          <SensorState>Absent</SensorState>
        </Trackpoint>
        <Trackpoint>
          <Time>2025-11-09T06:21:24Z</Time>
          <DistanceMeters>0.0</DistanceMeters>
          <HeartRateBpm>
            <Value>97</Value>
          </HeartRateBpm>
          <SensorState>Absent</SensorState>
        </Trackpoint>
        <Trackpoint>
          <Time>2025-11-09T06:21:26Z</Time>
          <DistanceMeters>0.0</DistanceMeters>
          <HeartRateBpm>
            <Value>98</Value>
          </HeartRateBpm>
          <SensorState>Absent</SensorState>
        </Trackpoint>
        <Trackpoint>
          <Time>2025-11-09T06:21:28Z</Time>
          <DistanceMeters>0.0</DistanceMeters>
          <HeartRateBpm>
            <Value>104</Value>
          </HeartRateBpm>
          <SensorState>Absent</SensorState>
        </Trackpoint>
        <Trackpoint>
          <Time>2025-11-09T06:21:29Z</Time>
          <DistanceMeters>0.0</DistanceMeters>
          <HeartRateBpm>
            <Value>106</Value>
          </HeartRateBpm>
          <SensorState>Absent</SensorState>
        </Trackpoint>
        <Trackpoint>
          <Time>2025-11-09T06:21:31Z</Time>
          <DistanceMeters>0.0</DistanceMeters>
          <HeartRateBpm>
            <Value>109</Value>
          </HeartRateBpm>
          <SensorState>Absent</SensorState>
        </Trackpoint>
        <Trackpoint>
          <Time>2025-11-09T06:21:32Z</Time>
          <DistanceMeters>0.0</DistanceMeters>
          <HeartRateBpm>
            <Value>118</Value>
          </HeartRateBpm>
          <SensorState>Absent</SensorState>
        </Trackpoint>
        <Trackpoint>
          <Time>2025-11-09T06:21:33Z</Time>
          <DistanceMeters>0.0</DistanceMeters>
          <HeartRateBpm>
            <Value>121</Value>
          </HeartRateBpm>
          <SensorState>Absent</SensorState>
        </Trackpoint>
        <Trackpoint>
          <Time>2025-11-09T06:21:36Z</Time>
          <DistanceMeters>0.0</DistanceMeters>
          <HeartRateBpm>
            <Value>122</Value>
          </HeartRateBpm>
          <SensorState>Absent</SensorState>
        </Trackpoint>
        <Trackpoint>
          <Time>2025-11-09T06:21:39Z</Time>
          <DistanceMeters>0.0</DistanceMeters>
          <HeartRateBpm>
            <Value>123</Value>
          </HeartRateBpm>
          <SensorState>Absent</SensorState>
        </Trackpoint>
        <Trackpoint>
          <Time>2025-11-09T06:21:40Z</Time>
          <DistanceMeters>0.0</DistanceMeters>
          <HeartRateBpm>
            <Value>125</Value>
          </HeartRateBpm>
          <SensorState>Absent</SensorState>
        </Trackpoint>
        <Trackpoint>
          <Time>2025-11-09T06:21:41Z</Time>
          <DistanceMeters>11.0</DistanceMeters>
          <HeartRateBpm>
            <Value>126</Value>
          </HeartRateBpm>
          <SensorState>Absent</SensorState>
        </Trackpoint>
        <Trackpoint>
          <Time>2025-11-09T06:21:44Z</Time>
          <DistanceMeters>11.0</DistanceMeters>
          <HeartRateBpm>
            <Value>127</Value>
          </HeartRateBpm>
          <SensorState>Absent</SensorState>
        </Trackpoint>
        <Trackpoint>
          <Time>2025-11-09T06:21:45Z</Time>
          <DistanceMeters>11.0</DistanceMeters>
          <HeartRateBpm>
            <Value>129</Value>
          </HeartRateBpm>
          <SensorState>Absent</SensorState>
        </Trackpoint>
        <Trackpoint>
          <Time>2025-11-09T06:21:48Z</Time>
          <DistanceMeters>11.0</DistanceMeters>
          <HeartRateBpm>
            <Value>130</Value>
          </HeartRateBpm>
          <SensorState>Absent</SensorState>
        </Trackpoint>
        <Trackpoint>
          <Time>2025-11-09T06:21:49Z</Time>
          <DistanceMeters>11.0</DistanceMeters>
          <HeartRateBpm>
            <Value>131</Value>
          </HeartRateBpm>
          <SensorState>Absent</SensorState>
        </Trackpoint>
        <Trackpoint>
          <Time>2025-11-09T06:21:50Z</Time>
          <DistanceMeters>11.0</DistanceMeters>
          <HeartRateBpm>
            <Value>139</Value>
          </HeartRateBpm>
          <SensorState>Absent</SensorState>
        </Trackpoint>
        <Trackpoint>
          <Time>2025-11-09T06:21:52Z</Time>
          <DistanceMeters>11.0</DistanceMeters>
          <HeartRateBpm>
            <Value>140</Value>
          </HeartRateBpm>
          <SensorState>Absent</SensorState>
        </Trackpoint>
        <Trackpoint>
          <Time>2025-11-09T06:21:53Z</Time>
          <DistanceMeters>11.0</DistanceMeters>
          <HeartRateBpm>
            <Value>139</Value>
          </HeartRateBpm>
          <SensorState>Absent</SensorState>
        </Trackpoint>
        <Trackpoint>
          <Time>2025-11-09T06:21:54Z</Time>
          <DistanceMeters>11.0</DistanceMeters>
          <HeartRateBpm>
            <Value>136</Value>
          </HeartRateBpm>
          <SensorState>Absent</SensorState>
        </Trackpoint>
        <Trackpoint>
          <Time>2025-11-09T06:21:55Z</Time>
          <DistanceMeters>11.0</DistanceMeters>
          <HeartRateBpm>
            <Value>135</Value>
          </HeartRateBpm>
          <SensorState>Absent</SensorState>
        </Trackpoint>
        <Trackpoint>
          <Time>2025-11-09T06:21:59Z</Time>
          <DistanceMeters>11.0</DistanceMeters>
          <HeartRateBpm>
            <Value>134</Value>
          </HeartRateBpm>
          <SensorState>Absent</SensorState>
        </Trackpoint>
        <Trackpoint>
          <Time>2025-11-09T06:22:00Z</Time>
          <DistanceMeters>11.0</DistanceMeters>
          <HeartRateBpm>
            <Value>142</Value>
          </HeartRateBpm>
          <SensorState>Absent</SensorState>
        </Trackpoint>
        <Trackpoint>
          <Time>2025-11-09T06:22:03Z</Time>
          <DistanceMeters>11.0</DistanceMeters>
          <HeartRateBpm>
            <Value>133</Value>
          </HeartRateBpm>
          <SensorState>Absent</SensorState>
        </Trackpoint>
        <Trackpoint>
          <Time>2025-11-09T06:22:06Z</Time>
          <DistanceMeters>11.0</DistanceMeters>
          <HeartRateBpm>
            <Value>134</Value>
          </HeartRateBpm>
          <SensorState>Absent</SensorState>
        </Trackpoint>
        <Trackpoint>
          <Time>2025-11-09T06:22:07Z</Time>
          <DistanceMeters>11.0</DistanceMeters>
          <HeartRateBpm>
            <Value>131</Value>
          </HeartRateBpm>
          <SensorState>Absent</SensorState>
        </Trackpoint>
        <Trackpoint>
          <Time>2025-11-09T06:22:09Z</Time>
          <DistanceMeters>11.0</DistanceMeters>
          <HeartRateBpm>
            <Value>129</Value>
          </HeartRateBpm>
          <SensorState>Absent</SensorState>
        </Trackpoint>
        <Trackpoint>
          <Time>2025-11-09T06:22:10Z</Time>
          <DistanceMeters>11.0</DistanceMeters>
          <HeartRateBpm>
            <Value>128</Value>
          </HeartRateBpm>
          <SensorState>Absent</SensorState>
        </Trackpoint>
        <Trackpoint>
          <Time>2025-11-09T06:22:11Z</Time>
          <DistanceMeters>11.0</DistanceMeters>
          <HeartRateBpm>
            <Value>127</Value>
          </HeartRateBpm>
          <SensorState>Absent</SensorState>
        </Trackpoint>
        <Trackpoint>
          <Time>2025-11-09T06:22:13Z</Time>
          <DistanceMeters>11.0</DistanceMeters>
          <HeartRateBpm>
            <Value>128</Value>
          </HeartRateBpm>
          <SensorState>Absent</SensorState>
        </Trackpoint>
        <Trackpoint>
          <Time>2025-11-09T06:22:15Z</Time>
          <DistanceMeters>11.0</DistanceMeters>
          <HeartRateBpm>
            <Value>127</Value>
          </HeartRateBpm>
          <SensorState>Absent</SensorState>
        </Trackpoint>
        <Trackpoint>
          <Time>2025-11-09T06:22:16Z</Time>
          <DistanceMeters>11.0</DistanceMeters>
          <HeartRateBpm>
            <Value>130</Value>
          </HeartRateBpm>
          <SensorState>Absent</SensorState>
        </Trackpoint>
        <Trackpoint>
          <Time>2025-11-09T06:22:18Z</Time>
          <DistanceMeters>11.0</DistanceMeters>
          <HeartRateBpm>
            <Value>131</Value>
          </HeartRateBpm>
          <SensorState>Absent</SensorState>
        </Trackpoint>
        <Trackpoint>
          <Time>2025-11-09T06:22:19Z</Time>
          <DistanceMeters>11.0</DistanceMeters>
          <HeartRateBpm>
            <Value>132</Value>
          </HeartRateBpm>
          <SensorState>Absent</SensorState>
        </Trackpoint>
        <Trackpoint>
          <Time>2025-11-09T06:22:20Z</Time>
          <DistanceMeters>11.0</DistanceMeters>
          <HeartRateBpm>
            <Value>133</Value>
          </HeartRateBpm>
          <SensorState>Absent</SensorState>
        </Trackpoint>
        <Trackpoint>
          <Time>2025-11-09T06:22:23Z</Time>
          <DistanceMeters>11.0</DistanceMeters>
          <HeartRateBpm>
            <Value>135</Value>
          </HeartRateBpm>
          <SensorState>Absent</SensorState>
        </Trackpoint>
        <Trackpoint>
          <Time>2025-11-09T06:22:27Z</Time>
          <DistanceMeters>11.0</DistanceMeters>
          <HeartRateBpm>
            <Value>136</Value>
          </HeartRateBpm>
          <SensorState>Absent</SensorState>
        </Trackpoint>
        <Trackpoint>
          <Time>2025-11-09T06:22:28Z</Time>
          <DistanceMeters>11.0</DistanceMeters>
          <HeartRateBpm>
            <Value>135</Value>
          </HeartRateBpm>
          <SensorState>Absent</SensorState>
        </Trackpoint>
        <Trackpoint>
          <Time>2025-11-09T06:22:31Z</Time>
          <DistanceMeters>11.0</DistanceMeters>
          <HeartRateBpm>
            <Value>138</Value>
          </HeartRateBpm>
          <SensorState>Absent</SensorState>
        </Trackpoint>
        <Trackpoint>
          <Time>2025-11-09T06:22:32Z</Time>
          <DistanceMeters>11.0</DistanceMeters>
          <HeartRateBpm>
            <Value>142</Value>
          </HeartRateBpm>
          <SensorState>Absent</SensorState>
        </Trackpoint>
        <Trackpoint>
          <Time>2025-11-09T06:22:33Z</Time>
          <DistanceMeters>11.0</DistanceMeters>
          <HeartRateBpm>
            <Value>143</Value>
          </HeartRateBpm>
          <SensorState>Absent</SensorState>
        </Trackpoint>
        <Trackpoint>
          <Time>2025-11-09T06:22:35Z</Time>
          <DistanceMeters>11.0</DistanceMeters>
          <HeartRateBpm>
            <Value>144</Value>
          </HeartRateBpm>
          <SensorState>Absent</SensorState>
        </Trackpoint>
        <Trackpoint>
          <Time>2025-11-09T06:22:38Z</Time>
          <DistanceMeters>11.0</DistanceMeters>
          <HeartRateBpm>
            <Value>147</Value>
          </HeartRateBpm>
          <SensorState>Absent</SensorState>
        </Trackpoint>
        <Trackpoint>
          <Time>2025-11-09T06:22:40Z</Time>
          <DistanceMeters>11.0</DistanceMeters>
          <HeartRateBpm>
            <Value>150</Value>
          </HeartRateBpm>
          <SensorState>Absent</SensorState>
        </Trackpoint>
        <Trackpoint>
          <Time>2025-11-09T06:22:41Z</Time>
          <DistanceMeters>22.0</DistanceMeters>
          <HeartRateBpm>
            <Value>151</Value>
          </HeartRateBpm>
          <SensorState>Absent</SensorState>
        </Trackpoint>
        <Trackpoint>
          <Time>2025-11-09T06:22:42Z</Time>
          <DistanceMeters>22.0</DistanceMeters>
          <HeartRateBpm>
            <Value>157</Value>
          </HeartRateBpm>
          <SensorState>Absent</SensorState>
        </Trackpoint>
        <Trackpoint>
          <Time>2025-11-09T06:22:43Z</Time>
          <DistanceMeters>22.0</DistanceMeters>
          <HeartRateBpm>
            <Value>159</Value>
          </HeartRateBpm>
          <SensorState>Absent</SensorState>
        </Trackpoint>
        <Trackpoint>
          <Time>2025-11-09T06:22:45Z</Time>
          <DistanceMeters>22.0</DistanceMeters>
          <HeartRateBpm>
            <Value>160</Value>
          </HeartRateBpm>
          <SensorState>Absent</SensorState>
        </Trackpoint>
        <Trackpoint>
          <Time>2025-11-09T06:22:46Z</Time>
          <DistanceMeters>22.0</DistanceMeters>
          <HeartRateBpm>
            <Value>162</Value>
          </HeartRateBpm>
          <SensorState>Absent</SensorState>
        </Trackpoint>
        <Trackpoint>
          <Time>2025-11-09T06:22:47Z</Time>
          <DistanceMeters>22.0</DistanceMeters>
          <HeartRateBpm>
            <Value>164</Value>
          </HeartRateBpm>
          <SensorState>Absent</SensorState>
        </Trackpoint>
        <Trackpoint>
          <Time>2025-11-09T06:22:49Z</Time>
          <DistanceMeters>22.0</DistanceMeters>
          <HeartRateBpm>
            <Value>165</Value>
          </HeartRateBpm>
          <SensorState>Absent</SensorState>
        </Trackpoint>
        <Trackpoint>
          <Time>2025-11-09T06:22:50Z</Time>
          <DistanceMeters>22.0</DistanceMeters>
          <HeartRateBpm>
            <Value>166</Value>
          </HeartRateBpm>
          <SensorState>Absent</SensorState>
        </Trackpoint>
        <Trackpoint>
          <Time>2025-11-09T06:22:51Z</Time>
          <DistanceMeters>22.0</DistanceMeters>
          <HeartRateBpm>
            <Value>165</Value>
          </HeartRateBpm>
          <SensorState>Absent</SensorState>
        </Trackpoint>
        <Trackpoint>
          <Time>2025-11-09T06:22:53Z</Time>
          <DistanceMeters>22.0</DistanceMeters>
          <HeartRateBpm>
            <Value>163</Value>
          </HeartRateBpm>
          <SensorState>Absent</SensorState>
        </Trackpoint>
        <Trackpoint>
          <Time>2025-11-09T06:22:54Z</Time>
          <DistanceMeters>22.0</DistanceMeters>
          <HeartRateBpm>
            <Value>161</Value>
          </HeartRateBpm>
          <SensorState>Absent</SensorState>
        </Trackpoint>
        <Trackpoint>
          <Time>2025-11-09T06:22:55Z</Time>
          <DistanceMeters>22.0</DistanceMeters>
          <HeartRateBpm>
            <Value>160</Value>
          </HeartRateBpm>
          <SensorState>Absent</SensorState>
        </Trackpoint>
        <Trackpoint>
          <Time>2025-11-09T06:22:57Z</Time>
          <DistanceMeters>22.0</DistanceMeters>
          <HeartRateBpm>
            <Value>159</Value>
          </HeartRateBpm>
          <SensorState>Absent</SensorState>
        </Trackpoint>
        <Trackpoint>
          <Time>2025-11-09T06:22:58Z</Time>
          <DistanceMeters>22.0</DistanceMeters>
          <HeartRateBpm>
            <Value>158</Value>
          </HeartRateBpm>
          <SensorState>Absent</SensorState>
        </Trackpoint>
        <Trackpoint>
          <Time>2025-11-09T06:22:59Z</Time>
          <DistanceMeters>22.0</DistanceMeters>
          <HeartRateBpm>
            <Value>159</Value>
          </HeartRateBpm>
          <SensorState>Absent</SensorState>
        </Trackpoint>
        <Trackpoint>
          <Time>2025-11-09T06:23:00Z</Time>
          <DistanceMeters>22.0</DistanceMeters>
          <HeartRateBpm>
            <Value>165</Value>
          </HeartRateBpm>
          <SensorState>Absent</SensorState>
        </Trackpoint>
        <Trackpoint>
          <Time>2025-11-09T06:23:01Z</Time>
          <DistanceMeters>22.0</DistanceMeters>
          <HeartRateBpm>
            <Value>161</Value>
          </HeartRateBpm>
          <SensorState>Absent</SensorState>
        </Trackpoint>
        <Trackpoint>
          <Time>2025-11-09T06:23:02Z</Time>
          <DistanceMeters>22.0</DistanceMeters>
          <HeartRateBpm>
            <Value>162</Value>
          </HeartRateBpm>
          <SensorState>Absent</SensorState>
        </Trackpoint>
        <Trackpoint>
          <Time>2025-11-09T06:23:03Z</Time>
          <DistanceMeters>22.0</DistanceMeters>
          <HeartRateBpm>
            <Value>163</Value>
          </HeartRateBpm>
          <SensorState>Absent</SensorState>
        </Trackpoint>
        <Trackpoint>
          <Time>2025-11-09T06:23:04Z</Time>
          <DistanceMeters>22.0</DistanceMeters>
          <HeartRateBpm>
            <Value>162</Value>
          </HeartRateBpm>
          <SensorState>Absent</SensorState>
        </Trackpoint>
        <Trackpoint>
          <Time>2025-11-09T06:23:05Z</Time>
          <DistanceMeters>22.0</DistanceMeters>
          <HeartRateBpm>
            <Value>161</Value>
          </HeartRateBpm>
          <SensorState>Absent</SensorState>
        </Trackpoint>
        <Trackpoint>
          <Time>2025-11-09T06:23:07Z</Time>
          <DistanceMeters>22.0</DistanceMeters>
          <HeartRateBpm>
            <Value>162</Value>
          </HeartRateBpm>
          <SensorState>Absent</SensorState>
        </Trackpoint>
        <Trackpoint>
          <Time>2025-11-09T06:23:08Z</Time>
          <DistanceMeters>22.0</DistanceMeters>
          <HeartRateBpm>
            <Value>167</Value>
          </HeartRateBpm>
          <SensorState>Absent</SensorState>
        </Trackpoint>
        <Trackpoint>
          <Time>2025-11-09T06:23:09Z</Time>
          <DistanceMeters>22.0</DistanceMeters>
          <HeartRateBpm>
            <Value>170</Value>
          </HeartRateBpm>
          <SensorState>Absent</SensorState>
        </Trackpoint>
        <Trackpoint>
          <Time>2025-11-09T06:23:11Z</Time>
          <DistanceMeters>22.0</DistanceMeters>
          <HeartRateBpm>
            <Value>171</Value>
          </HeartRateBpm>
          <SensorState>Absent</SensorState>
        </Trackpoint>
        <Trackpoint>
          <Time>2025-11-09T06:23:12Z</Time>
          <DistanceMeters>22.0</DistanceMeters>
          <HeartRateBpm>
            <Value>170</Value>
          </HeartRateBpm>
          <SensorState>Absent</SensorState>
        </Trackpoint>
        <Trackpoint>
          <Time>2025-11-09T06:23:13Z</Time>
          <DistanceMeters>22.0</DistanceMeters>
          <HeartRateBpm>
            <Value>171</Value>
          </HeartRateBpm>
          <SensorState>Absent</SensorState>
        </Trackpoint>
        <Trackpoint>
          <Time>2025-11-09T06:23:15Z</Time>
          <DistanceMeters>22.0</DistanceMeters>
          <HeartRateBpm>
            <Value>170</Value>
          </HeartRateBpm>
          <SensorState>Absent</SensorState>
        </Trackpoint>
        <Trackpoint>
          <Time>2025-11-09T06:23:16Z</Time>
          <DistanceMeters>22.0</DistanceMeters>
          <HeartRateBpm>
            <Value>169</Value>
          </HeartRateBpm>
          <SensorState>Absent</SensorState>
        </Trackpoint>
        <Trackpoint>
          <Time>2025-11-09T06:23:17Z</Time>
          <DistanceMeters>22.0</DistanceMeters>
          <HeartRateBpm>
            <Value>170</Value>
          </HeartRateBpm>
          <SensorState>Absent</SensorState>
        </Trackpoint>
        <Trackpoint>
          <Time>2025-11-09T06:23:19Z</Time>
          <DistanceMeters>22.0</DistanceMeters>
          <HeartRateBpm>
            <Value>172</Value>
          </HeartRateBpm>
          <SensorState>Absent</SensorState>
        </Trackpoint>
        <Trackpoint>
          <Time>2025-11-09T06:23:21Z</Time>
          <DistanceMeters>22.0</DistanceMeters>
          <HeartRateBpm>
            <Value>166</Value>
          </HeartRateBpm>
          <SensorState>Absent</SensorState>
        </Trackpoint>
        <Trackpoint>
          <Time>2025-11-09T06:23:24Z</Time>
          <DistanceMeters>22.0</DistanceMeters>
          <HeartRateBpm>
            <Value>167</Value>
          </HeartRateBpm>
          <SensorState>Absent</SensorState>
        </Trackpoint>
        <Trackpoint>
          <Time>2025-11-09T06:23:26Z</Time>
          <DistanceMeters>22.0</DistanceMeters>
          <HeartRateBpm>
            <Value>168</Value>
          </HeartRateBpm>
          <SensorState>Absent</SensorState>
        </Trackpoint>
        <Trackpoint>
          <Time>2025-11-09T06:23:29Z</Time>
          <DistanceMeters>22.0</DistanceMeters>
          <HeartRateBpm>
            <Value>167</Value>
          </HeartRateBpm>
          <SensorState>Absent</SensorState>
        </Trackpoint>
        <Trackpoint>
          <Time>2025-11-09T06:23:30Z</Time>
          <DistanceMeters>22.0</DistanceMeters>
          <HeartRateBpm>
            <Value>166</Value>
          </HeartRateBpm>
          <SensorState>Absent</SensorState>
        </Trackpoint>
        <Trackpoint>
          <Time>2025-11-09T06:23:33Z</Time>
          <DistanceMeters>22.0</DistanceMeters>
          <HeartRateBpm>
            <Value>165</Value>
          </HeartRateBpm>
          <SensorState>Absent</SensorState>
        </Trackpoint>
        <Trackpoint>
          <Time>2025-11-09T06:23:37Z</Time>
          <DistanceMeters>22.0</DistanceMeters>
          <HeartRateBpm>
            <Value>166</Value>
          </HeartRateBpm>
          <SensorState>Absent</SensorState>
        </Trackpoint>
        <Trackpoint>
          <Time>2025-11-09T06:23:38Z</Time>
          <DistanceMeters>22.0</DistanceMeters>
          <HeartRateBpm>
            <Value>165</Value>
          </HeartRateBpm>
          <SensorState>Absent</SensorState>
        </Trackpoint>
        <Trackpoint>
          <Time>2025-11-09T06:23:39Z</Time>
          <DistanceMeters>22.0</DistanceMeters>
          <HeartRateBpm>
            <Value>160</Value>
          </HeartRateBpm>
          <SensorState>Absent</SensorState>
        </Trackpoint>
        <Trackpoint>
          <Time>2025-11-09T06:23:42Z</Time>
          <DistanceMeters>34.0</DistanceMeters>
          <HeartRateBpm>
            <Value>159</Value>
          </HeartRateBpm>
          <SensorState>Absent</SensorState>
        </Trackpoint>
        <Trackpoint>
          <Time>2025-11-09T06:23:43Z</Time>
          <DistanceMeters>34.0</DistanceMeters>
          <HeartRateBpm>
            <Value>160</Value>
          </HeartRateBpm>
          <SensorState>Absent</SensorState>
        </Trackpoint>
        <Trackpoint>
          <Time>2025-11-09T06:23:46Z</Time>
          <DistanceMeters>34.0</DistanceMeters>
          <HeartRateBpm>
            <Value>161</Value>
          </HeartRateBpm>
          <SensorState>Absent</SensorState>
        </Trackpoint>
        <Trackpoint>
          <Time>2025-11-09T06:23:47Z</Time>
          <DistanceMeters>34.0</DistanceMeters>
          <HeartRateBpm>
            <Value>165</Value>
          </HeartRateBpm>
          <SensorState>Absent</SensorState>
        </Trackpoint>
        <Trackpoint>
          <Time>2025-11-09T06:23:49Z</Time>
          <DistanceMeters>34.0</DistanceMeters>
          <HeartRateBpm>
            <Value>166</Value>
          </HeartRateBpm>
          <SensorState>Absent</SensorState>
        </Trackpoint>
        <Trackpoint>
          <Time>2025-11-09T06:23:51Z</Time>
          <DistanceMeters>34.0</DistanceMeters>
          <HeartRateBpm>
            <Value>167</Value>
          </HeartRateBpm>
          <SensorState>Absent</SensorState>
        </Trackpoint>
        <Trackpoint>
          <Time>2025-11-09T06:23:55Z</Time>
          <DistanceMeters>34.0</DistanceMeters>
          <HeartRateBpm>
            <Value>166</Value>
          </HeartRateBpm>
          <SensorState>Absent</SensorState>
        </Trackpoint>
        <Trackpoint>
          <Time>2025-11-09T06:23:56Z</Time>
          <DistanceMeters>34.0</DistanceMeters>
          <HeartRateBpm>
            <Value>162</Value>
          </HeartRateBpm>
          <SensorState>Absent</SensorState>
        </Trackpoint>
        <Trackpoint>
          <Time>2025-11-09T06:23:57Z</Time>
          <DistanceMeters>34.0</DistanceMeters>
          <HeartRateBpm>
            <Value>161</Value>
          </HeartRateBpm>
          <SensorState>Absent</SensorState>
        </Trackpoint>
        <Trackpoint>
          <Time>2025-11-09T06:23:59Z</Time>
          <DistanceMeters>34.0</DistanceMeters>
          <HeartRateBpm>
            <Value>158</Value>
          </HeartRateBpm>
          <SensorState>Absent</SensorState>
        </Trackpoint>
        <Trackpoint>
          <Time>2025-11-09T06:24:00Z</Time>
          <DistanceMeters>34.0</DistanceMeters>
          <HeartRateBpm>
            <Value>149</Value>
          </HeartRateBpm>
          <SensorState>Absent</SensorState>
        </Trackpoint>
        <Trackpoint>
          <Time>2025-11-09T06:24:00Z</Time>
          <DistanceMeters>34.0</DistanceMeters>
          <HeartRateBpm>
            <Value>156</Value>
          </HeartRateBpm>
          <SensorState>Absent</SensorState>
        </Trackpoint>
        <Trackpoint>
          <Time>2025-11-09T06:24:01Z</Time>
          <DistanceMeters>34.0</DistanceMeters>
          <HeartRateBpm>
            <Value>157</Value>
          </HeartRateBpm>
          <SensorState>Absent</SensorState>
        </Trackpoint>
        <Trackpoint>
          <Time>2025-11-09T06:24:03Z</Time>
          <DistanceMeters>34.0</DistanceMeters>
          <HeartRateBpm>
            <Value>158</Value>
          </HeartRateBpm>
          <SensorState>Absent</SensorState>
        </Trackpoint>
        <Trackpoint>
          <Time>2025-11-09T06:24:05Z</Time>
          <DistanceMeters>34.0</DistanceMeters>
          <HeartRateBpm>
            <Value>156</Value>
          </HeartRateBpm>
          <SensorState>Absent</SensorState>
        </Trackpoint>
        <Trackpoint>
          <Time>2025-11-09T06:24:07Z</Time>
          <DistanceMeters>34.0</DistanceMeters>
          <HeartRateBpm>
            <Value>154</Value>
          </HeartRateBpm>
          <SensorState>Absent</SensorState>
        </Trackpoint>
        <Trackpoint>
          <Time>2025-11-09T06:24:11Z</Time>
          <DistanceMeters>34.0</DistanceMeters>
          <HeartRateBpm>
            <Value>155</Value>
          </HeartRateBpm>
          <SensorState>Absent</SensorState>
        </Trackpoint>
        <Trackpoint>
          <Time>2025-11-09T06:24:13Z</Time>
          <DistanceMeters>34.0</DistanceMeters>
          <HeartRateBpm>
            <Value>157</Value>
          </HeartRateBpm>
          <SensorState>Absent</SensorState>
        </Trackpoint>
        <Trackpoint>
          <Time>2025-11-09T06:24:15Z</Time>
          <DistanceMeters>34.0</DistanceMeters>
          <HeartRateBpm>
            <Value>155</Value>
          </HeartRateBpm>
          <SensorState>Absent</SensorState>
        </Trackpoint>
        <Trackpoint>
          <Time>2025-11-09T06:24:17Z</Time>
          <DistanceMeters>34.0</DistanceMeters>
          <HeartRateBpm>
            <Value>156</Value>
          </HeartRateBpm>
          <SensorState>Absent</SensorState>
        </Trackpoint>
        <Trackpoint>
          <Time>2025-11-09T06:24:20Z</Time>
          <DistanceMeters>34.0</DistanceMeters>
          <HeartRateBpm>
            <Value>155</Value>
          </HeartRateBpm>
          <SensorState>Absent</SensorState>
        </Trackpoint>
        <Trackpoint>
          <Time>2025-11-09T06:24:21Z</Time>
          <DistanceMeters>34.0</DistanceMeters>
          <HeartRateBpm>
            <Value>153</Value>
          </HeartRateBpm>
          <SensorState>Absent</SensorState>
        </Trackpoint>
        <Trackpoint>
          <Time>2025-11-09T06:24:23Z</Time>
          <DistanceMeters>34.0</DistanceMeters>
          <HeartRateBpm>
            <Value>150</Value>
          </HeartRateBpm>
          <SensorState>Absent</SensorState>
        </Trackpoint>
        <Trackpoint>
          <Time>2025-11-09T06:24:26Z</Time>
          <DistanceMeters>34.0</DistanceMeters>
          <HeartRateBpm>
            <Value>151</Value>
          </HeartRateBpm>
          <SensorState>Absent</SensorState>
        </Trackpoint>
        <Trackpoint>
          <Time>2025-11-09T06:24:27Z</Time>
          <DistanceMeters>34.0</DistanceMeters>
          <HeartRateBpm>
            <Value>154</Value>
          </HeartRateBpm>
          <SensorState>Absent</SensorState>
        </Trackpoint>
        <Trackpoint>
          <Time>2025-11-09T06:24:28Z</Time>
          <DistanceMeters>34.0</DistanceMeters>
          <HeartRateBpm>
            <Value>152</Value>
          </HeartRateBpm>
          <SensorState>Absent</SensorState>
        </Trackpoint>
        <Trackpoint>
          <Time>2025-11-09T06:24:30Z</Time>
          <DistanceMeters>34.0</DistanceMeters>
          <HeartRateBpm>
            <Value>150</Value>
          </HeartRateBpm>
          <SensorState>Absent</SensorState>
        </Trackpoint>
        <Trackpoint>
          <Time>2025-11-09T06:24:31Z</Time>
          <DistanceMeters>34.0</DistanceMeters>
          <HeartRateBpm>
            <Value>148</Value>
          </HeartRateBpm>
          <SensorState>Absent</SensorState>
        </Trackpoint>
        <Trackpoint>
          <Time>2025-11-09T06:24:32Z</Time>
          <DistanceMeters>34.0</DistanceMeters>
          <HeartRateBpm>
            <Value>145</Value>
          </HeartRateBpm>
          <SensorState>Absent</SensorState>
        </Trackpoint>
        <Trackpoint>
          <Time>2025-11-09T06:24:34Z</Time>
          <DistanceMeters>34.0</DistanceMeters>
          <HeartRateBpm>
            <Value>144</Value>
          </HeartRateBpm>
          <SensorState>Absent</SensorState>
        </Trackpoint>
        <Trackpoint>
          <Time>2025-11-09T06:24:36Z</Time>
          <DistanceMeters>34.0</DistanceMeters>
          <HeartRateBpm>
            <Value>143</Value>
          </HeartRateBpm>
          <SensorState>Absent</SensorState>
        </Trackpoint>
        <Trackpoint>
          <Time>2025-11-09T06:24:40Z</Time>
          <DistanceMeters>34.0</DistanceMeters>
          <HeartRateBpm>
            <Value>144</Value>
          </HeartRateBpm>
          <SensorState>Absent</SensorState>
        </Trackpoint>
        <Trackpoint>
          <Time>2025-11-09T06:24:41Z</Time>
          <DistanceMeters>44.0</DistanceMeters>
          <HeartRateBpm>
            <Value>145</Value>
          </HeartRateBpm>
          <SensorState>Absent</SensorState>
        </Trackpoint>
        <Trackpoint>
          <Time>2025-11-09T06:24:45Z</Time>
          <DistanceMeters>44.0</DistanceMeters>
          <HeartRateBpm>
            <Value>146</Value>
          </HeartRateBpm>
          <SensorState>Absent</SensorState>
        </Trackpoint>
        <Trackpoint>
          <Time>2025-11-09T06:24:46Z</Time>
          <DistanceMeters>44.0</DistanceMeters>
          <HeartRateBpm>
            <Value>145</Value>
          </HeartRateBpm>
          <SensorState>Absent</SensorState>
        </Trackpoint>
        <Trackpoint>
          <Time>2025-11-09T06:24:48Z</Time>
          <DistanceMeters>44.0</DistanceMeters>
          <HeartRateBpm>
            <Value>144</Value>
          </HeartRateBpm>
          <SensorState>Absent</SensorState>
        </Trackpoint>
        <Trackpoint>
          <Time>2025-11-09T06:24:49Z</Time>
          <DistanceMeters>44.0</DistanceMeters>
          <HeartRateBpm>
            <Value>141</Value>
          </HeartRateBpm>
          <SensorState>Absent</SensorState>
        </Trackpoint>
        <Trackpoint>
          <Time>2025-11-09T06:24:52Z</Time>
          <DistanceMeters>44.0</DistanceMeters>
          <HeartRateBpm>
            <Value>142</Value>
          </HeartRateBpm>
          <SensorState>Absent</SensorState>
        </Trackpoint>
        <Trackpoint>
          <Time>2025-11-09T06:24:53Z</Time>
          <DistanceMeters>44.0</DistanceMeters>
          <HeartRateBpm>
            <Value>143</Value>
          </HeartRateBpm>
          <SensorState>Absent</SensorState>
        </Trackpoint>
        <Trackpoint>
          <Time>2025-11-09T06:24:57Z</Time>
          <DistanceMeters>44.0</DistanceMeters>
          <HeartRateBpm>
            <Value>147</Value>
          </HeartRateBpm>
          <SensorState>Absent</SensorState>
        </Trackpoint>
        <Trackpoint>
          <Time>2025-11-09T06:24:59Z</Time>
          <DistanceMeters>44.0</DistanceMeters>
          <HeartRateBpm>
            <Value>148</Value>
          </HeartRateBpm>
          <SensorState>Absent</SensorState>
        </Trackpoint>
        <Trackpoint>
          <Time>2025-11-09T06:25:00Z</Time>
          <DistanceMeters>44.0</DistanceMeters>
          <HeartRateBpm>
            <Value>157</Value>
          </HeartRateBpm>
          <Cadence><Value>59</Value></Cadence>
          <SensorState>Absent</SensorState>
        </Trackpoint>
        <Trackpoint>
          <Time>2025-11-09T06:25:01Z</Time>
          <DistanceMeters>44.0</DistanceMeters>
          <HeartRateBpm>
            <Value>150</Value>
          </HeartRateBpm>
          <Cadence><Value>59</Value></Cadence>
          <SensorState>Absent</SensorState>
        </Trackpoint>
        <Trackpoint>
          <Time>2025-11-09T06:25:03Z</Time>
          <DistanceMeters>44.0</DistanceMeters>
          <HeartRateBpm>
            <Value>151</Value>
          </HeartRateBpm>
          <Cadence><Value>59</Value></Cadence>
          <SensorState>Absent</SensorState>
        </Trackpoint>
        <Trackpoint>
          <Time>2025-11-09T06:25:05Z</Time>
          <DistanceMeters>44.0</DistanceMeters>
          <HeartRateBpm>
            <Value>150</Value>
          </HeartRateBpm>
          <Cadence><Value>59</Value></Cadence>
          <SensorState>Absent</SensorState>
        </Trackpoint>
        <Trackpoint>
          <Time>2025-11-09T06:25:06Z</Time>
          <DistanceMeters>44.0</DistanceMeters>
          <HeartRateBpm>
            <Value>149</Value>
          </HeartRateBpm>
          <Cadence><Value>59</Value></Cadence>
          <SensorState>Absent</SensorState>
        </Trackpoint>
        <Trackpoint>
          <Time>2025-11-09T06:25:08Z</Time>
          <DistanceMeters>44.0</DistanceMeters>
          <HeartRateBpm>
            <Value>148</Value>
          </HeartRateBpm>
          <Cadence><Value>59</Value></Cadence>
          <SensorState>Absent</SensorState>
        </Trackpoint>
        <Trackpoint>
          <Time>2025-11-09T06:25:10Z</Time>
          <DistanceMeters>44.0</DistanceMeters>
          <HeartRateBpm>
            <Value>149</Value>
          </HeartRateBpm>
          <Cadence><Value>59</Value></Cadence>
          <SensorState>Absent</SensorState>
        </Trackpoint>
        <Trackpoint>
          <Time>2025-11-09T06:25:14Z</Time>
          <DistanceMeters>44.0</DistanceMeters>
          <HeartRateBpm>
            <Value>150</Value>
          </HeartRateBpm>
          <Cadence><Value>59</Value></Cadence>
          <SensorState>Absent</SensorState>
        </Trackpoint>
        <Trackpoint>
          <Time>2025-11-09T06:25:17Z</Time>
          <DistanceMeters>44.0</DistanceMeters>
          <HeartRateBpm>
            <Value>151</Value>
          </HeartRateBpm>
          <Cadence><Value>59</Value></Cadence>
          <SensorState>Absent</SensorState>
        </Trackpoint>
        <Trackpoint>
          <Time>2025-11-09T06:25:19Z</Time>
          <DistanceMeters>44.0</DistanceMeters>
          <HeartRateBpm>
            <Value>155</Value>
          </HeartRateBpm>
          <Cadence><Value>59</Value></Cadence>
          <SensorState>Absent</SensorState>
        </Trackpoint>
        <Trackpoint>
          <Time>2025-11-09T06:25:21Z</Time>
          <DistanceMeters>44.0</DistanceMeters>
          <HeartRateBpm>
            <Value>156</Value>
          </HeartRateBpm>
          <Cadence><Value>59</Value></Cadence>
          <SensorState>Absent</SensorState>
        </Trackpoint>
        <Trackpoint>
          <Time>2025-11-09T06:25:22Z</Time>
          <DistanceMeters>44.0</DistanceMeters>
          <HeartRateBpm>
            <Value>155</Value>
          </HeartRateBpm>
          <Cadence><Value>59</Value></Cadence>
          <SensorState>Absent</SensorState>
        </Trackpoint>
        <Trackpoint>
          <Time>2025-11-09T06:25:23Z</Time>
          <DistanceMeters>44.0</DistanceMeters>
          <HeartRateBpm>
            <Value>156</Value>
          </HeartRateBpm>
          <Cadence><Value>59</Value></Cadence>
          <SensorState>Absent</SensorState>
        </Trackpoint>
        <Trackpoint>
          <Time>2025-11-09T06:25:26Z</Time>
          <DistanceMeters>44.0</DistanceMeters>
          <HeartRateBpm>
            <Value>157</Value>
          </HeartRateBpm>
          <Cadence><Value>59</Value></Cadence>
          <SensorState>Absent</SensorState>
        </Trackpoint>
        <Trackpoint>
          <Time>2025-11-09T06:25:27Z</Time>
          <DistanceMeters>44.0</DistanceMeters>
          <HeartRateBpm>
            <Value>161</Value>
          </HeartRateBpm>
          <Cadence><Value>59</Value></Cadence>
          <SensorState>Absent</SensorState>
        </Trackpoint>
        <Trackpoint>
          <Time>2025-11-09T06:25:30Z</Time>
          <DistanceMeters>44.0</DistanceMeters>
          <HeartRateBpm>
            <Value>163</Value>
          </HeartRateBpm>
          <Cadence><Value>59</Value></Cadence>
          <SensorState>Absent</SensorState>
        </Trackpoint>
        <Trackpoint>
          <Time>2025-11-09T06:25:31Z</Time>
          <DistanceMeters>44.0</DistanceMeters>
          <HeartRateBpm>
            <Value>162</Value>
          </HeartRateBpm>
          <Cadence><Value>59</Value></Cadence>
          <SensorState>Absent</SensorState>
        </Trackpoint>
        <Trackpoint>
          <Time>2025-11-09T06:25:32Z</Time>
          <DistanceMeters>44.0</DistanceMeters>
          <HeartRateBpm>
            <Value>159</Value>
          </HeartRateBpm>
          <Cadence><Value>59</Value></Cadence>
          <SensorState>Absent</SensorState>
        </Trackpoint>
        <Trackpoint>
          <Time>2025-11-09T06:25:33Z</Time>
          <DistanceMeters>44.0</DistanceMeters>
          <HeartRateBpm>
            <Value>158</Value>
          </HeartRateBpm>
          <Cadence><Value>59</Value></Cadence>
          <SensorState>Absent</SensorState>
        </Trackpoint>
        <Trackpoint>
          <Time>2025-11-09T06:25:36Z</Time>
          <DistanceMeters>44.0</DistanceMeters>
          <HeartRateBpm>
            <Value>159</Value>
          </HeartRateBpm>
          <Cadence><Value>59</Value></Cadence>
          <SensorState>Absent</SensorState>
        </Trackpoint>
        <Trackpoint>
          <Time>2025-11-09T06:25:37Z</Time>
          <DistanceMeters>44.0</DistanceMeters>
          <HeartRateBpm>
            <Value>160</Value>
          </HeartRateBpm>
          <Cadence><Value>59</Value></Cadence>
          <SensorState>Absent</SensorState>
        </Trackpoint>
        <Trackpoint>
          <Time>2025-11-09T06:25:39Z</Time>
          <DistanceMeters>44.0</DistanceMeters>
          <HeartRateBpm>
            <Value>161</Value>
          </HeartRateBpm>
          <Cadence><Value>59</Value></Cadence>
          <SensorState>Absent</SensorState>
        </Trackpoint>
        <Trackpoint>
          <Time>2025-11-09T06:25:40Z</Time>
          <DistanceMeters>44.0</DistanceMeters>
          <HeartRateBpm>
            <Value>162</Value>
          </HeartRateBpm>
          <Cadence><Value>59</Value></Cadence>
          <SensorState>Absent</SensorState>
        </Trackpoint>
        <Trackpoint>
          <Time>2025-11-09T06:25:44Z</Time>
          <DistanceMeters>55.0</DistanceMeters>
          <HeartRateBpm>
            <Value>163</Value>
          </HeartRateBpm>
          <Cadence><Value>59</Value></Cadence>
          <SensorState>Absent</SensorState>
        </Trackpoint>
        <Trackpoint>
          <Time>2025-11-09T06:25:45Z</Time>
          <DistanceMeters>55.0</DistanceMeters>
          <HeartRateBpm>
            <Value>166</Value>
          </HeartRateBpm>
          <Cadence><Value>59</Value></Cadence>
          <SensorState>Absent</SensorState>
        </Trackpoint>
        <Trackpoint>
          <Time>2025-11-09T06:25:47Z</Time>
          <DistanceMeters>55.0</DistanceMeters>
          <HeartRateBpm>
            <Value>167</Value>
          </HeartRateBpm>
          <Cadence><Value>59</Value></Cadence>
          <SensorState>Absent</SensorState>
        </Trackpoint>
        <Trackpoint>
          <Time>2025-11-09T06:25:48Z</Time>
          <DistanceMeters>55.0</DistanceMeters>
          <HeartRateBpm>
            <Value>166</Value>
          </HeartRateBpm>
          <Cadence><Value>59</Value></Cadence>
          <SensorState>Absent</SensorState>
        </Trackpoint>
        <Trackpoint>
          <Time>2025-11-09T06:25:49Z</Time>
          <DistanceMeters>55.0</DistanceMeters>
          <HeartRateBpm>
            <Value>163</Value>
          </HeartRateBpm>
          <Cadence><Value>59</Value></Cadence>
          <SensorState>Absent</SensorState>
        </Trackpoint>
        <Trackpoint>
          <Time>2025-11-09T06:25:52Z</Time>
          <DistanceMeters>55.0</DistanceMeters>
          <HeartRateBpm>
            <Value>162</Value>
          </HeartRateBpm>
          <Cadence><Value>59</Value></Cadence>
          <SensorState>Absent</SensorState>
        </Trackpoint>
        <Trackpoint>
          <Time>2025-11-09T06:25:53Z</Time>
          <DistanceMeters>55.0</DistanceMeters>
          <HeartRateBpm>
            <Value>161</Value>
          </HeartRateBpm>
          <Cadence><Value>59</Value></Cadence>
          <SensorState>Absent</SensorState>
        </Trackpoint>
        <Trackpoint>
          <Time>2025-11-09T06:25:54Z</Time>
          <DistanceMeters>55.0</DistanceMeters>
          <HeartRateBpm>
            <Value>163</Value>
          </HeartRateBpm>
          <Cadence><Value>59</Value></Cadence>
          <SensorState>Absent</SensorState>
        </Trackpoint>
        <Trackpoint>
          <Time>2025-11-09T06:25:56Z</Time>
          <DistanceMeters>55.0</DistanceMeters>
          <HeartRateBpm>
            <Value>166</Value>
          </HeartRateBpm>
          <Cadence><Value>59</Value></Cadence>
          <SensorState>Absent</SensorState>
        </Trackpoint>
        <Trackpoint>
          <Time>2025-11-09T06:25:57Z</Time>
          <DistanceMeters>55.0</DistanceMeters>
          <HeartRateBpm>
            <Value>168</Value>
          </HeartRateBpm>
          <Cadence><Value>59</Value></Cadence>
          <SensorState>Absent</SensorState>
        </Trackpoint>
        <Trackpoint>
          <Time>2025-11-09T06:25:58Z</Time>
          <DistanceMeters>55.0</DistanceMeters>
          <HeartRateBpm>
            <Value>170</Value>
          </HeartRateBpm>
          <Cadence><Value>59</Value></Cadence>
          <SensorState>Absent</SensorState>
        </Trackpoint>
        <Trackpoint>
          <Time>2025-11-09T06:26:00Z</Time>
          <DistanceMeters>55.0</DistanceMeters>
          <HeartRateBpm>
            <Value>171</Value>
          </HeartRateBpm>
          <Cadence><Value>54</Value></Cadence>
          <SensorState>Absent</SensorState>
        </Trackpoint>
        <Trackpoint>
          <Time>2025-11-09T06:26:01Z</Time>
          <DistanceMeters>55.0</DistanceMeters>
          <HeartRateBpm>
            <Value>169</Value>
          </HeartRateBpm>
          <Cadence><Value>54</Value></Cadence>
          <SensorState>Absent</SensorState>
        </Trackpoint>
        <Trackpoint>
          <Time>2025-11-09T06:26:02Z</Time>
          <DistanceMeters>55.0</DistanceMeters>
          <HeartRateBpm>
            <Value>165</Value>
          </HeartRateBpm>
          <Cadence><Value>54</Value></Cadence>
          <SensorState>Absent</SensorState>
        </Trackpoint>
        <Trackpoint>
          <Time>2025-11-09T06:26:03Z</Time>
          <DistanceMeters>55.0</DistanceMeters>
          <HeartRateBpm>
            <Value>164</Value>
          </HeartRateBpm>
          <Cadence><Value>54</Value></Cadence>
          <SensorState>Absent</SensorState>
        </Trackpoint>
        <Trackpoint>
          <Time>2025-11-09T06:26:05Z</Time>
          <DistanceMeters>55.0</DistanceMeters>
          <HeartRateBpm>
            <Value>163</Value>
          </HeartRateBpm>
          <Cadence><Value>54</Value></Cadence>
          <SensorState>Absent</SensorState>
        </Trackpoint>
        <Trackpoint>
          <Time>2025-11-09T06:26:06Z</Time>
          <DistanceMeters>55.0</DistanceMeters>
          <HeartRateBpm>
            <Value>159</Value>
          </HeartRateBpm>
          <Cadence><Value>54</Value></Cadence>
          <SensorState>Absent</SensorState>
        </Trackpoint>
        <Trackpoint>
          <Time>2025-11-09T06:26:07Z</Time>
          <DistanceMeters>55.0</DistanceMeters>
          <HeartRateBpm>
            <Value>161</Value>
          </HeartRateBpm>
          <Cadence><Value>54</Value></Cadence>
          <SensorState>Absent</SensorState>
        </Trackpoint>
        <Trackpoint>
          <Time>2025-11-09T06:26:09Z</Time>
          <DistanceMeters>55.0</DistanceMeters>
          <HeartRateBpm>
            <Value>160</Value>
          </HeartRateBpm>
          <Cadence><Value>54</Value></Cadence>
          <SensorState>Absent</SensorState>
        </Trackpoint>
        <Trackpoint>
          <Time>2025-11-09T06:26:11Z</Time>
          <DistanceMeters>55.0</DistanceMeters>
          <HeartRateBpm>
            <Value>158</Value>
          </HeartRateBpm>
          <Cadence><Value>54</Value></Cadence>
          <SensorState>Absent</SensorState>
        </Trackpoint>
        <Trackpoint>
          <Time>2025-11-09T06:26:13Z</Time>
          <DistanceMeters>55.0</DistanceMeters>
          <HeartRateBpm>
            <Value>159</Value>
          </HeartRateBpm>
          <Cadence><Value>54</Value></Cadence>
          <SensorState>Absent</SensorState>
        </Trackpoint>
        <Trackpoint>
          <Time>2025-11-09T06:26:14Z</Time>
          <DistanceMeters>55.0</DistanceMeters>
          <HeartRateBpm>
            <Value>162</Value>
          </HeartRateBpm>
          <Cadence><Value>54</Value></Cadence>
          <SensorState>Absent</SensorState>
        </Trackpoint>
        <Trackpoint>
          <Time>2025-11-09T06:26:15Z</Time>
          <DistanceMeters>55.0</DistanceMeters>
          <HeartRateBpm>
            <Value>171</Value>
          </HeartRateBpm>
          <Cadence><Value>54</Value></Cadence>
          <SensorState>Absent</SensorState>
        </Trackpoint>
        <Trackpoint>
          <Time>2025-11-09T06:26:17Z</Time>
          <DistanceMeters>55.0</DistanceMeters>
          <HeartRateBpm>
            <Value>173</Value>
          </HeartRateBpm>
          <Cadence><Value>54</Value></Cadence>
          <SensorState>Absent</SensorState>
        </Trackpoint>
        <Trackpoint>
          <Time>2025-11-09T06:26:18Z</Time>
          <DistanceMeters>55.0</DistanceMeters>
          <HeartRateBpm>
            <Value>176</Value>
          </HeartRateBpm>
          <Cadence><Value>54</Value></Cadence>
          <SensorState>Absent</SensorState>
        </Trackpoint>
        <Trackpoint>
          <Time>2025-11-09T06:26:19Z</Time>
          <DistanceMeters>55.0</DistanceMeters>
          <HeartRateBpm>
            <Value>177</Value>
          </HeartRateBpm>
          <Cadence><Value>54</Value></Cadence>
          <SensorState>Absent</SensorState>
        </Trackpoint>
        <Trackpoint>
          <Time>2025-11-09T06:26:20Z</Time>
          <DistanceMeters>55.0</DistanceMeters>
          <HeartRateBpm>
            <Value>179</Value>
          </HeartRateBpm>
          <Cadence><Value>54</Value></Cadence>
          <SensorState>Absent</SensorState>
        </Trackpoint>
        <Trackpoint>
          <Time>2025-11-09T06:26:22Z</Time>
          <DistanceMeters>55.0</DistanceMeters>
          <HeartRateBpm>
            <Value>180</Value>
          </HeartRateBpm>
          <Cadence><Value>54</Value></Cadence>
          <SensorState>Absent</SensorState>
        </Trackpoint>
        <Trackpoint>
          <Time>2025-11-09T06:26:23Z</Time>
          <DistanceMeters>55.0</DistanceMeters>
          <HeartRateBpm>
            <Value>181</Value>
          </HeartRateBpm>
          <Cadence><Value>54</Value></Cadence>
          <SensorState>Absent</SensorState>
        </Trackpoint>
        <Trackpoint>
          <Time>2025-11-09T06:26:24Z</Time>
          <DistanceMeters>55.0</DistanceMeters>
          <HeartRateBpm>
            <Value>180</Value>
          </HeartRateBpm>
          <Cadence><Value>54</Value></Cadence>
          <SensorState>Absent</SensorState>
        </Trackpoint>
        <Trackpoint>
          <Time>2025-11-09T06:26:25Z</Time>
          <DistanceMeters>55.0</DistanceMeters>
          <HeartRateBpm>
            <Value>179</Value>
          </HeartRateBpm>
          <Cadence><Value>54</Value></Cadence>
          <SensorState>Absent</SensorState>
        </Trackpoint>
        <Trackpoint>
          <Time>2025-11-09T06:26:28Z</Time>
          <DistanceMeters>55.0</DistanceMeters>
          <HeartRateBpm>
            <Value>177</Value>
          </HeartRateBpm>
          <Cadence><Value>54</Value></Cadence>
          <SensorState>Absent</SensorState>
        </Trackpoint>
        <Trackpoint>
          <Time>2025-11-09T06:26:29Z</Time>
          <DistanceMeters>55.0</DistanceMeters>
          <HeartRateBpm>
            <Value>176</Value>
          </HeartRateBpm>
          <Cadence><Value>54</Value></Cadence>
          <SensorState>Absent</SensorState>
        </Trackpoint>
        <Trackpoint>
          <Time>2025-11-09T06:26:33Z</Time>
          <DistanceMeters>55.0</DistanceMeters>
          <HeartRateBpm>
            <Value>177</Value>
          </HeartRateBpm>
          <Cadence><Value>54</Value></Cadence>
          <SensorState>Absent</SensorState>
        </Trackpoint>
        <Trackpoint>
          <Time>2025-11-09T06:26:35Z</Time>
          <DistanceMeters>55.0</DistanceMeters>
          <HeartRateBpm>
            <Value>178</Value>
          </HeartRateBpm>
          <Cadence><Value>54</Value></Cadence>
          <SensorState>Absent</SensorState>
        </Trackpoint>
        <Trackpoint>
          <Time>2025-11-09T06:26:36Z</Time>
          <DistanceMeters>55.0</DistanceMeters>
          <HeartRateBpm>
            <Value>179</Value>
          </HeartRateBpm>
          <Cadence><Value>54</Value></Cadence>
          <SensorState>Absent</SensorState>
        </Trackpoint>
        <Trackpoint>
          <Time>2025-11-09T06:26:37Z</Time>
          <DistanceMeters>55.0</DistanceMeters>
          <HeartRateBpm>
            <Value>180</Value>
          </HeartRateBpm>
          <Cadence><Value>54</Value></Cadence>
          <SensorState>Absent</SensorState>
        </Trackpoint>
        <Trackpoint>
          <Time>2025-11-09T06:26:39Z</Time>
          <DistanceMeters>55.0</DistanceMeters>
          <HeartRateBpm>
            <Value>179</Value>
          </HeartRateBpm>
          <Cadence><Value>54</Value></Cadence>
          <SensorState>Absent</SensorState>
        </Trackpoint>
        <Trackpoint>
          <Time>2025-11-09T06:26:40Z</Time>
          <DistanceMeters>55.0</DistanceMeters>
          <HeartRateBpm>
            <Value>178</Value>
          </HeartRateBpm>
          <Cadence><Value>54</Value></Cadence>
          <SensorState>Absent</SensorState>
        </Trackpoint>
        <Trackpoint>
          <Time>2025-11-09T06:26:41Z</Time>
          <DistanceMeters>66.0</DistanceMeters>
          <HeartRateBpm>
            <Value>177</Value>
          </HeartRateBpm>
          <Cadence><Value>54</Value></Cadence>
          <SensorState>Absent</SensorState>
        </Trackpoint>
        <Trackpoint>
          <Time>2025-11-09T06:26:46Z</Time>
          <DistanceMeters>66.0</DistanceMeters>
          <HeartRateBpm>
            <Value>170</Value>
          </HeartRateBpm>
          <Cadence><Value>54</Value></Cadence>
          <SensorState>Absent</SensorState>
        </Trackpoint>
        <Trackpoint>
          <Time>2025-11-09T06:26:47Z</Time>
          <DistanceMeters>66.0</DistanceMeters>
          <HeartRateBpm>
            <Value>168</Value>
          </HeartRateBpm>
          <Cadence><Value>54</Value></Cadence>
          <SensorState>Absent</SensorState>
        </Trackpoint>
        <Trackpoint>
          <Time>2025-11-09T06:26:53Z</Time>
          <DistanceMeters>66.0</DistanceMeters>
          <HeartRateBpm>
            <Value>169</Value>
          </HeartRateBpm>
          <Cadence><Value>54</Value></Cadence>
          <SensorState>Absent</SensorState>
        </Trackpoint>
        <Trackpoint>
          <Time>2025-11-09T06:26:57Z</Time>
          <DistanceMeters>66.0</DistanceMeters>
          <HeartRateBpm>
            <Value>170</Value>
          </HeartRateBpm>
          <Cadence><Value>54</Value></Cadence>
          <SensorState>Absent</SensorState>
        </Trackpoint>
        <Trackpoint>
          <Time>2025-11-09T06:26:58Z</Time>
          <DistanceMeters>66.0</DistanceMeters>
          <HeartRateBpm>
            <Value>169</Value>
          </HeartRateBpm>
          <Cadence><Value>54</Value></Cadence>
          <SensorState>Absent</SensorState>
        </Trackpoint>
        <Trackpoint>
          <Time>2025-11-09T06:27:00Z</Time>
          <DistanceMeters>66.0</DistanceMeters>
          <HeartRateBpm>
            <Value>164</Value>
          </HeartRateBpm>
          <SensorState>Absent</SensorState>
        </Trackpoint>
        <Trackpoint>
          <Time>2025-11-09T06:27:01Z</Time>
          <DistanceMeters>66.0</DistanceMeters>
          <HeartRateBpm>
            <Value>170</Value>
          </HeartRateBpm>
          <SensorState>Absent</SensorState>
        </Trackpoint>
        <Trackpoint>
          <Time>2025-11-09T06:27:06Z</Time>
          <DistanceMeters>66.0</DistanceMeters>
          <HeartRateBpm>
            <Value>170</Value>
          </HeartRateBpm>
          <SensorState>Absent</SensorState>
        </Trackpoint>
        <Trackpoint>
          <Time>2025-11-09T06:27:11Z</Time>
          <DistanceMeters>66.0</DistanceMeters>
          <HeartRateBpm>
            <Value>170</Value>
          </HeartRateBpm>
          <SensorState>Absent</SensorState>
        </Trackpoint>
        <Trackpoint>
          <Time>2025-11-09T06:27:13Z</Time>
          <DistanceMeters>66.0</DistanceMeters>
          <HeartRateBpm>
            <Value>171</Value>
          </HeartRateBpm>
          <SensorState>Absent</SensorState>
        </Trackpoint>
        <Trackpoint>
          <Time>2025-11-09T06:27:15Z</Time>
          <DistanceMeters>66.0</DistanceMeters>
          <HeartRateBpm>
            <Value>175</Value>
          </HeartRateBpm>
          <SensorState>Absent</SensorState>
        </Trackpoint>
        <Trackpoint>
          <Time>2025-11-09T06:27:16Z</Time>
          <DistanceMeters>66.0</DistanceMeters>
          <HeartRateBpm>
            <Value>179</Value>
          </HeartRateBpm>
          <SensorState>Absent</SensorState>
        </Trackpoint>
        <Trackpoint>
          <Time>2025-11-09T06:27:17Z</Time>
          <DistanceMeters>66.0</DistanceMeters>
          <HeartRateBpm>
            <Value>180</Value>
          </HeartRateBpm>
          <SensorState>Absent</SensorState>
        </Trackpoint>
        <Trackpoint>
          <Time>2025-11-09T06:27:23Z</Time>
          <DistanceMeters>66.0</DistanceMeters>
          <HeartRateBpm>
            <Value>179</Value>
          </HeartRateBpm>
          <SensorState>Absent</SensorState>
        </Trackpoint>
        <Trackpoint>
          <Time>2025-11-09T06:27:24Z</Time>
          <DistanceMeters>66.0</DistanceMeters>
          <HeartRateBpm>
            <Value>177</Value>
          </HeartRateBpm>
          <SensorState>Absent</SensorState>
        </Trackpoint>
        <Trackpoint>
          <Time>2025-11-09T06:27:25Z</Time>
          <DistanceMeters>66.0</DistanceMeters>
          <HeartRateBpm>
            <Value>175</Value>
          </HeartRateBpm>
          <SensorState>Absent</SensorState>
        </Trackpoint>
        <Trackpoint>
          <Time>2025-11-09T06:27:27Z</Time>
          <DistanceMeters>66.0</DistanceMeters>
          <HeartRateBpm>
            <Value>174</Value>
          </HeartRateBpm>
          <SensorState>Absent</SensorState>
        </Trackpoint>
        <Trackpoint>
          <Time>2025-11-09T06:27:28Z</Time>
          <DistanceMeters>66.0</DistanceMeters>
          <HeartRateBpm>
            <Value>172</Value>
          </HeartRateBpm>
          <SensorState>Absent</SensorState>
        </Trackpoint>
        <Trackpoint>
          <Time>2025-11-09T06:27:29Z</Time>
          <DistanceMeters>66.0</DistanceMeters>
          <HeartRateBpm>
            <Value>169</Value>
          </HeartRateBpm>
          <SensorState>Absent</SensorState>
        </Trackpoint>
        <Trackpoint>
          <Time>2025-11-09T06:27:30Z</Time>
          <DistanceMeters>66.0</DistanceMeters>
          <HeartRateBpm>
            <Value>168</Value>
          </HeartRateBpm>
          <SensorState>Absent</SensorState>
        </Trackpoint>
        <Trackpoint>
          <Time>2025-11-09T06:27:32Z</Time>
          <DistanceMeters>66.0</DistanceMeters>
          <HeartRateBpm>
            <Value>167</Value>
          </HeartRateBpm>
          <SensorState>Absent</SensorState>
        </Trackpoint>
        <Trackpoint>
          <Time>2025-11-09T06:27:34Z</Time>
          <DistanceMeters>66.0</DistanceMeters>
          <HeartRateBpm>
            <Value>166</Value>
          </HeartRateBpm>
          <SensorState>Absent</SensorState>
        </Trackpoint>
        <Trackpoint>
          <Time>2025-11-09T06:27:38Z</Time>
          <DistanceMeters>66.0</DistanceMeters>
          <HeartRateBpm>
            <Value>162</Value>
          </HeartRateBpm>
          <SensorState>Absent</SensorState>
        </Trackpoint>
        <Trackpoint>
          <Time>2025-11-09T06:27:39Z</Time>
          <DistanceMeters>66.0</DistanceMeters>
          <HeartRateBpm>
            <Value>159</Value>
          </HeartRateBpm>
          <SensorState>Absent</SensorState>
        </Trackpoint>
        <Trackpoint>
          <Time>2025-11-09T06:27:41Z</Time>
          <DistanceMeters>78.0</DistanceMeters>
          <HeartRateBpm>
            <Value>156</Value>
          </HeartRateBpm>
          <SensorState>Absent</SensorState>
        </Trackpoint>
        <Trackpoint>
          <Time>2025-11-09T06:27:42Z</Time>
          <DistanceMeters>78.0</DistanceMeters>
          <HeartRateBpm>
            <Value>151</Value>
          </HeartRateBpm>
          <SensorState>Absent</SensorState>
        </Trackpoint>
        <Trackpoint>
          <Time>2025-11-09T06:27:43Z</Time>
          <DistanceMeters>78.0</DistanceMeters>
          <HeartRateBpm>
            <Value>149</Value>
          </HeartRateBpm>
          <SensorState>Absent</SensorState>
        </Trackpoint>
        <Trackpoint>
          <Time>2025-11-09T06:27:45Z</Time>
          <DistanceMeters>78.0</DistanceMeters>
          <HeartRateBpm>
            <Value>148</Value>
          </HeartRateBpm>
          <SensorState>Absent</SensorState>
        </Trackpoint>
        <Trackpoint>
          <Time>2025-11-09T06:27:46Z</Time>
          <DistanceMeters>78.0</DistanceMeters>
          <HeartRateBpm>
            <Value>147</Value>
          </HeartRateBpm>
          <SensorState>Absent</SensorState>
        </Trackpoint>
        <Trackpoint>
          <Time>2025-11-09T06:27:49Z</Time>
          <DistanceMeters>78.0</DistanceMeters>
          <HeartRateBpm>
            <Value>148</Value>
          </HeartRateBpm>
          <SensorState>Absent</SensorState>
        </Trackpoint>
        <Trackpoint>
          <Time>2025-11-09T06:27:51Z</Time>
          <DistanceMeters>78.0</DistanceMeters>
          <HeartRateBpm>
            <Value>151</Value>
          </HeartRateBpm>
          <SensorState>Absent</SensorState>
        </Trackpoint>
        <Trackpoint>
          <Time>2025-11-09T06:27:53Z</Time>
          <DistanceMeters>78.0</DistanceMeters>
          <HeartRateBpm>
            <Value>152</Value>
          </HeartRateBpm>
          <SensorState>Absent</SensorState>
        </Trackpoint>
        <Trackpoint>
          <Time>2025-11-09T06:27:54Z</Time>
          <DistanceMeters>78.0</DistanceMeters>
          <HeartRateBpm>
            <Value>153</Value>
          </HeartRateBpm>
          <SensorState>Absent</SensorState>
        </Trackpoint>
        <Trackpoint>
          <Time>2025-11-09T06:27:56Z</Time>
          <DistanceMeters>78.0</DistanceMeters>
          <HeartRateBpm>
            <Value>152</Value>
          </HeartRateBpm>
          <SensorState>Absent</SensorState>
        </Trackpoint>
        <Trackpoint>
          <Time>2025-11-09T06:28:00Z</Time>
          <DistanceMeters>78.0</DistanceMeters>
          <HeartRateBpm>
            <Value>158</Value>
          </HeartRateBpm>
          <SensorState>Absent</SensorState>
        </Trackpoint>
        <Trackpoint>
          <Time>2025-11-09T06:28:01Z</Time>
          <DistanceMeters>78.0</DistanceMeters>
          <HeartRateBpm>
            <Value>152</Value>
          </HeartRateBpm>
          <SensorState>Absent</SensorState>
        </Trackpoint>
        <Trackpoint>
          <Time>2025-11-09T06:28:04Z</Time>
          <DistanceMeters>78.0</DistanceMeters>
          <HeartRateBpm>
            <Value>151</Value>
          </HeartRateBpm>
          <SensorState>Absent</SensorState>
        </Trackpoint>
        <Trackpoint>
          <Time>2025-11-09T06:28:10Z</Time>
          <DistanceMeters>78.0</DistanceMeters>
          <HeartRateBpm>
            <Value>151</Value>
          </HeartRateBpm>
          <SensorState>Absent</SensorState>
        </Trackpoint>
        <Trackpoint>
          <Time>2025-11-09T06:28:16Z</Time>
          <DistanceMeters>78.0</DistanceMeters>
          <HeartRateBpm>
            <Value>151</Value>
          </HeartRateBpm>
          <SensorState>Absent</SensorState>
        </Trackpoint>
        <Trackpoint>
          <Time>2025-11-09T06:28:20Z</Time>
          <DistanceMeters>78.0</DistanceMeters>
          <HeartRateBpm>
            <Value>152</Value>
          </HeartRateBpm>
          <SensorState>Absent</SensorState>
        </Trackpoint>
        <Trackpoint>
          <Time>2025-11-09T06:28:22Z</Time>
          <DistanceMeters>78.0</DistanceMeters>
          <HeartRateBpm>
            <Value>153</Value>
          </HeartRateBpm>
          <SensorState>Absent</SensorState>
        </Trackpoint>
        <Trackpoint>
          <Time>2025-11-09T06:28:27Z</Time>
          <DistanceMeters>78.0</DistanceMeters>
          <HeartRateBpm>
            <Value>155</Value>
          </HeartRateBpm>
          <SensorState>Absent</SensorState>
        </Trackpoint>
        <Trackpoint>
          <Time>2025-11-09T06:28:30Z</Time>
          <DistanceMeters>78.0</DistanceMeters>
          <HeartRateBpm>
            <Value>156</Value>
          </HeartRateBpm>
          <SensorState>Absent</SensorState>
        </Trackpoint>
        <Trackpoint>
          <Time>2025-11-09T06:28:32Z</Time>
          <DistanceMeters>78.0</DistanceMeters>
          <HeartRateBpm>
            <Value>158</Value>
          </HeartRateBpm>
          <SensorState>Absent</SensorState>
        </Trackpoint>
        <Trackpoint>
          <Time>2025-11-09T06:28:34Z</Time>
          <DistanceMeters>78.0</DistanceMeters>
          <HeartRateBpm>
            <Value>159</Value>
          </HeartRateBpm>
          <SensorState>Absent</SensorState>
        </Trackpoint>
        <Trackpoint>
          <Time>2025-11-09T06:28:35Z</Time>
          <DistanceMeters>78.0</DistanceMeters>
          <HeartRateBpm>
            <Value>162</Value>
          </HeartRateBpm>
          <SensorState>Absent</SensorState>
        </Trackpoint>
        <Trackpoint>
          <Time>2025-11-09T06:28:36Z</Time>
          <DistanceMeters>78.0</DistanceMeters>
          <HeartRateBpm>
            <Value>165</Value>
          </HeartRateBpm>
          <SensorState>Absent</SensorState>
        </Trackpoint>
        <Trackpoint>
          <Time>2025-11-09T06:28:38Z</Time>
          <DistanceMeters>78.0</DistanceMeters>
          <HeartRateBpm>
            <Value>166</Value>
          </HeartRateBpm>
          <SensorState>Absent</SensorState>
        </Trackpoint>
        <Trackpoint>
          <Time>2025-11-09T06:28:39Z</Time>
          <DistanceMeters>78.0</DistanceMeters>
          <HeartRateBpm>
            <Value>168</Value>
          </HeartRateBpm>
          <SensorState>Absent</SensorState>
        </Trackpoint>
        <Trackpoint>
          <Time>2025-11-09T06:28:42Z</Time>
          <DistanceMeters>89.0</DistanceMeters>
          <HeartRateBpm>
            <Value>167</Value>
          </HeartRateBpm>
          <SensorState>Absent</SensorState>
        </Trackpoint>
        <Trackpoint>
          <Time>2025-11-09T06:28:44Z</Time>
          <DistanceMeters>89.0</DistanceMeters>
          <HeartRateBpm>
            <Value>168</Value>
          </HeartRateBpm>
          <SensorState>Absent</SensorState>
        </Trackpoint>
        <Trackpoint>
          <Time>2025-11-09T06:28:47Z</Time>
          <DistanceMeters>89.0</DistanceMeters>
          <HeartRateBpm>
            <Value>167</Value>
          </HeartRateBpm>
          <SensorState>Absent</SensorState>
        </Trackpoint>
        <Trackpoint>
          <Time>2025-11-09T06:28:49Z</Time>
          <DistanceMeters>89.0</DistanceMeters>
          <HeartRateBpm>
            <Value>166</Value>
          </HeartRateBpm>
          <SensorState>Absent</SensorState>
        </Trackpoint>
        <Trackpoint>
          <Time>2025-11-09T06:28:54Z</Time>
          <DistanceMeters>89.0</DistanceMeters>
          <HeartRateBpm>
            <Value>166</Value>
          </HeartRateBpm>
          <SensorState>Absent</SensorState>
        </Trackpoint>
        <Trackpoint>
          <Time>2025-11-09T06:28:56Z</Time>
          <DistanceMeters>89.0</DistanceMeters>
          <HeartRateBpm>
            <Value>165</Value>
          </HeartRateBpm>
          <SensorState>Absent</SensorState>
        </Trackpoint>
        <Trackpoint>
          <Time>2025-11-09T06:28:57Z</Time>
          <DistanceMeters>89.0</DistanceMeters>
          <HeartRateBpm>
            <Value>164</Value>
          </HeartRateBpm>
          <SensorState>Absent</SensorState>
        </Trackpoint>
        <Trackpoint>
          <Time>2025-11-09T06:28:58Z</Time>
          <DistanceMeters>89.0</DistanceMeters>
          <HeartRateBpm>
            <Value>163</Value>
          </HeartRateBpm>
          <SensorState>Absent</SensorState>
        </Trackpoint>
        <Trackpoint>
          <Time>2025-11-09T06:29:00Z</Time>
          <DistanceMeters>89.0</DistanceMeters>
          <HeartRateBpm>
            <Value>162</Value>
          </HeartRateBpm>
          <SensorState>Absent</SensorState>
        </Trackpoint>
        <Trackpoint>
          <Time>2025-11-09T06:29:00Z</Time>
          <DistanceMeters>89.0</DistanceMeters>
          <HeartRateBpm>
            <Value>162</Value>
          </HeartRateBpm>
          <SensorState>Absent</SensorState>
        </Trackpoint>
        <Trackpoint>
          <Time>2025-11-09T06:29:02Z</Time>
          <DistanceMeters>89.0</DistanceMeters>
          <HeartRateBpm>
            <Value>163</Value>
          </HeartRateBpm>
          <SensorState>Absent</SensorState>
        </Trackpoint>
        <Trackpoint>
          <Time>2025-11-09T06:29:04Z</Time>
          <DistanceMeters>89.0</DistanceMeters>
          <HeartRateBpm>
            <Value>164</Value>
          </HeartRateBpm>
          <SensorState>Absent</SensorState>
        </Trackpoint>
        <Trackpoint>
          <Time>2025-11-09T06:29:06Z</Time>
          <DistanceMeters>89.0</DistanceMeters>
          <HeartRateBpm>
            <Value>161</Value>
          </HeartRateBpm>
          <SensorState>Absent</SensorState>
        </Trackpoint>
        <Trackpoint>
          <Time>2025-11-09T06:29:10Z</Time>
          <DistanceMeters>89.0</DistanceMeters>
          <HeartRateBpm>
            <Value>162</Value>
          </HeartRateBpm>
          <SensorState>Absent</SensorState>
        </Trackpoint>
        <Trackpoint>
          <Time>2025-11-09T06:29:14Z</Time>
          <DistanceMeters>89.0</DistanceMeters>
          <HeartRateBpm>
            <Value>164</Value>
          </HeartRateBpm>
          <SensorState>Absent</SensorState>
        </Trackpoint>
        <Trackpoint>
          <Time>2025-11-09T06:29:17Z</Time>
          <DistanceMeters>89.0</DistanceMeters>
          <HeartRateBpm>
            <Value>165</Value>
          </HeartRateBpm>
          <SensorState>Absent</SensorState>
        </Trackpoint>
        <Trackpoint>
          <Time>2025-11-09T06:29:21Z</Time>
          <DistanceMeters>89.0</DistanceMeters>
          <HeartRateBpm>
            <Value>164</Value>
          </HeartRateBpm>
          <SensorState>Absent</SensorState>
        </Trackpoint>
        <Trackpoint>
          <Time>2025-11-09T06:29:23Z</Time>
          <DistanceMeters>89.0</DistanceMeters>
          <HeartRateBpm>
            <Value>163</Value>
          </HeartRateBpm>
          <SensorState>Absent</SensorState>
        </Trackpoint>
        <Trackpoint>
          <Time>2025-11-09T06:29:27Z</Time>
          <DistanceMeters>89.0</DistanceMeters>
          <HeartRateBpm>
            <Value>164</Value>
          </HeartRateBpm>
          <SensorState>Absent</SensorState>
        </Trackpoint>
        <Trackpoint>
          <Time>2025-11-09T06:29:32Z</Time>
          <DistanceMeters>89.0</DistanceMeters>
          <HeartRateBpm>
            <Value>164</Value>
          </HeartRateBpm>
          <SensorState>Absent</SensorState>
        </Trackpoint>
        <Trackpoint>
          <Time>2025-11-09T06:29:34Z</Time>
          <DistanceMeters>89.0</DistanceMeters>
          <HeartRateBpm>
            <Value>163</Value>
          </HeartRateBpm>
          <SensorState>Absent</SensorState>
        </Trackpoint>
        <Trackpoint>
          <Time>2025-11-09T06:29:36Z</Time>
          <DistanceMeters>89.0</DistanceMeters>
          <HeartRateBpm>
            <Value>162</Value>
          </HeartRateBpm>
          <SensorState>Absent</SensorState>
        </Trackpoint>
        <Trackpoint>
          <Time>2025-11-09T06:29:37Z</Time>
          <DistanceMeters>89.0</DistanceMeters>
          <HeartRateBpm>
            <Value>161</Value>
          </HeartRateBpm>
          <SensorState>Absent</SensorState>
        </Trackpoint>
        <Trackpoint>
          <Time>2025-11-09T06:29:39Z</Time>
          <DistanceMeters>89.0</DistanceMeters>
          <HeartRateBpm>
            <Value>162</Value>
          </HeartRateBpm>
          <SensorState>Absent</SensorState>
        </Trackpoint>
        <Trackpoint>
          <Time>2025-11-09T06:29:40Z</Time>
          <DistanceMeters>89.0</DistanceMeters>
          <HeartRateBpm>
            <Value>166</Value>
          </HeartRateBpm>
          <SensorState>Absent</SensorState>
        </Trackpoint>
        <Trackpoint>
          <Time>2025-11-09T06:29:43Z</Time>
          <DistanceMeters>100.0</DistanceMeters>
          <HeartRateBpm>
            <Value>169</Value>
          </HeartRateBpm>
          <SensorState>Absent</SensorState>
        </Trackpoint>
        <Trackpoint>
          <Time>2025-11-09T06:29:44Z</Time>
          <DistanceMeters>100.0</DistanceMeters>
          <HeartRateBpm>
            <Value>165</Value>
          </HeartRateBpm>
          <SensorState>Absent</SensorState>
        </Trackpoint>
        <Trackpoint>
          <Time>2025-11-09T06:29:45Z</Time>
          <DistanceMeters>100.0</DistanceMeters>
          <HeartRateBpm>
            <Value>162</Value>
          </HeartRateBpm>
          <SensorState>Absent</SensorState>
        </Trackpoint>
        <Trackpoint>
          <Time>2025-11-09T06:29:48Z</Time>
          <DistanceMeters>100.0</DistanceMeters>
          <HeartRateBpm>
            <Value>160</Value>
          </HeartRateBpm>
          <SensorState>Absent</SensorState>
        </Trackpoint>
        <Trackpoint>
          <Time>2025-11-09T06:29:49Z</Time>
          <DistanceMeters>100.0</DistanceMeters>
          <HeartRateBpm>
            <Value>157</Value>
          </HeartRateBpm>
          <SensorState>Absent</SensorState>
        </Trackpoint>
        <Trackpoint>
          <Time>2025-11-09T06:29:52Z</Time>
          <DistanceMeters>100.0</DistanceMeters>
          <HeartRateBpm>
            <Value>158</Value>
          </HeartRateBpm>
          <SensorState>Absent</SensorState>
        </Trackpoint>
        <Trackpoint>
          <Time>2025-11-09T06:29:53Z</Time>
          <DistanceMeters>100.0</DistanceMeters>
          <HeartRateBpm>
            <Value>157</Value>
          </HeartRateBpm>
          <SensorState>Absent</SensorState>
        </Trackpoint>
        <Trackpoint>
          <Time>2025-11-09T06:29:56Z</Time>
          <DistanceMeters>100.0</DistanceMeters>
          <HeartRateBpm>
            <Value>156</Value>
          </HeartRateBpm>
          <SensorState>Absent</SensorState>
        </Trackpoint>
        <Trackpoint>
          <Time>2025-11-09T06:29:58Z</Time>
          <DistanceMeters>100.0</DistanceMeters>
          <HeartRateBpm>
            <Value>157</Value>
          </HeartRateBpm>
          <SensorState>Absent</SensorState>
        </Trackpoint>
        <Trackpoint>
          <Time>2025-11-09T06:30:00Z</Time>
          <DistanceMeters>100.0</DistanceMeters>
          <HeartRateBpm>
            <Value>165</Value>
          </HeartRateBpm>
          <SensorState>Absent</SensorState>
        </Trackpoint>
        <Trackpoint>
          <Time>2025-11-09T06:30:01Z</Time>
          <DistanceMeters>100.0</DistanceMeters>
          <HeartRateBpm>
            <Value>158</Value>
          </HeartRateBpm>
          <SensorState>Absent</SensorState>
        </Trackpoint>
        <Trackpoint>
          <Time>2025-11-09T06:30:02Z</Time>
          <DistanceMeters>100.0</DistanceMeters>
          <HeartRateBpm>
            <Value>154</Value>
          </HeartRateBpm>
          <SensorState>Absent</SensorState>
        </Trackpoint>
        <Trackpoint>
          <Time>2025-11-09T06:30:03Z</Time>
          <DistanceMeters>100.0</DistanceMeters>
          <HeartRateBpm>
            <Value>152</Value>
          </HeartRateBpm>
          <SensorState>Absent</SensorState>
        </Trackpoint>
        <Trackpoint>
          <Time>2025-11-09T06:30:06Z</Time>
          <DistanceMeters>100.0</DistanceMeters>
          <HeartRateBpm>
            <Value>150</Value>
          </HeartRateBpm>
          <SensorState>Absent</SensorState>
        </Trackpoint>
        <Trackpoint>
          <Time>2025-11-09T06:30:07Z</Time>
          <DistanceMeters>100.0</DistanceMeters>
          <HeartRateBpm>
            <Value>149</Value>
          </HeartRateBpm>
          <SensorState>Absent</SensorState>
        </Trackpoint>
        <Trackpoint>
          <Time>2025-11-09T06:30:10Z</Time>
          <DistanceMeters>100.0</DistanceMeters>
          <HeartRateBpm>
            <Value>150</Value>
          </HeartRateBpm>
          <SensorState>Absent</SensorState>
        </Trackpoint>
        <Trackpoint>
          <Time>2025-11-09T06:30:11Z</Time>
          <DistanceMeters>100.0</DistanceMeters>
          <HeartRateBpm>
            <Value>153</Value>
          </HeartRateBpm>
          <SensorState>Absent</SensorState>
        </Trackpoint>
        <Trackpoint>
          <Time>2025-11-09T06:30:13Z</Time>
          <DistanceMeters>100.0</DistanceMeters>
          <HeartRateBpm>
            <Value>154</Value>
          </HeartRateBpm>
          <SensorState>Absent</SensorState>
        </Trackpoint>
        <Trackpoint>
          <Time>2025-11-09T06:30:14Z</Time>
          <DistanceMeters>100.0</DistanceMeters>
          <HeartRateBpm>
            <Value>155</Value>
          </HeartRateBpm>
          <SensorState>Absent</SensorState>
        </Trackpoint>
        <Trackpoint>
          <Time>2025-11-09T06:30:15Z</Time>
          <DistanceMeters>100.0</DistanceMeters>
          <HeartRateBpm>
            <Value>161</Value>
          </HeartRateBpm>
          <SensorState>Absent</SensorState>
        </Trackpoint>
        <Trackpoint>
          <Time>2025-11-09T06:30:17Z</Time>
          <DistanceMeters>100.0</DistanceMeters>
          <HeartRateBpm>
            <Value>163</Value>
          </HeartRateBpm>
          <SensorState>Absent</SensorState>
        </Trackpoint>
        <Trackpoint>
          <Time>2025-11-09T06:30:18Z</Time>
          <DistanceMeters>100.0</DistanceMeters>
          <HeartRateBpm>
            <Value>164</Value>
          </HeartRateBpm>
          <SensorState>Absent</SensorState>
        </Trackpoint>
        <Trackpoint>
          <Time>2025-11-09T06:30:20Z</Time>
          <DistanceMeters>100.0</DistanceMeters>
          <HeartRateBpm>
            <Value>165</Value>
          </HeartRateBpm>
          <SensorState>Absent</SensorState>
        </Trackpoint>
        <Trackpoint>
          <Time>2025-11-09T06:30:22Z</Time>
          <DistanceMeters>100.0</DistanceMeters>
          <HeartRateBpm>
            <Value>164</Value>
          </HeartRateBpm>
          <SensorState>Absent</SensorState>
        </Trackpoint>
        <Trackpoint>
          <Time>2025-11-09T06:30:23Z</Time>
          <DistanceMeters>100.0</DistanceMeters>
          <HeartRateBpm>
            <Value>166</Value>
          </HeartRateBpm>
          <SensorState>Absent</SensorState>
        </Trackpoint>
        <Trackpoint>
          <Time>2025-11-09T06:30:24Z</Time>
          <DistanceMeters>100.0</DistanceMeters>
          <HeartRateBpm>
            <Value>173</Value>
          </HeartRateBpm>
          <SensorState>Absent</SensorState>
        </Trackpoint>
        <Trackpoint>
          <Time>2025-11-09T06:30:25Z</Time>
          <DistanceMeters>100.0</DistanceMeters>
          <HeartRateBpm>
            <Value>175</Value>
          </HeartRateBpm>
          <SensorState>Absent</SensorState>
        </Trackpoint>
        <Trackpoint>
          <Time>2025-11-09T06:30:27Z</Time>
          <DistanceMeters>100.0</DistanceMeters>
          <HeartRateBpm>
            <Value>173</Value>
          </HeartRateBpm>
          <SensorState>Absent</SensorState>
        </Trackpoint>
        <Trackpoint>
          <Time>2025-11-09T06:30:28Z</Time>
          <DistanceMeters>100.0</DistanceMeters>
          <HeartRateBpm>
            <Value>171</Value>
          </HeartRateBpm>
          <SensorState>Absent</SensorState>
        </Trackpoint>
        <Trackpoint>
          <Time>2025-11-09T06:30:33Z</Time>
          <DistanceMeters>100.0</DistanceMeters>
          <HeartRateBpm>
            <Value>171</Value>
          </HeartRateBpm>
          <SensorState>Absent</SensorState>
        </Trackpoint>
        <Trackpoint>
          <Time>2025-11-09T06:30:35Z</Time>
          <DistanceMeters>100.0</DistanceMeters>
          <HeartRateBpm>
            <Value>173</Value>
          </HeartRateBpm>
          <SensorState>Absent</SensorState>
        </Trackpoint>
        <Trackpoint>
          <Time>2025-11-09T06:30:36Z</Time>
          <DistanceMeters>100.0</DistanceMeters>
          <HeartRateBpm>
            <Value>174</Value>
          </HeartRateBpm>
          <SensorState>Absent</SensorState>
        </Trackpoint>
        <Trackpoint>
          <Time>2025-11-09T06:30:37Z</Time>
          <DistanceMeters>100.0</DistanceMeters>
          <HeartRateBpm>
            <Value>175</Value>
          </HeartRateBpm>
          <SensorState>Absent</SensorState>
        </Trackpoint>
        <Trackpoint>
          <Time>2025-11-09T06:30:39Z</Time>
          <DistanceMeters>100.0</DistanceMeters>
          <HeartRateBpm>
            <Value>174</Value>
          </HeartRateBpm>
          <SensorState>Absent</SensorState>
        </Trackpoint>
        <Trackpoint>
          <Time>2025-11-09T06:30:40Z</Time>
          <DistanceMeters>100.0</DistanceMeters>
          <HeartRateBpm>
            <Value>172</Value>
          </HeartRateBpm>
          <SensorState>Absent</SensorState>
        </Trackpoint>
        <Trackpoint>
          <Time>2025-11-09T06:30:44Z</Time>
          <DistanceMeters>111.0</DistanceMeters>
          <HeartRateBpm>
            <Value>171</Value>
          </HeartRateBpm>
          <SensorState>Absent</SensorState>
        </Trackpoint>
        <Trackpoint>
          <Time>2025-11-09T06:30:45Z</Time>
          <DistanceMeters>111.0</DistanceMeters>
          <HeartRateBpm>
            <Value>170</Value>
          </HeartRateBpm>
          <SensorState>Absent</SensorState>
        </Trackpoint>
        <Trackpoint>
          <Time>2025-11-09T06:30:46Z</Time>
          <DistanceMeters>111.0</DistanceMeters>
          <HeartRateBpm>
            <Value>168</Value>
          </HeartRateBpm>
          <SensorState>Absent</SensorState>
        </Trackpoint>
        <Trackpoint>
          <Time>2025-11-09T06:30:47Z</Time>
          <DistanceMeters>111.0</DistanceMeters>
          <HeartRateBpm>
            <Value>170</Value>
          </HeartRateBpm>
          <SensorState>Absent</SensorState>
        </Trackpoint>
        <Trackpoint>
          <Time>2025-11-09T06:30:49Z</Time>
          <DistanceMeters>111.0</DistanceMeters>
          <HeartRateBpm>
            <Value>172</Value>
          </HeartRateBpm>
          <SensorState>Absent</SensorState>
        </Trackpoint>
        <Trackpoint>
          <Time>2025-11-09T06:30:50Z</Time>
          <DistanceMeters>111.0</DistanceMeters>
          <HeartRateBpm>
            <Value>176</Value>
          </HeartRateBpm>
          <SensorState>Absent</SensorState>
        </Trackpoint>
        <Trackpoint>
          <Time>2025-11-09T06:30:51Z</Time>
          <DistanceMeters>111.0</DistanceMeters>
          <HeartRateBpm>
            <Value>174</Value>
          </HeartRateBpm>
          <SensorState>Absent</SensorState>
        </Trackpoint>
        <Trackpoint>
          <Time>2025-11-09T06:30:54Z</Time>
          <DistanceMeters>111.0</DistanceMeters>
          <HeartRateBpm>
            <Value>172</Value>
          </HeartRateBpm>
          <SensorState>Absent</SensorState>
        </Trackpoint>
        <Trackpoint>
          <Time>2025-11-09T06:30:55Z</Time>
          <DistanceMeters>111.0</DistanceMeters>
          <HeartRateBpm>
            <Value>171</Value>
          </HeartRateBpm>
          <SensorState>Absent</SensorState>
        </Trackpoint>
        <Trackpoint>
          <Time>2025-11-09T06:30:57Z</Time>
          <DistanceMeters>111.0</DistanceMeters>
          <HeartRateBpm>
            <Value>169</Value>
          </HeartRateBpm>
          <SensorState>Absent</SensorState>
        </Trackpoint>
        <Trackpoint>
          <Time>2025-11-09T06:30:59Z</Time>
          <DistanceMeters>111.0</DistanceMeters>
          <HeartRateBpm>
            <Value>168</Value>
          </HeartRateBpm>
          <SensorState>Absent</SensorState>
        </Trackpoint>
        <Trackpoint>
          <Time>2025-11-09T06:31:00Z</Time>
          <DistanceMeters>111.0</DistanceMeters>
          <HeartRateBpm>
            <Value>166</Value>
          </HeartRateBpm>
          <SensorState>Absent</SensorState>
        </Trackpoint>
        <Trackpoint>
          <Time>2025-11-09T06:31:02Z</Time>
          <DistanceMeters>111.0</DistanceMeters>
          <HeartRateBpm>
            <Value>167</Value>
          </HeartRateBpm>
          <SensorState>Absent</SensorState>
        </Trackpoint>
        <Trackpoint>
          <Time>2025-11-09T06:31:03Z</Time>
          <DistanceMeters>111.0</DistanceMeters>
          <HeartRateBpm>
            <Value>169</Value>
          </HeartRateBpm>
          <SensorState>Absent</SensorState>
        </Trackpoint>
        <Trackpoint>
          <Time>2025-11-09T06:31:06Z</Time>
          <DistanceMeters>111.0</DistanceMeters>
          <HeartRateBpm>
            <Value>166</Value>
          </HeartRateBpm>
          <SensorState>Absent</SensorState>
        </Trackpoint>
        <Trackpoint>
          <Time>2025-11-09T06:31:07Z</Time>
          <DistanceMeters>111.0</DistanceMeters>
          <HeartRateBpm>
            <Value>163</Value>
          </HeartRateBpm>
          <SensorState>Absent</SensorState>
        </Trackpoint>
        <Trackpoint>
          <Time>2025-11-09T06:31:10Z</Time>
          <DistanceMeters>111.0</DistanceMeters>
          <HeartRateBpm>
            <Value>165</Value>
          </HeartRateBpm>
          <SensorState>Absent</SensorState>
        </Trackpoint>
        <Trackpoint>
          <Time>2025-11-09T06:31:11Z</Time>
          <DistanceMeters>111.0</DistanceMeters>
          <HeartRateBpm>
            <Value>166</Value>
          </HeartRateBpm>
          <SensorState>Absent</SensorState>
        </Trackpoint>
        <Trackpoint>
          <Time>2025-11-09T06:31:12Z</Time>
          <DistanceMeters>111.0</DistanceMeters>
          <HeartRateBpm>
            <Value>169</Value>
          </HeartRateBpm>
          <SensorState>Absent</SensorState>
        </Trackpoint>
        <Trackpoint>
          <Time>2025-11-09T06:31:15Z</Time>
          <DistanceMeters>111.0</DistanceMeters>
          <HeartRateBpm>
            <Value>168</Value>
          </HeartRateBpm>
          <SensorState>Absent</SensorState>
        </Trackpoint>
        <Trackpoint>
          <Time>2025-11-09T06:31:16Z</Time>
          <DistanceMeters>111.0</DistanceMeters>
          <HeartRateBpm>
            <Value>166</Value>
          </HeartRateBpm>
          <SensorState>Absent</SensorState>
        </Trackpoint>
        <Trackpoint>
          <Time>2025-11-09T06:31:17Z</Time>
          <DistanceMeters>111.0</DistanceMeters>
          <HeartRateBpm>
            <Value>165</Value>
          </HeartRateBpm>
          <SensorState>Absent</SensorState>
        </Trackpoint>
        <Trackpoint>
          <Time>2025-11-09T06:31:19Z</Time>
          <DistanceMeters>111.0</DistanceMeters>
          <HeartRateBpm>
            <Value>166</Value>
          </HeartRateBpm>
          <SensorState>Absent</SensorState>
        </Trackpoint>
        <Trackpoint>
          <Time>2025-11-09T06:31:20Z</Time>
          <DistanceMeters>111.0</DistanceMeters>
          <HeartRateBpm>
            <Value>167</Value>
          </HeartRateBpm>
          <SensorState>Absent</SensorState>
        </Trackpoint>
        <Trackpoint>
          <Time>2025-11-09T06:31:21Z</Time>
          <DistanceMeters>111.0</DistanceMeters>
          <HeartRateBpm>
            <Value>169</Value>
          </HeartRateBpm>
          <SensorState>Absent</SensorState>
        </Trackpoint>
        <Trackpoint>
          <Time>2025-11-09T06:31:23Z</Time>
          <DistanceMeters>111.0</DistanceMeters>
          <HeartRateBpm>
            <Value>170</Value>
          </HeartRateBpm>
          <SensorState>Absent</SensorState>
        </Trackpoint>
        <Trackpoint>
          <Time>2025-11-09T06:31:24Z</Time>
          <DistanceMeters>111.0</DistanceMeters>
          <HeartRateBpm>
            <Value>171</Value>
          </HeartRateBpm>
          <SensorState>Absent</SensorState>
        </Trackpoint>
        <Trackpoint>
          <Time>2025-11-09T06:31:25Z</Time>
          <DistanceMeters>111.0</DistanceMeters>
          <HeartRateBpm>
            <Value>168</Value>
          </HeartRateBpm>
          <SensorState>Absent</SensorState>
        </Trackpoint>
        <Trackpoint>
          <Time>2025-11-09T06:31:29Z</Time>
          <DistanceMeters>111.0</DistanceMeters>
          <HeartRateBpm>
            <Value>167</Value>
          </HeartRateBpm>
          <SensorState>Absent</SensorState>
        </Trackpoint>
        <Trackpoint>
          <Time>2025-11-09T06:31:34Z</Time>
          <DistanceMeters>111.0</DistanceMeters>
          <HeartRateBpm>
            <Value>167</Value>
          </HeartRateBpm>
          <SensorState>Absent</SensorState>
        </Trackpoint>
        <Trackpoint>
          <Time>2025-11-09T06:31:38Z</Time>
          <DistanceMeters>111.0</DistanceMeters>
          <HeartRateBpm>
            <Value>166</Value>
          </HeartRateBpm>
          <SensorState>Absent</SensorState>
        </Trackpoint>
        <Trackpoint>
          <Time>2025-11-09T06:31:41Z</Time>
          <DistanceMeters>122.0</DistanceMeters>
          <HeartRateBpm>
            <Value>167</Value>
          </HeartRateBpm>
          <SensorState>Absent</SensorState>
        </Trackpoint>
        <Trackpoint>
          <Time>2025-11-09T06:31:42Z</Time>
          <DistanceMeters>122.0</DistanceMeters>
          <HeartRateBpm>
            <Value>165</Value>
          </HeartRateBpm>
          <SensorState>Absent</SensorState>
        </Trackpoint>
        <Trackpoint>
          <Time>2025-11-09T06:31:43Z</Time>
          <DistanceMeters>122.0</DistanceMeters>
          <HeartRateBpm>
            <Value>164</Value>
          </HeartRateBpm>
          <SensorState>Absent</SensorState>
        </Trackpoint>
        <Trackpoint>
          <Time>2025-11-09T06:31:48Z</Time>
          <DistanceMeters>122.0</DistanceMeters>
          <HeartRateBpm>
            <Value>166</Value>
          </HeartRateBpm>
          <SensorState>Absent</SensorState>
        </Trackpoint>
        <Trackpoint>
          <Time>2025-11-09T06:31:50Z</Time>
          <DistanceMeters>122.0</DistanceMeters>
          <HeartRateBpm>
            <Value>167</Value>
          </HeartRateBpm>
          <SensorState>Absent</SensorState>
        </Trackpoint>
        <Trackpoint>
          <Time>2025-11-09T06:31:51Z</Time>
          <DistanceMeters>122.0</DistanceMeters>
          <HeartRateBpm>
            <Value>166</Value>
          </HeartRateBpm>
          <SensorState>Absent</SensorState>
        </Trackpoint>
        <Trackpoint>
          <Time>2025-11-09T06:31:52Z</Time>
          <DistanceMeters>122.0</DistanceMeters>
          <HeartRateBpm>
            <Value>165</Value>
          </HeartRateBpm>
          <SensorState>Absent</SensorState>
        </Trackpoint>
        <Trackpoint>
          <Time>2025-11-09T06:31:54Z</Time>
          <DistanceMeters>122.0</DistanceMeters>
          <HeartRateBpm>
            <Value>163</Value>
          </HeartRateBpm>
          <SensorState>Absent</SensorState>
        </Trackpoint>
        <Trackpoint>
          <Time>2025-11-09T06:31:55Z</Time>
          <DistanceMeters>122.0</DistanceMeters>
          <HeartRateBpm>
            <Value>161</Value>
          </HeartRateBpm>
          <SensorState>Absent</SensorState>
        </Trackpoint>
        <Trackpoint>
          <Time>2025-11-09T06:32:00Z</Time>
          <DistanceMeters>122.0</DistanceMeters>
          <HeartRateBpm>
            <Value>124</Value>
          </HeartRateBpm>
          <Cadence><Value>48</Value></Cadence>
          <SensorState>Absent</SensorState>
        </Trackpoint>
        <Trackpoint>
          <Time>2025-11-09T06:32:01Z</Time>
          <DistanceMeters>122.0</DistanceMeters>
          <HeartRateBpm>
            <Value>119</Value>
          </HeartRateBpm>
          <Cadence><Value>48</Value></Cadence>
          <SensorState>Absent</SensorState>
        </Trackpoint>
        <Trackpoint>
          <Time>2025-11-09T06:32:02Z</Time>
          <DistanceMeters>122.0</DistanceMeters>
          <HeartRateBpm>
            <Value>118</Value>
          </HeartRateBpm>
          <Cadence><Value>48</Value></Cadence>
          <SensorState>Absent</SensorState>
        </Trackpoint>
        <Trackpoint>
          <Time>2025-11-09T06:32:04Z</Time>
          <DistanceMeters>122.0</DistanceMeters>
          <HeartRateBpm>
            <Value>117</Value>
          </HeartRateBpm>
          <Cadence><Value>48</Value></Cadence>
          <SensorState>Absent</SensorState>
        </Trackpoint>
        <Trackpoint>
          <Time>2025-11-09T06:32:05Z</Time>
          <DistanceMeters>122.0</DistanceMeters>
          <HeartRateBpm>
            <Value>116</Value>
          </HeartRateBpm>
          <Cadence><Value>48</Value></Cadence>
          <SensorState>Absent</SensorState>
        </Trackpoint>
        <Trackpoint>
          <Time>2025-11-09T06:32:08Z</Time>
          <DistanceMeters>122.0</DistanceMeters>
          <HeartRateBpm>
            <Value>115</Value>
          </HeartRateBpm>
          <Cadence><Value>48</Value></Cadence>
          <SensorState>Absent</SensorState>
        </Trackpoint>
        <Trackpoint>
          <Time>2025-11-09T06:32:12Z</Time>
          <DistanceMeters>122.0</DistanceMeters>
          <HeartRateBpm>
            <Value>116</Value>
          </HeartRateBpm>
          <Cadence><Value>48</Value></Cadence>
          <SensorState>Absent</SensorState>
        </Trackpoint>
        <Trackpoint>
          <Time>2025-11-09T06:32:13Z</Time>
          <DistanceMeters>122.0</DistanceMeters>
          <HeartRateBpm>
            <Value>118</Value>
          </HeartRateBpm>
          <Cadence><Value>48</Value></Cadence>
          <SensorState>Absent</SensorState>
        </Trackpoint>
        <Trackpoint>
          <Time>2025-11-09T06:32:14Z</Time>
          <DistanceMeters>122.0</DistanceMeters>
          <HeartRateBpm>
            <Value>119</Value>
          </HeartRateBpm>
          <Cadence><Value>48</Value></Cadence>
          <SensorState>Absent</SensorState>
        </Trackpoint>
        <Trackpoint>
          <Time>2025-11-09T06:32:16Z</Time>
          <DistanceMeters>122.0</DistanceMeters>
          <HeartRateBpm>
            <Value>120</Value>
          </HeartRateBpm>
          <Cadence><Value>48</Value></Cadence>
          <SensorState>Absent</SensorState>
        </Trackpoint>
        <Trackpoint>
          <Time>2025-11-09T06:32:17Z</Time>
          <DistanceMeters>122.0</DistanceMeters>
          <HeartRateBpm>
            <Value>121</Value>
          </HeartRateBpm>
          <Cadence><Value>48</Value></Cadence>
          <SensorState>Absent</SensorState>
        </Trackpoint>
        <Trackpoint>
          <Time>2025-11-09T06:32:18Z</Time>
          <DistanceMeters>122.0</DistanceMeters>
          <HeartRateBpm>
            <Value>122</Value>
          </HeartRateBpm>
          <Cadence><Value>48</Value></Cadence>
          <SensorState>Absent</SensorState>
        </Trackpoint>
        <Trackpoint>
          <Time>2025-11-09T06:32:20Z</Time>
          <DistanceMeters>122.0</DistanceMeters>
          <HeartRateBpm>
            <Value>123</Value>
          </HeartRateBpm>
          <Cadence><Value>48</Value></Cadence>
          <SensorState>Absent</SensorState>
        </Trackpoint>
        <Trackpoint>
          <Time>2025-11-09T06:32:22Z</Time>
          <DistanceMeters>122.0</DistanceMeters>
          <HeartRateBpm>
            <Value>125</Value>
          </HeartRateBpm>
          <Cadence><Value>48</Value></Cadence>
          <SensorState>Absent</SensorState>
        </Trackpoint>
        <Trackpoint>
          <Time>2025-11-09T06:32:23Z</Time>
          <DistanceMeters>122.0</DistanceMeters>
          <HeartRateBpm>
            <Value>123</Value>
          </HeartRateBpm>
          <Cadence><Value>48</Value></Cadence>
          <SensorState>Absent</SensorState>
        </Trackpoint>
        <Trackpoint>
          <Time>2025-11-09T06:32:25Z</Time>
          <DistanceMeters>122.0</DistanceMeters>
          <HeartRateBpm>
            <Value>125</Value>
          </HeartRateBpm>
          <Cadence><Value>48</Value></Cadence>
          <SensorState>Absent</SensorState>
        </Trackpoint>
        <Trackpoint>
          <Time>2025-11-09T06:32:26Z</Time>
          <DistanceMeters>122.0</DistanceMeters>
          <HeartRateBpm>
            <Value>127</Value>
          </HeartRateBpm>
          <Cadence><Value>48</Value></Cadence>
          <SensorState>Absent</SensorState>
        </Trackpoint>
        <Trackpoint>
          <Time>2025-11-09T06:32:27Z</Time>
          <DistanceMeters>122.0</DistanceMeters>
          <HeartRateBpm>
            <Value>128</Value>
          </HeartRateBpm>
          <Cadence><Value>48</Value></Cadence>
          <SensorState>Absent</SensorState>
        </Trackpoint>
        <Trackpoint>
          <Time>2025-11-09T06:32:28Z</Time>
          <DistanceMeters>122.0</DistanceMeters>
          <HeartRateBpm>
            <Value>127</Value>
          </HeartRateBpm>
          <Cadence><Value>48</Value></Cadence>
          <SensorState>Absent</SensorState>
        </Trackpoint>
        <Trackpoint>
          <Time>2025-11-09T06:32:30Z</Time>
          <DistanceMeters>122.0</DistanceMeters>
          <HeartRateBpm>
            <Value>125</Value>
          </HeartRateBpm>
          <Cadence><Value>48</Value></Cadence>
          <SensorState>Absent</SensorState>
        </Trackpoint>
        <Trackpoint>
          <Time>2025-11-09T06:32:31Z</Time>
          <DistanceMeters>122.0</DistanceMeters>
          <HeartRateBpm>
            <Value>122</Value>
          </HeartRateBpm>
          <Cadence><Value>48</Value></Cadence>
          <SensorState>Absent</SensorState>
        </Trackpoint>
        <Trackpoint>
          <Time>2025-11-09T06:32:32Z</Time>
          <DistanceMeters>122.0</DistanceMeters>
          <HeartRateBpm>
            <Value>121</Value>
          </HeartRateBpm>
          <Cadence><Value>48</Value></Cadence>
          <SensorState>Absent</SensorState>
        </Trackpoint>
        <Trackpoint>
          <Time>2025-11-09T06:32:35Z</Time>
          <DistanceMeters>122.0</DistanceMeters>
          <HeartRateBpm>
            <Value>122</Value>
          </HeartRateBpm>
          <Cadence><Value>48</Value></Cadence>
          <SensorState>Absent</SensorState>
        </Trackpoint>
        <Trackpoint>
          <Time>2025-11-09T06:32:36Z</Time>
          <DistanceMeters>122.0</DistanceMeters>
          <HeartRateBpm>
            <Value>125</Value>
          </HeartRateBpm>
          <Cadence><Value>48</Value></Cadence>
          <SensorState>Absent</SensorState>
        </Trackpoint>
        <Trackpoint>
          <Time>2025-11-09T06:32:38Z</Time>
          <DistanceMeters>122.0</DistanceMeters>
          <HeartRateBpm>
            <Value>126</Value>
          </HeartRateBpm>
          <Cadence><Value>48</Value></Cadence>
          <SensorState>Absent</SensorState>
        </Trackpoint>
        <Trackpoint>
          <Time>2025-11-09T06:32:39Z</Time>
          <DistanceMeters>122.0</DistanceMeters>
          <HeartRateBpm>
            <Value>125</Value>
          </HeartRateBpm>
          <Cadence><Value>48</Value></Cadence>
          <SensorState>Absent</SensorState>
        </Trackpoint>
        <Trackpoint>
          <Time>2025-11-09T06:32:42Z</Time>
          <DistanceMeters>133.0</DistanceMeters>
          <HeartRateBpm>
            <Value>126</Value>
          </HeartRateBpm>
          <Cadence><Value>48</Value></Cadence>
          <SensorState>Absent</SensorState>
        </Trackpoint>
        <Trackpoint>
          <Time>2025-11-09T06:32:45Z</Time>
          <DistanceMeters>133.0</DistanceMeters>
          <HeartRateBpm>
            <Value>125</Value>
          </HeartRateBpm>
          <Cadence><Value>48</Value></Cadence>
          <SensorState>Absent</SensorState>
        </Trackpoint>
        <Trackpoint>
          <Time>2025-11-09T06:32:47Z</Time>
          <DistanceMeters>133.0</DistanceMeters>
          <HeartRateBpm>
            <Value>126</Value>
          </HeartRateBpm>
          <Cadence><Value>48</Value></Cadence>
          <SensorState>Absent</SensorState>
        </Trackpoint>
        <Trackpoint>
          <Time>2025-11-09T06:32:49Z</Time>
          <DistanceMeters>133.0</DistanceMeters>
          <HeartRateBpm>
            <Value>128</Value>
          </HeartRateBpm>
          <Cadence><Value>48</Value></Cadence>
          <SensorState>Absent</SensorState>
        </Trackpoint>
        <Trackpoint>
          <Time>2025-11-09T06:32:50Z</Time>
          <DistanceMeters>133.0</DistanceMeters>
          <HeartRateBpm>
            <Value>132</Value>
          </HeartRateBpm>
          <Cadence><Value>48</Value></Cadence>
          <SensorState>Absent</SensorState>
        </Trackpoint>
        <Trackpoint>
          <Time>2025-11-09T06:32:51Z</Time>
          <DistanceMeters>133.0</DistanceMeters>
          <HeartRateBpm>
            <Value>136</Value>
          </HeartRateBpm>
          <Cadence><Value>48</Value></Cadence>
          <SensorState>Absent</SensorState>
        </Trackpoint>
        <Trackpoint>
          <Time>2025-11-09T06:32:52Z</Time>
          <DistanceMeters>133.0</DistanceMeters>
          <HeartRateBpm>
            <Value>137</Value>
          </HeartRateBpm>
          <Cadence><Value>48</Value></Cadence>
          <SensorState>Absent</SensorState>
        </Trackpoint>
        <Trackpoint>
          <Time>2025-11-09T06:32:55Z</Time>
          <DistanceMeters>133.0</DistanceMeters>
          <HeartRateBpm>
            <Value>138</Value>
          </HeartRateBpm>
          <Cadence><Value>48</Value></Cadence>
          <SensorState>Absent</SensorState>
        </Trackpoint>
        <Trackpoint>
          <Time>2025-11-09T06:33:00Z</Time>
          <DistanceMeters>133.0</DistanceMeters>
          <HeartRateBpm>
            <Value>148</Value>
          </HeartRateBpm>
          <Cadence><Value>93</Value></Cadence>
          <SensorState>Absent</SensorState>
        </Trackpoint>
        <Trackpoint>
          <Time>2025-11-09T06:33:00Z</Time>
          <DistanceMeters>133.0</DistanceMeters>
          <HeartRateBpm>
            <Value>138</Value>
          </HeartRateBpm>
          <Cadence><Value>93</Value></Cadence>
          <SensorState>Absent</SensorState>
        </Trackpoint>
        <Trackpoint>
          <Time>2025-11-09T06:33:04Z</Time>
          <DistanceMeters>133.0</DistanceMeters>
          <HeartRateBpm>
            <Value>137</Value>
          </HeartRateBpm>
          <Cadence><Value>93</Value></Cadence>
          <SensorState>Absent</SensorState>
        </Trackpoint>
        <Trackpoint>
          <Time>2025-11-09T06:33:06Z</Time>
          <DistanceMeters>133.0</DistanceMeters>
          <HeartRateBpm>
            <Value>136</Value>
          </HeartRateBpm>
          <Cadence><Value>93</Value></Cadence>
          <SensorState>Absent</SensorState>
        </Trackpoint>
        <Trackpoint>
          <Time>2025-11-09T06:33:11Z</Time>
          <DistanceMeters>133.0</DistanceMeters>
          <HeartRateBpm>
            <Value>137</Value>
          </HeartRateBpm>
          <Cadence><Value>93</Value></Cadence>
          <SensorState>Absent</SensorState>
        </Trackpoint>
        <Trackpoint>
          <Time>2025-11-09T06:33:16Z</Time>
          <DistanceMeters>133.0</DistanceMeters>
          <HeartRateBpm>
            <Value>138</Value>
          </HeartRateBpm>
          <Cadence><Value>93</Value></Cadence>
          <SensorState>Absent</SensorState>
        </Trackpoint>
        <Trackpoint>
          <Time>2025-11-09T06:33:17Z</Time>
          <DistanceMeters>133.0</DistanceMeters>
          <HeartRateBpm>
            <Value>140</Value>
          </HeartRateBpm>
          <Cadence><Value>93</Value></Cadence>
          <SensorState>Absent</SensorState>
        </Trackpoint>
        <Trackpoint>
          <Time>2025-11-09T06:33:18Z</Time>
          <DistanceMeters>133.0</DistanceMeters>
          <HeartRateBpm>
            <Value>141</Value>
          </HeartRateBpm>
          <Cadence><Value>93</Value></Cadence>
          <SensorState>Absent</SensorState>
        </Trackpoint>
        <Trackpoint>
          <Time>2025-11-09T06:33:21Z</Time>
          <DistanceMeters>133.0</DistanceMeters>
          <HeartRateBpm>
            <Value>144</Value>
          </HeartRateBpm>
          <Cadence><Value>93</Value></Cadence>
          <SensorState>Absent</SensorState>
        </Trackpoint>
        <Trackpoint>
          <Time>2025-11-09T06:33:22Z</Time>
          <DistanceMeters>133.0</DistanceMeters>
          <HeartRateBpm>
            <Value>145</Value>
          </HeartRateBpm>
          <Cadence><Value>93</Value></Cadence>
          <SensorState>Absent</SensorState>
        </Trackpoint>
        <Trackpoint>
          <Time>2025-11-09T06:33:24Z</Time>
          <DistanceMeters>133.0</DistanceMeters>
          <HeartRateBpm>
            <Value>148</Value>
          </HeartRateBpm>
          <Cadence><Value>93</Value></Cadence>
          <SensorState>Absent</SensorState>
        </Trackpoint>
        <Trackpoint>
          <Time>2025-11-09T06:33:25Z</Time>
          <DistanceMeters>133.0</DistanceMeters>
          <HeartRateBpm>
            <Value>149</Value>
          </HeartRateBpm>
          <Cadence><Value>93</Value></Cadence>
          <SensorState>Absent</SensorState>
        </Trackpoint>
        <Trackpoint>
          <Time>2025-11-09T06:33:26Z</Time>
          <DistanceMeters>133.0</DistanceMeters>
          <HeartRateBpm>
            <Value>150</Value>
          </HeartRateBpm>
          <Cadence><Value>93</Value></Cadence>
          <SensorState>Absent</SensorState>
        </Trackpoint>
        <Trackpoint>
          <Time>2025-11-09T06:33:29Z</Time>
          <DistanceMeters>133.0</DistanceMeters>
          <HeartRateBpm>
            <Value>153</Value>
          </HeartRateBpm>
          <Cadence><Value>93</Value></Cadence>
          <SensorState>Absent</SensorState>
        </Trackpoint>
        <Trackpoint>
          <Time>2025-11-09T06:33:31Z</Time>
          <DistanceMeters>133.0</DistanceMeters>
          <HeartRateBpm>
            <Value>154</Value>
          </HeartRateBpm>
          <Cadence><Value>93</Value></Cadence>
          <SensorState>Absent</SensorState>
        </Trackpoint>
        <Trackpoint>
          <Time>2025-11-09T06:33:32Z</Time>
          <DistanceMeters>133.0</DistanceMeters>
          <HeartRateBpm>
            <Value>153</Value>
          </HeartRateBpm>
          <Cadence><Value>93</Value></Cadence>
          <SensorState>Absent</SensorState>
        </Trackpoint>
        <Trackpoint>
          <Time>2025-11-09T06:33:34Z</Time>
          <DistanceMeters>133.0</DistanceMeters>
          <HeartRateBpm>
            <Value>155</Value>
          </HeartRateBpm>
          <Cadence><Value>93</Value></Cadence>
          <SensorState>Absent</SensorState>
        </Trackpoint>
        <Trackpoint>
          <Time>2025-11-09T06:33:36Z</Time>
          <DistanceMeters>133.0</DistanceMeters>
          <HeartRateBpm>
            <Value>159</Value>
          </HeartRateBpm>
          <Cadence><Value>93</Value></Cadence>
          <SensorState>Absent</SensorState>
        </Trackpoint>
        <Trackpoint>
          <Time>2025-11-09T06:33:37Z</Time>
          <DistanceMeters>133.0</DistanceMeters>
          <HeartRateBpm>
            <Value>161</Value>
          </HeartRateBpm>
          <Cadence><Value>93</Value></Cadence>
          <SensorState>Absent</SensorState>
        </Trackpoint>
        <Trackpoint>
          <Time>2025-11-09T06:33:38Z</Time>
          <DistanceMeters>133.0</DistanceMeters>
          <HeartRateBpm>
            <Value>162</Value>
          </HeartRateBpm>
          <Cadence><Value>93</Value></Cadence>
          <SensorState>Absent</SensorState>
        </Trackpoint>
        <Trackpoint>
          <Time>2025-11-09T06:33:39Z</Time>
          <DistanceMeters>133.0</DistanceMeters>
          <HeartRateBpm>
            <Value>163</Value>
          </HeartRateBpm>
          <Cadence><Value>93</Value></Cadence>
          <SensorState>Absent</SensorState>
        </Trackpoint>
        <Trackpoint>
          <Time>2025-11-09T06:33:45Z</Time>
          <DistanceMeters>144.0</DistanceMeters>
          <HeartRateBpm>
            <Value>163</Value>
          </HeartRateBpm>
          <Cadence><Value>93</Value></Cadence>
          <SensorState>Absent</SensorState>
        </Trackpoint>
        <Trackpoint>
          <Time>2025-11-09T06:33:46Z</Time>
          <DistanceMeters>144.0</DistanceMeters>
          <HeartRateBpm>
            <Value>162</Value>
          </HeartRateBpm>
          <Cadence><Value>93</Value></Cadence>
          <SensorState>Absent</SensorState>
        </Trackpoint>
        <Trackpoint>
          <Time>2025-11-09T06:33:47Z</Time>
          <DistanceMeters>144.0</DistanceMeters>
          <HeartRateBpm>
            <Value>161</Value>
          </HeartRateBpm>
          <Cadence><Value>93</Value></Cadence>
          <SensorState>Absent</SensorState>
        </Trackpoint>
        <Trackpoint>
          <Time>2025-11-09T06:33:49Z</Time>
          <DistanceMeters>144.0</DistanceMeters>
          <HeartRateBpm>
            <Value>160</Value>
          </HeartRateBpm>
          <Cadence><Value>93</Value></Cadence>
          <SensorState>Absent</SensorState>
        </Trackpoint>
        <Trackpoint>
          <Time>2025-11-09T06:33:50Z</Time>
          <DistanceMeters>144.0</DistanceMeters>
          <HeartRateBpm>
            <Value>158</Value>
          </HeartRateBpm>
          <Cadence><Value>93</Value></Cadence>
          <SensorState>Absent</SensorState>
        </Trackpoint>
        <Trackpoint>
          <Time>2025-11-09T06:33:51Z</Time>
          <DistanceMeters>144.0</DistanceMeters>
          <HeartRateBpm>
            <Value>153</Value>
          </HeartRateBpm>
          <Cadence><Value>93</Value></Cadence>
          <SensorState>Absent</SensorState>
        </Trackpoint>
        <Trackpoint>
          <Time>2025-11-09T06:33:54Z</Time>
          <DistanceMeters>144.0</DistanceMeters>
          <HeartRateBpm>
            <Value>152</Value>
          </HeartRateBpm>
          <Cadence><Value>93</Value></Cadence>
          <SensorState>Absent</SensorState>
        </Trackpoint>
        <Trackpoint>
          <Time>2025-11-09T06:33:55Z</Time>
          <DistanceMeters>144.0</DistanceMeters>
          <HeartRateBpm>
            <Value>150</Value>
          </HeartRateBpm>
          <Cadence><Value>93</Value></Cadence>
          <SensorState>Absent</SensorState>
        </Trackpoint>
        <Trackpoint>
          <Time>2025-11-09T06:33:56Z</Time>
          <DistanceMeters>144.0</DistanceMeters>
          <HeartRateBpm>
            <Value>149</Value>
          </HeartRateBpm>
          <Cadence><Value>93</Value></Cadence>
          <SensorState>Absent</SensorState>
        </Trackpoint>
        <Trackpoint>
          <Time>2025-11-09T06:33:59Z</Time>
          <DistanceMeters>144.0</DistanceMeters>
          <HeartRateBpm>
            <Value>150</Value>
          </HeartRateBpm>
          <Cadence><Value>93</Value></Cadence>
          <SensorState>Absent</SensorState>
        </Trackpoint>
        <Trackpoint>
          <Time>2025-11-09T06:34:00Z</Time>
          <DistanceMeters>144.0</DistanceMeters>
          <HeartRateBpm>
            <Value>167</Value>
          </HeartRateBpm>
          <Cadence><Value>42</Value></Cadence>
          <SensorState>Absent</SensorState>
        </Trackpoint>
        <Trackpoint>
          <Time>2025-11-09T06:34:00Z</Time>
          <DistanceMeters>144.0</DistanceMeters>
          <HeartRateBpm>
            <Value>155</Value>
          </HeartRateBpm>
          <Cadence><Value>42</Value></Cadence>
          <SensorState>Absent</SensorState>
        </Trackpoint>
        <Trackpoint>
          <Time>2025-11-09T06:34:01Z</Time>
          <DistanceMeters>144.0</DistanceMeters>
          <HeartRateBpm>
            <Value>154</Value>
          </HeartRateBpm>
          <Cadence><Value>42</Value></Cadence>
          <SensorState>Absent</SensorState>
        </Trackpoint>
        <Trackpoint>
          <Time>2025-11-09T06:34:03Z</Time>
          <DistanceMeters>144.0</DistanceMeters>
          <HeartRateBpm>
            <Value>153</Value>
          </HeartRateBpm>
          <Cadence><Value>42</Value></Cadence>
          <SensorState>Absent</SensorState>
        </Trackpoint>
        <Trackpoint>
          <Time>2025-11-09T06:34:05Z</Time>
          <DistanceMeters>144.0</DistanceMeters>
          <HeartRateBpm>
            <Value>152</Value>
          </HeartRateBpm>
          <Cadence><Value>42</Value></Cadence>
          <SensorState>Absent</SensorState>
        </Trackpoint>
        <Trackpoint>
          <Time>2025-11-09T06:34:07Z</Time>
          <DistanceMeters>144.0</DistanceMeters>
          <HeartRateBpm>
            <Value>153</Value>
          </HeartRateBpm>
          <Cadence><Value>42</Value></Cadence>
          <SensorState>Absent</SensorState>
        </Trackpoint>
        <Trackpoint>
          <Time>2025-11-09T06:34:08Z</Time>
          <DistanceMeters>144.0</DistanceMeters>
          <HeartRateBpm>
            <Value>155</Value>
          </HeartRateBpm>
          <Cadence><Value>42</Value></Cadence>
          <SensorState>Absent</SensorState>
        </Trackpoint>
        <Trackpoint>
          <Time>2025-11-09T06:34:09Z</Time>
          <DistanceMeters>144.0</DistanceMeters>
          <HeartRateBpm>
            <Value>154</Value>
          </HeartRateBpm>
          <Cadence><Value>42</Value></Cadence>
          <SensorState>Absent</SensorState>
        </Trackpoint>
        <Trackpoint>
          <Time>2025-11-09T06:34:11Z</Time>
          <DistanceMeters>144.0</DistanceMeters>
          <HeartRateBpm>
            <Value>155</Value>
          </HeartRateBpm>
          <Cadence><Value>42</Value></Cadence>
          <SensorState>Absent</SensorState>
        </Trackpoint>
        <Trackpoint>
          <Time>2025-11-09T06:34:12Z</Time>
          <DistanceMeters>144.0</DistanceMeters>
          <HeartRateBpm>
            <Value>157</Value>
          </HeartRateBpm>
          <Cadence><Value>42</Value></Cadence>
          <SensorState>Absent</SensorState>
        </Trackpoint>
        <Trackpoint>
          <Time>2025-11-09T06:34:13Z</Time>
          <DistanceMeters>144.0</DistanceMeters>
          <HeartRateBpm>
            <Value>159</Value>
          </HeartRateBpm>
          <Cadence><Value>42</Value></Cadence>
          <SensorState>Absent</SensorState>
        </Trackpoint>
        <Trackpoint>
          <Time>2025-11-09T06:34:15Z</Time>
          <DistanceMeters>144.0</DistanceMeters>
          <HeartRateBpm>
            <Value>160</Value>
          </HeartRateBpm>
          <Cadence><Value>42</Value></Cadence>
          <SensorState>Absent</SensorState>
        </Trackpoint>
        <Trackpoint>
          <Time>2025-11-09T06:34:16Z</Time>
          <DistanceMeters>144.0</DistanceMeters>
          <HeartRateBpm>
            <Value>161</Value>
          </HeartRateBpm>
          <Cadence><Value>42</Value></Cadence>
          <SensorState>Absent</SensorState>
        </Trackpoint>
        <Trackpoint>
          <Time>2025-11-09T06:34:17Z</Time>
          <DistanceMeters>144.0</DistanceMeters>
          <HeartRateBpm>
            <Value>162</Value>
          </HeartRateBpm>
          <Cadence><Value>42</Value></Cadence>
          <SensorState>Absent</SensorState>
        </Trackpoint>
        <Trackpoint>
          <Time>2025-11-09T06:34:20Z</Time>
          <DistanceMeters>144.0</DistanceMeters>
          <HeartRateBpm>
            <Value>161</Value>
          </HeartRateBpm>
          <Cadence><Value>42</Value></Cadence>
          <SensorState>Absent</SensorState>
        </Trackpoint>
        <Trackpoint>
          <Time>2025-11-09T06:34:21Z</Time>
          <DistanceMeters>144.0</DistanceMeters>
          <HeartRateBpm>
            <Value>160</Value>
          </HeartRateBpm>
          <Cadence><Value>42</Value></Cadence>
          <SensorState>Absent</SensorState>
        </Trackpoint>
        <Trackpoint>
          <Time>2025-11-09T06:34:22Z</Time>
          <DistanceMeters>144.0</DistanceMeters>
          <HeartRateBpm>
            <Value>162</Value>
          </HeartRateBpm>
          <Cadence><Value>42</Value></Cadence>
          <SensorState>Absent</SensorState>
        </Trackpoint>
        <Trackpoint>
          <Time>2025-11-09T06:34:24Z</Time>
          <DistanceMeters>144.0</DistanceMeters>
          <HeartRateBpm>
            <Value>163</Value>
          </HeartRateBpm>
          <Cadence><Value>42</Value></Cadence>
          <SensorState>Absent</SensorState>
        </Trackpoint>
        <Trackpoint>
          <Time>2025-11-09T06:34:25Z</Time>
          <DistanceMeters>144.0</DistanceMeters>
          <HeartRateBpm>
            <Value>166</Value>
          </HeartRateBpm>
          <Cadence><Value>42</Value></Cadence>
          <SensorState>Absent</SensorState>
        </Trackpoint>
        <Trackpoint>
          <Time>2025-11-09T06:34:26Z</Time>
          <DistanceMeters>144.0</DistanceMeters>
          <HeartRateBpm>
            <Value>170</Value>
          </HeartRateBpm>
          <Cadence><Value>42</Value></Cadence>
          <SensorState>Absent</SensorState>
        </Trackpoint>
        <Trackpoint>
          <Time>2025-11-09T06:34:27Z</Time>
          <DistanceMeters>144.0</DistanceMeters>
          <HeartRateBpm>
            <Value>172</Value>
          </HeartRateBpm>
          <Cadence><Value>42</Value></Cadence>
          <SensorState>Absent</SensorState>
        </Trackpoint>
        <Trackpoint>
          <Time>2025-11-09T06:34:29Z</Time>
          <DistanceMeters>144.0</DistanceMeters>
          <HeartRateBpm>
            <Value>173</Value>
          </HeartRateBpm>
          <Cadence><Value>42</Value></Cadence>
          <SensorState>Absent</SensorState>
        </Trackpoint>
        <Trackpoint>
          <Time>2025-11-09T06:34:30Z</Time>
          <DistanceMeters>144.0</DistanceMeters>
          <HeartRateBpm>
            <Value>174</Value>
          </HeartRateBpm>
          <Cadence><Value>42</Value></Cadence>
          <SensorState>Absent</SensorState>
        </Trackpoint>
        <Trackpoint>
          <Time>2025-11-09T06:34:31Z</Time>
          <DistanceMeters>144.0</DistanceMeters>
          <HeartRateBpm>
            <Value>175</Value>
          </HeartRateBpm>
          <Cadence><Value>42</Value></Cadence>
          <SensorState>Absent</SensorState>
        </Trackpoint>
        <Trackpoint>
          <Time>2025-11-09T06:34:33Z</Time>
          <DistanceMeters>144.0</DistanceMeters>
          <HeartRateBpm>
            <Value>174</Value>
          </HeartRateBpm>
          <Cadence><Value>42</Value></Cadence>
          <SensorState>Absent</SensorState>
        </Trackpoint>
        <Trackpoint>
          <Time>2025-11-09T06:34:35Z</Time>
          <DistanceMeters>144.0</DistanceMeters>
          <HeartRateBpm>
            <Value>177</Value>
          </HeartRateBpm>
          <Cadence><Value>42</Value></Cadence>
          <SensorState>Absent</SensorState>
        </Trackpoint>
        <Trackpoint>
          <Time>2025-11-09T06:34:38Z</Time>
          <DistanceMeters>144.0</DistanceMeters>
          <HeartRateBpm>
            <Value>174</Value>
          </HeartRateBpm>
          <Cadence><Value>42</Value></Cadence>
          <SensorState>Absent</SensorState>
        </Trackpoint>
        <Trackpoint>
          <Time>2025-11-09T06:34:39Z</Time>
          <DistanceMeters>144.0</DistanceMeters>
          <HeartRateBpm>
            <Value>173</Value>
          </HeartRateBpm>
          <Cadence><Value>42</Value></Cadence>
          <SensorState>Absent</SensorState>
        </Trackpoint>
        <Trackpoint>
          <Time>2025-11-09T06:34:41Z</Time>
          <DistanceMeters>155.0</DistanceMeters>
          <HeartRateBpm>
            <Value>174</Value>
          </HeartRateBpm>
          <Cadence><Value>42</Value></Cadence>
          <SensorState>Absent</SensorState>
        </Trackpoint>
        <Trackpoint>
          <Time>2025-11-09T06:34:42Z</Time>
          <DistanceMeters>155.0</DistanceMeters>
          <HeartRateBpm>
            <Value>177</Value>
          </HeartRateBpm>
          <Cadence><Value>42</Value></Cadence>
          <SensorState>Absent</SensorState>
        </Trackpoint>
        <Trackpoint>
          <Time>2025-11-09T06:34:43Z</Time>
          <DistanceMeters>155.0</DistanceMeters>
          <HeartRateBpm>
            <Value>179</Value>
          </HeartRateBpm>
          <Cadence><Value>42</Value></Cadence>
          <SensorState>Absent</SensorState>
        </Trackpoint>
        <Trackpoint>
          <Time>2025-11-09T06:34:46Z</Time>
          <DistanceMeters>155.0</DistanceMeters>
          <HeartRateBpm>
            <Value>180</Value>
          </HeartRateBpm>
          <Cadence><Value>42</Value></Cadence>
          <SensorState>Absent</SensorState>
        </Trackpoint>
        <Trackpoint>
          <Time>2025-11-09T06:34:49Z</Time>
          <DistanceMeters>155.0</DistanceMeters>
          <HeartRateBpm>
            <Value>178</Value>
          </HeartRateBpm>
          <Cadence><Value>42</Value></Cadence>
          <SensorState>Absent</SensorState>
        </Trackpoint>
        <Trackpoint>
          <Time>2025-11-09T06:34:51Z</Time>
          <DistanceMeters>155.0</DistanceMeters>
          <HeartRateBpm>
            <Value>177</Value>
          </HeartRateBpm>
          <Cadence><Value>42</Value></Cadence>
          <SensorState>Absent</SensorState>
        </Trackpoint>
        <Trackpoint>
          <Time>2025-11-09T06:34:52Z</Time>
          <DistanceMeters>155.0</DistanceMeters>
          <HeartRateBpm>
            <Value>175</Value>
          </HeartRateBpm>
          <Cadence><Value>42</Value></Cadence>
          <SensorState>Absent</SensorState>
        </Trackpoint>
        <Trackpoint>
          <Time>2025-11-09T06:34:53Z</Time>
          <DistanceMeters>155.0</DistanceMeters>
          <HeartRateBpm>
            <Value>174</Value>
          </HeartRateBpm>
          <Cadence><Value>42</Value></Cadence>
          <SensorState>Absent</SensorState>
        </Trackpoint>
        <Trackpoint>
          <Time>2025-11-09T06:34:55Z</Time>
          <DistanceMeters>155.0</DistanceMeters>
          <HeartRateBpm>
            <Value>175</Value>
          </HeartRateBpm>
          <Cadence><Value>42</Value></Cadence>
          <SensorState>Absent</SensorState>
        </Trackpoint>
        <Trackpoint>
          <Time>2025-11-09T06:34:56Z</Time>
          <DistanceMeters>155.0</DistanceMeters>
          <HeartRateBpm>
            <Value>173</Value>
          </HeartRateBpm>
          <Cadence><Value>42</Value></Cadence>
          <SensorState>Absent</SensorState>
        </Trackpoint>
        <Trackpoint>
          <Time>2025-11-09T06:34:57Z</Time>
          <DistanceMeters>155.0</DistanceMeters>
          <HeartRateBpm>
            <Value>172</Value>
          </HeartRateBpm>
          <Cadence><Value>42</Value></Cadence>
          <SensorState>Absent</SensorState>
        </Trackpoint>
        <Trackpoint>
          <Time>2025-11-09T06:35:00Z</Time>
          <DistanceMeters>155.0</DistanceMeters>
          <HeartRateBpm>
            <Value>168</Value>
          </HeartRateBpm>
          <SensorState>Absent</SensorState>
        </Trackpoint>
        <Trackpoint>
          <Time>2025-11-09T06:35:00Z</Time>
          <DistanceMeters>155.0</DistanceMeters>
          <HeartRateBpm>
            <Value>173</Value>
          </HeartRateBpm>
          <SensorState>Absent</SensorState>
        </Trackpoint>
        <Trackpoint>
          <Time>2025-11-09T06:35:01Z</Time>
          <DistanceMeters>155.0</DistanceMeters>
          <HeartRateBpm>
            <Value>174</Value>
          </HeartRateBpm>
          <SensorState>Absent</SensorState>
        </Trackpoint>
        <Trackpoint>
          <Time>2025-11-09T06:35:03Z</Time>
          <DistanceMeters>155.0</DistanceMeters>
          <HeartRateBpm>
            <Value>173</Value>
          </HeartRateBpm>
          <SensorState>Absent</SensorState>
        </Trackpoint>
        <Trackpoint>
          <Time>2025-11-09T06:35:04Z</Time>
          <DistanceMeters>155.0</DistanceMeters>
          <HeartRateBpm>
            <Value>171</Value>
          </HeartRateBpm>
          <SensorState>Absent</SensorState>
        </Trackpoint>
        <Trackpoint>
          <Time>2025-11-09T06:35:05Z</Time>
          <DistanceMeters>155.0</DistanceMeters>
          <HeartRateBpm>
            <Value>169</Value>
          </HeartRateBpm>
          <SensorState>Absent</SensorState>
        </Trackpoint>
        <Trackpoint>
          <Time>2025-11-09T06:35:07Z</Time>
          <DistanceMeters>155.0</DistanceMeters>
          <HeartRateBpm>
            <Value>168</Value>
          </HeartRateBpm>
          <SensorState>Absent</SensorState>
        </Trackpoint>
        <Trackpoint>
          <Time>2025-11-09T06:35:08Z</Time>
          <DistanceMeters>155.0</DistanceMeters>
          <HeartRateBpm>
            <Value>164</Value>
          </HeartRateBpm>
          <SensorState>Absent</SensorState>
        </Trackpoint>
        <Trackpoint>
          <Time>2025-11-09T06:35:09Z</Time>
          <DistanceMeters>155.0</DistanceMeters>
          <HeartRateBpm>
            <Value>163</Value>
          </HeartRateBpm>
          <SensorState>Absent</SensorState>
        </Trackpoint>
        <Trackpoint>
          <Time>2025-11-09T06:35:10Z</Time>
          <DistanceMeters>155.0</DistanceMeters>
          <HeartRateBpm>
            <Value>166</Value>
          </HeartRateBpm>
          <SensorState>Absent</SensorState>
        </Trackpoint>
        <Trackpoint>
          <Time>2025-11-09T06:35:13Z</Time>
          <DistanceMeters>155.0</DistanceMeters>
          <HeartRateBpm>
            <Value>167</Value>
          </HeartRateBpm>
          <SensorState>Absent</SensorState>
        </Trackpoint>
        <Trackpoint>
          <Time>2025-11-09T06:35:14Z</Time>
          <DistanceMeters>155.0</DistanceMeters>
          <HeartRateBpm>
            <Value>169</Value>
          </HeartRateBpm>
          <SensorState>Absent</SensorState>
        </Trackpoint>
        <Trackpoint>
          <Time>2025-11-09T06:35:17Z</Time>
          <DistanceMeters>155.0</DistanceMeters>
          <HeartRateBpm>
            <Value>170</Value>
          </HeartRateBpm>
          <SensorState>Absent</SensorState>
        </Trackpoint>
        <Trackpoint>
          <Time>2025-11-09T06:35:18Z</Time>
          <DistanceMeters>155.0</DistanceMeters>
          <HeartRateBpm>
            <Value>169</Value>
          </HeartRateBpm>
          <SensorState>Absent</SensorState>
        </Trackpoint>
        <Trackpoint>
          <Time>2025-11-09T06:35:23Z</Time>
          <DistanceMeters>155.0</DistanceMeters>
          <HeartRateBpm>
            <Value>168</Value>
          </HeartRateBpm>
          <SensorState>Absent</SensorState>
        </Trackpoint>
        <Trackpoint>
          <Time>2025-11-09T06:35:25Z</Time>
          <DistanceMeters>155.0</DistanceMeters>
          <HeartRateBpm>
            <Value>166</Value>
          </HeartRateBpm>
          <SensorState>Absent</SensorState>
        </Trackpoint>
        <Trackpoint>
          <Time>2025-11-09T06:35:26Z</Time>
          <DistanceMeters>155.0</DistanceMeters>
          <HeartRateBpm>
            <Value>164</Value>
          </HeartRateBpm>
          <SensorState>Absent</SensorState>
        </Trackpoint>
        <Trackpoint>
          <Time>2025-11-09T06:35:27Z</Time>
          <DistanceMeters>155.0</DistanceMeters>
          <HeartRateBpm>
            <Value>162</Value>
          </HeartRateBpm>
          <SensorState>Absent</SensorState>
        </Trackpoint>
        <Trackpoint>
          <Time>2025-11-09T06:35:30Z</Time>
          <DistanceMeters>155.0</DistanceMeters>
          <HeartRateBpm>
            <Value>160</Value>
          </HeartRateBpm>
          <SensorState>Absent</SensorState>
        </Trackpoint>
        <Trackpoint>
          <Time>2025-11-09T06:35:31Z</Time>
          <DistanceMeters>155.0</DistanceMeters>
          <HeartRateBpm>
            <Value>162</Value>
          </HeartRateBpm>
          <SensorState>Absent</SensorState>
        </Trackpoint>
        <Trackpoint>
          <Time>2025-11-09T06:35:32Z</Time>
          <DistanceMeters>155.0</DistanceMeters>
          <HeartRateBpm>
            <Value>165</Value>
          </HeartRateBpm>
          <SensorState>Absent</SensorState>
        </Trackpoint>
        <Trackpoint>
          <Time>2025-11-09T06:35:33Z</Time>
          <DistanceMeters>155.0</DistanceMeters>
          <HeartRateBpm>
            <Value>167</Value>
          </HeartRateBpm>
          <SensorState>Absent</SensorState>
        </Trackpoint>
        <Trackpoint>
          <Time>2025-11-09T06:35:35Z</Time>
          <DistanceMeters>155.0</DistanceMeters>
          <HeartRateBpm>
            <Value>171</Value>
          </HeartRateBpm>
          <SensorState>Absent</SensorState>
        </Trackpoint>
        <Trackpoint>
          <Time>2025-11-09T06:35:36Z</Time>
          <DistanceMeters>155.0</DistanceMeters>
          <HeartRateBpm>
            <Value>174</Value>
          </HeartRateBpm>
          <SensorState>Absent</SensorState>
        </Trackpoint>
        <Trackpoint>
          <Time>2025-11-09T06:35:37Z</Time>
          <DistanceMeters>155.0</DistanceMeters>
          <HeartRateBpm>
            <Value>173</Value>
          </HeartRateBpm>
          <SensorState>Absent</SensorState>
        </Trackpoint>
        <Trackpoint>
          <Time>2025-11-09T06:35:38Z</Time>
          <DistanceMeters>155.0</DistanceMeters>
          <HeartRateBpm>
            <Value>172</Value>
          </HeartRateBpm>
          <SensorState>Absent</SensorState>
        </Trackpoint>
        <Trackpoint>
          <Time>2025-11-09T06:35:40Z</Time>
          <DistanceMeters>155.0</DistanceMeters>
          <HeartRateBpm>
            <Value>171</Value>
          </HeartRateBpm>
          <SensorState>Absent</SensorState>
        </Trackpoint>
        <Trackpoint>
          <Time>2025-11-09T06:35:41Z</Time>
          <DistanceMeters>166.0</DistanceMeters>
          <HeartRateBpm>
            <Value>170</Value>
          </HeartRateBpm>
          <SensorState>Absent</SensorState>
        </Trackpoint>
        <Trackpoint>
          <Time>2025-11-09T06:35:44Z</Time>
          <DistanceMeters>166.0</DistanceMeters>
          <HeartRateBpm>
            <Value>171</Value>
          </HeartRateBpm>
          <SensorState>Absent</SensorState>
        </Trackpoint>
        <Trackpoint>
          <Time>2025-11-09T06:35:45Z</Time>
          <DistanceMeters>166.0</DistanceMeters>
          <HeartRateBpm>
            <Value>173</Value>
          </HeartRateBpm>
          <SensorState>Absent</SensorState>
        </Trackpoint>
        <Trackpoint>
          <Time>2025-11-09T06:35:48Z</Time>
          <DistanceMeters>166.0</DistanceMeters>
          <HeartRateBpm>
            <Value>171</Value>
          </HeartRateBpm>
          <SensorState>Absent</SensorState>
        </Trackpoint>
        <Trackpoint>
          <Time>2025-11-09T06:35:53Z</Time>
          <DistanceMeters>166.0</DistanceMeters>
          <HeartRateBpm>
            <Value>170</Value>
          </HeartRateBpm>
          <SensorState>Absent</SensorState>
        </Trackpoint>
        <Trackpoint>
          <Time>2025-11-09T06:35:54Z</Time>
          <DistanceMeters>166.0</DistanceMeters>
          <HeartRateBpm>
            <Value>171</Value>
          </HeartRateBpm>
          <SensorState>Absent</SensorState>
        </Trackpoint>
        <Trackpoint>
          <Time>2025-11-09T06:35:56Z</Time>
          <DistanceMeters>166.0</DistanceMeters>
          <HeartRateBpm>
            <Value>170</Value>
          </HeartRateBpm>
          <SensorState>Absent</SensorState>
        </Trackpoint>
        <Trackpoint>
          <Time>2025-11-09T06:35:57Z</Time>
          <DistanceMeters>166.0</DistanceMeters>
          <HeartRateBpm>
            <Value>168</Value>
          </HeartRateBpm>
          <SensorState>Absent</SensorState>
        </Trackpoint>
        <Trackpoint>
          <Time>2025-11-09T06:35:58Z</Time>
          <DistanceMeters>166.0</DistanceMeters>
          <HeartRateBpm>
            <Value>167</Value>
          </HeartRateBpm>
          <SensorState>Absent</SensorState>
        </Trackpoint>
        <Trackpoint>
          <Time>2025-11-09T06:35:59Z</Time>
          <DistanceMeters>166.0</DistanceMeters>
          <HeartRateBpm>
            <Value>166</Value>
          </HeartRateBpm>
          <SensorState>Absent</SensorState>
        </Trackpoint>
        <Trackpoint>
          <Time>2025-11-09T06:36:00Z</Time>
          <DistanceMeters>166.0</DistanceMeters>
          <HeartRateBpm>
            <Value>165</Value>
          </HeartRateBpm>
          <Cadence><Value>50</Value></Cadence>
          <SensorState>Absent</SensorState>
        </Trackpoint>
        <Trackpoint>
          <Time>2025-11-09T06:36:01Z</Time>
          <DistanceMeters>166.0</DistanceMeters>
          <HeartRateBpm>
            <Value>164</Value>
          </HeartRateBpm>
          <Cadence><Value>50</Value></Cadence>
          <SensorState>Absent</SensorState>
        </Trackpoint>
        <Trackpoint>
          <Time>2025-11-09T06:36:03Z</Time>
          <DistanceMeters>166.0</DistanceMeters>
          <HeartRateBpm>
            <Value>166</Value>
          </HeartRateBpm>
          <Cadence><Value>50</Value></Cadence>
          <SensorState>Absent</SensorState>
        </Trackpoint>
        <Trackpoint>
          <Time>2025-11-09T06:36:06Z</Time>
          <DistanceMeters>166.0</DistanceMeters>
          <HeartRateBpm>
            <Value>168</Value>
          </HeartRateBpm>
          <Cadence><Value>50</Value></Cadence>
          <SensorState>Absent</SensorState>
        </Trackpoint>
        <Trackpoint>
          <Time>2025-11-09T06:36:07Z</Time>
          <DistanceMeters>166.0</DistanceMeters>
          <HeartRateBpm>
            <Value>170</Value>
          </HeartRateBpm>
          <Cadence><Value>50</Value></Cadence>
          <SensorState>Absent</SensorState>
        </Trackpoint>
        <Trackpoint>
          <Time>2025-11-09T06:36:12Z</Time>
          <DistanceMeters>166.0</DistanceMeters>
          <HeartRateBpm>
            <Value>170</Value>
          </HeartRateBpm>
          <Cadence><Value>50</Value></Cadence>
          <SensorState>Absent</SensorState>
        </Trackpoint>
        <Trackpoint>
          <Time>2025-11-09T06:36:14Z</Time>
          <DistanceMeters>166.0</DistanceMeters>
          <HeartRateBpm>
            <Value>172</Value>
          </HeartRateBpm>
          <Cadence><Value>50</Value></Cadence>
          <SensorState>Absent</SensorState>
        </Trackpoint>
        <Trackpoint>
          <Time>2025-11-09T06:36:15Z</Time>
          <DistanceMeters>166.0</DistanceMeters>
          <HeartRateBpm>
            <Value>171</Value>
          </HeartRateBpm>
          <Cadence><Value>50</Value></Cadence>
          <SensorState>Absent</SensorState>
        </Trackpoint>
        <Trackpoint>
          <Time>2025-11-09T06:36:16Z</Time>
          <DistanceMeters>166.0</DistanceMeters>
          <HeartRateBpm>
            <Value>170</Value>
          </HeartRateBpm>
          <Cadence><Value>50</Value></Cadence>
          <SensorState>Absent</SensorState>
        </Trackpoint>
        <Trackpoint>
          <Time>2025-11-09T06:36:18Z</Time>
          <DistanceMeters>166.0</DistanceMeters>
          <HeartRateBpm>
            <Value>171</Value>
          </HeartRateBpm>
          <Cadence><Value>50</Value></Cadence>
          <SensorState>Absent</SensorState>
        </Trackpoint>
        <Trackpoint>
          <Time>2025-11-09T06:36:20Z</Time>
          <DistanceMeters>166.0</DistanceMeters>
          <HeartRateBpm>
            <Value>170</Value>
          </HeartRateBpm>
          <Cadence><Value>50</Value></Cadence>
          <SensorState>Absent</SensorState>
        </Trackpoint>
        <Trackpoint>
          <Time>2025-11-09T06:36:21Z</Time>
          <DistanceMeters>166.0</DistanceMeters>
          <HeartRateBpm>
            <Value>169</Value>
          </HeartRateBpm>
          <Cadence><Value>50</Value></Cadence>
          <SensorState>Absent</SensorState>
        </Trackpoint>
        <Trackpoint>
          <Time>2025-11-09T06:36:23Z</Time>
          <DistanceMeters>166.0</DistanceMeters>
          <HeartRateBpm>
            <Value>168</Value>
          </HeartRateBpm>
          <Cadence><Value>50</Value></Cadence>
          <SensorState>Absent</SensorState>
        </Trackpoint>
        <Trackpoint>
          <Time>2025-11-09T06:36:24Z</Time>
          <DistanceMeters>166.0</DistanceMeters>
          <HeartRateBpm>
            <Value>169</Value>
          </HeartRateBpm>
          <Cadence><Value>50</Value></Cadence>
          <SensorState>Absent</SensorState>
        </Trackpoint>
        <Trackpoint>
          <Time>2025-11-09T06:36:26Z</Time>
          <DistanceMeters>166.0</DistanceMeters>
          <HeartRateBpm>
            <Value>170</Value>
          </HeartRateBpm>
          <Cadence><Value>50</Value></Cadence>
          <SensorState>Absent</SensorState>
        </Trackpoint>
        <Trackpoint>
          <Time>2025-11-09T06:36:29Z</Time>
          <DistanceMeters>166.0</DistanceMeters>
          <HeartRateBpm>
            <Value>171</Value>
          </HeartRateBpm>
          <Cadence><Value>50</Value></Cadence>
          <SensorState>Absent</SensorState>
        </Trackpoint>
        <Trackpoint>
          <Time>2025-11-09T06:36:30Z</Time>
          <DistanceMeters>166.0</DistanceMeters>
          <HeartRateBpm>
            <Value>170</Value>
          </HeartRateBpm>
          <Cadence><Value>50</Value></Cadence>
          <SensorState>Absent</SensorState>
        </Trackpoint>
        <Trackpoint>
          <Time>2025-11-09T06:36:32Z</Time>
          <DistanceMeters>166.0</DistanceMeters>
          <HeartRateBpm>
            <Value>169</Value>
          </HeartRateBpm>
          <Cadence><Value>50</Value></Cadence>
          <SensorState>Absent</SensorState>
        </Trackpoint>
        <Trackpoint>
          <Time>2025-11-09T06:36:33Z</Time>
          <DistanceMeters>166.0</DistanceMeters>
          <HeartRateBpm>
            <Value>167</Value>
          </HeartRateBpm>
          <Cadence><Value>50</Value></Cadence>
          <SensorState>Absent</SensorState>
        </Trackpoint>
        <Trackpoint>
          <Time>2025-11-09T06:36:36Z</Time>
          <DistanceMeters>166.0</DistanceMeters>
          <HeartRateBpm>
            <Value>168</Value>
          </HeartRateBpm>
          <Cadence><Value>50</Value></Cadence>
          <SensorState>Absent</SensorState>
        </Trackpoint>
        <Trackpoint>
          <Time>2025-11-09T06:36:37Z</Time>
          <DistanceMeters>166.0</DistanceMeters>
          <HeartRateBpm>
            <Value>169</Value>
          </HeartRateBpm>
          <Cadence><Value>50</Value></Cadence>
          <SensorState>Absent</SensorState>
        </Trackpoint>
        <Trackpoint>
          <Time>2025-11-09T06:36:38Z</Time>
          <DistanceMeters>166.0</DistanceMeters>
          <HeartRateBpm>
            <Value>167</Value>
          </HeartRateBpm>
          <Cadence><Value>50</Value></Cadence>
          <SensorState>Absent</SensorState>
        </Trackpoint>
        <Trackpoint>
          <Time>2025-11-09T06:36:42Z</Time>
          <DistanceMeters>177.0</DistanceMeters>
          <HeartRateBpm>
            <Value>165</Value>
          </HeartRateBpm>
          <Cadence><Value>50</Value></Cadence>
          <SensorState>Absent</SensorState>
        </Trackpoint>
        <Trackpoint>
          <Time>2025-11-09T06:36:47Z</Time>
          <DistanceMeters>177.0</DistanceMeters>
          <HeartRateBpm>
            <Value>165</Value>
          </HeartRateBpm>
          <Cadence><Value>50</Value></Cadence>
          <SensorState>Absent</SensorState>
        </Trackpoint>
        <Trackpoint>
          <Time>2025-11-09T06:36:49Z</Time>
          <DistanceMeters>177.0</DistanceMeters>
          <HeartRateBpm>
            <Value>164</Value>
          </HeartRateBpm>
          <Cadence><Value>50</Value></Cadence>
          <SensorState>Absent</SensorState>
        </Trackpoint>
        <Trackpoint>
          <Time>2025-11-09T06:36:50Z</Time>
          <DistanceMeters>177.0</DistanceMeters>
          <HeartRateBpm>
            <Value>162</Value>
          </HeartRateBpm>
          <Cadence><Value>50</Value></Cadence>
          <SensorState>Absent</SensorState>
        </Trackpoint>
        <Trackpoint>
          <Time>2025-11-09T06:36:51Z</Time>
          <DistanceMeters>177.0</DistanceMeters>
          <HeartRateBpm>
            <Value>159</Value>
          </HeartRateBpm>
          <Cadence><Value>50</Value></Cadence>
          <SensorState>Absent</SensorState>
        </Trackpoint>
        <Trackpoint>
          <Time>2025-11-09T06:36:52Z</Time>
          <DistanceMeters>177.0</DistanceMeters>
          <HeartRateBpm>
            <Value>158</Value>
          </HeartRateBpm>
          <Cadence><Value>50</Value></Cadence>
          <SensorState>Absent</SensorState>
        </Trackpoint>
        <Trackpoint>
          <Time>2025-11-09T06:36:54Z</Time>
          <DistanceMeters>177.0</DistanceMeters>
          <HeartRateBpm>
            <Value>156</Value>
          </HeartRateBpm>
          <Cadence><Value>50</Value></Cadence>
          <SensorState>Absent</SensorState>
        </Trackpoint>
        <Trackpoint>
          <Time>2025-11-09T06:36:55Z</Time>
          <DistanceMeters>177.0</DistanceMeters>
          <HeartRateBpm>
            <Value>153</Value>
          </HeartRateBpm>
          <Cadence><Value>50</Value></Cadence>
          <SensorState>Absent</SensorState>
        </Trackpoint>
        <Trackpoint>
          <Time>2025-11-09T06:36:56Z</Time>
          <DistanceMeters>177.0</DistanceMeters>
          <HeartRateBpm>
            <Value>151</Value>
          </HeartRateBpm>
          <Cadence><Value>50</Value></Cadence>
          <SensorState>Absent</SensorState>
        </Trackpoint>
        <Trackpoint>
          <Time>2025-11-09T06:36:58Z</Time>
          <DistanceMeters>177.0</DistanceMeters>
          <HeartRateBpm>
            <Value>150</Value>
          </HeartRateBpm>
          <Cadence><Value>50</Value></Cadence>
          <SensorState>Absent</SensorState>
        </Trackpoint>
        <Trackpoint>
          <Time>2025-11-09T06:36:59Z</Time>
          <DistanceMeters>177.0</DistanceMeters>
          <HeartRateBpm>
            <Value>147</Value>
          </HeartRateBpm>
          <Cadence><Value>50</Value></Cadence>
          <SensorState>Absent</SensorState>
        </Trackpoint>
        <Trackpoint>
          <Time>2025-11-09T06:37:00Z</Time>
          <DistanceMeters>177.0</DistanceMeters>
          <HeartRateBpm>
            <Value>130</Value>
          </HeartRateBpm>
          <SensorState>Absent</SensorState>
        </Trackpoint>
        <Trackpoint>
          <Time>2025-11-09T06:37:00Z</Time>
          <DistanceMeters>177.0</DistanceMeters>
          <HeartRateBpm>
            <Value>144</Value>
          </HeartRateBpm>
          <SensorState>Absent</SensorState>
        </Trackpoint>
        <Trackpoint>
          <Time>2025-11-09T06:37:03Z</Time>
          <DistanceMeters>177.0</DistanceMeters>
          <HeartRateBpm>
            <Value>143</Value>
          </HeartRateBpm>
          <SensorState>Absent</SensorState>
        </Trackpoint>
        <Trackpoint>
          <Time>2025-11-09T06:37:04Z</Time>
          <DistanceMeters>177.0</DistanceMeters>
          <HeartRateBpm>
            <Value>141</Value>
          </HeartRateBpm>
          <SensorState>Absent</SensorState>
        </Trackpoint>
        <Trackpoint>
          <Time>2025-11-09T06:37:07Z</Time>
          <DistanceMeters>177.0</DistanceMeters>
          <HeartRateBpm>
            <Value>142</Value>
          </HeartRateBpm>
          <SensorState>Absent</SensorState>
        </Trackpoint>
        <Trackpoint>
          <Time>2025-11-09T06:37:08Z</Time>
          <DistanceMeters>177.0</DistanceMeters>
          <HeartRateBpm>
            <Value>144</Value>
          </HeartRateBpm>
          <SensorState>Absent</SensorState>
        </Trackpoint>
        <Trackpoint>
          <Time>2025-11-09T06:37:11Z</Time>
          <DistanceMeters>177.0</DistanceMeters>
          <HeartRateBpm>
            <Value>143</Value>
          </HeartRateBpm>
          <SensorState>Absent</SensorState>
        </Trackpoint>
        <Trackpoint>
          <Time>2025-11-09T06:37:12Z</Time>
          <DistanceMeters>177.0</DistanceMeters>
          <HeartRateBpm>
            <Value>142</Value>
          </HeartRateBpm>
          <SensorState>Absent</SensorState>
        </Trackpoint>
        <Trackpoint>
          <Time>2025-11-09T06:37:13Z</Time>
          <DistanceMeters>177.0</DistanceMeters>
          <HeartRateBpm>
            <Value>138</Value>
          </HeartRateBpm>
          <SensorState>Absent</SensorState>
        </Trackpoint>
        <Trackpoint>
          <Time>2025-11-09T06:37:14Z</Time>
          <DistanceMeters>177.0</DistanceMeters>
          <HeartRateBpm>
            <Value>137</Value>
          </HeartRateBpm>
          <SensorState>Absent</SensorState>
        </Trackpoint>
        <Trackpoint>
          <Time>2025-11-09T06:37:16Z</Time>
          <DistanceMeters>177.0</DistanceMeters>
          <HeartRateBpm>
            <Value>136</Value>
          </HeartRateBpm>
          <SensorState>Absent</SensorState>
        </Trackpoint>
        <Trackpoint>
          <Time>2025-11-09T06:37:17Z</Time>
          <DistanceMeters>177.0</DistanceMeters>
          <HeartRateBpm>
            <Value>134</Value>
          </HeartRateBpm>
          <SensorState>Absent</SensorState>
        </Trackpoint>
        <Trackpoint>
          <Time>2025-11-09T06:37:22Z</Time>
          <DistanceMeters>177.0</DistanceMeters>
          <HeartRateBpm>
            <Value>134</Value>
          </HeartRateBpm>
          <SensorState>Absent</SensorState>
        </Trackpoint>
        <Trackpoint>
          <Time>2025-11-09T06:37:28Z</Time>
          <DistanceMeters>177.0</DistanceMeters>
          <HeartRateBpm>
            <Value>134</Value>
          </HeartRateBpm>
          <SensorState>Absent</SensorState>
        </Trackpoint>
        <Trackpoint>
          <Time>2025-11-09T06:37:30Z</Time>
          <DistanceMeters>177.0</DistanceMeters>
          <HeartRateBpm>
            <Value>132</Value>
          </HeartRateBpm>
          <SensorState>Absent</SensorState>
        </Trackpoint>
        <Trackpoint>
          <Time>2025-11-09T06:37:35Z</Time>
          <DistanceMeters>177.0</DistanceMeters>
          <HeartRateBpm>
            <Value>131</Value>
          </HeartRateBpm>
          <SensorState>Absent</SensorState>
        </Trackpoint>
        <Trackpoint>
          <Time>2025-11-09T06:37:37Z</Time>
          <DistanceMeters>177.0</DistanceMeters>
          <HeartRateBpm>
            <Value>129</Value>
          </HeartRateBpm>
          <SensorState>Absent</SensorState>
        </Trackpoint>
        <Trackpoint>
          <Time>2025-11-09T06:37:38Z</Time>
          <DistanceMeters>177.0</DistanceMeters>
          <HeartRateBpm>
            <Value>128</Value>
          </HeartRateBpm>
          <SensorState>Absent</SensorState>
        </Trackpoint>
        <Trackpoint>
          <Time>2025-11-09T06:37:39Z</Time>
          <DistanceMeters>177.0</DistanceMeters>
          <HeartRateBpm>
            <Value>127</Value>
          </HeartRateBpm>
          <SensorState>Absent</SensorState>
        </Trackpoint>
        <Trackpoint>
          <Time>2025-11-09T06:37:40Z</Time>
          <DistanceMeters>177.0</DistanceMeters>
          <HeartRateBpm>
            <Value>126</Value>
          </HeartRateBpm>
          <SensorState>Absent</SensorState>
        </Trackpoint>
        <Trackpoint>
          <Time>2025-11-09T06:37:43Z</Time>
          <DistanceMeters>188.0</DistanceMeters>
          <HeartRateBpm>
            <Value>123</Value>
          </HeartRateBpm>
          <SensorState>Absent</SensorState>
        </Trackpoint>
        <Trackpoint>
          <Time>2025-11-09T06:37:44Z</Time>
          <DistanceMeters>188.0</DistanceMeters>
          <HeartRateBpm>
            <Value>122</Value>
          </HeartRateBpm>
          <SensorState>Absent</SensorState>
        </Trackpoint>
        <Trackpoint>
          <Time>2025-11-09T06:37:45Z</Time>
          <DistanceMeters>188.0</DistanceMeters>
          <HeartRateBpm>
            <Value>121</Value>
          </HeartRateBpm>
          <SensorState>Absent</SensorState>
        </Trackpoint>
        <Trackpoint>
          <Time>2025-11-09T06:37:46Z</Time>
          <DistanceMeters>188.0</DistanceMeters>
          <HeartRateBpm>
            <Value>120</Value>
          </HeartRateBpm>
          <SensorState>Absent</SensorState>
        </Trackpoint>
        <Trackpoint>
          <Time>2025-11-09T06:37:47Z</Time>
          <DistanceMeters>188.0</DistanceMeters>
          <HeartRateBpm>
            <Value>118</Value>
          </HeartRateBpm>
          <SensorState>Absent</SensorState>
        </Trackpoint>
        <Trackpoint>
          <Time>2025-11-09T06:37:49Z</Time>
          <DistanceMeters>188.0</DistanceMeters>
          <HeartRateBpm>
            <Value>117</Value>
          </HeartRateBpm>
          <SensorState>Absent</SensorState>
        </Trackpoint>
        <Trackpoint>
          <Time>2025-11-09T06:37:50Z</Time>
          <DistanceMeters>188.0</DistanceMeters>
          <HeartRateBpm>
            <Value>115</Value>
          </HeartRateBpm>
          <SensorState>Absent</SensorState>
        </Trackpoint>
        <Trackpoint>
          <Time>2025-11-09T06:37:51Z</Time>
          <DistanceMeters>188.0</DistanceMeters>
          <HeartRateBpm>
            <Value>113</Value>
          </HeartRateBpm>
          <SensorState>Absent</SensorState>
        </Trackpoint>
        <Trackpoint>
          <Time>2025-11-09T06:37:53Z</Time>
          <DistanceMeters>188.0</DistanceMeters>
          <HeartRateBpm>
            <Value>112</Value>
          </HeartRateBpm>
          <SensorState>Absent</SensorState>
        </Trackpoint>
        <Trackpoint>
          <Time>2025-11-09T06:37:58Z</Time>
          <DistanceMeters>188.0</DistanceMeters>
          <HeartRateBpm>
            <Value>112</Value>
          </HeartRateBpm>
          <SensorState>Absent</SensorState>
        </Trackpoint>
        <Trackpoint>
          <Time>2025-11-09T06:38:00Z</Time>
          <DistanceMeters>188.0</DistanceMeters>
          <HeartRateBpm>
            <Value>111</Value>
          </HeartRateBpm>
          <SensorState>Absent</SensorState>
        </Trackpoint>
        <Trackpoint>
          <Time>2025-11-09T06:38:03Z</Time>
          <DistanceMeters>188.0</DistanceMeters>
          <HeartRateBpm>
            <Value>112</Value>
          </HeartRateBpm>
          <SensorState>Absent</SensorState>
        </Trackpoint>
        <Trackpoint>
          <Time>2025-11-09T06:38:04Z</Time>
          <DistanceMeters>188.0</DistanceMeters>
          <HeartRateBpm>
            <Value>113</Value>
          </HeartRateBpm>
          <SensorState>Absent</SensorState>
        </Trackpoint>
        <Trackpoint>
          <Time>2025-11-09T06:38:08Z</Time>
          <DistanceMeters>188.0</DistanceMeters>
          <HeartRateBpm>
            <Value>114</Value>
          </HeartRateBpm>
          <SensorState>Absent</SensorState>
        </Trackpoint>
        <Trackpoint>
          <Time>2025-11-09T06:38:09Z</Time>
          <DistanceMeters>188.0</DistanceMeters>
          <HeartRateBpm>
            <Value>115</Value>
          </HeartRateBpm>
          <SensorState>Absent</SensorState>
        </Trackpoint>
        <Trackpoint>
          <Time>2025-11-09T06:38:11Z</Time>
          <DistanceMeters>188.0</DistanceMeters>
          <HeartRateBpm>
            <Value>114</Value>
          </HeartRateBpm>
          <SensorState>Absent</SensorState>
        </Trackpoint>
        <Trackpoint>
          <Time>2025-11-09T06:38:12Z</Time>
          <DistanceMeters>188.0</DistanceMeters>
          <HeartRateBpm>
            <Value>113</Value>
          </HeartRateBpm>
          <SensorState>Absent</SensorState>
        </Trackpoint>
        <Trackpoint>
          <Time>2025-11-09T06:38:13Z</Time>
          <DistanceMeters>188.0</DistanceMeters>
          <HeartRateBpm>
            <Value>112</Value>
          </HeartRateBpm>
          <SensorState>Absent</SensorState>
        </Trackpoint>
        <Trackpoint>
          <Time>2025-11-09T06:38:19Z</Time>
          <DistanceMeters>188.0</DistanceMeters>
          <HeartRateBpm>
            <Value>112</Value>
          </HeartRateBpm>
          <SensorState>Absent</SensorState>
        </Trackpoint>
        <Trackpoint>
          <Time>2025-11-09T06:38:21Z</Time>
          <DistanceMeters>188.0</DistanceMeters>
          <HeartRateBpm>
            <Value>111</Value>
          </HeartRateBpm>
          <SensorState>Absent</SensorState>
        </Trackpoint>
        <Trackpoint>
          <Time>2025-11-09T06:38:26Z</Time>
          <DistanceMeters>188.0</DistanceMeters>
          <HeartRateBpm>
            <Value>110</Value>
          </HeartRateBpm>
          <SensorState>Absent</SensorState>
        </Trackpoint>
        <Trackpoint>
          <Time>2025-11-09T06:38:31Z</Time>
          <DistanceMeters>188.0</DistanceMeters>
          <HeartRateBpm>
            <Value>110</Value>
          </HeartRateBpm>
          <SensorState>Absent</SensorState>
        </Trackpoint>
        <Trackpoint>
          <Time>2025-11-09T06:38:35Z</Time>
          <DistanceMeters>188.0</DistanceMeters>
          <HeartRateBpm>
            <Value>109</Value>
          </HeartRateBpm>
          <SensorState>Absent</SensorState>
        </Trackpoint>
        <Trackpoint>
          <Time>2025-11-09T06:38:41Z</Time>
          <DistanceMeters>199.0</DistanceMeters>
          <HeartRateBpm>
            <Value>109</Value>
          </HeartRateBpm>
          <SensorState>Absent</SensorState>
        </Trackpoint>
        <Trackpoint>
          <Time>2025-11-09T06:38:42Z</Time>
          <DistanceMeters>199.0</DistanceMeters>
          <HeartRateBpm>
            <Value>108</Value>
          </HeartRateBpm>
          <SensorState>Absent</SensorState>
        </Trackpoint>
        <Trackpoint>
          <Time>2025-11-09T06:38:43Z</Time>
          <DistanceMeters>199.0</DistanceMeters>
          <HeartRateBpm>
            <Value>110</Value>
          </HeartRateBpm>
          <SensorState>Absent</SensorState>
        </Trackpoint>
        <Trackpoint>
          <Time>2025-11-09T06:38:48Z</Time>
          <DistanceMeters>199.0</DistanceMeters>
          <HeartRateBpm>
            <Value>113</Value>
          </HeartRateBpm>
          <SensorState>Absent</SensorState>
        </Trackpoint>
        <Trackpoint>
          <Time>2025-11-09T06:38:49Z</Time>
          <DistanceMeters>199.0</DistanceMeters>
          <HeartRateBpm>
            <Value>114</Value>
          </HeartRateBpm>
          <SensorState>Absent</SensorState>
        </Trackpoint>
        <Trackpoint>
          <Time>2025-11-09T06:38:52Z</Time>
          <DistanceMeters>199.0</DistanceMeters>
          <HeartRateBpm>
            <Value>115</Value>
          </HeartRateBpm>
          <SensorState>Absent</SensorState>
        </Trackpoint>
        <Trackpoint>
          <Time>2025-11-09T06:38:53Z</Time>
          <DistanceMeters>199.0</DistanceMeters>
          <HeartRateBpm>
            <Value>114</Value>
          </HeartRateBpm>
          <SensorState>Absent</SensorState>
        </Trackpoint>
        <Trackpoint>
          <Time>2025-11-09T06:38:55Z</Time>
          <DistanceMeters>199.0</DistanceMeters>
          <HeartRateBpm>
            <Value>115</Value>
          </HeartRateBpm>
          <SensorState>Absent</SensorState>
        </Trackpoint>
        <Trackpoint>
          <Time>2025-11-09T06:38:56Z</Time>
          <DistanceMeters>199.0</DistanceMeters>
          <HeartRateBpm>
            <Value>117</Value>
          </HeartRateBpm>
          <SensorState>Absent</SensorState>
        </Trackpoint>
        <Trackpoint>
          <Time>2025-11-09T06:38:57Z</Time>
          <DistanceMeters>199.0</DistanceMeters>
          <HeartRateBpm>
            <Value>119</Value>
          </HeartRateBpm>
          <SensorState>Absent</SensorState>
        </Trackpoint>
        <Trackpoint>
          <Time>2025-11-09T06:38:59Z</Time>
          <DistanceMeters>199.0</DistanceMeters>
          <HeartRateBpm>
            <Value>120</Value>
          </HeartRateBpm>
          <SensorState>Absent</SensorState>
        </Trackpoint>
        <Trackpoint>
          <Time>2025-11-09T06:39:00Z</Time>
          <DistanceMeters>199.0</DistanceMeters>
          <HeartRateBpm>
            <Value>117</Value>
          </HeartRateBpm>
          <SensorState>Absent</SensorState>
        </Trackpoint>
        <Trackpoint>
          <Time>2025-11-09T06:39:00Z</Time>
          <DistanceMeters>199.0</DistanceMeters>
          <HeartRateBpm>
            <Value>121</Value>
          </HeartRateBpm>
          <SensorState>Absent</SensorState>
        </Trackpoint>
        <Trackpoint>
          <Time>2025-11-09T06:39:01Z</Time>
          <DistanceMeters>199.0</DistanceMeters>
          <HeartRateBpm>
            <Value>122</Value>
          </HeartRateBpm>
          <SensorState>Absent</SensorState>
        </Trackpoint>
        <Trackpoint>
          <Time>2025-11-09T06:39:04Z</Time>
          <DistanceMeters>199.0</DistanceMeters>
          <HeartRateBpm>
            <Value>123</Value>
          </HeartRateBpm>
          <SensorState>Absent</SensorState>
        </Trackpoint>
        <Trackpoint>
          <Time>2025-11-09T06:39:05Z</Time>
          <DistanceMeters>199.0</DistanceMeters>
          <HeartRateBpm>
            <Value>125</Value>
          </HeartRateBpm>
          <SensorState>Absent</SensorState>
        </Trackpoint>
        <Trackpoint>
          <Time>2025-11-09T06:39:10Z</Time>
          <DistanceMeters>199.0</DistanceMeters>
          <HeartRateBpm>
            <Value>124</Value>
          </HeartRateBpm>
          <SensorState>Absent</SensorState>
        </Trackpoint>
        <Trackpoint>
          <Time>2025-11-09T06:39:13Z</Time>
          <DistanceMeters>199.0</DistanceMeters>
          <HeartRateBpm>
            <Value>122</Value>
          </HeartRateBpm>
          <SensorState>Absent</SensorState>
        </Trackpoint>
        <Trackpoint>
          <Time>2025-11-09T06:39:16Z</Time>
          <DistanceMeters>199.0</DistanceMeters>
          <HeartRateBpm>
            <Value>120</Value>
          </HeartRateBpm>
          <SensorState>Absent</SensorState>
        </Trackpoint>
        <Trackpoint>
          <Time>2025-11-09T06:39:18Z</Time>
          <DistanceMeters>199.0</DistanceMeters>
          <HeartRateBpm>
            <Value>119</Value>
          </HeartRateBpm>
          <SensorState>Absent</SensorState>
        </Trackpoint>
        <Trackpoint>
          <Time>2025-11-09T06:39:23Z</Time>
          <DistanceMeters>199.0</DistanceMeters>
          <HeartRateBpm>
            <Value>120</Value>
          </HeartRateBpm>
          <SensorState>Absent</SensorState>
        </Trackpoint>
        <Trackpoint>
          <Time>2025-11-09T06:39:26Z</Time>
          <DistanceMeters>199.0</DistanceMeters>
          <HeartRateBpm>
            <Value>119</Value>
          </HeartRateBpm>
          <SensorState>Absent</SensorState>
        </Trackpoint>
        <Trackpoint>
          <Time>2025-11-09T06:39:28Z</Time>
          <DistanceMeters>199.0</DistanceMeters>
          <HeartRateBpm>
            <Value>118</Value>
          </HeartRateBpm>
          <SensorState>Absent</SensorState>
        </Trackpoint>
        <Trackpoint>
          <Time>2025-11-09T06:39:32Z</Time>
          <DistanceMeters>199.0</DistanceMeters>
          <HeartRateBpm>
            <Value>117</Value>
          </HeartRateBpm>
          <SensorState>Absent</SensorState>
        </Trackpoint>
        <Trackpoint>
          <Time>2025-11-09T06:39:36Z</Time>
          <DistanceMeters>199.0</DistanceMeters>
          <HeartRateBpm>
            <Value>116</Value>
          </HeartRateBpm>
          <SensorState>Absent</SensorState>
        </Trackpoint>
        <Trackpoint>
          <Time>2025-11-09T06:39:37Z</Time>
          <DistanceMeters>199.0</DistanceMeters>
          <HeartRateBpm>
            <Value>114</Value>
          </HeartRateBpm>
          <SensorState>Absent</SensorState>
        </Trackpoint>
        <Trackpoint>
          <Time>2025-11-09T06:39:38Z</Time>
          <DistanceMeters>199.0</DistanceMeters>
          <HeartRateBpm>
            <Value>112</Value>
          </HeartRateBpm>
          <SensorState>Absent</SensorState>
        </Trackpoint>
        <Trackpoint>
          <Time>2025-11-09T06:39:40Z</Time>
          <DistanceMeters>199.0</DistanceMeters>
          <HeartRateBpm>
            <Value>109</Value>
          </HeartRateBpm>
          <SensorState>Absent</SensorState>
        </Trackpoint>
        <Trackpoint>
          <Time>2025-11-09T06:39:41Z</Time>
          <DistanceMeters>211.0</DistanceMeters>
          <HeartRateBpm>
            <Value>110</Value>
          </HeartRateBpm>
          <SensorState>Absent</SensorState>
        </Trackpoint>
        <Trackpoint>
          <Time>2025-11-09T06:39:42Z</Time>
          <DistanceMeters>211.0</DistanceMeters>
          <HeartRateBpm>
            <Value>111</Value>
          </HeartRateBpm>
          <SensorState>Absent</SensorState>
        </Trackpoint>
        <Trackpoint>
          <Time>2025-11-09T06:39:45Z</Time>
          <DistanceMeters>211.0</DistanceMeters>
          <HeartRateBpm>
            <Value>110</Value>
          </HeartRateBpm>
          <SensorState>Absent</SensorState>
        </Trackpoint>
        <Trackpoint>
          <Time>2025-11-09T06:39:46Z</Time>
          <DistanceMeters>211.0</DistanceMeters>
          <HeartRateBpm>
            <Value>109</Value>
          </HeartRateBpm>
          <SensorState>Absent</SensorState>
        </Trackpoint>
        <Trackpoint>
          <Time>2025-11-09T06:39:48Z</Time>
          <DistanceMeters>211.0</DistanceMeters>
          <HeartRateBpm>
            <Value>108</Value>
          </HeartRateBpm>
          <SensorState>Absent</SensorState>
        </Trackpoint>
        <Trackpoint>
          <Time>2025-11-09T06:39:49Z</Time>
          <DistanceMeters>211.0</DistanceMeters>
          <HeartRateBpm>
            <Value>109</Value>
          </HeartRateBpm>
          <SensorState>Absent</SensorState>
        </Trackpoint>
        <Trackpoint>
          <Time>2025-11-09T06:39:50Z</Time>
          <DistanceMeters>211.0</DistanceMeters>
          <HeartRateBpm>
            <Value>113</Value>
          </HeartRateBpm>
          <SensorState>Absent</SensorState>
        </Trackpoint>
        <Trackpoint>
          <Time>2025-11-09T06:39:52Z</Time>
          <DistanceMeters>211.0</DistanceMeters>
          <HeartRateBpm>
            <Value>114</Value>
          </HeartRateBpm>
          <SensorState>Absent</SensorState>
        </Trackpoint>
        <Trackpoint>
          <Time>2025-11-09T06:39:56Z</Time>
          <DistanceMeters>211.0</DistanceMeters>
          <HeartRateBpm>
            <Value>112</Value>
          </HeartRateBpm>
          <SensorState>Absent</SensorState>
        </Trackpoint>
        <Trackpoint>
          <Time>2025-11-09T06:39:58Z</Time>
          <DistanceMeters>211.0</DistanceMeters>
          <HeartRateBpm>
            <Value>111</Value>
          </HeartRateBpm>
          <SensorState>Absent</SensorState>
        </Trackpoint>
        <Trackpoint>
          <Time>2025-11-09T06:39:59Z</Time>
          <DistanceMeters>211.0</DistanceMeters>
          <HeartRateBpm>
            <Value>113</Value>
          </HeartRateBpm>
          <SensorState>Absent</SensorState>
        </Trackpoint>
        <Trackpoint>
          <Time>2025-11-09T06:40:00Z</Time>
          <DistanceMeters>211.0</DistanceMeters>
          <HeartRateBpm>
            <Value>107</Value>
          </HeartRateBpm>
          <SensorState>Absent</SensorState>
        </Trackpoint>
        <Trackpoint>
          <Time>2025-11-09T06:40:00Z</Time>
          <DistanceMeters>211.0</DistanceMeters>
          <HeartRateBpm>
            <Value>114</Value>
          </HeartRateBpm>
          <SensorState>Absent</SensorState>
        </Trackpoint>
        <Trackpoint>
          <Time>2025-11-09T06:40:02Z</Time>
          <DistanceMeters>211.0</DistanceMeters>
          <HeartRateBpm>
            <Value>115</Value>
          </HeartRateBpm>
          <SensorState>Absent</SensorState>
        </Trackpoint>
        <Trackpoint>
          <Time>2025-11-09T06:40:08Z</Time>
          <DistanceMeters>211.0</DistanceMeters>
          <HeartRateBpm>
            <Value>116</Value>
          </HeartRateBpm>
          <SensorState>Absent</SensorState>
        </Trackpoint>
        <Trackpoint>
          <Time>2025-11-09T06:40:09Z</Time>
          <DistanceMeters>211.0</DistanceMeters>
          <HeartRateBpm>
            <Value>112</Value>
          </HeartRateBpm>
          <SensorState>Absent</SensorState>
        </Trackpoint>
        <Trackpoint>
          <Time>2025-11-09T06:40:10Z</Time>
          <DistanceMeters>211.0</DistanceMeters>
          <HeartRateBpm>
            <Value>111</Value>
          </HeartRateBpm>
          <SensorState>Absent</SensorState>
        </Trackpoint>
        <Trackpoint>
          <Time>2025-11-09T06:40:13Z</Time>
          <DistanceMeters>211.0</DistanceMeters>
          <HeartRateBpm>
            <Value>110</Value>
          </HeartRateBpm>
          <SensorState>Absent</SensorState>
        </Trackpoint>
        <Trackpoint>
          <Time>2025-11-09T06:40:14Z</Time>
          <DistanceMeters>211.0</DistanceMeters>
          <HeartRateBpm>
            <Value>106</Value>
          </HeartRateBpm>
          <SensorState>Absent</SensorState>
        </Trackpoint>
        <Trackpoint>
          <Time>2025-11-09T06:40:16Z</Time>
          <DistanceMeters>211.0</DistanceMeters>
          <HeartRateBpm>
            <Value>105</Value>
          </HeartRateBpm>
          <SensorState>Absent</SensorState>
        </Trackpoint>
        <Trackpoint>
          <Time>2025-11-09T06:40:18Z</Time>
          <DistanceMeters>211.0</DistanceMeters>
          <HeartRateBpm>
            <Value>106</Value>
          </HeartRateBpm>
          <SensorState>Absent</SensorState>
        </Trackpoint>
        <Trackpoint>
          <Time>2025-11-09T06:40:20Z</Time>
          <DistanceMeters>211.0</DistanceMeters>
          <HeartRateBpm>
            <Value>107</Value>
          </HeartRateBpm>
          <SensorState>Absent</SensorState>
        </Trackpoint>
        <Trackpoint>
          <Time>2025-11-09T06:40:22Z</Time>
          <DistanceMeters>211.0</DistanceMeters>
          <HeartRateBpm>
            <Value>108</Value>
          </HeartRateBpm>
          <SensorState>Absent</SensorState>
        </Trackpoint>
        <Trackpoint>
          <Time>2025-11-09T06:40:26Z</Time>
          <DistanceMeters>211.0</DistanceMeters>
          <HeartRateBpm>
            <Value>109</Value>
          </HeartRateBpm>
          <SensorState>Absent</SensorState>
        </Trackpoint>
        <Trackpoint>
          <Time>2025-11-09T06:40:27Z</Time>
          <DistanceMeters>211.0</DistanceMeters>
          <HeartRateBpm>
            <Value>110</Value>
          </HeartRateBpm>
          <SensorState>Absent</SensorState>
        </Trackpoint>
        <Trackpoint>
          <Time>2025-11-09T06:40:30Z</Time>
          <DistanceMeters>211.0</DistanceMeters>
          <HeartRateBpm>
            <Value>109</Value>
          </HeartRateBpm>
          <SensorState>Absent</SensorState>
        </Trackpoint>
        <Trackpoint>
          <Time>2025-11-09T06:40:31Z</Time>
          <DistanceMeters>211.0</DistanceMeters>
          <HeartRateBpm>
            <Value>108</Value>
          </HeartRateBpm>
          <SensorState>Absent</SensorState>
        </Trackpoint>
        <Trackpoint>
          <Time>2025-11-09T06:40:32Z</Time>
          <DistanceMeters>211.0</DistanceMeters>
          <HeartRateBpm>
            <Value>107</Value>
          </HeartRateBpm>
          <SensorState>Absent</SensorState>
        </Trackpoint>
        <Trackpoint>
          <Time>2025-11-09T06:40:36Z</Time>
          <DistanceMeters>211.0</DistanceMeters>
          <HeartRateBpm>
            <Value>111</Value>
          </HeartRateBpm>
          <SensorState>Absent</SensorState>
        </Trackpoint>
        <Trackpoint>
          <Time>2025-11-09T06:40:38Z</Time>
          <DistanceMeters>211.0</DistanceMeters>
          <HeartRateBpm>
            <Value>113</Value>
          </HeartRateBpm>
          <SensorState>Absent</SensorState>
        </Trackpoint>
        <Trackpoint>
          <Time>2025-11-09T06:40:39Z</Time>
          <DistanceMeters>211.0</DistanceMeters>
          <HeartRateBpm>
            <Value>114</Value>
          </HeartRateBpm>
          <SensorState>Absent</SensorState>
        </Trackpoint>
        <Trackpoint>
          <Time>2025-11-09T06:40:44Z</Time>
          <DistanceMeters>222.0</DistanceMeters>
          <HeartRateBpm>
            <Value>112</Value>
          </HeartRateBpm>
          <SensorState>Absent</SensorState>
        </Trackpoint>
        <Trackpoint>
          <Time>2025-11-09T06:40:47Z</Time>
          <DistanceMeters>222.0</DistanceMeters>
          <HeartRateBpm>
            <Value>111</Value>
          </HeartRateBpm>
          <SensorState>Absent</SensorState>
        </Trackpoint>
        <Trackpoint>
          <Time>2025-11-09T06:40:48Z</Time>
          <DistanceMeters>222.0</DistanceMeters>
          <HeartRateBpm>
            <Value>108</Value>
          </HeartRateBpm>
          <SensorState>Absent</SensorState>
        </Trackpoint>
        <Trackpoint>
          <Time>2025-11-09T06:40:49Z</Time>
          <DistanceMeters>222.0</DistanceMeters>
          <HeartRateBpm>
            <Value>98</Value>
          </HeartRateBpm>
          <SensorState>Absent</SensorState>
        </Trackpoint>
        <Trackpoint>
          <Time>2025-11-09T06:40:50Z</Time>
          <DistanceMeters>222.0</DistanceMeters>
          <HeartRateBpm>
            <Value>95</Value>
          </HeartRateBpm>
          <SensorState>Absent</SensorState>
        </Trackpoint>
        <Trackpoint>
          <Time>2025-11-09T06:40:52Z</Time>
          <DistanceMeters>222.0</DistanceMeters>
          <HeartRateBpm>
            <Value>93</Value>
          </HeartRateBpm>
          <SensorState>Absent</SensorState>
        </Trackpoint>
        <Trackpoint>
          <Time>2025-11-09T06:40:53Z</Time>
          <DistanceMeters>222.0</DistanceMeters>
          <HeartRateBpm>
            <Value>90</Value>
          </HeartRateBpm>
          <SensorState>Absent</SensorState>
        </Trackpoint>
        <Trackpoint>
          <Time>2025-11-09T06:40:54Z</Time>
          <DistanceMeters>222.0</DistanceMeters>
          <HeartRateBpm>
            <Value>91</Value>
          </HeartRateBpm>
          <SensorState>Absent</SensorState>
        </Trackpoint>
        <Trackpoint>
          <Time>2025-11-09T06:40:56Z</Time>
          <DistanceMeters>222.0</DistanceMeters>
          <HeartRateBpm>
            <Value>92</Value>
          </HeartRateBpm>
          <SensorState>Absent</SensorState>
        </Trackpoint>
        <Trackpoint>
          <Time>2025-11-09T06:40:57Z</Time>
          <DistanceMeters>222.0</DistanceMeters>
          <HeartRateBpm>
            <Value>93</Value>
          </HeartRateBpm>
          <SensorState>Absent</SensorState>
        </Trackpoint>
        <Trackpoint>
          <Time>2025-11-09T06:41:00Z</Time>
          <DistanceMeters>222.0</DistanceMeters>
          <HeartRateBpm>
            <Value>90</Value>
          </HeartRateBpm>
          <SensorState>Absent</SensorState>
        </Trackpoint>
        <Trackpoint>
          <Time>2025-11-09T06:41:00Z</Time>
          <DistanceMeters>222.0</DistanceMeters>
          <HeartRateBpm>
            <Value>92</Value>
          </HeartRateBpm>
          <SensorState>Absent</SensorState>
        </Trackpoint>
        <Trackpoint>
          <Time>2025-11-09T06:41:02Z</Time>
          <DistanceMeters>222.0</DistanceMeters>
          <HeartRateBpm>
            <Value>94</Value>
          </HeartRateBpm>
          <SensorState>Absent</SensorState>
        </Trackpoint>
        <Trackpoint>
          <Time>2025-11-09T06:41:04Z</Time>
          <DistanceMeters>222.0</DistanceMeters>
          <HeartRateBpm>
            <Value>97</Value>
          </HeartRateBpm>
          <SensorState>Absent</SensorState>
        </Trackpoint>
        <Trackpoint>
          <Time>2025-11-09T06:41:05Z</Time>
          <DistanceMeters>222.0</DistanceMeters>
          <HeartRateBpm>
            <Value>98</Value>
          </HeartRateBpm>
          <SensorState>Absent</SensorState>
        </Trackpoint>
        <Trackpoint>
          <Time>2025-11-09T06:41:06Z</Time>
          <DistanceMeters>222.0</DistanceMeters>
          <HeartRateBpm>
            <Value>99</Value>
          </HeartRateBpm>
          <SensorState>Absent</SensorState>
        </Trackpoint>
        <Trackpoint>
          <Time>2025-11-09T06:41:09Z</Time>
          <DistanceMeters>222.0</DistanceMeters>
          <HeartRateBpm>
            <Value>98</Value>
          </HeartRateBpm>
          <SensorState>Absent</SensorState>
        </Trackpoint>
        <Trackpoint>
          <Time>2025-11-09T06:41:10Z</Time>
          <DistanceMeters>222.0</DistanceMeters>
          <HeartRateBpm>
            <Value>97</Value>
          </HeartRateBpm>
          <SensorState>Absent</SensorState>
        </Trackpoint>
        <Trackpoint>
          <Time>2025-11-09T06:41:11Z</Time>
          <DistanceMeters>222.0</DistanceMeters>
          <HeartRateBpm>
            <Value>96</Value>
          </HeartRateBpm>
          <SensorState>Absent</SensorState>
        </Trackpoint>
        <Trackpoint>
          <Time>2025-11-09T06:41:13Z</Time>
          <DistanceMeters>222.0</DistanceMeters>
          <HeartRateBpm>
            <Value>93</Value>
          </HeartRateBpm>
          <SensorState>Absent</SensorState>
        </Trackpoint>
        <Trackpoint>
          <Time>2025-11-09T06:41:14Z</Time>
          <DistanceMeters>222.0</DistanceMeters>
          <HeartRateBpm>
            <Value>91</Value>
          </HeartRateBpm>
          <SensorState>Absent</SensorState>
        </Trackpoint>
        <Trackpoint>
          <Time>2025-11-09T06:41:16Z</Time>
          <DistanceMeters>222.0</DistanceMeters>
          <HeartRateBpm>
            <Value>90</Value>
          </HeartRateBpm>
          <SensorState>Absent</SensorState>
        </Trackpoint>
        <Trackpoint>
          <Time>2025-11-09T06:41:19Z</Time>
          <DistanceMeters>222.0</DistanceMeters>
          <HeartRateBpm>
            <Value>89</Value>
          </HeartRateBpm>
          <SensorState>Absent</SensorState>
        </Trackpoint>
        <Trackpoint>
          <Time>2025-11-09T06:41:22Z</Time>
          <DistanceMeters>222.0</DistanceMeters>
          <HeartRateBpm>
            <Value>88</Value>
          </HeartRateBpm>
          <SensorState>Absent</SensorState>
        </Trackpoint>
        <Trackpoint>
          <Time>2025-11-09T06:41:27Z</Time>
          <DistanceMeters>222.0</DistanceMeters>
          <HeartRateBpm>
            <Value>87</Value>
          </HeartRateBpm>
          <SensorState>Absent</SensorState>
        </Trackpoint>
        <Trackpoint>
          <Time>2025-11-09T06:41:32Z</Time>
          <DistanceMeters>222.0</DistanceMeters>
          <HeartRateBpm>
            <Value>87</Value>
          </HeartRateBpm>
          <SensorState>Absent</SensorState>
        </Trackpoint>
        <Trackpoint>
          <Time>2025-11-09T06:41:34Z</Time>
          <DistanceMeters>222.0</DistanceMeters>
          <HeartRateBpm>
            <Value>86</Value>
          </HeartRateBpm>
          <SensorState>Absent</SensorState>
        </Trackpoint>
        <Trackpoint>
          <Time>2025-11-09T06:41:37Z</Time>
          <DistanceMeters>222.0</DistanceMeters>
          <HeartRateBpm>
            <Value>87</Value>
          </HeartRateBpm>
          <SensorState>Absent</SensorState>
        </Trackpoint>
        <Trackpoint>
          <Time>2025-11-09T06:41:42Z</Time>
          <DistanceMeters>233.0</DistanceMeters>
          <HeartRateBpm>
            <Value>87</Value>
          </HeartRateBpm>
          <SensorState>Absent</SensorState>
        </Trackpoint>
        <Trackpoint>
          <Time>2025-11-09T06:41:44Z</Time>
          <DistanceMeters>233.0</DistanceMeters>
          <HeartRateBpm>
            <Value>88</Value>
          </HeartRateBpm>
          <SensorState>Absent</SensorState>
        </Trackpoint>
        <Trackpoint>
          <Time>2025-11-09T06:41:49Z</Time>
          <DistanceMeters>233.0</DistanceMeters>
          <HeartRateBpm>
            <Value>88</Value>
          </HeartRateBpm>
          <SensorState>Absent</SensorState>
        </Trackpoint>
        <Trackpoint>
          <Time>2025-11-09T06:41:52Z</Time>
          <DistanceMeters>233.0</DistanceMeters>
          <HeartRateBpm>
            <Value>89</Value>
          </HeartRateBpm>
          <SensorState>Absent</SensorState>
        </Trackpoint>
        <Trackpoint>
          <Time>2025-11-09T06:41:53Z</Time>
          <DistanceMeters>233.0</DistanceMeters>
          <HeartRateBpm>
            <Value>91</Value>
          </HeartRateBpm>
          <SensorState>Absent</SensorState>
        </Trackpoint>
        <Trackpoint>
          <Time>2025-11-09T06:41:54Z</Time>
          <DistanceMeters>233.0</DistanceMeters>
          <HeartRateBpm>
            <Value>96</Value>
          </HeartRateBpm>
          <SensorState>Absent</SensorState>
        </Trackpoint>
        <Trackpoint>
          <Time>2025-11-09T06:41:56Z</Time>
          <DistanceMeters>233.0</DistanceMeters>
          <HeartRateBpm>
            <Value>97</Value>
          </HeartRateBpm>
          <SensorState>Absent</SensorState>
        </Trackpoint>
        <Trackpoint>
          <Time>2025-11-09T06:41:57Z</Time>
          <DistanceMeters>233.0</DistanceMeters>
          <HeartRateBpm>
            <Value>98</Value>
          </HeartRateBpm>
          <SensorState>Absent</SensorState>
        </Trackpoint>
        <Trackpoint>
          <Time>2025-11-09T06:41:58Z</Time>
          <DistanceMeters>233.0</DistanceMeters>
          <HeartRateBpm>
            <Value>99</Value>
          </HeartRateBpm>
          <SensorState>Absent</SensorState>
        </Trackpoint>
        <Trackpoint>
          <Time>2025-11-09T06:41:59Z</Time>
          <DistanceMeters>233.0</DistanceMeters>
          <HeartRateBpm>
            <Value>98</Value>
          </HeartRateBpm>
          <SensorState>Absent</SensorState>
        </Trackpoint>
        <Trackpoint>
          <Time>2025-11-09T06:42:00Z</Time>
          <DistanceMeters>233.0</DistanceMeters>
          <HeartRateBpm>
            <Value>121</Value>
          </HeartRateBpm>
          <Cadence><Value>47</Value></Cadence>
          <SensorState>Absent</SensorState>
        </Trackpoint>
        <Trackpoint>
          <Time>2025-11-09T06:42:01Z</Time>
          <DistanceMeters>233.0</DistanceMeters>
          <HeartRateBpm>
            <Value>97</Value>
          </HeartRateBpm>
          <Cadence><Value>47</Value></Cadence>
          <SensorState>Absent</SensorState>
        </Trackpoint>
        <Trackpoint>
          <Time>2025-11-09T06:42:02Z</Time>
          <DistanceMeters>233.0</DistanceMeters>
          <HeartRateBpm>
            <Value>99</Value>
          </HeartRateBpm>
          <Cadence><Value>47</Value></Cadence>
          <SensorState>Absent</SensorState>
        </Trackpoint>
        <Trackpoint>
          <Time>2025-11-09T06:42:03Z</Time>
          <DistanceMeters>233.0</DistanceMeters>
          <HeartRateBpm>
            <Value>101</Value>
          </HeartRateBpm>
          <Cadence><Value>47</Value></Cadence>
          <SensorState>Absent</SensorState>
        </Trackpoint>
        <Trackpoint>
          <Time>2025-11-09T06:42:05Z</Time>
          <DistanceMeters>233.0</DistanceMeters>
          <HeartRateBpm>
            <Value>104</Value>
          </HeartRateBpm>
          <Cadence><Value>47</Value></Cadence>
          <SensorState>Absent</SensorState>
        </Trackpoint>
        <Trackpoint>
          <Time>2025-11-09T06:42:06Z</Time>
          <DistanceMeters>233.0</DistanceMeters>
          <HeartRateBpm>
            <Value>107</Value>
          </HeartRateBpm>
          <Cadence><Value>47</Value></Cadence>
          <SensorState>Absent</SensorState>
        </Trackpoint>
        <Trackpoint>
          <Time>2025-11-09T06:42:11Z</Time>
          <DistanceMeters>233.0</DistanceMeters>
          <HeartRateBpm>
            <Value>108</Value>
          </HeartRateBpm>
          <Cadence><Value>47</Value></Cadence>
          <SensorState>Absent</SensorState>
        </Trackpoint>
        <Trackpoint>
          <Time>2025-11-09T06:42:13Z</Time>
          <DistanceMeters>233.0</DistanceMeters>
          <HeartRateBpm>
            <Value>109</Value>
          </HeartRateBpm>
          <Cadence><Value>47</Value></Cadence>
          <SensorState>Absent</SensorState>
        </Trackpoint>
        <Trackpoint>
          <Time>2025-11-09T06:42:14Z</Time>
          <DistanceMeters>233.0</DistanceMeters>
          <HeartRateBpm>
            <Value>110</Value>
          </HeartRateBpm>
          <Cadence><Value>47</Value></Cadence>
          <SensorState>Absent</SensorState>
        </Trackpoint>
        <Trackpoint>
          <Time>2025-11-09T06:42:17Z</Time>
          <DistanceMeters>233.0</DistanceMeters>
          <HeartRateBpm>
            <Value>112</Value>
          </HeartRateBpm>
          <Cadence><Value>47</Value></Cadence>
          <SensorState>Absent</SensorState>
        </Trackpoint>
        <Trackpoint>
          <Time>2025-11-09T06:42:18Z</Time>
          <DistanceMeters>233.0</DistanceMeters>
          <HeartRateBpm>
            <Value>114</Value>
          </HeartRateBpm>
          <Cadence><Value>47</Value></Cadence>
          <SensorState>Absent</SensorState>
        </Trackpoint>
        <Trackpoint>
          <Time>2025-11-09T06:42:19Z</Time>
          <DistanceMeters>233.0</DistanceMeters>
          <HeartRateBpm>
            <Value>115</Value>
          </HeartRateBpm>
          <Cadence><Value>47</Value></Cadence>
          <SensorState>Absent</SensorState>
        </Trackpoint>
        <Trackpoint>
          <Time>2025-11-09T06:42:22Z</Time>
          <DistanceMeters>233.0</DistanceMeters>
          <HeartRateBpm>
            <Value>116</Value>
          </HeartRateBpm>
          <Cadence><Value>47</Value></Cadence>
          <SensorState>Absent</SensorState>
        </Trackpoint>
        <Trackpoint>
          <Time>2025-11-09T06:42:23Z</Time>
          <DistanceMeters>233.0</DistanceMeters>
          <HeartRateBpm>
            <Value>118</Value>
          </HeartRateBpm>
          <Cadence><Value>47</Value></Cadence>
          <SensorState>Absent</SensorState>
        </Trackpoint>
        <Trackpoint>
          <Time>2025-11-09T06:42:24Z</Time>
          <DistanceMeters>233.0</DistanceMeters>
          <HeartRateBpm>
            <Value>121</Value>
          </HeartRateBpm>
          <Cadence><Value>47</Value></Cadence>
          <SensorState>Absent</SensorState>
        </Trackpoint>
        <Trackpoint>
          <Time>2025-11-09T06:42:25Z</Time>
          <DistanceMeters>233.0</DistanceMeters>
          <HeartRateBpm>
            <Value>122</Value>
          </HeartRateBpm>
          <Cadence><Value>47</Value></Cadence>
          <SensorState>Absent</SensorState>
        </Trackpoint>
        <Trackpoint>
          <Time>2025-11-09T06:42:28Z</Time>
          <DistanceMeters>233.0</DistanceMeters>
          <HeartRateBpm>
            <Value>123</Value>
          </HeartRateBpm>
          <Cadence><Value>47</Value></Cadence>
          <SensorState>Absent</SensorState>
        </Trackpoint>
        <Trackpoint>
          <Time>2025-11-09T06:42:29Z</Time>
          <DistanceMeters>233.0</DistanceMeters>
          <HeartRateBpm>
            <Value>122</Value>
          </HeartRateBpm>
          <Cadence><Value>47</Value></Cadence>
          <SensorState>Absent</SensorState>
        </Trackpoint>
        <Trackpoint>
          <Time>2025-11-09T06:42:32Z</Time>
          <DistanceMeters>233.0</DistanceMeters>
          <HeartRateBpm>
            <Value>121</Value>
          </HeartRateBpm>
          <Cadence><Value>47</Value></Cadence>
          <SensorState>Absent</SensorState>
        </Trackpoint>
        <Trackpoint>
          <Time>2025-11-09T06:42:33Z</Time>
          <DistanceMeters>233.0</DistanceMeters>
          <HeartRateBpm>
            <Value>120</Value>
          </HeartRateBpm>
          <Cadence><Value>47</Value></Cadence>
          <SensorState>Absent</SensorState>
        </Trackpoint>
        <Trackpoint>
          <Time>2025-11-09T06:42:35Z</Time>
          <DistanceMeters>233.0</DistanceMeters>
          <HeartRateBpm>
            <Value>121</Value>
          </HeartRateBpm>
          <Cadence><Value>47</Value></Cadence>
          <SensorState>Absent</SensorState>
        </Trackpoint>
        <Trackpoint>
          <Time>2025-11-09T06:42:37Z</Time>
          <DistanceMeters>233.0</DistanceMeters>
          <HeartRateBpm>
            <Value>126</Value>
          </HeartRateBpm>
          <Cadence><Value>47</Value></Cadence>
          <SensorState>Absent</SensorState>
        </Trackpoint>
        <Trackpoint>
          <Time>2025-11-09T06:42:39Z</Time>
          <DistanceMeters>233.0</DistanceMeters>
          <HeartRateBpm>
            <Value>127</Value>
          </HeartRateBpm>
          <Cadence><Value>47</Value></Cadence>
          <SensorState>Absent</SensorState>
        </Trackpoint>
        <Trackpoint>
          <Time>2025-11-09T06:42:41Z</Time>
          <DistanceMeters>244.0</DistanceMeters>
          <HeartRateBpm>
            <Value>133</Value>
          </HeartRateBpm>
          <Cadence><Value>47</Value></Cadence>
          <SensorState>Absent</SensorState>
        </Trackpoint>
        <Trackpoint>
          <Time>2025-11-09T06:42:43Z</Time>
          <DistanceMeters>244.0</DistanceMeters>
          <HeartRateBpm>
            <Value>135</Value>
          </HeartRateBpm>
          <Cadence><Value>47</Value></Cadence>
          <SensorState>Absent</SensorState>
        </Trackpoint>
        <Trackpoint>
          <Time>2025-11-09T06:42:44Z</Time>
          <DistanceMeters>244.0</DistanceMeters>
          <HeartRateBpm>
            <Value>136</Value>
          </HeartRateBpm>
          <Cadence><Value>47</Value></Cadence>
          <SensorState>Absent</SensorState>
        </Trackpoint>
        <Trackpoint>
          <Time>2025-11-09T06:42:45Z</Time>
          <DistanceMeters>244.0</DistanceMeters>
          <HeartRateBpm>
            <Value>135</Value>
          </HeartRateBpm>
          <Cadence><Value>47</Value></Cadence>
          <SensorState>Absent</SensorState>
        </Trackpoint>
        <Trackpoint>
          <Time>2025-11-09T06:42:48Z</Time>
          <DistanceMeters>244.0</DistanceMeters>
          <HeartRateBpm>
            <Value>136</Value>
          </HeartRateBpm>
          <Cadence><Value>47</Value></Cadence>
          <SensorState>Absent</SensorState>
        </Trackpoint>
        <Trackpoint>
          <Time>2025-11-09T06:42:49Z</Time>
          <DistanceMeters>244.0</DistanceMeters>
          <HeartRateBpm>
            <Value>137</Value>
          </HeartRateBpm>
          <Cadence><Value>47</Value></Cadence>
          <SensorState>Absent</SensorState>
        </Trackpoint>
        <Trackpoint>
          <Time>2025-11-09T06:42:50Z</Time>
          <DistanceMeters>244.0</DistanceMeters>
          <HeartRateBpm>
            <Value>140</Value>
          </HeartRateBpm>
          <Cadence><Value>47</Value></Cadence>
          <SensorState>Absent</SensorState>
        </Trackpoint>
        <Trackpoint>
          <Time>2025-11-09T06:42:51Z</Time>
          <DistanceMeters>244.0</DistanceMeters>
          <HeartRateBpm>
            <Value>141</Value>
          </HeartRateBpm>
          <Cadence><Value>47</Value></Cadence>
          <SensorState>Absent</SensorState>
        </Trackpoint>
        <Trackpoint>
          <Time>2025-11-09T06:42:54Z</Time>
          <DistanceMeters>244.0</DistanceMeters>
          <HeartRateBpm>
            <Value>142</Value>
          </HeartRateBpm>
          <Cadence><Value>47</Value></Cadence>
          <SensorState>Absent</SensorState>
        </Trackpoint>
        <Trackpoint>
          <Time>2025-11-09T06:42:55Z</Time>
          <DistanceMeters>244.0</DistanceMeters>
          <HeartRateBpm>
            <Value>143</Value>
          </HeartRateBpm>
          <Cadence><Value>47</Value></Cadence>
          <SensorState>Absent</SensorState>
        </Trackpoint>
        <Trackpoint>
          <Time>2025-11-09T06:42:56Z</Time>
          <DistanceMeters>244.0</DistanceMeters>
          <HeartRateBpm>
            <Value>142</Value>
          </HeartRateBpm>
          <Cadence><Value>47</Value></Cadence>
          <SensorState>Absent</SensorState>
        </Trackpoint>
        <Trackpoint>
          <Time>2025-11-09T06:43:00Z</Time>
          <DistanceMeters>244.0</DistanceMeters>
          <HeartRateBpm>
            <Value>135</Value>
          </HeartRateBpm>
          <Cadence><Value>41</Value></Cadence>
          <SensorState>Absent</SensorState>
        </Trackpoint>
        <Trackpoint>
          <Time>2025-11-09T06:43:00Z</Time>
          <DistanceMeters>244.0</DistanceMeters>
          <HeartRateBpm>
            <Value>139</Value>
          </HeartRateBpm>
          <Cadence><Value>41</Value></Cadence>
          <SensorState>Absent</SensorState>
        </Trackpoint>
        <Trackpoint>
          <Time>2025-11-09T06:43:02Z</Time>
          <DistanceMeters>244.0</DistanceMeters>
          <HeartRateBpm>
            <Value>137</Value>
          </HeartRateBpm>
          <Cadence><Value>41</Value></Cadence>
          <SensorState>Absent</SensorState>
        </Trackpoint>
        <Trackpoint>
          <Time>2025-11-09T06:43:03Z</Time>
          <DistanceMeters>244.0</DistanceMeters>
          <HeartRateBpm>
            <Value>136</Value>
          </HeartRateBpm>
          <Cadence><Value>41</Value></Cadence>
          <SensorState>Absent</SensorState>
        </Trackpoint>
        <Trackpoint>
          <Time>2025-11-09T06:43:04Z</Time>
          <DistanceMeters>244.0</DistanceMeters>
          <HeartRateBpm>
            <Value>133</Value>
          </HeartRateBpm>
          <Cadence><Value>41</Value></Cadence>
          <SensorState>Absent</SensorState>
        </Trackpoint>
        <Trackpoint>
          <Time>2025-11-09T06:43:08Z</Time>
          <DistanceMeters>244.0</DistanceMeters>
          <HeartRateBpm>
            <Value>134</Value>
          </HeartRateBpm>
          <Cadence><Value>41</Value></Cadence>
          <SensorState>Absent</SensorState>
        </Trackpoint>
        <Trackpoint>
          <Time>2025-11-09T06:43:12Z</Time>
          <DistanceMeters>244.0</DistanceMeters>
          <HeartRateBpm>
            <Value>135</Value>
          </HeartRateBpm>
          <Cadence><Value>41</Value></Cadence>
          <SensorState>Absent</SensorState>
        </Trackpoint>
        <Trackpoint>
          <Time>2025-11-09T06:43:13Z</Time>
          <DistanceMeters>244.0</DistanceMeters>
          <HeartRateBpm>
            <Value>137</Value>
          </HeartRateBpm>
          <Cadence><Value>41</Value></Cadence>
          <SensorState>Absent</SensorState>
        </Trackpoint>
        <Trackpoint>
          <Time>2025-11-09T06:43:17Z</Time>
          <DistanceMeters>244.0</DistanceMeters>
          <HeartRateBpm>
            <Value>140</Value>
          </HeartRateBpm>
          <Cadence><Value>41</Value></Cadence>
          <SensorState>Absent</SensorState>
        </Trackpoint>
        <Trackpoint>
          <Time>2025-11-09T06:43:18Z</Time>
          <DistanceMeters>244.0</DistanceMeters>
          <HeartRateBpm>
            <Value>141</Value>
          </HeartRateBpm>
          <Cadence><Value>41</Value></Cadence>
          <SensorState>Absent</SensorState>
        </Trackpoint>
        <Trackpoint>
          <Time>2025-11-09T06:43:20Z</Time>
          <DistanceMeters>244.0</DistanceMeters>
          <HeartRateBpm>
            <Value>142</Value>
          </HeartRateBpm>
          <Cadence><Value>41</Value></Cadence>
          <SensorState>Absent</SensorState>
        </Trackpoint>
        <Trackpoint>
          <Time>2025-11-09T06:43:21Z</Time>
          <DistanceMeters>244.0</DistanceMeters>
          <HeartRateBpm>
            <Value>144</Value>
          </HeartRateBpm>
          <Cadence><Value>41</Value></Cadence>
          <SensorState>Absent</SensorState>
        </Trackpoint>
        <Trackpoint>
          <Time>2025-11-09T06:43:22Z</Time>
          <DistanceMeters>244.0</DistanceMeters>
          <HeartRateBpm>
            <Value>143</Value>
          </HeartRateBpm>
          <Cadence><Value>41</Value></Cadence>
          <SensorState>Absent</SensorState>
        </Trackpoint>
        <Trackpoint>
          <Time>2025-11-09T06:43:24Z</Time>
          <DistanceMeters>244.0</DistanceMeters>
          <HeartRateBpm>
            <Value>142</Value>
          </HeartRateBpm>
          <Cadence><Value>41</Value></Cadence>
          <SensorState>Absent</SensorState>
        </Trackpoint>
        <Trackpoint>
          <Time>2025-11-09T06:43:29Z</Time>
          <DistanceMeters>244.0</DistanceMeters>
          <HeartRateBpm>
            <Value>142</Value>
          </HeartRateBpm>
          <Cadence><Value>41</Value></Cadence>
          <SensorState>Absent</SensorState>
        </Trackpoint>
        <Trackpoint>
          <Time>2025-11-09T06:43:30Z</Time>
          <DistanceMeters>244.0</DistanceMeters>
          <HeartRateBpm>
            <Value>141</Value>
          </HeartRateBpm>
          <Cadence><Value>41</Value></Cadence>
          <SensorState>Absent</SensorState>
        </Trackpoint>
        <Trackpoint>
          <Time>2025-11-09T06:43:32Z</Time>
          <DistanceMeters>244.0</DistanceMeters>
          <HeartRateBpm>
            <Value>137</Value>
          </HeartRateBpm>
          <Cadence><Value>41</Value></Cadence>
          <SensorState>Absent</SensorState>
        </Trackpoint>
        <Trackpoint>
          <Time>2025-11-09T06:43:33Z</Time>
          <DistanceMeters>244.0</DistanceMeters>
          <HeartRateBpm>
            <Value>135</Value>
          </HeartRateBpm>
          <Cadence><Value>41</Value></Cadence>
          <SensorState>Absent</SensorState>
        </Trackpoint>
        <Trackpoint>
          <Time>2025-11-09T06:43:34Z</Time>
          <DistanceMeters>244.0</DistanceMeters>
          <HeartRateBpm>
            <Value>134</Value>
          </HeartRateBpm>
          <Cadence><Value>41</Value></Cadence>
          <SensorState>Absent</SensorState>
        </Trackpoint>
        <Trackpoint>
          <Time>2025-11-09T06:43:35Z</Time>
          <DistanceMeters>244.0</DistanceMeters>
          <HeartRateBpm>
            <Value>133</Value>
          </HeartRateBpm>
          <Cadence><Value>41</Value></Cadence>
          <SensorState>Absent</SensorState>
        </Trackpoint>
        <Trackpoint>
          <Time>2025-11-09T06:43:37Z</Time>
          <DistanceMeters>244.0</DistanceMeters>
          <HeartRateBpm>
            <Value>135</Value>
          </HeartRateBpm>
          <Cadence><Value>41</Value></Cadence>
          <SensorState>Absent</SensorState>
        </Trackpoint>
        <Trackpoint>
          <Time>2025-11-09T06:43:38Z</Time>
          <DistanceMeters>244.0</DistanceMeters>
          <HeartRateBpm>
            <Value>137</Value>
          </HeartRateBpm>
          <Cadence><Value>41</Value></Cadence>
          <SensorState>Absent</SensorState>
        </Trackpoint>
        <Trackpoint>
          <Time>2025-11-09T06:43:39Z</Time>
          <DistanceMeters>244.0</DistanceMeters>
          <HeartRateBpm>
            <Value>134</Value>
          </HeartRateBpm>
          <Cadence><Value>41</Value></Cadence>
          <SensorState>Absent</SensorState>
        </Trackpoint>
        <Trackpoint>
          <Time>2025-11-09T06:43:40Z</Time>
          <DistanceMeters>244.0</DistanceMeters>
          <HeartRateBpm>
            <Value>132</Value>
          </HeartRateBpm>
          <Cadence><Value>41</Value></Cadence>
          <SensorState>Absent</SensorState>
        </Trackpoint>
        <Trackpoint>
          <Time>2025-11-09T06:43:42Z</Time>
          <DistanceMeters>255.0</DistanceMeters>
          <HeartRateBpm>
            <Value>133</Value>
          </HeartRateBpm>
          <Cadence><Value>41</Value></Cadence>
          <SensorState>Absent</SensorState>
        </Trackpoint>
        <Trackpoint>
          <Time>2025-11-09T06:43:43Z</Time>
          <DistanceMeters>255.0</DistanceMeters>
          <HeartRateBpm>
            <Value>135</Value>
          </HeartRateBpm>
          <Cadence><Value>41</Value></Cadence>
          <SensorState>Absent</SensorState>
        </Trackpoint>
        <Trackpoint>
          <Time>2025-11-09T06:43:44Z</Time>
          <DistanceMeters>255.0</DistanceMeters>
          <HeartRateBpm>
            <Value>136</Value>
          </HeartRateBpm>
          <Cadence><Value>41</Value></Cadence>
          <SensorState>Absent</SensorState>
        </Trackpoint>
        <Trackpoint>
          <Time>2025-11-09T06:43:47Z</Time>
          <DistanceMeters>255.0</DistanceMeters>
          <HeartRateBpm>
            <Value>135</Value>
          </HeartRateBpm>
          <Cadence><Value>41</Value></Cadence>
          <SensorState>Absent</SensorState>
        </Trackpoint>
        <Trackpoint>
          <Time>2025-11-09T06:43:48Z</Time>
          <DistanceMeters>255.0</DistanceMeters>
          <HeartRateBpm>
            <Value>134</Value>
          </HeartRateBpm>
          <Cadence><Value>41</Value></Cadence>
          <SensorState>Absent</SensorState>
        </Trackpoint>
        <Trackpoint>
          <Time>2025-11-09T06:43:52Z</Time>
          <DistanceMeters>255.0</DistanceMeters>
          <HeartRateBpm>
            <Value>133</Value>
          </HeartRateBpm>
          <Cadence><Value>41</Value></Cadence>
          <SensorState>Absent</SensorState>
        </Trackpoint>
        <Trackpoint>
          <Time>2025-11-09T06:43:54Z</Time>
          <DistanceMeters>255.0</DistanceMeters>
          <HeartRateBpm>
            <Value>132</Value>
          </HeartRateBpm>
          <Cadence><Value>41</Value></Cadence>
          <SensorState>Absent</SensorState>
        </Trackpoint>
        <Trackpoint>
          <Time>2025-11-09T06:43:56Z</Time>
          <DistanceMeters>255.0</DistanceMeters>
          <HeartRateBpm>
            <Value>128</Value>
          </HeartRateBpm>
          <Cadence><Value>41</Value></Cadence>
          <SensorState>Absent</SensorState>
        </Trackpoint>
        <Trackpoint>
          <Time>2025-11-09T06:43:57Z</Time>
          <DistanceMeters>255.0</DistanceMeters>
          <HeartRateBpm>
            <Value>126</Value>
          </HeartRateBpm>
          <Cadence><Value>41</Value></Cadence>
          <SensorState>Absent</SensorState>
        </Trackpoint>
        <Trackpoint>
          <Time>2025-11-09T06:44:00Z</Time>
          <DistanceMeters>255.0</DistanceMeters>
          <HeartRateBpm>
            <Value>119</Value>
          </HeartRateBpm>
          <SensorState>Absent</SensorState>
        </Trackpoint>
        <Trackpoint>
          <Time>2025-11-09T06:44:01Z</Time>
          <DistanceMeters>255.0</DistanceMeters>
          <HeartRateBpm>
            <Value>125</Value>
          </HeartRateBpm>
          <SensorState>Absent</SensorState>
        </Trackpoint>
        <Trackpoint>
          <Time>2025-11-09T06:44:05Z</Time>
          <DistanceMeters>255.0</DistanceMeters>
          <HeartRateBpm>
            <Value>124</Value>
          </HeartRateBpm>
          <SensorState>Absent</SensorState>
        </Trackpoint>
        <Trackpoint>
          <Time>2025-11-09T06:44:06Z</Time>
          <DistanceMeters>255.0</DistanceMeters>
          <HeartRateBpm>
            <Value>123</Value>
          </HeartRateBpm>
          <SensorState>Absent</SensorState>
        </Trackpoint>
        <Trackpoint>
          <Time>2025-11-09T06:44:09Z</Time>
          <DistanceMeters>255.0</DistanceMeters>
          <HeartRateBpm>
            <Value>121</Value>
          </HeartRateBpm>
          <SensorState>Absent</SensorState>
        </Trackpoint>
        <Trackpoint>
          <Time>2025-11-09T06:44:10Z</Time>
          <DistanceMeters>255.0</DistanceMeters>
          <HeartRateBpm>
            <Value>119</Value>
          </HeartRateBpm>
          <SensorState>Absent</SensorState>
        </Trackpoint>
        <Trackpoint>
          <Time>2025-11-09T06:44:12Z</Time>
          <DistanceMeters>255.0</DistanceMeters>
          <HeartRateBpm>
            <Value>118</Value>
          </HeartRateBpm>
          <SensorState>Absent</SensorState>
        </Trackpoint>
        <Trackpoint>
          <Time>2025-11-09T06:44:13Z</Time>
          <DistanceMeters>255.0</DistanceMeters>
          <HeartRateBpm>
            <Value>117</Value>
          </HeartRateBpm>
          <SensorState>Absent</SensorState>
        </Trackpoint>
        <Trackpoint>
          <Time>2025-11-09T06:44:14Z</Time>
          <DistanceMeters>255.0</DistanceMeters>
          <HeartRateBpm>
            <Value>115</Value>
          </HeartRateBpm>
          <SensorState>Absent</SensorState>
        </Trackpoint>
        <Trackpoint>
          <Time>2025-11-09T06:44:17Z</Time>
          <DistanceMeters>255.0</DistanceMeters>
          <HeartRateBpm>
            <Value>114</Value>
          </HeartRateBpm>
          <SensorState>Absent</SensorState>
        </Trackpoint>
        <Trackpoint>
          <Time>2025-11-09T06:44:18Z</Time>
          <DistanceMeters>255.0</DistanceMeters>
          <HeartRateBpm>
            <Value>115</Value>
          </HeartRateBpm>
          <SensorState>Absent</SensorState>
        </Trackpoint>
        <Trackpoint>
          <Time>2025-11-09T06:44:21Z</Time>
          <DistanceMeters>255.0</DistanceMeters>
          <HeartRateBpm>
            <Value>114</Value>
          </HeartRateBpm>
          <SensorState>Absent</SensorState>
        </Trackpoint>
        <Trackpoint>
          <Time>2025-11-09T06:44:23Z</Time>
          <DistanceMeters>255.0</DistanceMeters>
          <HeartRateBpm>
            <Value>115</Value>
          </HeartRateBpm>
          <SensorState>Absent</SensorState>
        </Trackpoint>
        <Trackpoint>
          <Time>2025-11-09T06:44:26Z</Time>
          <DistanceMeters>255.0</DistanceMeters>
          <HeartRateBpm>
            <Value>116</Value>
          </HeartRateBpm>
          <SensorState>Absent</SensorState>
        </Trackpoint>
        <Trackpoint>
          <Time>2025-11-09T06:44:27Z</Time>
          <DistanceMeters>255.0</DistanceMeters>
          <HeartRateBpm>
            <Value>117</Value>
          </HeartRateBpm>
          <SensorState>Absent</SensorState>
        </Trackpoint>
        <Trackpoint>
          <Time>2025-11-09T06:44:28Z</Time>
          <DistanceMeters>255.0</DistanceMeters>
          <HeartRateBpm>
            <Value>119</Value>
          </HeartRateBpm>
          <SensorState>Absent</SensorState>
        </Trackpoint>
        <Trackpoint>
          <Time>2025-11-09T06:44:31Z</Time>
          <DistanceMeters>255.0</DistanceMeters>
          <HeartRateBpm>
            <Value>117</Value>
          </HeartRateBpm>
          <SensorState>Absent</SensorState>
        </Trackpoint>
        <Trackpoint>
          <Time>2025-11-09T06:44:32Z</Time>
          <DistanceMeters>255.0</DistanceMeters>
          <HeartRateBpm>
            <Value>118</Value>
          </HeartRateBpm>
          <SensorState>Absent</SensorState>
        </Trackpoint>
        <Trackpoint>
          <Time>2025-11-09T06:44:35Z</Time>
          <DistanceMeters>255.0</DistanceMeters>
          <HeartRateBpm>
            <Value>119</Value>
          </HeartRateBpm>
          <SensorState>Absent</SensorState>
        </Trackpoint>
        <Trackpoint>
          <Time>2025-11-09T06:44:36Z</Time>
          <DistanceMeters>255.0</DistanceMeters>
          <HeartRateBpm>
            <Value>121</Value>
          </HeartRateBpm>
          <SensorState>Absent</SensorState>
        </Trackpoint>
        <Trackpoint>
          <Time>2025-11-09T06:44:39Z</Time>
          <DistanceMeters>255.0</DistanceMeters>
          <HeartRateBpm>
            <Value>122</Value>
          </HeartRateBpm>
          <SensorState>Absent</SensorState>
        </Trackpoint>
        <Trackpoint>
          <Time>2025-11-09T06:44:40Z</Time>
          <DistanceMeters>255.0</DistanceMeters>
          <HeartRateBpm>
            <Value>123</Value>
          </HeartRateBpm>
          <SensorState>Absent</SensorState>
        </Trackpoint>
        <Trackpoint>
          <Time>2025-11-09T06:44:43Z</Time>
          <DistanceMeters>266.0</DistanceMeters>
          <HeartRateBpm>
            <Value>125</Value>
          </HeartRateBpm>
          <SensorState>Absent</SensorState>
        </Trackpoint>
        <Trackpoint>
          <Time>2025-11-09T06:44:44Z</Time>
          <DistanceMeters>266.0</DistanceMeters>
          <HeartRateBpm>
            <Value>122</Value>
          </HeartRateBpm>
          <SensorState>Absent</SensorState>
        </Trackpoint>
        <Trackpoint>
          <Time>2025-11-09T06:44:45Z</Time>
          <DistanceMeters>266.0</DistanceMeters>
          <HeartRateBpm>
            <Value>123</Value>
          </HeartRateBpm>
          <SensorState>Absent</SensorState>
        </Trackpoint>
        <Trackpoint>
          <Time>2025-11-09T06:44:49Z</Time>
          <DistanceMeters>266.0</DistanceMeters>
          <HeartRateBpm>
            <Value>121</Value>
          </HeartRateBpm>
          <SensorState>Absent</SensorState>
        </Trackpoint>
        <Trackpoint>
          <Time>2025-11-09T06:44:52Z</Time>
          <DistanceMeters>266.0</DistanceMeters>
          <HeartRateBpm>
            <Value>120</Value>
          </HeartRateBpm>
          <SensorState>Absent</SensorState>
        </Trackpoint>
        <Trackpoint>
          <Time>2025-11-09T06:44:53Z</Time>
          <DistanceMeters>266.0</DistanceMeters>
          <HeartRateBpm>
            <Value>119</Value>
          </HeartRateBpm>
          <SensorState>Absent</SensorState>
        </Trackpoint>
        <Trackpoint>
          <Time>2025-11-09T06:44:54Z</Time>
          <DistanceMeters>266.0</DistanceMeters>
          <HeartRateBpm>
            <Value>120</Value>
          </HeartRateBpm>
          <SensorState>Absent</SensorState>
        </Trackpoint>
        <Trackpoint>
          <Time>2025-11-09T06:44:56Z</Time>
          <DistanceMeters>266.0</DistanceMeters>
          <HeartRateBpm>
            <Value>121</Value>
          </HeartRateBpm>
          <SensorState>Absent</SensorState>
        </Trackpoint>
        <Trackpoint>
          <Time>2025-11-09T06:45:00Z</Time>
          <DistanceMeters>266.0</DistanceMeters>
          <HeartRateBpm>
            <Value>105</Value>
          </HeartRateBpm>
          <SensorState>Absent</SensorState>
        </Trackpoint>
        <Trackpoint>
          <Time>2025-11-09T06:45:01Z</Time>
          <DistanceMeters>266.0</DistanceMeters>
          <HeartRateBpm>
            <Value>120</Value>
          </HeartRateBpm>
          <SensorState>Absent</SensorState>
        </Trackpoint>
        <Trackpoint>
          <Time>2025-11-09T06:45:02Z</Time>
          <DistanceMeters>266.0</DistanceMeters>
          <HeartRateBpm>
            <Value>117</Value>
          </HeartRateBpm>
          <SensorState>Absent</SensorState>
        </Trackpoint>
        <Trackpoint>
          <Time>2025-11-09T06:45:05Z</Time>
          <DistanceMeters>266.0</DistanceMeters>
          <HeartRateBpm>
            <Value>116</Value>
          </HeartRateBpm>
          <SensorState>Absent</SensorState>
        </Trackpoint>
        <Trackpoint>
          <Time>2025-11-09T06:45:10Z</Time>
          <DistanceMeters>266.0</DistanceMeters>
          <HeartRateBpm>
            <Value>115</Value>
          </HeartRateBpm>
          <SensorState>Absent</SensorState>
        </Trackpoint>
        <Trackpoint>
          <Time>2025-11-09T06:45:11Z</Time>
          <DistanceMeters>266.0</DistanceMeters>
          <HeartRateBpm>
            <Value>108</Value>
          </HeartRateBpm>
          <SensorState>Absent</SensorState>
        </Trackpoint>
        <Trackpoint>
          <Time>2025-11-09T06:45:12Z</Time>
          <DistanceMeters>266.0</DistanceMeters>
          <HeartRateBpm>
            <Value>103</Value>
          </HeartRateBpm>
          <SensorState>Absent</SensorState>
        </Trackpoint>
        <Trackpoint>
          <Time>2025-11-09T06:45:14Z</Time>
          <DistanceMeters>266.0</DistanceMeters>
          <HeartRateBpm>
            <Value>100</Value>
          </HeartRateBpm>
          <SensorState>Absent</SensorState>
        </Trackpoint>
        <Trackpoint>
          <Time>2025-11-09T06:45:15Z</Time>
          <DistanceMeters>266.0</DistanceMeters>
          <HeartRateBpm>
            <Value>94</Value>
          </HeartRateBpm>
          <SensorState>Absent</SensorState>
        </Trackpoint>
        <Trackpoint>
          <Time>2025-11-09T06:45:16Z</Time>
          <DistanceMeters>266.0</DistanceMeters>
          <HeartRateBpm>
            <Value>92</Value>
          </HeartRateBpm>
          <SensorState>Absent</SensorState>
        </Trackpoint>
        <Trackpoint>
          <Time>2025-11-09T06:45:18Z</Time>
          <DistanceMeters>266.0</DistanceMeters>
          <HeartRateBpm>
            <Value>93</Value>
          </HeartRateBpm>
          <SensorState>Absent</SensorState>
        </Trackpoint>
        <Trackpoint>
          <Time>2025-11-09T06:45:19Z</Time>
          <DistanceMeters>266.0</DistanceMeters>
          <HeartRateBpm>
            <Value>96</Value>
          </HeartRateBpm>
          <SensorState>Absent</SensorState>
        </Trackpoint>
        <Trackpoint>
          <Time>2025-11-09T06:45:24Z</Time>
          <DistanceMeters>266.0</DistanceMeters>
          <HeartRateBpm>
            <Value>95</Value>
          </HeartRateBpm>
          <SensorState>Absent</SensorState>
        </Trackpoint>
        <Trackpoint>
          <Time>2025-11-09T06:45:27Z</Time>
          <DistanceMeters>266.0</DistanceMeters>
          <HeartRateBpm>
            <Value>97</Value>
          </HeartRateBpm>
          <SensorState>Absent</SensorState>
        </Trackpoint>
        <Trackpoint>
          <Time>2025-11-09T06:45:28Z</Time>
          <DistanceMeters>266.0</DistanceMeters>
          <HeartRateBpm>
            <Value>98</Value>
          </HeartRateBpm>
          <SensorState>Absent</SensorState>
        </Trackpoint>
        <Trackpoint>
          <Time>2025-11-09T06:45:30Z</Time>
          <DistanceMeters>266.0</DistanceMeters>
          <HeartRateBpm>
            <Value>99</Value>
          </HeartRateBpm>
          <SensorState>Absent</SensorState>
        </Trackpoint>
        <Trackpoint>
          <Time>2025-11-09T06:45:32Z</Time>
          <DistanceMeters>266.0</DistanceMeters>
          <HeartRateBpm>
            <Value>100</Value>
          </HeartRateBpm>
          <SensorState>Absent</SensorState>
        </Trackpoint>
        <Trackpoint>
          <Time>2025-11-09T06:45:35Z</Time>
          <DistanceMeters>266.0</DistanceMeters>
          <HeartRateBpm>
            <Value>102</Value>
          </HeartRateBpm>
          <SensorState>Absent</SensorState>
        </Trackpoint>
        <Trackpoint>
          <Time>2025-11-09T06:45:36Z</Time>
          <DistanceMeters>266.0</DistanceMeters>
          <HeartRateBpm>
            <Value>103</Value>
          </HeartRateBpm>
          <SensorState>Absent</SensorState>
        </Trackpoint>
        <Trackpoint>
          <Time>2025-11-09T06:45:37Z</Time>
          <DistanceMeters>266.0</DistanceMeters>
          <HeartRateBpm>
            <Value>102</Value>
          </HeartRateBpm>
          <SensorState>Absent</SensorState>
        </Trackpoint>
        <Trackpoint>
          <Time>2025-11-09T06:45:38Z</Time>
          <DistanceMeters>266.0</DistanceMeters>
          <HeartRateBpm>
            <Value>101</Value>
          </HeartRateBpm>
          <SensorState>Absent</SensorState>
        </Trackpoint>
        <Trackpoint>
          <Time>2025-11-09T06:45:41Z</Time>
          <DistanceMeters>277.0</DistanceMeters>
          <HeartRateBpm>
            <Value>103</Value>
          </HeartRateBpm>
          <SensorState>Absent</SensorState>
        </Trackpoint>
        <Trackpoint>
          <Time>2025-11-09T06:45:42Z</Time>
          <DistanceMeters>277.0</DistanceMeters>
          <HeartRateBpm>
            <Value>105</Value>
          </HeartRateBpm>
          <SensorState>Absent</SensorState>
        </Trackpoint>
        <Trackpoint>
          <Time>2025-11-09T06:45:44Z</Time>
          <DistanceMeters>277.0</DistanceMeters>
          <HeartRateBpm>
            <Value>107</Value>
          </HeartRateBpm>
          <SensorState>Absent</SensorState>
        </Trackpoint>
        <Trackpoint>
          <Time>2025-11-09T06:45:46Z</Time>
          <DistanceMeters>277.0</DistanceMeters>
          <HeartRateBpm>
            <Value>108</Value>
          </HeartRateBpm>
          <SensorState>Absent</SensorState>
        </Trackpoint>
        <Trackpoint>
          <Time>2025-11-09T06:45:48Z</Time>
          <DistanceMeters>277.0</DistanceMeters>
          <HeartRateBpm>
            <Value>109</Value>
          </HeartRateBpm>
          <SensorState>Absent</SensorState>
        </Trackpoint>
        <Trackpoint>
          <Time>2025-11-09T06:45:49Z</Time>
          <DistanceMeters>277.0</DistanceMeters>
          <HeartRateBpm>
            <Value>110</Value>
          </HeartRateBpm>
          <SensorState>Absent</SensorState>
        </Trackpoint>
        <Trackpoint>
          <Time>2025-11-09T06:45:50Z</Time>
          <DistanceMeters>277.0</DistanceMeters>
          <HeartRateBpm>
            <Value>113</Value>
          </HeartRateBpm>
          <SensorState>Absent</SensorState>
        </Trackpoint>
        <Trackpoint>
          <Time>2025-11-09T06:45:53Z</Time>
          <DistanceMeters>277.0</DistanceMeters>
          <HeartRateBpm>
            <Value>112</Value>
          </HeartRateBpm>
          <SensorState>Absent</SensorState>
        </Trackpoint>
        <Trackpoint>
          <Time>2025-11-09T06:45:54Z</Time>
          <DistanceMeters>277.0</DistanceMeters>
          <HeartRateBpm>
            <Value>113</Value>
          </HeartRateBpm>
          <SensorState>Absent</SensorState>
        </Trackpoint>
        <Trackpoint>
          <Time>2025-11-09T06:45:56Z</Time>
          <DistanceMeters>277.0</DistanceMeters>
          <HeartRateBpm>
            <Value>114</Value>
          </HeartRateBpm>
          <SensorState>Absent</SensorState>
        </Trackpoint>
        <Trackpoint>
          <Time>2025-11-09T06:45:58Z</Time>
          <DistanceMeters>277.0</DistanceMeters>
          <HeartRateBpm>
            <Value>116</Value>
          </HeartRateBpm>
          <SensorState>Absent</SensorState>
        </Trackpoint>
        <Trackpoint>
          <Time>2025-11-09T06:45:59Z</Time>
          <DistanceMeters>277.0</DistanceMeters>
          <HeartRateBpm>
            <Value>117</Value>
          </HeartRateBpm>
          <SensorState>Absent</SensorState>
        </Trackpoint>
        <Trackpoint>
          <Time>2025-11-09T06:46:00Z</Time>
          <DistanceMeters>277.0</DistanceMeters>
          <HeartRateBpm>
            <Value>111</Value>
          </HeartRateBpm>
          <SensorState>Absent</SensorState>
        </Trackpoint>
        <Trackpoint>
          <Time>2025-11-09T06:46:01Z</Time>
          <DistanceMeters>277.0</DistanceMeters>
          <HeartRateBpm>
            <Value>119</Value>
          </HeartRateBpm>
          <SensorState>Absent</SensorState>
        </Trackpoint>
        <Trackpoint>
          <Time>2025-11-09T06:46:02Z</Time>
          <DistanceMeters>277.0</DistanceMeters>
          <HeartRateBpm>
            <Value>117</Value>
          </HeartRateBpm>
          <SensorState>Absent</SensorState>
        </Trackpoint>
        <Trackpoint>
          <Time>2025-11-09T06:46:03Z</Time>
          <DistanceMeters>277.0</DistanceMeters>
          <HeartRateBpm>
            <Value>116</Value>
          </HeartRateBpm>
          <SensorState>Absent</SensorState>
        </Trackpoint>
        <Trackpoint>
          <Time>2025-11-09T06:46:04Z</Time>
          <DistanceMeters>277.0</DistanceMeters>
          <HeartRateBpm>
            <Value>115</Value>
          </HeartRateBpm>
          <SensorState>Absent</SensorState>
        </Trackpoint>
        <Trackpoint>
          <Time>2025-11-09T06:46:06Z</Time>
          <DistanceMeters>277.0</DistanceMeters>
          <HeartRateBpm>
            <Value>114</Value>
          </HeartRateBpm>
          <SensorState>Absent</SensorState>
        </Trackpoint>
        <Trackpoint>
          <Time>2025-11-09T06:46:07Z</Time>
          <DistanceMeters>277.0</DistanceMeters>
          <HeartRateBpm>
            <Value>113</Value>
          </HeartRateBpm>
          <SensorState>Absent</SensorState>
        </Trackpoint>
        <Trackpoint>
          <Time>2025-11-09T06:46:11Z</Time>
          <DistanceMeters>277.0</DistanceMeters>
          <HeartRateBpm>
            <Value>115</Value>
          </HeartRateBpm>
          <SensorState>Absent</SensorState>
        </Trackpoint>
        <Trackpoint>
          <Time>2025-11-09T06:46:12Z</Time>
          <DistanceMeters>277.0</DistanceMeters>
          <HeartRateBpm>
            <Value>116</Value>
          </HeartRateBpm>
          <SensorState>Absent</SensorState>
        </Trackpoint>
        <Trackpoint>
          <Time>2025-11-09T06:46:14Z</Time>
          <DistanceMeters>277.0</DistanceMeters>
          <HeartRateBpm>
            <Value>117</Value>
          </HeartRateBpm>
          <SensorState>Absent</SensorState>
        </Trackpoint>
        <Trackpoint>
          <Time>2025-11-09T06:46:18Z</Time>
          <DistanceMeters>277.0</DistanceMeters>
          <HeartRateBpm>
            <Value>117</Value>
          </HeartRateBpm>
          <SensorState>Absent</SensorState>
        </Trackpoint>
        <Trackpoint>
          <Time>2025-11-09T06:46:19Z</Time>
          <DistanceMeters>277.0</DistanceMeters>
          <HeartRateBpm>
            <Value>112</Value>
          </HeartRateBpm>
          <SensorState>Absent</SensorState>
        </Trackpoint>
        <Trackpoint>
          <Time>2025-11-09T06:46:24Z</Time>
          <DistanceMeters>277.0</DistanceMeters>
          <HeartRateBpm>
            <Value>112</Value>
          </HeartRateBpm>
          <SensorState>Absent</SensorState>
        </Trackpoint>
        <Trackpoint>
          <Time>2025-11-09T06:46:26Z</Time>
          <DistanceMeters>277.0</DistanceMeters>
          <HeartRateBpm>
            <Value>111</Value>
          </HeartRateBpm>
          <SensorState>Absent</SensorState>
        </Trackpoint>
        <Trackpoint>
          <Time>2025-11-09T06:46:29Z</Time>
          <DistanceMeters>277.0</DistanceMeters>
          <HeartRateBpm>
            <Value>112</Value>
          </HeartRateBpm>
          <SensorState>Absent</SensorState>
        </Trackpoint>
        <Trackpoint>
          <Time>2025-11-09T06:46:31Z</Time>
          <DistanceMeters>277.0</DistanceMeters>
          <HeartRateBpm>
            <Value>113</Value>
          </HeartRateBpm>
          <SensorState>Absent</SensorState>
        </Trackpoint>
        <Trackpoint>
          <Time>2025-11-09T06:46:32Z</Time>
          <DistanceMeters>277.0</DistanceMeters>
          <HeartRateBpm>
            <Value>114</Value>
          </HeartRateBpm>
          <SensorState>Absent</SensorState>
        </Trackpoint>
        <Trackpoint>
          <Time>2025-11-09T06:46:36Z</Time>
          <DistanceMeters>277.0</DistanceMeters>
          <HeartRateBpm>
            <Value>115</Value>
          </HeartRateBpm>
          <SensorState>Absent</SensorState>
        </Trackpoint>
        <Trackpoint>
          <Time>2025-11-09T06:46:37Z</Time>
          <DistanceMeters>277.0</DistanceMeters>
          <HeartRateBpm>
            <Value>114</Value>
          </HeartRateBpm>
          <SensorState>Absent</SensorState>
        </Trackpoint>
        <Trackpoint>
          <Time>2025-11-09T06:46:40Z</Time>
          <DistanceMeters>277.0</DistanceMeters>
          <HeartRateBpm>
            <Value>115</Value>
          </HeartRateBpm>
          <SensorState>Absent</SensorState>
        </Trackpoint>
        <Trackpoint>
          <Time>2025-11-09T06:46:41Z</Time>
          <DistanceMeters>288.0</DistanceMeters>
          <HeartRateBpm>
            <Value>114</Value>
          </HeartRateBpm>
          <SensorState>Absent</SensorState>
        </Trackpoint>
        <Trackpoint>
          <Time>2025-11-09T06:46:42Z</Time>
          <DistanceMeters>288.0</DistanceMeters>
          <HeartRateBpm>
            <Value>116</Value>
          </HeartRateBpm>
          <SensorState>Absent</SensorState>
        </Trackpoint>
        <Trackpoint>
          <Time>2025-11-09T06:46:44Z</Time>
          <DistanceMeters>288.0</DistanceMeters>
          <HeartRateBpm>
            <Value>115</Value>
          </HeartRateBpm>
          <SensorState>Absent</SensorState>
        </Trackpoint>
        <Trackpoint>
          <Time>2025-11-09T06:46:45Z</Time>
          <DistanceMeters>288.0</DistanceMeters>
          <HeartRateBpm>
            <Value>114</Value>
          </HeartRateBpm>
          <SensorState>Absent</SensorState>
        </Trackpoint>
        <Trackpoint>
          <Time>2025-11-09T06:46:46Z</Time>
          <DistanceMeters>288.0</DistanceMeters>
          <HeartRateBpm>
            <Value>113</Value>
          </HeartRateBpm>
          <SensorState>Absent</SensorState>
        </Trackpoint>
        <Trackpoint>
          <Time>2025-11-09T06:46:49Z</Time>
          <DistanceMeters>288.0</DistanceMeters>
          <HeartRateBpm>
            <Value>112</Value>
          </HeartRateBpm>
          <SensorState>Absent</SensorState>
        </Trackpoint>
        <Trackpoint>
          <Time>2025-11-09T06:46:50Z</Time>
          <DistanceMeters>288.0</DistanceMeters>
          <HeartRateBpm>
            <Value>110</Value>
          </HeartRateBpm>
          <SensorState>Absent</SensorState>
        </Trackpoint>
        <Trackpoint>
          <Time>2025-11-09T06:46:51Z</Time>
          <DistanceMeters>288.0</DistanceMeters>
          <HeartRateBpm>
            <Value>107</Value>
          </HeartRateBpm>
          <SensorState>Absent</SensorState>
        </Trackpoint>
        <Trackpoint>
          <Time>2025-11-09T06:46:52Z</Time>
          <DistanceMeters>288.0</DistanceMeters>
          <HeartRateBpm>
            <Value>103</Value>
          </HeartRateBpm>
          <SensorState>Absent</SensorState>
        </Trackpoint>
        <Trackpoint>
          <Time>2025-11-09T06:46:54Z</Time>
          <DistanceMeters>288.0</DistanceMeters>
          <HeartRateBpm>
            <Value>99</Value>
          </HeartRateBpm>
          <SensorState>Absent</SensorState>
        </Trackpoint>
        <Trackpoint>
          <Time>2025-11-09T06:46:55Z</Time>
          <DistanceMeters>288.0</DistanceMeters>
          <HeartRateBpm>
            <Value>96</Value>
          </HeartRateBpm>
          <SensorState>Absent</SensorState>
        </Trackpoint>
        <Trackpoint>
          <Time>2025-11-09T06:46:56Z</Time>
          <DistanceMeters>288.0</DistanceMeters>
          <HeartRateBpm>
            <Value>95</Value>
          </HeartRateBpm>
          <SensorState>Absent</SensorState>
        </Trackpoint>
        <Trackpoint>
          <Time>2025-11-09T06:46:58Z</Time>
          <DistanceMeters>288.0</DistanceMeters>
          <HeartRateBpm>
            <Value>91</Value>
          </HeartRateBpm>
          <SensorState>Absent</SensorState>
        </Trackpoint>
        <Trackpoint>
          <Time>2025-11-09T06:46:59Z</Time>
          <DistanceMeters>288.0</DistanceMeters>
          <HeartRateBpm>
            <Value>90</Value>
          </HeartRateBpm>
          <SensorState>Absent</SensorState>
        </Trackpoint>
        <Trackpoint>
          <Time>2025-11-09T06:47:00Z</Time>
          <DistanceMeters>288.0</DistanceMeters>
          <HeartRateBpm>
            <Value>102</Value>
          </HeartRateBpm>
          <SensorState>Absent</SensorState>
        </Trackpoint>
        <Trackpoint>
          <Time>2025-11-09T06:47:00Z</Time>
          <DistanceMeters>288.0</DistanceMeters>
          <HeartRateBpm>
            <Value>88</Value>
          </HeartRateBpm>
          <SensorState>Absent</SensorState>
        </Trackpoint>
        <Trackpoint>
          <Time>2025-11-09T06:47:04Z</Time>
          <DistanceMeters>288.0</DistanceMeters>
          <HeartRateBpm>
            <Value>89</Value>
          </HeartRateBpm>
          <SensorState>Absent</SensorState>
        </Trackpoint>
        <Trackpoint>
          <Time>2025-11-09T06:47:10Z</Time>
          <DistanceMeters>288.0</DistanceMeters>
          <HeartRateBpm>
            <Value>89</Value>
          </HeartRateBpm>
          <SensorState>Absent</SensorState>
        </Trackpoint>
        <Trackpoint>
          <Time>2025-11-09T06:47:11Z</Time>
          <DistanceMeters>288.0</DistanceMeters>
          <HeartRateBpm>
            <Value>90</Value>
          </HeartRateBpm>
          <SensorState>Absent</SensorState>
        </Trackpoint>
        <Trackpoint>
          <Time>2025-11-09T06:47:12Z</Time>
          <DistanceMeters>288.0</DistanceMeters>
          <HeartRateBpm>
            <Value>91</Value>
          </HeartRateBpm>
          <SensorState>Absent</SensorState>
        </Trackpoint>
        <Trackpoint>
          <Time>2025-11-09T06:47:13Z</Time>
          <DistanceMeters>288.0</DistanceMeters>
          <HeartRateBpm>
            <Value>92</Value>
          </HeartRateBpm>
          <SensorState>Absent</SensorState>
        </Trackpoint>
        <Trackpoint>
          <Time>2025-11-09T06:47:15Z</Time>
          <DistanceMeters>288.0</DistanceMeters>
          <HeartRateBpm>
            <Value>91</Value>
          </HeartRateBpm>
          <SensorState>Absent</SensorState>
        </Trackpoint>
        <Trackpoint>
          <Time>2025-11-09T06:47:16Z</Time>
          <DistanceMeters>288.0</DistanceMeters>
          <HeartRateBpm>
            <Value>90</Value>
          </HeartRateBpm>
          <SensorState>Absent</SensorState>
        </Trackpoint>
        <Trackpoint>
          <Time>2025-11-09T06:47:17Z</Time>
          <DistanceMeters>288.0</DistanceMeters>
          <HeartRateBpm>
            <Value>94</Value>
          </HeartRateBpm>
          <SensorState>Absent</SensorState>
        </Trackpoint>
        <Trackpoint>
          <Time>2025-11-09T06:47:18Z</Time>
          <DistanceMeters>288.0</DistanceMeters>
          <HeartRateBpm>
            <Value>95</Value>
          </HeartRateBpm>
          <SensorState>Absent</SensorState>
        </Trackpoint>
        <Trackpoint>
          <Time>2025-11-09T06:47:21Z</Time>
          <DistanceMeters>288.0</DistanceMeters>
          <HeartRateBpm>
            <Value>93</Value>
          </HeartRateBpm>
          <SensorState>Absent</SensorState>
        </Trackpoint>
        <Trackpoint>
          <Time>2025-11-09T06:47:25Z</Time>
          <DistanceMeters>288.0</DistanceMeters>
          <HeartRateBpm>
            <Value>94</Value>
          </HeartRateBpm>
          <SensorState>Absent</SensorState>
        </Trackpoint>
        <Trackpoint>
          <Time>2025-11-09T06:47:29Z</Time>
          <DistanceMeters>288.0</DistanceMeters>
          <HeartRateBpm>
            <Value>93</Value>
          </HeartRateBpm>
          <SensorState>Absent</SensorState>
        </Trackpoint>
        <Trackpoint>
          <Time>2025-11-09T06:47:32Z</Time>
          <DistanceMeters>288.0</DistanceMeters>
          <HeartRateBpm>
            <Value>95</Value>
          </HeartRateBpm>
          <SensorState>Absent</SensorState>
        </Trackpoint>
        <Trackpoint>
          <Time>2025-11-09T06:47:33Z</Time>
          <DistanceMeters>288.0</DistanceMeters>
          <HeartRateBpm>
            <Value>97</Value>
          </HeartRateBpm>
          <SensorState>Absent</SensorState>
        </Trackpoint>
        <Trackpoint>
          <Time>2025-11-09T06:47:34Z</Time>
          <DistanceMeters>288.0</DistanceMeters>
          <HeartRateBpm>
            <Value>103</Value>
          </HeartRateBpm>
          <SensorState>Absent</SensorState>
        </Trackpoint>
        <Trackpoint>
          <Time>2025-11-09T06:47:35Z</Time>
          <DistanceMeters>288.0</DistanceMeters>
          <HeartRateBpm>
            <Value>106</Value>
          </HeartRateBpm>
          <SensorState>Absent</SensorState>
        </Trackpoint>
        <Trackpoint>
          <Time>2025-11-09T06:47:38Z</Time>
          <DistanceMeters>288.0</DistanceMeters>
          <HeartRateBpm>
            <Value>107</Value>
          </HeartRateBpm>
          <SensorState>Absent</SensorState>
        </Trackpoint>
        <Trackpoint>
          <Time>2025-11-09T06:47:40Z</Time>
          <DistanceMeters>288.0</DistanceMeters>
          <HeartRateBpm>
            <Value>108</Value>
          </HeartRateBpm>
          <SensorState>Absent</SensorState>
        </Trackpoint>
        <Trackpoint>
          <Time>2025-11-09T06:47:43Z</Time>
          <DistanceMeters>299.0</DistanceMeters>
          <HeartRateBpm>
            <Value>109</Value>
          </HeartRateBpm>
          <SensorState>Absent</SensorState>
        </Trackpoint>
        <Trackpoint>
          <Time>2025-11-09T06:47:44Z</Time>
          <DistanceMeters>299.0</DistanceMeters>
          <HeartRateBpm>
            <Value>112</Value>
          </HeartRateBpm>
          <SensorState>Absent</SensorState>
        </Trackpoint>
        <Trackpoint>
          <Time>2025-11-09T06:47:46Z</Time>
          <DistanceMeters>299.0</DistanceMeters>
          <HeartRateBpm>
            <Value>114</Value>
          </HeartRateBpm>
          <SensorState>Absent</SensorState>
        </Trackpoint>
        <Trackpoint>
          <Time>2025-11-09T06:47:47Z</Time>
          <DistanceMeters>299.0</DistanceMeters>
          <HeartRateBpm>
            <Value>118</Value>
          </HeartRateBpm>
          <SensorState>Absent</SensorState>
        </Trackpoint>
        <Trackpoint>
          <Time>2025-11-09T06:47:48Z</Time>
          <DistanceMeters>299.0</DistanceMeters>
          <HeartRateBpm>
            <Value>123</Value>
          </HeartRateBpm>
          <SensorState>Absent</SensorState>
        </Trackpoint>
        <Trackpoint>
          <Time>2025-11-09T06:47:50Z</Time>
          <DistanceMeters>299.0</DistanceMeters>
          <HeartRateBpm>
            <Value>126</Value>
          </HeartRateBpm>
          <SensorState>Absent</SensorState>
        </Trackpoint>
        <Trackpoint>
          <Time>2025-11-09T06:47:51Z</Time>
          <DistanceMeters>299.0</DistanceMeters>
          <HeartRateBpm>
            <Value>128</Value>
          </HeartRateBpm>
          <SensorState>Absent</SensorState>
        </Trackpoint>
        <Trackpoint>
          <Time>2025-11-09T06:47:52Z</Time>
          <DistanceMeters>299.0</DistanceMeters>
          <HeartRateBpm>
            <Value>127</Value>
          </HeartRateBpm>
          <SensorState>Absent</SensorState>
        </Trackpoint>
        <Trackpoint>
          <Time>2025-11-09T06:47:58Z</Time>
          <DistanceMeters>299.0</DistanceMeters>
          <HeartRateBpm>
            <Value>127</Value>
          </HeartRateBpm>
          <SensorState>Absent</SensorState>
        </Trackpoint>
        <Trackpoint>
          <Time>2025-11-09T06:48:00Z</Time>
          <DistanceMeters>299.0</DistanceMeters>
          <HeartRateBpm>
            <Value>126</Value>
          </HeartRateBpm>
          <Cadence><Value>42</Value></Cadence>
          <SensorState>Absent</SensorState>
        </Trackpoint>
        <Trackpoint>
          <Time>2025-11-09T06:48:01Z</Time>
          <DistanceMeters>299.0</DistanceMeters>
          <HeartRateBpm>
            <Value>128</Value>
          </HeartRateBpm>
          <Cadence><Value>42</Value></Cadence>
          <SensorState>Absent</SensorState>
        </Trackpoint>
        <Trackpoint>
          <Time>2025-11-09T06:48:05Z</Time>
          <DistanceMeters>299.0</DistanceMeters>
          <HeartRateBpm>
            <Value>129</Value>
          </HeartRateBpm>
          <Cadence><Value>42</Value></Cadence>
          <SensorState>Absent</SensorState>
        </Trackpoint>
        <Trackpoint>
          <Time>2025-11-09T06:48:08Z</Time>
          <DistanceMeters>299.0</DistanceMeters>
          <HeartRateBpm>
            <Value>130</Value>
          </HeartRateBpm>
          <Cadence><Value>42</Value></Cadence>
          <SensorState>Absent</SensorState>
        </Trackpoint>
        <Trackpoint>
          <Time>2025-11-09T06:48:10Z</Time>
          <DistanceMeters>299.0</DistanceMeters>
          <HeartRateBpm>
            <Value>132</Value>
          </HeartRateBpm>
          <Cadence><Value>42</Value></Cadence>
          <SensorState>Absent</SensorState>
        </Trackpoint>
        <Trackpoint>
          <Time>2025-11-09T06:48:12Z</Time>
          <DistanceMeters>299.0</DistanceMeters>
          <HeartRateBpm>
            <Value>134</Value>
          </HeartRateBpm>
          <Cadence><Value>42</Value></Cadence>
          <SensorState>Absent</SensorState>
        </Trackpoint>
        <Trackpoint>
          <Time>2025-11-09T06:48:13Z</Time>
          <DistanceMeters>299.0</DistanceMeters>
          <HeartRateBpm>
            <Value>135</Value>
          </HeartRateBpm>
          <Cadence><Value>42</Value></Cadence>
          <SensorState>Absent</SensorState>
        </Trackpoint>
        <Trackpoint>
          <Time>2025-11-09T06:48:14Z</Time>
          <DistanceMeters>299.0</DistanceMeters>
          <HeartRateBpm>
            <Value>133</Value>
          </HeartRateBpm>
          <Cadence><Value>42</Value></Cadence>
          <SensorState>Absent</SensorState>
        </Trackpoint>
        <Trackpoint>
          <Time>2025-11-09T06:48:18Z</Time>
          <DistanceMeters>299.0</DistanceMeters>
          <HeartRateBpm>
            <Value>134</Value>
          </HeartRateBpm>
          <Cadence><Value>42</Value></Cadence>
          <SensorState>Absent</SensorState>
        </Trackpoint>
        <Trackpoint>
          <Time>2025-11-09T06:48:20Z</Time>
          <DistanceMeters>299.0</DistanceMeters>
          <HeartRateBpm>
            <Value>133</Value>
          </HeartRateBpm>
          <Cadence><Value>42</Value></Cadence>
          <SensorState>Absent</SensorState>
        </Trackpoint>
        <Trackpoint>
          <Time>2025-11-09T06:48:21Z</Time>
          <DistanceMeters>299.0</DistanceMeters>
          <HeartRateBpm>
            <Value>132</Value>
          </HeartRateBpm>
          <Cadence><Value>42</Value></Cadence>
          <SensorState>Absent</SensorState>
        </Trackpoint>
        <Trackpoint>
          <Time>2025-11-09T06:48:22Z</Time>
          <DistanceMeters>299.0</DistanceMeters>
          <HeartRateBpm>
            <Value>128</Value>
          </HeartRateBpm>
          <Cadence><Value>42</Value></Cadence>
          <SensorState>Absent</SensorState>
        </Trackpoint>
        <Trackpoint>
          <Time>2025-11-09T06:48:25Z</Time>
          <DistanceMeters>299.0</DistanceMeters>
          <HeartRateBpm>
            <Value>127</Value>
          </HeartRateBpm>
          <Cadence><Value>42</Value></Cadence>
          <SensorState>Absent</SensorState>
        </Trackpoint>
        <Trackpoint>
          <Time>2025-11-09T06:48:26Z</Time>
          <DistanceMeters>299.0</DistanceMeters>
          <HeartRateBpm>
            <Value>125</Value>
          </HeartRateBpm>
          <Cadence><Value>42</Value></Cadence>
          <SensorState>Absent</SensorState>
        </Trackpoint>
        <Trackpoint>
          <Time>2025-11-09T06:48:27Z</Time>
          <DistanceMeters>299.0</DistanceMeters>
          <HeartRateBpm>
            <Value>123</Value>
          </HeartRateBpm>
          <Cadence><Value>42</Value></Cadence>
          <SensorState>Absent</SensorState>
        </Trackpoint>
        <Trackpoint>
          <Time>2025-11-09T06:48:30Z</Time>
          <DistanceMeters>299.0</DistanceMeters>
          <HeartRateBpm>
            <Value>122</Value>
          </HeartRateBpm>
          <Cadence><Value>42</Value></Cadence>
          <SensorState>Absent</SensorState>
        </Trackpoint>
        <Trackpoint>
          <Time>2025-11-09T06:48:31Z</Time>
          <DistanceMeters>299.0</DistanceMeters>
          <HeartRateBpm>
            <Value>120</Value>
          </HeartRateBpm>
          <Cadence><Value>42</Value></Cadence>
          <SensorState>Absent</SensorState>
        </Trackpoint>
        <Trackpoint>
          <Time>2025-11-09T06:48:32Z</Time>
          <DistanceMeters>299.0</DistanceMeters>
          <HeartRateBpm>
            <Value>118</Value>
          </HeartRateBpm>
          <Cadence><Value>42</Value></Cadence>
          <SensorState>Absent</SensorState>
        </Trackpoint>
        <Trackpoint>
          <Time>2025-11-09T06:48:34Z</Time>
          <DistanceMeters>299.0</DistanceMeters>
          <HeartRateBpm>
            <Value>117</Value>
          </HeartRateBpm>
          <Cadence><Value>42</Value></Cadence>
          <SensorState>Absent</SensorState>
        </Trackpoint>
        <Trackpoint>
          <Time>2025-11-09T06:48:35Z</Time>
          <DistanceMeters>299.0</DistanceMeters>
          <HeartRateBpm>
            <Value>121</Value>
          </HeartRateBpm>
          <Cadence><Value>42</Value></Cadence>
          <SensorState>Absent</SensorState>
        </Trackpoint>
        <Trackpoint>
          <Time>2025-11-09T06:48:36Z</Time>
          <DistanceMeters>299.0</DistanceMeters>
          <HeartRateBpm>
            <Value>122</Value>
          </HeartRateBpm>
          <Cadence><Value>42</Value></Cadence>
          <SensorState>Absent</SensorState>
        </Trackpoint>
        <Trackpoint>
          <Time>2025-11-09T06:48:38Z</Time>
          <DistanceMeters>299.0</DistanceMeters>
          <HeartRateBpm>
            <Value>123</Value>
          </HeartRateBpm>
          <Cadence><Value>42</Value></Cadence>
          <SensorState>Absent</SensorState>
        </Trackpoint>
        <Trackpoint>
          <Time>2025-11-09T06:48:39Z</Time>
          <DistanceMeters>299.0</DistanceMeters>
          <HeartRateBpm>
            <Value>124</Value>
          </HeartRateBpm>
          <Cadence><Value>42</Value></Cadence>
          <SensorState>Absent</SensorState>
        </Trackpoint>
        <Trackpoint>
          <Time>2025-11-09T06:48:40Z</Time>
          <DistanceMeters>299.0</DistanceMeters>
          <HeartRateBpm>
            <Value>126</Value>
          </HeartRateBpm>
          <Cadence><Value>42</Value></Cadence>
          <SensorState>Absent</SensorState>
        </Trackpoint>
        <Trackpoint>
          <Time>2025-11-09T06:48:42Z</Time>
          <DistanceMeters>311.0</DistanceMeters>
          <HeartRateBpm>
            <Value>127</Value>
          </HeartRateBpm>
          <Cadence><Value>42</Value></Cadence>
          <SensorState>Absent</SensorState>
        </Trackpoint>
        <Trackpoint>
          <Time>2025-11-09T06:48:43Z</Time>
          <DistanceMeters>311.0</DistanceMeters>
          <HeartRateBpm>
            <Value>126</Value>
          </HeartRateBpm>
          <Cadence><Value>42</Value></Cadence>
          <SensorState>Absent</SensorState>
        </Trackpoint>
        <Trackpoint>
          <Time>2025-11-09T06:48:44Z</Time>
          <DistanceMeters>311.0</DistanceMeters>
          <HeartRateBpm>
            <Value>124</Value>
          </HeartRateBpm>
          <Cadence><Value>42</Value></Cadence>
          <SensorState>Absent</SensorState>
        </Trackpoint>
        <Trackpoint>
          <Time>2025-11-09T06:48:46Z</Time>
          <DistanceMeters>311.0</DistanceMeters>
          <HeartRateBpm>
            <Value>125</Value>
          </HeartRateBpm>
          <Cadence><Value>42</Value></Cadence>
          <SensorState>Absent</SensorState>
        </Trackpoint>
        <Trackpoint>
          <Time>2025-11-09T06:48:47Z</Time>
          <DistanceMeters>311.0</DistanceMeters>
          <HeartRateBpm>
            <Value>126</Value>
          </HeartRateBpm>
          <Cadence><Value>42</Value></Cadence>
          <SensorState>Absent</SensorState>
        </Trackpoint>
        <Trackpoint>
          <Time>2025-11-09T06:48:48Z</Time>
          <DistanceMeters>311.0</DistanceMeters>
          <HeartRateBpm>
            <Value>125</Value>
          </HeartRateBpm>
          <Cadence><Value>42</Value></Cadence>
          <SensorState>Absent</SensorState>
        </Trackpoint>
        <Trackpoint>
          <Time>2025-11-09T06:48:49Z</Time>
          <DistanceMeters>311.0</DistanceMeters>
          <HeartRateBpm>
            <Value>126</Value>
          </HeartRateBpm>
          <Cadence><Value>42</Value></Cadence>
          <SensorState>Absent</SensorState>
        </Trackpoint>
        <Trackpoint>
          <Time>2025-11-09T06:48:54Z</Time>
          <DistanceMeters>311.0</DistanceMeters>
          <HeartRateBpm>
            <Value>126</Value>
          </HeartRateBpm>
          <Cadence><Value>42</Value></Cadence>
          <SensorState>Absent</SensorState>
        </Trackpoint>
        <Trackpoint>
          <Time>2025-11-09T06:48:57Z</Time>
          <DistanceMeters>311.0</DistanceMeters>
          <HeartRateBpm>
            <Value>125</Value>
          </HeartRateBpm>
          <Cadence><Value>42</Value></Cadence>
          <SensorState>Absent</SensorState>
        </Trackpoint>
        <Trackpoint>
          <Time>2025-11-09T06:49:00Z</Time>
          <DistanceMeters>311.0</DistanceMeters>
          <HeartRateBpm>
            <Value>122</Value>
          </HeartRateBpm>
          <SensorState>Absent</SensorState>
        </Trackpoint>
        <Trackpoint>
          <Time>2025-11-09T06:49:01Z</Time>
          <DistanceMeters>311.0</DistanceMeters>
          <HeartRateBpm>
            <Value>126</Value>
          </HeartRateBpm>
          <SensorState>Absent</SensorState>
        </Trackpoint>
        <Trackpoint>
          <Time>2025-11-09T06:49:02Z</Time>
          <DistanceMeters>311.0</DistanceMeters>
          <HeartRateBpm>
            <Value>127</Value>
          </HeartRateBpm>
          <SensorState>Absent</SensorState>
        </Trackpoint>
        <Trackpoint>
          <Time>2025-11-09T06:49:06Z</Time>
          <DistanceMeters>311.0</DistanceMeters>
          <HeartRateBpm>
            <Value>129</Value>
          </HeartRateBpm>
          <SensorState>Absent</SensorState>
        </Trackpoint>
        <Trackpoint>
          <Time>2025-11-09T06:49:08Z</Time>
          <DistanceMeters>311.0</DistanceMeters>
          <HeartRateBpm>
            <Value>127</Value>
          </HeartRateBpm>
          <SensorState>Absent</SensorState>
        </Trackpoint>
        <Trackpoint>
          <Time>2025-11-09T06:49:09Z</Time>
          <DistanceMeters>311.0</DistanceMeters>
          <HeartRateBpm>
            <Value>124</Value>
          </HeartRateBpm>
          <SensorState>Absent</SensorState>
        </Trackpoint>
        <Trackpoint>
          <Time>2025-11-09T06:49:10Z</Time>
          <DistanceMeters>311.0</DistanceMeters>
          <HeartRateBpm>
            <Value>123</Value>
          </HeartRateBpm>
          <SensorState>Absent</SensorState>
        </Trackpoint>
        <Trackpoint>
          <Time>2025-11-09T06:49:12Z</Time>
          <DistanceMeters>311.0</DistanceMeters>
          <HeartRateBpm>
            <Value>122</Value>
          </HeartRateBpm>
          <SensorState>Absent</SensorState>
        </Trackpoint>
        <Trackpoint>
          <Time>2025-11-09T06:49:13Z</Time>
          <DistanceMeters>311.0</DistanceMeters>
          <HeartRateBpm>
            <Value>121</Value>
          </HeartRateBpm>
          <SensorState>Absent</SensorState>
        </Trackpoint>
        <Trackpoint>
          <Time>2025-11-09T06:49:14Z</Time>
          <DistanceMeters>311.0</DistanceMeters>
          <HeartRateBpm>
            <Value>122</Value>
          </HeartRateBpm>
          <SensorState>Absent</SensorState>
        </Trackpoint>
        <Trackpoint>
          <Time>2025-11-09T06:49:15Z</Time>
          <DistanceMeters>311.0</DistanceMeters>
          <HeartRateBpm>
            <Value>121</Value>
          </HeartRateBpm>
          <SensorState>Absent</SensorState>
        </Trackpoint>
        <Trackpoint>
          <Time>2025-11-09T06:49:20Z</Time>
          <DistanceMeters>311.0</DistanceMeters>
          <HeartRateBpm>
            <Value>121</Value>
          </HeartRateBpm>
          <SensorState>Absent</SensorState>
        </Trackpoint>
        <Trackpoint>
          <Time>2025-11-09T06:49:23Z</Time>
          <DistanceMeters>311.0</DistanceMeters>
          <HeartRateBpm>
            <Value>122</Value>
          </HeartRateBpm>
          <SensorState>Absent</SensorState>
        </Trackpoint>
        <Trackpoint>
          <Time>2025-11-09T06:49:28Z</Time>
          <DistanceMeters>311.0</DistanceMeters>
          <HeartRateBpm>
            <Value>122</Value>
          </HeartRateBpm>
          <SensorState>Absent</SensorState>
        </Trackpoint>
        <Trackpoint>
          <Time>2025-11-09T06:49:31Z</Time>
          <DistanceMeters>311.0</DistanceMeters>
          <HeartRateBpm>
            <Value>123</Value>
          </HeartRateBpm>
          <SensorState>Absent</SensorState>
        </Trackpoint>
        <Trackpoint>
          <Time>2025-11-09T06:49:34Z</Time>
          <DistanceMeters>311.0</DistanceMeters>
          <HeartRateBpm>
            <Value>121</Value>
          </HeartRateBpm>
          <SensorState>Absent</SensorState>
        </Trackpoint>
        <Trackpoint>
          <Time>2025-11-09T06:49:35Z</Time>
          <DistanceMeters>311.0</DistanceMeters>
          <HeartRateBpm>
            <Value>119</Value>
          </HeartRateBpm>
          <SensorState>Absent</SensorState>
        </Trackpoint>
        <Trackpoint>
          <Time>2025-11-09T06:49:39Z</Time>
          <DistanceMeters>311.0</DistanceMeters>
          <HeartRateBpm>
            <Value>120</Value>
          </HeartRateBpm>
          <SensorState>Absent</SensorState>
        </Trackpoint>
        <Trackpoint>
          <Time>2025-11-09T06:49:40Z</Time>
          <DistanceMeters>311.0</DistanceMeters>
          <HeartRateBpm>
            <Value>121</Value>
          </HeartRateBpm>
          <SensorState>Absent</SensorState>
        </Trackpoint>
        <Trackpoint>
          <Time>2025-11-09T06:49:41Z</Time>
          <DistanceMeters>321.0</DistanceMeters>
          <HeartRateBpm>
            <Value>124</Value>
          </HeartRateBpm>
          <SensorState>Absent</SensorState>
        </Trackpoint>
        <Trackpoint>
          <Time>2025-11-09T06:49:45Z</Time>
          <DistanceMeters>321.0</DistanceMeters>
          <HeartRateBpm>
            <Value>123</Value>
          </HeartRateBpm>
          <SensorState>Absent</SensorState>
        </Trackpoint>
        <Trackpoint>
          <Time>2025-11-09T06:49:48Z</Time>
          <DistanceMeters>321.0</DistanceMeters>
          <HeartRateBpm>
            <Value>122</Value>
          </HeartRateBpm>
          <SensorState>Absent</SensorState>
        </Trackpoint>
        <Trackpoint>
          <Time>2025-11-09T06:49:50Z</Time>
          <DistanceMeters>321.0</DistanceMeters>
          <HeartRateBpm>
            <Value>121</Value>
          </HeartRateBpm>
          <SensorState>Absent</SensorState>
        </Trackpoint>
        <Trackpoint>
          <Time>2025-11-09T06:49:52Z</Time>
          <DistanceMeters>321.0</DistanceMeters>
          <HeartRateBpm>
            <Value>120</Value>
          </HeartRateBpm>
          <SensorState>Absent</SensorState>
        </Trackpoint>
        <Trackpoint>
          <Time>2025-11-09T06:49:57Z</Time>
          <DistanceMeters>321.0</DistanceMeters>
          <HeartRateBpm>
            <Value>121</Value>
          </HeartRateBpm>
          <SensorState>Absent</SensorState>
        </Trackpoint>
        <Trackpoint>
          <Time>2025-11-09T06:49:58Z</Time>
          <DistanceMeters>321.0</DistanceMeters>
          <HeartRateBpm>
            <Value>122</Value>
          </HeartRateBpm>
          <SensorState>Absent</SensorState>
        </Trackpoint>
        <Trackpoint>
          <Time>2025-11-09T06:50:00Z</Time>
          <DistanceMeters>321.0</DistanceMeters>
          <HeartRateBpm>
            <Value>131</Value>
          </HeartRateBpm>
          <SensorState>Absent</SensorState>
        </Trackpoint>
        <Trackpoint>
          <Time>2025-11-09T06:50:00Z</Time>
          <DistanceMeters>321.0</DistanceMeters>
          <HeartRateBpm>
            <Value>123</Value>
          </HeartRateBpm>
          <SensorState>Absent</SensorState>
        </Trackpoint>
        <Trackpoint>
          <Time>2025-11-09T06:50:01Z</Time>
          <DistanceMeters>321.0</DistanceMeters>
          <HeartRateBpm>
            <Value>124</Value>
          </HeartRateBpm>
          <SensorState>Absent</SensorState>
        </Trackpoint>
        <Trackpoint>
          <Time>2025-11-09T06:50:02Z</Time>
          <DistanceMeters>321.0</DistanceMeters>
          <HeartRateBpm>
            <Value>125</Value>
          </HeartRateBpm>
          <SensorState>Absent</SensorState>
        </Trackpoint>
        <Trackpoint>
          <Time>2025-11-09T06:50:07Z</Time>
          <DistanceMeters>321.0</DistanceMeters>
          <HeartRateBpm>
            <Value>126</Value>
          </HeartRateBpm>
          <SensorState>Absent</SensorState>
        </Trackpoint>
        <Trackpoint>
          <Time>2025-11-09T06:50:11Z</Time>
          <DistanceMeters>321.0</DistanceMeters>
          <HeartRateBpm>
            <Value>127</Value>
          </HeartRateBpm>
          <SensorState>Absent</SensorState>
        </Trackpoint>
        <Trackpoint>
          <Time>2025-11-09T06:50:12Z</Time>
          <DistanceMeters>321.0</DistanceMeters>
          <HeartRateBpm>
            <Value>128</Value>
          </HeartRateBpm>
          <SensorState>Absent</SensorState>
        </Trackpoint>
        <Trackpoint>
          <Time>2025-11-09T06:50:14Z</Time>
          <DistanceMeters>321.0</DistanceMeters>
          <HeartRateBpm>
            <Value>127</Value>
          </HeartRateBpm>
          <SensorState>Absent</SensorState>
        </Trackpoint>
        <Trackpoint>
          <Time>2025-11-09T06:50:15Z</Time>
          <DistanceMeters>321.0</DistanceMeters>
          <HeartRateBpm>
            <Value>126</Value>
          </HeartRateBpm>
          <SensorState>Absent</SensorState>
        </Trackpoint>
        <Trackpoint>
          <Time>2025-11-09T06:50:19Z</Time>
          <DistanceMeters>321.0</DistanceMeters>
          <HeartRateBpm>
            <Value>127</Value>
          </HeartRateBpm>
          <SensorState>Absent</SensorState>
        </Trackpoint>
        <Trackpoint>
          <Time>2025-11-09T06:50:20Z</Time>
          <DistanceMeters>321.0</DistanceMeters>
          <HeartRateBpm>
            <Value>128</Value>
          </HeartRateBpm>
          <SensorState>Absent</SensorState>
        </Trackpoint>
        <Trackpoint>
          <Time>2025-11-09T06:50:21Z</Time>
          <DistanceMeters>321.0</DistanceMeters>
          <HeartRateBpm>
            <Value>127</Value>
          </HeartRateBpm>
          <SensorState>Absent</SensorState>
        </Trackpoint>
        <Trackpoint>
          <Time>2025-11-09T06:50:24Z</Time>
          <DistanceMeters>321.0</DistanceMeters>
          <HeartRateBpm>
            <Value>126</Value>
          </HeartRateBpm>
          <SensorState>Absent</SensorState>
        </Trackpoint>
        <Trackpoint>
          <Time>2025-11-09T06:50:25Z</Time>
          <DistanceMeters>321.0</DistanceMeters>
          <HeartRateBpm>
            <Value>128</Value>
          </HeartRateBpm>
          <SensorState>Absent</SensorState>
        </Trackpoint>
        <Trackpoint>
          <Time>2025-11-09T06:50:27Z</Time>
          <DistanceMeters>321.0</DistanceMeters>
          <HeartRateBpm>
            <Value>127</Value>
          </HeartRateBpm>
          <SensorState>Absent</SensorState>
        </Trackpoint>
        <Trackpoint>
          <Time>2025-11-09T06:50:29Z</Time>
          <DistanceMeters>321.0</DistanceMeters>
          <HeartRateBpm>
            <Value>130</Value>
          </HeartRateBpm>
          <SensorState>Absent</SensorState>
        </Trackpoint>
        <Trackpoint>
          <Time>2025-11-09T06:50:32Z</Time>
          <DistanceMeters>321.0</DistanceMeters>
          <HeartRateBpm>
            <Value>129</Value>
          </HeartRateBpm>
          <SensorState>Absent</SensorState>
        </Trackpoint>
        <Trackpoint>
          <Time>2025-11-09T06:50:33Z</Time>
          <DistanceMeters>321.0</DistanceMeters>
          <HeartRateBpm>
            <Value>130</Value>
          </HeartRateBpm>
          <SensorState>Absent</SensorState>
        </Trackpoint>
        <Trackpoint>
          <Time>2025-11-09T06:50:34Z</Time>
          <DistanceMeters>321.0</DistanceMeters>
          <HeartRateBpm>
            <Value>137</Value>
          </HeartRateBpm>
          <SensorState>Absent</SensorState>
        </Trackpoint>
        <Trackpoint>
          <Time>2025-11-09T06:50:36Z</Time>
          <DistanceMeters>321.0</DistanceMeters>
          <HeartRateBpm>
            <Value>139</Value>
          </HeartRateBpm>
          <SensorState>Absent</SensorState>
        </Trackpoint>
        <Trackpoint>
          <Time>2025-11-09T06:50:37Z</Time>
          <DistanceMeters>321.0</DistanceMeters>
          <HeartRateBpm>
            <Value>141</Value>
          </HeartRateBpm>
          <SensorState>Absent</SensorState>
        </Trackpoint>
        <Trackpoint>
          <Time>2025-11-09T06:50:41Z</Time>
          <DistanceMeters>332.0</DistanceMeters>
          <HeartRateBpm>
            <Value>140</Value>
          </HeartRateBpm>
          <SensorState>Absent</SensorState>
        </Trackpoint>
        <Trackpoint>
          <Time>2025-11-09T06:50:42Z</Time>
          <DistanceMeters>332.0</DistanceMeters>
          <HeartRateBpm>
            <Value>138</Value>
          </HeartRateBpm>
          <SensorState>Absent</SensorState>
        </Trackpoint>
        <Trackpoint>
          <Time>2025-11-09T06:50:48Z</Time>
          <DistanceMeters>332.0</DistanceMeters>
          <HeartRateBpm>
            <Value>138</Value>
          </HeartRateBpm>
          <SensorState>Absent</SensorState>
        </Trackpoint>
        <Trackpoint>
          <Time>2025-11-09T06:50:49Z</Time>
          <DistanceMeters>332.0</DistanceMeters>
          <HeartRateBpm>
            <Value>137</Value>
          </HeartRateBpm>
          <SensorState>Absent</SensorState>
        </Trackpoint>
        <Trackpoint>
          <Time>2025-11-09T06:50:50Z</Time>
          <DistanceMeters>332.0</DistanceMeters>
          <HeartRateBpm>
            <Value>136</Value>
          </HeartRateBpm>
          <SensorState>Absent</SensorState>
        </Trackpoint>
        <Trackpoint>
          <Time>2025-11-09T06:50:51Z</Time>
          <DistanceMeters>332.0</DistanceMeters>
          <HeartRateBpm>
            <Value>134</Value>
          </HeartRateBpm>
          <SensorState>Absent</SensorState>
        </Trackpoint>
        <Trackpoint>
          <Time>2025-11-09T06:50:56Z</Time>
          <DistanceMeters>332.0</DistanceMeters>
          <HeartRateBpm>
            <Value>133</Value>
          </HeartRateBpm>
          <SensorState>Absent</SensorState>
        </Trackpoint>
        <Trackpoint>
          <Time>2025-11-09T06:50:58Z</Time>
          <DistanceMeters>332.0</DistanceMeters>
          <HeartRateBpm>
            <Value>130</Value>
          </HeartRateBpm>
          <SensorState>Absent</SensorState>
        </Trackpoint>
        <Trackpoint>
          <Time>2025-11-09T06:50:59Z</Time>
          <DistanceMeters>332.0</DistanceMeters>
          <HeartRateBpm>
            <Value>128</Value>
          </HeartRateBpm>
          <SensorState>Absent</SensorState>
        </Trackpoint>
        <Trackpoint>
          <Time>2025-11-09T06:51:00Z</Time>
          <DistanceMeters>332.0</DistanceMeters>
          <HeartRateBpm>
            <Value>125</Value>
          </HeartRateBpm>
          <Cadence><Value>47</Value></Cadence>
          <SensorState>Absent</SensorState>
        </Trackpoint>
        <Trackpoint>
          <Time>2025-11-09T06:51:04Z</Time>
          <DistanceMeters>332.0</DistanceMeters>
          <HeartRateBpm>
            <Value>128</Value>
          </HeartRateBpm>
          <Cadence><Value>47</Value></Cadence>
          <SensorState>Absent</SensorState>
        </Trackpoint>
        <Trackpoint>
          <Time>2025-11-09T06:51:08Z</Time>
          <DistanceMeters>332.0</DistanceMeters>
          <HeartRateBpm>
            <Value>127</Value>
          </HeartRateBpm>
          <Cadence><Value>47</Value></Cadence>
          <SensorState>Absent</SensorState>
        </Trackpoint>
        <Trackpoint>
          <Time>2025-11-09T06:51:10Z</Time>
          <DistanceMeters>332.0</DistanceMeters>
          <HeartRateBpm>
            <Value>126</Value>
          </HeartRateBpm>
          <Cadence><Value>47</Value></Cadence>
          <SensorState>Absent</SensorState>
        </Trackpoint>
        <Trackpoint>
          <Time>2025-11-09T06:51:11Z</Time>
          <DistanceMeters>332.0</DistanceMeters>
          <HeartRateBpm>
            <Value>125</Value>
          </HeartRateBpm>
          <Cadence><Value>47</Value></Cadence>
          <SensorState>Absent</SensorState>
        </Trackpoint>
        <Trackpoint>
          <Time>2025-11-09T06:51:12Z</Time>
          <DistanceMeters>332.0</DistanceMeters>
          <HeartRateBpm>
            <Value>124</Value>
          </HeartRateBpm>
          <Cadence><Value>47</Value></Cadence>
          <SensorState>Absent</SensorState>
        </Trackpoint>
        <Trackpoint>
          <Time>2025-11-09T06:51:14Z</Time>
          <DistanceMeters>332.0</DistanceMeters>
          <HeartRateBpm>
            <Value>122</Value>
          </HeartRateBpm>
          <Cadence><Value>47</Value></Cadence>
          <SensorState>Absent</SensorState>
        </Trackpoint>
        <Trackpoint>
          <Time>2025-11-09T06:51:16Z</Time>
          <DistanceMeters>332.0</DistanceMeters>
          <HeartRateBpm>
            <Value>123</Value>
          </HeartRateBpm>
          <Cadence><Value>47</Value></Cadence>
          <SensorState>Absent</SensorState>
        </Trackpoint>
        <Trackpoint>
          <Time>2025-11-09T06:51:21Z</Time>
          <DistanceMeters>332.0</DistanceMeters>
          <HeartRateBpm>
            <Value>124</Value>
          </HeartRateBpm>
          <Cadence><Value>47</Value></Cadence>
          <SensorState>Absent</SensorState>
        </Trackpoint>
        <Trackpoint>
          <Time>2025-11-09T06:51:23Z</Time>
          <DistanceMeters>332.0</DistanceMeters>
          <HeartRateBpm>
            <Value>125</Value>
          </HeartRateBpm>
          <Cadence><Value>47</Value></Cadence>
          <SensorState>Absent</SensorState>
        </Trackpoint>
        <Trackpoint>
          <Time>2025-11-09T06:51:25Z</Time>
          <DistanceMeters>332.0</DistanceMeters>
          <HeartRateBpm>
            <Value>126</Value>
          </HeartRateBpm>
          <Cadence><Value>47</Value></Cadence>
          <SensorState>Absent</SensorState>
        </Trackpoint>
        <Trackpoint>
          <Time>2025-11-09T06:51:30Z</Time>
          <DistanceMeters>332.0</DistanceMeters>
          <HeartRateBpm>
            <Value>125</Value>
          </HeartRateBpm>
          <Cadence><Value>47</Value></Cadence>
          <SensorState>Absent</SensorState>
        </Trackpoint>
        <Trackpoint>
          <Time>2025-11-09T06:51:34Z</Time>
          <DistanceMeters>332.0</DistanceMeters>
          <HeartRateBpm>
            <Value>124</Value>
          </HeartRateBpm>
          <Cadence><Value>47</Value></Cadence>
          <SensorState>Absent</SensorState>
        </Trackpoint>
        <Trackpoint>
          <Time>2025-11-09T06:51:38Z</Time>
          <DistanceMeters>332.0</DistanceMeters>
          <HeartRateBpm>
            <Value>125</Value>
          </HeartRateBpm>
          <Cadence><Value>47</Value></Cadence>
          <SensorState>Absent</SensorState>
        </Trackpoint>
        <Trackpoint>
          <Time>2025-11-09T06:51:43Z</Time>
          <DistanceMeters>343.0</DistanceMeters>
          <HeartRateBpm>
            <Value>125</Value>
          </HeartRateBpm>
          <Cadence><Value>47</Value></Cadence>
          <SensorState>Absent</SensorState>
        </Trackpoint>
        <Trackpoint>
          <Time>2025-11-09T06:51:46Z</Time>
          <DistanceMeters>343.0</DistanceMeters>
          <HeartRateBpm>
            <Value>126</Value>
          </HeartRateBpm>
          <Cadence><Value>47</Value></Cadence>
          <SensorState>Absent</SensorState>
        </Trackpoint>
        <Trackpoint>
          <Time>2025-11-09T06:51:47Z</Time>
          <DistanceMeters>343.0</DistanceMeters>
          <HeartRateBpm>
            <Value>127</Value>
          </HeartRateBpm>
          <Cadence><Value>47</Value></Cadence>
          <SensorState>Absent</SensorState>
        </Trackpoint>
        <Trackpoint>
          <Time>2025-11-09T06:51:51Z</Time>
          <DistanceMeters>343.0</DistanceMeters>
          <HeartRateBpm>
            <Value>125</Value>
          </HeartRateBpm>
          <Cadence><Value>47</Value></Cadence>
          <SensorState>Absent</SensorState>
        </Trackpoint>
        <Trackpoint>
          <Time>2025-11-09T06:51:54Z</Time>
          <DistanceMeters>343.0</DistanceMeters>
          <HeartRateBpm>
            <Value>126</Value>
          </HeartRateBpm>
          <Cadence><Value>47</Value></Cadence>
          <SensorState>Absent</SensorState>
        </Trackpoint>
        <Trackpoint>
          <Time>2025-11-09T06:51:58Z</Time>
          <DistanceMeters>343.0</DistanceMeters>
          <HeartRateBpm>
            <Value>130</Value>
          </HeartRateBpm>
          <Cadence><Value>47</Value></Cadence>
          <SensorState>Absent</SensorState>
        </Trackpoint>
        <Trackpoint>
          <Time>2025-11-09T06:51:59Z</Time>
          <DistanceMeters>343.0</DistanceMeters>
          <HeartRateBpm>
            <Value>133</Value>
          </HeartRateBpm>
          <Cadence><Value>47</Value></Cadence>
          <SensorState>Absent</SensorState>
        </Trackpoint>
        <Trackpoint>
          <Time>2025-11-09T06:52:00Z</Time>
          <DistanceMeters>343.0</DistanceMeters>
          <HeartRateBpm>
            <Value>121</Value>
          </HeartRateBpm>
          <SensorState>Absent</SensorState>
        </Trackpoint>
        <Trackpoint>
          <Time>2025-11-09T06:52:00Z</Time>
          <DistanceMeters>343.0</DistanceMeters>
          <HeartRateBpm>
            <Value>135</Value>
          </HeartRateBpm>
          <SensorState>Absent</SensorState>
        </Trackpoint>
        <Trackpoint>
          <Time>2025-11-09T06:52:04Z</Time>
          <DistanceMeters>343.0</DistanceMeters>
          <HeartRateBpm>
            <Value>132</Value>
          </HeartRateBpm>
          <SensorState>Absent</SensorState>
        </Trackpoint>
        <Trackpoint>
          <Time>2025-11-09T06:52:05Z</Time>
          <DistanceMeters>343.0</DistanceMeters>
          <HeartRateBpm>
            <Value>131</Value>
          </HeartRateBpm>
          <SensorState>Absent</SensorState>
        </Trackpoint>
        <Trackpoint>
          <Time>2025-11-09T06:52:09Z</Time>
          <DistanceMeters>343.0</DistanceMeters>
          <HeartRateBpm>
            <Value>128</Value>
          </HeartRateBpm>
          <SensorState>Absent</SensorState>
        </Trackpoint>
        <Trackpoint>
          <Time>2025-11-09T06:52:10Z</Time>
          <DistanceMeters>343.0</DistanceMeters>
          <HeartRateBpm>
            <Value>126</Value>
          </HeartRateBpm>
          <SensorState>Absent</SensorState>
        </Trackpoint>
        <Trackpoint>
          <Time>2025-11-09T06:52:12Z</Time>
          <DistanceMeters>343.0</DistanceMeters>
          <HeartRateBpm>
            <Value>124</Value>
          </HeartRateBpm>
          <SensorState>Absent</SensorState>
        </Trackpoint>
        <Trackpoint>
          <Time>2025-11-09T06:52:14Z</Time>
          <DistanceMeters>343.0</DistanceMeters>
          <HeartRateBpm>
            <Value>123</Value>
          </HeartRateBpm>
          <SensorState>Absent</SensorState>
        </Trackpoint>
        <Trackpoint>
          <Time>2025-11-09T06:52:18Z</Time>
          <DistanceMeters>343.0</DistanceMeters>
          <HeartRateBpm>
            <Value>124</Value>
          </HeartRateBpm>
          <SensorState>Absent</SensorState>
        </Trackpoint>
        <Trackpoint>
          <Time>2025-11-09T06:52:20Z</Time>
          <DistanceMeters>343.0</DistanceMeters>
          <HeartRateBpm>
            <Value>125</Value>
          </HeartRateBpm>
          <SensorState>Absent</SensorState>
        </Trackpoint>
        <Trackpoint>
          <Time>2025-11-09T06:52:22Z</Time>
          <DistanceMeters>343.0</DistanceMeters>
          <HeartRateBpm>
            <Value>124</Value>
          </HeartRateBpm>
          <SensorState>Absent</SensorState>
        </Trackpoint>
        <Trackpoint>
          <Time>2025-11-09T06:52:24Z</Time>
          <DistanceMeters>343.0</DistanceMeters>
          <HeartRateBpm>
            <Value>123</Value>
          </HeartRateBpm>
          <SensorState>Absent</SensorState>
        </Trackpoint>
        <Trackpoint>
          <Time>2025-11-09T06:52:28Z</Time>
          <DistanceMeters>343.0</DistanceMeters>
          <HeartRateBpm>
            <Value>122</Value>
          </HeartRateBpm>
          <SensorState>Absent</SensorState>
        </Trackpoint>
        <Trackpoint>
          <Time>2025-11-09T06:52:33Z</Time>
          <DistanceMeters>343.0</DistanceMeters>
          <HeartRateBpm>
            <Value>122</Value>
          </HeartRateBpm>
          <SensorState>Absent</SensorState>
        </Trackpoint>
        <Trackpoint>
          <Time>2025-11-09T06:52:34Z</Time>
          <DistanceMeters>343.0</DistanceMeters>
          <HeartRateBpm>
            <Value>123</Value>
          </HeartRateBpm>
          <SensorState>Absent</SensorState>
        </Trackpoint>
        <Trackpoint>
          <Time>2025-11-09T06:52:35Z</Time>
          <DistanceMeters>343.0</DistanceMeters>
          <HeartRateBpm>
            <Value>122</Value>
          </HeartRateBpm>
          <SensorState>Absent</SensorState>
        </Trackpoint>
        <Trackpoint>
          <Time>2025-11-09T06:52:36Z</Time>
          <DistanceMeters>343.0</DistanceMeters>
          <HeartRateBpm>
            <Value>121</Value>
          </HeartRateBpm>
          <SensorState>Absent</SensorState>
        </Trackpoint>
        <Trackpoint>
          <Time>2025-11-09T06:52:40Z</Time>
          <DistanceMeters>343.0</DistanceMeters>
          <HeartRateBpm>
            <Value>119</Value>
          </HeartRateBpm>
          <SensorState>Absent</SensorState>
        </Trackpoint>
        <Trackpoint>
          <Time>2025-11-09T06:52:42Z</Time>
          <DistanceMeters>355.0</DistanceMeters>
          <HeartRateBpm>
            <Value>118</Value>
          </HeartRateBpm>
          <SensorState>Absent</SensorState>
        </Trackpoint>
        <Trackpoint>
          <Time>2025-11-09T06:52:43Z</Time>
          <DistanceMeters>355.0</DistanceMeters>
          <HeartRateBpm>
            <Value>117</Value>
          </HeartRateBpm>
          <SensorState>Absent</SensorState>
        </Trackpoint>
        <Trackpoint>
          <Time>2025-11-09T06:52:46Z</Time>
          <DistanceMeters>355.0</DistanceMeters>
          <HeartRateBpm>
            <Value>118</Value>
          </HeartRateBpm>
          <SensorState>Absent</SensorState>
        </Trackpoint>
        <Trackpoint>
          <Time>2025-11-09T06:52:47Z</Time>
          <DistanceMeters>355.0</DistanceMeters>
          <HeartRateBpm>
            <Value>116</Value>
          </HeartRateBpm>
          <SensorState>Absent</SensorState>
        </Trackpoint>
        <Trackpoint>
          <Time>2025-11-09T06:52:48Z</Time>
          <DistanceMeters>355.0</DistanceMeters>
          <HeartRateBpm>
            <Value>113</Value>
          </HeartRateBpm>
          <SensorState>Absent</SensorState>
        </Trackpoint>
        <Trackpoint>
          <Time>2025-11-09T06:52:52Z</Time>
          <DistanceMeters>355.0</DistanceMeters>
          <HeartRateBpm>
            <Value>112</Value>
          </HeartRateBpm>
          <SensorState>Absent</SensorState>
        </Trackpoint>
        <Trackpoint>
          <Time>2025-11-09T06:52:56Z</Time>
          <DistanceMeters>355.0</DistanceMeters>
          <HeartRateBpm>
            <Value>113</Value>
          </HeartRateBpm>
          <SensorState>Absent</SensorState>
        </Trackpoint>
        <Trackpoint>
          <Time>2025-11-09T06:52:57Z</Time>
          <DistanceMeters>355.0</DistanceMeters>
          <HeartRateBpm>
            <Value>116</Value>
          </HeartRateBpm>
          <SensorState>Absent</SensorState>
        </Trackpoint>
        <Trackpoint>
          <Time>2025-11-09T06:53:00Z</Time>
          <DistanceMeters>355.0</DistanceMeters>
          <HeartRateBpm>
            <Value>118</Value>
          </HeartRateBpm>
          <SensorState>Absent</SensorState>
        </Trackpoint>
        <Trackpoint>
          <Time>2025-11-09T06:53:00Z</Time>
          <DistanceMeters>355.0</DistanceMeters>
          <HeartRateBpm>
            <Value>117</Value>
          </HeartRateBpm>
          <SensorState>Absent</SensorState>
        </Trackpoint>
        <Trackpoint>
          <Time>2025-11-09T06:53:05Z</Time>
          <DistanceMeters>355.0</DistanceMeters>
          <HeartRateBpm>
            <Value>116</Value>
          </HeartRateBpm>
          <SensorState>Absent</SensorState>
        </Trackpoint>
        <Trackpoint>
          <Time>2025-11-09T06:53:08Z</Time>
          <DistanceMeters>355.0</DistanceMeters>
          <HeartRateBpm>
            <Value>115</Value>
          </HeartRateBpm>
          <SensorState>Absent</SensorState>
        </Trackpoint>
        <Trackpoint>
          <Time>2025-11-09T06:53:09Z</Time>
          <DistanceMeters>355.0</DistanceMeters>
          <HeartRateBpm>
            <Value>116</Value>
          </HeartRateBpm>
          <SensorState>Absent</SensorState>
        </Trackpoint>
        <Trackpoint>
          <Time>2025-11-09T06:53:10Z</Time>
          <DistanceMeters>355.0</DistanceMeters>
          <HeartRateBpm>
            <Value>118</Value>
          </HeartRateBpm>
          <SensorState>Absent</SensorState>
        </Trackpoint>
        <Trackpoint>
          <Time>2025-11-09T06:53:13Z</Time>
          <DistanceMeters>355.0</DistanceMeters>
          <HeartRateBpm>
            <Value>117</Value>
          </HeartRateBpm>
          <SensorState>Absent</SensorState>
        </Trackpoint>
        <Trackpoint>
          <Time>2025-11-09T06:53:17Z</Time>
          <DistanceMeters>355.0</DistanceMeters>
          <HeartRateBpm>
            <Value>116</Value>
          </HeartRateBpm>
          <SensorState>Absent</SensorState>
        </Trackpoint>
        <Trackpoint>
          <Time>2025-11-09T06:53:22Z</Time>
          <DistanceMeters>355.0</DistanceMeters>
          <HeartRateBpm>
            <Value>116</Value>
          </HeartRateBpm>
          <SensorState>Absent</SensorState>
        </Trackpoint>
        <Trackpoint>
          <Time>2025-11-09T06:53:26Z</Time>
          <DistanceMeters>355.0</DistanceMeters>
          <HeartRateBpm>
            <Value>117</Value>
          </HeartRateBpm>
          <SensorState>Absent</SensorState>
        </Trackpoint>
        <Trackpoint>
          <Time>2025-11-09T06:53:31Z</Time>
          <DistanceMeters>355.0</DistanceMeters>
          <HeartRateBpm>
            <Value>117</Value>
          </HeartRateBpm>
          <SensorState>Absent</SensorState>
        </Trackpoint>
        <Trackpoint>
          <Time>2025-11-09T06:53:36Z</Time>
          <DistanceMeters>355.0</DistanceMeters>
          <HeartRateBpm>
            <Value>120</Value>
          </HeartRateBpm>
          <SensorState>Absent</SensorState>
        </Trackpoint>
        <Trackpoint>
          <Time>2025-11-09T06:53:39Z</Time>
          <DistanceMeters>355.0</DistanceMeters>
          <HeartRateBpm>
            <Value>121</Value>
          </HeartRateBpm>
          <SensorState>Absent</SensorState>
        </Trackpoint>
        <Trackpoint>
          <Time>2025-11-09T06:53:44Z</Time>
          <DistanceMeters>366.0</DistanceMeters>
          <HeartRateBpm>
            <Value>121</Value>
          </HeartRateBpm>
          <SensorState>Absent</SensorState>
        </Trackpoint>
        <Trackpoint>
          <Time>2025-11-09T06:53:45Z</Time>
          <DistanceMeters>366.0</DistanceMeters>
          <HeartRateBpm>
            <Value>120</Value>
          </HeartRateBpm>
          <SensorState>Absent</SensorState>
        </Trackpoint>
        <Trackpoint>
          <Time>2025-11-09T06:53:50Z</Time>
          <DistanceMeters>366.0</DistanceMeters>
          <HeartRateBpm>
            <Value>120</Value>
          </HeartRateBpm>
          <SensorState>Absent</SensorState>
        </Trackpoint>
        <Trackpoint>
          <Time>2025-11-09T06:53:56Z</Time>
          <DistanceMeters>366.0</DistanceMeters>
          <HeartRateBpm>
            <Value>120</Value>
          </HeartRateBpm>
          <SensorState>Absent</SensorState>
        </Trackpoint>
        <Trackpoint>
          <Time>2025-11-09T06:53:57Z</Time>
          <DistanceMeters>366.0</DistanceMeters>
          <HeartRateBpm>
            <Value>119</Value>
          </HeartRateBpm>
          <SensorState>Absent</SensorState>
        </Trackpoint>
        <Trackpoint>
          <Time>2025-11-09T06:53:58Z</Time>
          <DistanceMeters>366.0</DistanceMeters>
          <HeartRateBpm>
            <Value>118</Value>
          </HeartRateBpm>
          <SensorState>Absent</SensorState>
        </Trackpoint>
        <Trackpoint>
          <Time>2025-11-09T06:54:00Z</Time>
          <DistanceMeters>366.0</DistanceMeters>
          <HeartRateBpm>
            <Value>120</Value>
          </HeartRateBpm>
          <SensorState>Absent</SensorState>
        </Trackpoint>
        <Trackpoint>
          <Time>2025-11-09T06:54:02Z</Time>
          <DistanceMeters>366.0</DistanceMeters>
          <HeartRateBpm>
            <Value>121</Value>
          </HeartRateBpm>
          <SensorState>Absent</SensorState>
        </Trackpoint>
        <Trackpoint>
          <Time>2025-11-09T06:54:05Z</Time>
          <DistanceMeters>366.0</DistanceMeters>
          <HeartRateBpm>
            <Value>122</Value>
          </HeartRateBpm>
          <SensorState>Absent</SensorState>
        </Trackpoint>
        <Trackpoint>
          <Time>2025-11-09T06:54:08Z</Time>
          <DistanceMeters>366.0</DistanceMeters>
          <HeartRateBpm>
            <Value>124</Value>
          </HeartRateBpm>
          <SensorState>Absent</SensorState>
        </Trackpoint>
        <Trackpoint>
          <Time>2025-11-09T06:54:11Z</Time>
          <DistanceMeters>366.0</DistanceMeters>
          <HeartRateBpm>
            <Value>123</Value>
          </HeartRateBpm>
          <SensorState>Absent</SensorState>
        </Trackpoint>
        <Trackpoint>
          <Time>2025-11-09T06:54:12Z</Time>
          <DistanceMeters>366.0</DistanceMeters>
          <HeartRateBpm>
            <Value>122</Value>
          </HeartRateBpm>
          <SensorState>Absent</SensorState>
        </Trackpoint>
        <Trackpoint>
          <Time>2025-11-09T06:54:16Z</Time>
          <DistanceMeters>366.0</DistanceMeters>
          <HeartRateBpm>
            <Value>125</Value>
          </HeartRateBpm>
          <SensorState>Absent</SensorState>
        </Trackpoint>
        <Trackpoint>
          <Time>2025-11-09T06:54:19Z</Time>
          <DistanceMeters>366.0</DistanceMeters>
          <HeartRateBpm>
            <Value>124</Value>
          </HeartRateBpm>
          <SensorState>Absent</SensorState>
        </Trackpoint>
        <Trackpoint>
          <Time>2025-11-09T06:54:21Z</Time>
          <DistanceMeters>366.0</DistanceMeters>
          <HeartRateBpm>
            <Value>126</Value>
          </HeartRateBpm>
          <SensorState>Absent</SensorState>
        </Trackpoint>
        <Trackpoint>
          <Time>2025-11-09T06:54:23Z</Time>
          <DistanceMeters>366.0</DistanceMeters>
          <HeartRateBpm>
            <Value>127</Value>
          </HeartRateBpm>
          <SensorState>Absent</SensorState>
        </Trackpoint>
        <Trackpoint>
          <Time>2025-11-09T06:54:24Z</Time>
          <DistanceMeters>366.0</DistanceMeters>
          <HeartRateBpm>
            <Value>125</Value>
          </HeartRateBpm>
          <SensorState>Absent</SensorState>
        </Trackpoint>
        <Trackpoint>
          <Time>2025-11-09T06:54:25Z</Time>
          <DistanceMeters>366.0</DistanceMeters>
          <HeartRateBpm>
            <Value>123</Value>
          </HeartRateBpm>
          <SensorState>Absent</SensorState>
        </Trackpoint>
        <Trackpoint>
          <Time>2025-11-09T06:54:27Z</Time>
          <DistanceMeters>366.0</DistanceMeters>
          <HeartRateBpm>
            <Value>122</Value>
          </HeartRateBpm>
          <SensorState>Absent</SensorState>
        </Trackpoint>
        <Trackpoint>
          <Time>2025-11-09T06:54:29Z</Time>
          <DistanceMeters>366.0</DistanceMeters>
          <HeartRateBpm>
            <Value>120</Value>
          </HeartRateBpm>
          <SensorState>Absent</SensorState>
        </Trackpoint>
        <Trackpoint>
          <Time>2025-11-09T06:54:30Z</Time>
          <DistanceMeters>366.0</DistanceMeters>
          <HeartRateBpm>
            <Value>119</Value>
          </HeartRateBpm>
          <SensorState>Absent</SensorState>
        </Trackpoint>
        <Trackpoint>
          <Time>2025-11-09T06:54:32Z</Time>
          <DistanceMeters>366.0</DistanceMeters>
          <HeartRateBpm>
            <Value>118</Value>
          </HeartRateBpm>
          <SensorState>Absent</SensorState>
        </Trackpoint>
        <Trackpoint>
          <Time>2025-11-09T06:54:34Z</Time>
          <DistanceMeters>366.0</DistanceMeters>
          <HeartRateBpm>
            <Value>117</Value>
          </HeartRateBpm>
          <SensorState>Absent</SensorState>
        </Trackpoint>
        <Trackpoint>
          <Time>2025-11-09T06:54:39Z</Time>
          <DistanceMeters>366.0</DistanceMeters>
          <HeartRateBpm>
            <Value>117</Value>
          </HeartRateBpm>
          <SensorState>Absent</SensorState>
        </Trackpoint>
        <Trackpoint>
          <Time>2025-11-09T06:54:42Z</Time>
          <DistanceMeters>377.0</DistanceMeters>
          <HeartRateBpm>
            <Value>118</Value>
          </HeartRateBpm>
          <SensorState>Absent</SensorState>
        </Trackpoint>
        <Trackpoint>
          <Time>2025-11-09T06:54:45Z</Time>
          <DistanceMeters>377.0</DistanceMeters>
          <HeartRateBpm>
            <Value>119</Value>
          </HeartRateBpm>
          <SensorState>Absent</SensorState>
        </Trackpoint>
        <Trackpoint>
          <Time>2025-11-09T06:54:46Z</Time>
          <DistanceMeters>377.0</DistanceMeters>
          <HeartRateBpm>
            <Value>120</Value>
          </HeartRateBpm>
          <SensorState>Absent</SensorState>
        </Trackpoint>
        <Trackpoint>
          <Time>2025-11-09T06:54:49Z</Time>
          <DistanceMeters>377.0</DistanceMeters>
          <HeartRateBpm>
            <Value>119</Value>
          </HeartRateBpm>
          <SensorState>Absent</SensorState>
        </Trackpoint>
        <Trackpoint>
          <Time>2025-11-09T06:54:53Z</Time>
          <DistanceMeters>377.0</DistanceMeters>
          <HeartRateBpm>
            <Value>118</Value>
          </HeartRateBpm>
          <SensorState>Absent</SensorState>
        </Trackpoint>
        <Trackpoint>
          <Time>2025-11-09T06:54:54Z</Time>
          <DistanceMeters>377.0</DistanceMeters>
          <HeartRateBpm>
            <Value>117</Value>
          </HeartRateBpm>
          <SensorState>Absent</SensorState>
        </Trackpoint>
        <Trackpoint>
          <Time>2025-11-09T06:54:57Z</Time>
          <DistanceMeters>377.0</DistanceMeters>
          <HeartRateBpm>
            <Value>116</Value>
          </HeartRateBpm>
          <SensorState>Absent</SensorState>
        </Trackpoint>
        <Trackpoint>
          <Time>2025-11-09T06:54:59Z</Time>
          <DistanceMeters>377.0</DistanceMeters>
          <HeartRateBpm>
            <Value>119</Value>
          </HeartRateBpm>
          <SensorState>Absent</SensorState>
        </Trackpoint>
        <Trackpoint>
          <Time>2025-11-09T06:55:00Z</Time>
          <DistanceMeters>377.0</DistanceMeters>
          <HeartRateBpm>
            <Value>122</Value>
          </HeartRateBpm>
          <SensorState>Absent</SensorState>
        </Trackpoint>
        <Trackpoint>
          <Time>2025-11-09T06:55:00Z</Time>
          <DistanceMeters>377.0</DistanceMeters>
          <HeartRateBpm>
            <Value>120</Value>
          </HeartRateBpm>
          <SensorState>Absent</SensorState>
        </Trackpoint>
        <Trackpoint>
          <Time>2025-11-09T06:55:03Z</Time>
          <DistanceMeters>377.0</DistanceMeters>
          <HeartRateBpm>
            <Value>119</Value>
          </HeartRateBpm>
          <SensorState>Absent</SensorState>
        </Trackpoint>
        <Trackpoint>
          <Time>2025-11-09T06:55:06Z</Time>
          <DistanceMeters>377.0</DistanceMeters>
          <HeartRateBpm>
            <Value>118</Value>
          </HeartRateBpm>
          <SensorState>Absent</SensorState>
        </Trackpoint>
        <Trackpoint>
          <Time>2025-11-09T06:55:07Z</Time>
          <DistanceMeters>377.0</DistanceMeters>
          <HeartRateBpm>
            <Value>117</Value>
          </HeartRateBpm>
          <SensorState>Absent</SensorState>
        </Trackpoint>
        <Trackpoint>
          <Time>2025-11-09T06:55:10Z</Time>
          <DistanceMeters>377.0</DistanceMeters>
          <HeartRateBpm>
            <Value>118</Value>
          </HeartRateBpm>
          <SensorState>Absent</SensorState>
        </Trackpoint>
        <Trackpoint>
          <Time>2025-11-09T06:55:12Z</Time>
          <DistanceMeters>377.0</DistanceMeters>
          <HeartRateBpm>
            <Value>117</Value>
          </HeartRateBpm>
          <SensorState>Absent</SensorState>
        </Trackpoint>
        <Trackpoint>
          <Time>2025-11-09T06:55:15Z</Time>
          <DistanceMeters>377.0</DistanceMeters>
          <HeartRateBpm>
            <Value>118</Value>
          </HeartRateBpm>
          <SensorState>Absent</SensorState>
        </Trackpoint>
        <Trackpoint>
          <Time>2025-11-09T06:55:16Z</Time>
          <DistanceMeters>377.0</DistanceMeters>
          <HeartRateBpm>
            <Value>119</Value>
          </HeartRateBpm>
          <SensorState>Absent</SensorState>
        </Trackpoint>
        <Trackpoint>
          <Time>2025-11-09T06:55:20Z</Time>
          <DistanceMeters>377.0</DistanceMeters>
          <HeartRateBpm>
            <Value>120</Value>
          </HeartRateBpm>
          <SensorState>Absent</SensorState>
        </Trackpoint>
        <Trackpoint>
          <Time>2025-11-09T06:55:21Z</Time>
          <DistanceMeters>377.0</DistanceMeters>
          <HeartRateBpm>
            <Value>118</Value>
          </HeartRateBpm>
          <SensorState>Absent</SensorState>
        </Trackpoint>
        <Trackpoint>
          <Time>2025-11-09T06:55:23Z</Time>
          <DistanceMeters>377.0</DistanceMeters>
          <HeartRateBpm>
            <Value>117</Value>
          </HeartRateBpm>
          <SensorState>Absent</SensorState>
        </Trackpoint>
        <Trackpoint>
          <Time>2025-11-09T06:55:24Z</Time>
          <DistanceMeters>377.0</DistanceMeters>
          <HeartRateBpm>
            <Value>116</Value>
          </HeartRateBpm>
          <SensorState>Absent</SensorState>
        </Trackpoint>
        <Trackpoint>
          <Time>2025-11-09T06:55:26Z</Time>
          <DistanceMeters>377.0</DistanceMeters>
          <HeartRateBpm>
            <Value>117</Value>
          </HeartRateBpm>
          <SensorState>Absent</SensorState>
        </Trackpoint>
        <Trackpoint>
          <Time>2025-11-09T06:55:28Z</Time>
          <DistanceMeters>377.0</DistanceMeters>
          <HeartRateBpm>
            <Value>118</Value>
          </HeartRateBpm>
          <SensorState>Absent</SensorState>
        </Trackpoint>
        <Trackpoint>
          <Time>2025-11-09T06:55:32Z</Time>
          <DistanceMeters>377.0</DistanceMeters>
          <HeartRateBpm>
            <Value>122</Value>
          </HeartRateBpm>
          <SensorState>Absent</SensorState>
        </Trackpoint>
        <Trackpoint>
          <Time>2025-11-09T06:55:33Z</Time>
          <DistanceMeters>377.0</DistanceMeters>
          <HeartRateBpm>
            <Value>124</Value>
          </HeartRateBpm>
          <SensorState>Absent</SensorState>
        </Trackpoint>
        <Trackpoint>
          <Time>2025-11-09T06:55:34Z</Time>
          <DistanceMeters>377.0</DistanceMeters>
          <HeartRateBpm>
            <Value>126</Value>
          </HeartRateBpm>
          <SensorState>Absent</SensorState>
        </Trackpoint>
        <Trackpoint>
          <Time>2025-11-09T06:55:38Z</Time>
          <DistanceMeters>377.0</DistanceMeters>
          <HeartRateBpm>
            <Value>125</Value>
          </HeartRateBpm>
          <SensorState>Absent</SensorState>
        </Trackpoint>
        <Trackpoint>
          <Time>2025-11-09T06:55:41Z</Time>
          <DistanceMeters>387.0</DistanceMeters>
          <HeartRateBpm>
            <Value>126</Value>
          </HeartRateBpm>
          <SensorState>Absent</SensorState>
        </Trackpoint>
        <Trackpoint>
          <Time>2025-11-09T06:55:43Z</Time>
          <DistanceMeters>387.0</DistanceMeters>
          <HeartRateBpm>
            <Value>125</Value>
          </HeartRateBpm>
          <SensorState>Absent</SensorState>
        </Trackpoint>
        <Trackpoint>
          <Time>2025-11-09T06:55:45Z</Time>
          <DistanceMeters>387.0</DistanceMeters>
          <HeartRateBpm>
            <Value>126</Value>
          </HeartRateBpm>
          <SensorState>Absent</SensorState>
        </Trackpoint>
        <Trackpoint>
          <Time>2025-11-09T06:55:47Z</Time>
          <DistanceMeters>387.0</DistanceMeters>
          <HeartRateBpm>
            <Value>127</Value>
          </HeartRateBpm>
          <SensorState>Absent</SensorState>
        </Trackpoint>
        <Trackpoint>
          <Time>2025-11-09T06:55:48Z</Time>
          <DistanceMeters>387.0</DistanceMeters>
          <HeartRateBpm>
            <Value>126</Value>
          </HeartRateBpm>
          <SensorState>Absent</SensorState>
        </Trackpoint>
        <Trackpoint>
          <Time>2025-11-09T06:55:51Z</Time>
          <DistanceMeters>387.0</DistanceMeters>
          <HeartRateBpm>
            <Value>127</Value>
          </HeartRateBpm>
          <SensorState>Absent</SensorState>
        </Trackpoint>
        <Trackpoint>
          <Time>2025-11-09T06:55:52Z</Time>
          <DistanceMeters>387.0</DistanceMeters>
          <HeartRateBpm>
            <Value>128</Value>
          </HeartRateBpm>
          <SensorState>Absent</SensorState>
        </Trackpoint>
        <Trackpoint>
          <Time>2025-11-09T06:55:54Z</Time>
          <DistanceMeters>387.0</DistanceMeters>
          <HeartRateBpm>
            <Value>129</Value>
          </HeartRateBpm>
          <SensorState>Absent</SensorState>
        </Trackpoint>
        <Trackpoint>
          <Time>2025-11-09T06:55:55Z</Time>
          <DistanceMeters>387.0</DistanceMeters>
          <HeartRateBpm>
            <Value>130</Value>
          </HeartRateBpm>
          <SensorState>Absent</SensorState>
        </Trackpoint>
        <Trackpoint>
          <Time>2025-11-09T06:55:59Z</Time>
          <DistanceMeters>387.0</DistanceMeters>
          <HeartRateBpm>
            <Value>132</Value>
          </HeartRateBpm>
          <SensorState>Absent</SensorState>
        </Trackpoint>
        <Trackpoint>
          <Time>2025-11-09T06:56:00Z</Time>
          <DistanceMeters>387.0</DistanceMeters>
          <HeartRateBpm>
            <Value>118</Value>
          </HeartRateBpm>
          <SensorState>Absent</SensorState>
        </Trackpoint>
        <Trackpoint>
          <Time>2025-11-09T06:56:04Z</Time>
          <DistanceMeters>387.0</DistanceMeters>
          <HeartRateBpm>
            <Value>133</Value>
          </HeartRateBpm>
          <SensorState>Absent</SensorState>
        </Trackpoint>
        <Trackpoint>
          <Time>2025-11-09T06:56:09Z</Time>
          <DistanceMeters>387.0</DistanceMeters>
          <HeartRateBpm>
            <Value>133</Value>
          </HeartRateBpm>
          <SensorState>Absent</SensorState>
        </Trackpoint>
        <Trackpoint>
          <Time>2025-11-09T06:56:12Z</Time>
          <DistanceMeters>387.0</DistanceMeters>
          <HeartRateBpm>
            <Value>132</Value>
          </HeartRateBpm>
          <SensorState>Absent</SensorState>
        </Trackpoint>
        <Trackpoint>
          <Time>2025-11-09T06:56:13Z</Time>
          <DistanceMeters>387.0</DistanceMeters>
          <HeartRateBpm>
            <Value>129</Value>
          </HeartRateBpm>
          <SensorState>Absent</SensorState>
        </Trackpoint>
        <Trackpoint>
          <Time>2025-11-09T06:56:16Z</Time>
          <DistanceMeters>387.0</DistanceMeters>
          <HeartRateBpm>
            <Value>128</Value>
          </HeartRateBpm>
          <SensorState>Absent</SensorState>
        </Trackpoint>
        <Trackpoint>
          <Time>2025-11-09T06:56:17Z</Time>
          <DistanceMeters>387.0</DistanceMeters>
          <HeartRateBpm>
            <Value>127</Value>
          </HeartRateBpm>
          <SensorState>Absent</SensorState>
        </Trackpoint>
        <Trackpoint>
          <Time>2025-11-09T06:56:22Z</Time>
          <DistanceMeters>387.0</DistanceMeters>
          <HeartRateBpm>
            <Value>127</Value>
          </HeartRateBpm>
          <SensorState>Absent</SensorState>
        </Trackpoint>
        <Trackpoint>
          <Time>2025-11-09T06:56:25Z</Time>
          <DistanceMeters>387.0</DistanceMeters>
          <HeartRateBpm>
            <Value>128</Value>
          </HeartRateBpm>
          <SensorState>Absent</SensorState>
        </Trackpoint>
        <Trackpoint>
          <Time>2025-11-09T06:56:28Z</Time>
          <DistanceMeters>387.0</DistanceMeters>
          <HeartRateBpm>
            <Value>127</Value>
          </HeartRateBpm>
          <SensorState>Absent</SensorState>
        </Trackpoint>
        <Trackpoint>
          <Time>2025-11-09T06:56:29Z</Time>
          <DistanceMeters>387.0</DistanceMeters>
          <HeartRateBpm>
            <Value>126</Value>
          </HeartRateBpm>
          <SensorState>Absent</SensorState>
        </Trackpoint>
        <Trackpoint>
          <Time>2025-11-09T06:56:34Z</Time>
          <DistanceMeters>387.0</DistanceMeters>
          <HeartRateBpm>
            <Value>126</Value>
          </HeartRateBpm>
          <SensorState>Absent</SensorState>
        </Trackpoint>
        <Trackpoint>
          <Time>2025-11-09T06:56:35Z</Time>
          <DistanceMeters>387.0</DistanceMeters>
          <HeartRateBpm>
            <Value>125</Value>
          </HeartRateBpm>
          <SensorState>Absent</SensorState>
        </Trackpoint>
        <Trackpoint>
          <Time>2025-11-09T06:56:36Z</Time>
          <DistanceMeters>387.0</DistanceMeters>
          <HeartRateBpm>
            <Value>118</Value>
          </HeartRateBpm>
          <SensorState>Absent</SensorState>
        </Trackpoint>
        <Trackpoint>
          <Time>2025-11-09T06:56:38Z</Time>
          <DistanceMeters>387.0</DistanceMeters>
          <HeartRateBpm>
            <Value>102</Value>
          </HeartRateBpm>
          <SensorState>Absent</SensorState>
        </Trackpoint>
        <Trackpoint>
          <Time>2025-11-09T06:56:39Z</Time>
          <DistanceMeters>387.0</DistanceMeters>
          <HeartRateBpm>
            <Value>92</Value>
          </HeartRateBpm>
          <SensorState>Absent</SensorState>
        </Trackpoint>
        <Trackpoint>
          <Time>2025-11-09T06:56:43Z</Time>
          <DistanceMeters>399.0</DistanceMeters>
          <HeartRateBpm>
            <Value>95</Value>
          </HeartRateBpm>
          <SensorState>Absent</SensorState>
        </Trackpoint>
        <Trackpoint>
          <Time>2025-11-09T06:56:44Z</Time>
          <DistanceMeters>399.0</DistanceMeters>
          <HeartRateBpm>
            <Value>96</Value>
          </HeartRateBpm>
          <SensorState>Absent</SensorState>
        </Trackpoint>
        <Trackpoint>
          <Time>2025-11-09T06:56:48Z</Time>
          <DistanceMeters>399.0</DistanceMeters>
          <HeartRateBpm>
            <Value>98</Value>
          </HeartRateBpm>
          <SensorState>Absent</SensorState>
        </Trackpoint>
        <Trackpoint>
          <Time>2025-11-09T06:56:50Z</Time>
          <DistanceMeters>399.0</DistanceMeters>
          <HeartRateBpm>
            <Value>99</Value>
          </HeartRateBpm>
          <SensorState>Absent</SensorState>
        </Trackpoint>
        <Trackpoint>
          <Time>2025-11-09T06:56:51Z</Time>
          <DistanceMeters>399.0</DistanceMeters>
          <HeartRateBpm>
            <Value>100</Value>
          </HeartRateBpm>
          <SensorState>Absent</SensorState>
        </Trackpoint>
        <Trackpoint>
          <Time>2025-11-09T06:56:52Z</Time>
          <DistanceMeters>399.0</DistanceMeters>
          <HeartRateBpm>
            <Value>104</Value>
          </HeartRateBpm>
          <SensorState>Absent</SensorState>
        </Trackpoint>
        <Trackpoint>
          <Time>2025-11-09T06:56:54Z</Time>
          <DistanceMeters>399.0</DistanceMeters>
          <HeartRateBpm>
            <Value>108</Value>
          </HeartRateBpm>
          <SensorState>Absent</SensorState>
        </Trackpoint>
        <Trackpoint>
          <Time>2025-11-09T06:56:55Z</Time>
          <DistanceMeters>399.0</DistanceMeters>
          <HeartRateBpm>
            <Value>111</Value>
          </HeartRateBpm>
          <SensorState>Absent</SensorState>
        </Trackpoint>
        <Trackpoint>
          <Time>2025-11-09T06:56:56Z</Time>
          <DistanceMeters>399.0</DistanceMeters>
          <HeartRateBpm>
            <Value>112</Value>
          </HeartRateBpm>
          <SensorState>Absent</SensorState>
        </Trackpoint>
        <Trackpoint>
          <Time>2025-11-09T06:56:57Z</Time>
          <DistanceMeters>399.0</DistanceMeters>
          <HeartRateBpm>
            <Value>116</Value>
          </HeartRateBpm>
          <SensorState>Absent</SensorState>
        </Trackpoint>
        <Trackpoint>
          <Time>2025-11-09T06:56:59Z</Time>
          <DistanceMeters>399.0</DistanceMeters>
          <HeartRateBpm>
            <Value>117</Value>
          </HeartRateBpm>
          <SensorState>Absent</SensorState>
        </Trackpoint>
        <Trackpoint>
          <Time>2025-11-09T06:57:00Z</Time>
          <DistanceMeters>399.0</DistanceMeters>
          <HeartRateBpm>
            <Value>122</Value>
          </HeartRateBpm>
          <SensorState>Absent</SensorState>
        </Trackpoint>
        <Trackpoint>
          <Time>2025-11-09T06:57:00Z</Time>
          <DistanceMeters>399.0</DistanceMeters>
          <HeartRateBpm>
            <Value>116</Value>
          </HeartRateBpm>
          <SensorState>Absent</SensorState>
        </Trackpoint>
        <Trackpoint>
          <Time>2025-11-09T06:57:01Z</Time>
          <DistanceMeters>399.0</DistanceMeters>
          <HeartRateBpm>
            <Value>117</Value>
          </HeartRateBpm>
          <SensorState>Absent</SensorState>
        </Trackpoint>
        <Trackpoint>
          <Time>2025-11-09T06:57:02Z</Time>
          <DistanceMeters>399.0</DistanceMeters>
          <HeartRateBpm>
            <Value>116</Value>
          </HeartRateBpm>
          <SensorState>Absent</SensorState>
        </Trackpoint>
        <Trackpoint>
          <Time>2025-11-09T06:57:04Z</Time>
          <DistanceMeters>399.0</DistanceMeters>
          <HeartRateBpm>
            <Value>115</Value>
          </HeartRateBpm>
          <SensorState>Absent</SensorState>
        </Trackpoint>
        <Trackpoint>
          <Time>2025-11-09T06:57:05Z</Time>
          <DistanceMeters>399.0</DistanceMeters>
          <HeartRateBpm>
            <Value>114</Value>
          </HeartRateBpm>
          <SensorState>Absent</SensorState>
        </Trackpoint>
        <Trackpoint>
          <Time>2025-11-09T06:57:06Z</Time>
          <DistanceMeters>399.0</DistanceMeters>
          <HeartRateBpm>
            <Value>113</Value>
          </HeartRateBpm>
          <SensorState>Absent</SensorState>
        </Trackpoint>
        <Trackpoint>
          <Time>2025-11-09T06:57:08Z</Time>
          <DistanceMeters>399.0</DistanceMeters>
          <HeartRateBpm>
            <Value>112</Value>
          </HeartRateBpm>
          <SensorState>Absent</SensorState>
        </Trackpoint>
        <Trackpoint>
          <Time>2025-11-09T06:57:09Z</Time>
          <DistanceMeters>399.0</DistanceMeters>
          <HeartRateBpm>
            <Value>111</Value>
          </HeartRateBpm>
          <SensorState>Absent</SensorState>
        </Trackpoint>
        <Trackpoint>
          <Time>2025-11-09T06:57:10Z</Time>
          <DistanceMeters>399.0</DistanceMeters>
          <HeartRateBpm>
            <Value>112</Value>
          </HeartRateBpm>
          <SensorState>Absent</SensorState>
        </Trackpoint>
        <Trackpoint>
          <Time>2025-11-09T06:57:13Z</Time>
          <DistanceMeters>399.0</DistanceMeters>
          <HeartRateBpm>
            <Value>113</Value>
          </HeartRateBpm>
          <SensorState>Absent</SensorState>
        </Trackpoint>
        <Trackpoint>
          <Time>2025-11-09T06:57:16Z</Time>
          <DistanceMeters>399.0</DistanceMeters>
          <HeartRateBpm>
            <Value>114</Value>
          </HeartRateBpm>
          <SensorState>Absent</SensorState>
        </Trackpoint>
        <Trackpoint>
          <Time>2025-11-09T06:57:21Z</Time>
          <DistanceMeters>399.0</DistanceMeters>
          <HeartRateBpm>
            <Value>115</Value>
          </HeartRateBpm>
          <SensorState>Absent</SensorState>
        </Trackpoint>
        <Trackpoint>
          <Time>2025-11-09T06:57:22Z</Time>
          <DistanceMeters>399.0</DistanceMeters>
          <HeartRateBpm>
            <Value>117</Value>
          </HeartRateBpm>
          <SensorState>Absent</SensorState>
        </Trackpoint>
        <Trackpoint>
          <Time>2025-11-09T06:57:23Z</Time>
          <DistanceMeters>399.0</DistanceMeters>
          <HeartRateBpm>
            <Value>121</Value>
          </HeartRateBpm>
          <SensorState>Absent</SensorState>
        </Trackpoint>
        <Trackpoint>
          <Time>2025-11-09T06:57:24Z</Time>
          <DistanceMeters>399.0</DistanceMeters>
          <HeartRateBpm>
            <Value>122</Value>
          </HeartRateBpm>
          <SensorState>Absent</SensorState>
        </Trackpoint>
        <Trackpoint>
          <Time>2025-11-09T06:57:27Z</Time>
          <DistanceMeters>399.0</DistanceMeters>
          <HeartRateBpm>
            <Value>125</Value>
          </HeartRateBpm>
          <SensorState>Absent</SensorState>
        </Trackpoint>
        <Trackpoint>
          <Time>2025-11-09T06:57:28Z</Time>
          <DistanceMeters>399.0</DistanceMeters>
          <HeartRateBpm>
            <Value>126</Value>
          </HeartRateBpm>
          <SensorState>Absent</SensorState>
        </Trackpoint>
        <Trackpoint>
          <Time>2025-11-09T06:57:30Z</Time>
          <DistanceMeters>399.0</DistanceMeters>
          <HeartRateBpm>
            <Value>125</Value>
          </HeartRateBpm>
          <SensorState>Absent</SensorState>
        </Trackpoint>
        <Trackpoint>
          <Time>2025-11-09T06:57:31Z</Time>
          <DistanceMeters>399.0</DistanceMeters>
          <HeartRateBpm>
            <Value>129</Value>
          </HeartRateBpm>
          <SensorState>Absent</SensorState>
        </Trackpoint>
        <Trackpoint>
          <Time>2025-11-09T06:57:32Z</Time>
          <DistanceMeters>399.0</DistanceMeters>
          <HeartRateBpm>
            <Value>131</Value>
          </HeartRateBpm>
          <SensorState>Absent</SensorState>
        </Trackpoint>
        <Trackpoint>
          <Time>2025-11-09T06:57:34Z</Time>
          <DistanceMeters>399.0</DistanceMeters>
          <HeartRateBpm>
            <Value>132</Value>
          </HeartRateBpm>
          <SensorState>Absent</SensorState>
        </Trackpoint>
        <Trackpoint>
          <Time>2025-11-09T06:57:35Z</Time>
          <DistanceMeters>399.0</DistanceMeters>
          <HeartRateBpm>
            <Value>133</Value>
          </HeartRateBpm>
          <SensorState>Absent</SensorState>
        </Trackpoint>
        <Trackpoint>
          <Time>2025-11-09T06:57:40Z</Time>
          <DistanceMeters>399.0</DistanceMeters>
          <HeartRateBpm>
            <Value>132</Value>
          </HeartRateBpm>
          <SensorState>Absent</SensorState>
        </Trackpoint>
        <Trackpoint>
          <Time>2025-11-09T06:57:43Z</Time>
          <DistanceMeters>410.0</DistanceMeters>
          <HeartRateBpm>
            <Value>131</Value>
          </HeartRateBpm>
          <SensorState>Absent</SensorState>
        </Trackpoint>
        <Trackpoint>
          <Time>2025-11-09T06:57:46Z</Time>
          <DistanceMeters>410.0</DistanceMeters>
          <HeartRateBpm>
            <Value>132</Value>
          </HeartRateBpm>
          <SensorState>Absent</SensorState>
        </Trackpoint>
        <Trackpoint>
          <Time>2025-11-09T06:57:47Z</Time>
          <DistanceMeters>410.0</DistanceMeters>
          <HeartRateBpm>
            <Value>133</Value>
          </HeartRateBpm>
          <SensorState>Absent</SensorState>
        </Trackpoint>
        <Trackpoint>
          <Time>2025-11-09T06:57:53Z</Time>
          <DistanceMeters>410.0</DistanceMeters>
          <HeartRateBpm>
            <Value>132</Value>
          </HeartRateBpm>
          <SensorState>Absent</SensorState>
        </Trackpoint>
        <Trackpoint>
          <Time>2025-11-09T06:57:54Z</Time>
          <DistanceMeters>410.0</DistanceMeters>
          <HeartRateBpm>
            <Value>129</Value>
          </HeartRateBpm>
          <SensorState>Absent</SensorState>
        </Trackpoint>
        <Trackpoint>
          <Time>2025-11-09T06:57:55Z</Time>
          <DistanceMeters>410.0</DistanceMeters>
          <HeartRateBpm>
            <Value>124</Value>
          </HeartRateBpm>
          <SensorState>Absent</SensorState>
        </Trackpoint>
        <Trackpoint>
          <Time>2025-11-09T06:57:57Z</Time>
          <DistanceMeters>410.0</DistanceMeters>
          <HeartRateBpm>
            <Value>123</Value>
          </HeartRateBpm>
          <SensorState>Absent</SensorState>
        </Trackpoint>
        <Trackpoint>
          <Time>2025-11-09T06:57:58Z</Time>
          <DistanceMeters>410.0</DistanceMeters>
          <HeartRateBpm>
            <Value>121</Value>
          </HeartRateBpm>
          <SensorState>Absent</SensorState>
        </Trackpoint>
        <Trackpoint>
          <Time>2025-11-09T06:57:59Z</Time>
          <DistanceMeters>410.0</DistanceMeters>
          <HeartRateBpm>
            <Value>120</Value>
          </HeartRateBpm>
          <SensorState>Absent</SensorState>
        </Trackpoint>
        <Trackpoint>
          <Time>2025-11-09T06:58:00Z</Time>
          <DistanceMeters>410.0</DistanceMeters>
          <HeartRateBpm>
            <Value>118</Value>
          </HeartRateBpm>
          <SensorState>Absent</SensorState>
        </Trackpoint>
        <Trackpoint>
          <Time>2025-11-09T06:58:01Z</Time>
          <DistanceMeters>410.0</DistanceMeters>
          <HeartRateBpm>
            <Value>119</Value>
          </HeartRateBpm>
          <SensorState>Absent</SensorState>
        </Trackpoint>
        <Trackpoint>
          <Time>2025-11-09T06:58:02Z</Time>
          <DistanceMeters>410.0</DistanceMeters>
          <HeartRateBpm>
            <Value>118</Value>
          </HeartRateBpm>
          <SensorState>Absent</SensorState>
        </Trackpoint>
        <Trackpoint>
          <Time>2025-11-09T06:58:03Z</Time>
          <DistanceMeters>410.0</DistanceMeters>
          <HeartRateBpm>
            <Value>117</Value>
          </HeartRateBpm>
          <SensorState>Absent</SensorState>
        </Trackpoint>
        <Trackpoint>
          <Time>2025-11-09T06:58:05Z</Time>
          <DistanceMeters>410.0</DistanceMeters>
          <HeartRateBpm>
            <Value>118</Value>
          </HeartRateBpm>
          <SensorState>Absent</SensorState>
        </Trackpoint>
        <Trackpoint>
          <Time>2025-11-09T06:58:06Z</Time>
          <DistanceMeters>410.0</DistanceMeters>
          <HeartRateBpm>
            <Value>119</Value>
          </HeartRateBpm>
          <SensorState>Absent</SensorState>
        </Trackpoint>
        <Trackpoint>
          <Time>2025-11-09T06:58:07Z</Time>
          <DistanceMeters>410.0</DistanceMeters>
          <HeartRateBpm>
            <Value>120</Value>
          </HeartRateBpm>
          <SensorState>Absent</SensorState>
        </Trackpoint>
        <Trackpoint>
          <Time>2025-11-09T06:58:10Z</Time>
          <DistanceMeters>410.0</DistanceMeters>
          <HeartRateBpm>
            <Value>121</Value>
          </HeartRateBpm>
          <SensorState>Absent</SensorState>
        </Trackpoint>
        <Trackpoint>
          <Time>2025-11-09T06:58:15Z</Time>
          <DistanceMeters>410.0</DistanceMeters>
          <HeartRateBpm>
            <Value>121</Value>
          </HeartRateBpm>
          <SensorState>Absent</SensorState>
        </Trackpoint>
        <Trackpoint>
          <Time>2025-11-09T06:58:20Z</Time>
          <DistanceMeters>410.0</DistanceMeters>
          <HeartRateBpm>
            <Value>121</Value>
          </HeartRateBpm>
          <SensorState>Absent</SensorState>
        </Trackpoint>
        <Trackpoint>
          <Time>2025-11-09T06:58:21Z</Time>
          <DistanceMeters>410.0</DistanceMeters>
          <HeartRateBpm>
            <Value>122</Value>
          </HeartRateBpm>
          <SensorState>Absent</SensorState>
        </Trackpoint>
        <Trackpoint>
          <Time>2025-11-09T06:58:23Z</Time>
          <DistanceMeters>410.0</DistanceMeters>
          <HeartRateBpm>
            <Value>121</Value>
          </HeartRateBpm>
          <SensorState>Absent</SensorState>
        </Trackpoint>
        <Trackpoint>
          <Time>2025-11-09T06:58:24Z</Time>
          <DistanceMeters>410.0</DistanceMeters>
          <HeartRateBpm>
            <Value>118</Value>
          </HeartRateBpm>
          <SensorState>Absent</SensorState>
        </Trackpoint>
        <Trackpoint>
          <Time>2025-11-09T06:58:25Z</Time>
          <DistanceMeters>410.0</DistanceMeters>
          <HeartRateBpm>
            <Value>115</Value>
          </HeartRateBpm>
          <SensorState>Absent</SensorState>
        </Trackpoint>
        <Trackpoint>
          <Time>2025-11-09T06:58:28Z</Time>
          <DistanceMeters>410.0</DistanceMeters>
          <HeartRateBpm>
            <Value>116</Value>
          </HeartRateBpm>
          <SensorState>Absent</SensorState>
        </Trackpoint>
        <Trackpoint>
          <Time>2025-11-09T06:58:33Z</Time>
          <DistanceMeters>410.0</DistanceMeters>
          <HeartRateBpm>
            <Value>116</Value>
          </HeartRateBpm>
          <SensorState>Absent</SensorState>
        </Trackpoint>
        <Trackpoint>
          <Time>2025-11-09T06:58:38Z</Time>
          <DistanceMeters>410.0</DistanceMeters>
          <HeartRateBpm>
            <Value>116</Value>
          </HeartRateBpm>
          <SensorState>Absent</SensorState>
        </Trackpoint>
        <Trackpoint>
          <Time>2025-11-09T06:58:39Z</Time>
          <DistanceMeters>410.0</DistanceMeters>
          <HeartRateBpm>
            <Value>113</Value>
          </HeartRateBpm>
          <SensorState>Absent</SensorState>
        </Trackpoint>
        <Trackpoint>
          <Time>2025-11-09T06:58:42Z</Time>
          <DistanceMeters>421.0</DistanceMeters>
          <HeartRateBpm>
            <Value>114</Value>
          </HeartRateBpm>
          <SensorState>Absent</SensorState>
        </Trackpoint>
        <Trackpoint>
          <Time>2025-11-09T06:58:45Z</Time>
          <DistanceMeters>421.0</DistanceMeters>
          <HeartRateBpm>
            <Value>115</Value>
          </HeartRateBpm>
          <SensorState>Absent</SensorState>
        </Trackpoint>
        <Trackpoint>
          <Time>2025-11-09T06:58:50Z</Time>
          <DistanceMeters>421.0</DistanceMeters>
          <HeartRateBpm>
            <Value>115</Value>
          </HeartRateBpm>
          <SensorState>Absent</SensorState>
        </Trackpoint>
        <Trackpoint>
          <Time>2025-11-09T06:58:51Z</Time>
          <DistanceMeters>421.0</DistanceMeters>
          <HeartRateBpm>
            <Value>117</Value>
          </HeartRateBpm>
          <SensorState>Absent</SensorState>
        </Trackpoint>
        <Trackpoint>
          <Time>2025-11-09T06:58:55Z</Time>
          <DistanceMeters>421.0</DistanceMeters>
          <HeartRateBpm>
            <Value>120</Value>
          </HeartRateBpm>
          <SensorState>Absent</SensorState>
        </Trackpoint>
        <Trackpoint>
          <Time>2025-11-09T06:58:56Z</Time>
          <DistanceMeters>421.0</DistanceMeters>
          <HeartRateBpm>
            <Value>126</Value>
          </HeartRateBpm>
          <SensorState>Absent</SensorState>
        </Trackpoint>
        <Trackpoint>
          <Time>2025-11-09T06:58:58Z</Time>
          <DistanceMeters>421.0</DistanceMeters>
          <HeartRateBpm>
            <Value>128</Value>
          </HeartRateBpm>
          <SensorState>Absent</SensorState>
        </Trackpoint>
        <Trackpoint>
          <Time>2025-11-09T06:58:59Z</Time>
          <DistanceMeters>421.0</DistanceMeters>
          <HeartRateBpm>
            <Value>130</Value>
          </HeartRateBpm>
          <SensorState>Absent</SensorState>
        </Trackpoint>
        <Trackpoint>
          <Time>2025-11-09T06:59:00Z</Time>
          <DistanceMeters>421.0</DistanceMeters>
          <HeartRateBpm>
            <Value>125</Value>
          </HeartRateBpm>
          <SensorState>Absent</SensorState>
        </Trackpoint>
        <Trackpoint>
          <Time>2025-11-09T06:59:00Z</Time>
          <DistanceMeters>421.0</DistanceMeters>
          <HeartRateBpm>
            <Value>131</Value>
          </HeartRateBpm>
          <SensorState>Absent</SensorState>
        </Trackpoint>
        <Trackpoint>
          <Time>2025-11-09T06:59:03Z</Time>
          <DistanceMeters>421.0</DistanceMeters>
          <HeartRateBpm>
            <Value>130</Value>
          </HeartRateBpm>
          <SensorState>Absent</SensorState>
        </Trackpoint>
        <Trackpoint>
          <Time>2025-11-09T06:59:06Z</Time>
          <DistanceMeters>421.0</DistanceMeters>
          <HeartRateBpm>
            <Value>128</Value>
          </HeartRateBpm>
          <SensorState>Absent</SensorState>
        </Trackpoint>
        <Trackpoint>
          <Time>2025-11-09T06:59:07Z</Time>
          <DistanceMeters>421.0</DistanceMeters>
          <HeartRateBpm>
            <Value>130</Value>
          </HeartRateBpm>
          <SensorState>Absent</SensorState>
        </Trackpoint>
        <Trackpoint>
          <Time>2025-11-09T06:59:08Z</Time>
          <DistanceMeters>421.0</DistanceMeters>
          <HeartRateBpm>
            <Value>132</Value>
          </HeartRateBpm>
          <SensorState>Absent</SensorState>
        </Trackpoint>
        <Trackpoint>
          <Time>2025-11-09T06:59:11Z</Time>
          <DistanceMeters>421.0</DistanceMeters>
          <HeartRateBpm>
            <Value>131</Value>
          </HeartRateBpm>
          <SensorState>Absent</SensorState>
        </Trackpoint>
        <Trackpoint>
          <Time>2025-11-09T06:59:12Z</Time>
          <DistanceMeters>421.0</DistanceMeters>
          <HeartRateBpm>
            <Value>129</Value>
          </HeartRateBpm>
          <SensorState>Absent</SensorState>
        </Trackpoint>
        <Trackpoint>
          <Time>2025-11-09T06:59:14Z</Time>
          <DistanceMeters>421.0</DistanceMeters>
          <HeartRateBpm>
            <Value>130</Value>
          </HeartRateBpm>
          <SensorState>Absent</SensorState>
        </Trackpoint>
        <Trackpoint>
          <Time>2025-11-09T06:59:15Z</Time>
          <DistanceMeters>421.0</DistanceMeters>
          <HeartRateBpm>
            <Value>131</Value>
          </HeartRateBpm>
          <SensorState>Absent</SensorState>
        </Trackpoint>
        <Trackpoint>
          <Time>2025-11-09T06:59:17Z</Time>
          <DistanceMeters>421.0</DistanceMeters>
          <HeartRateBpm>
            <Value>130</Value>
          </HeartRateBpm>
          <SensorState>Absent</SensorState>
        </Trackpoint>
        <Trackpoint>
          <Time>2025-11-09T06:59:22Z</Time>
          <DistanceMeters>421.0</DistanceMeters>
          <HeartRateBpm>
            <Value>130</Value>
          </HeartRateBpm>
          <SensorState>Absent</SensorState>
        </Trackpoint>
        <Trackpoint>
          <Time>2025-11-09T06:59:24Z</Time>
          <DistanceMeters>421.0</DistanceMeters>
          <HeartRateBpm>
            <Value>129</Value>
          </HeartRateBpm>
          <SensorState>Absent</SensorState>
        </Trackpoint>
        <Trackpoint>
          <Time>2025-11-09T06:59:25Z</Time>
          <DistanceMeters>421.0</DistanceMeters>
          <HeartRateBpm>
            <Value>124</Value>
          </HeartRateBpm>
          <SensorState>Absent</SensorState>
        </Trackpoint>
        <Trackpoint>
          <Time>2025-11-09T06:59:26Z</Time>
          <DistanceMeters>421.0</DistanceMeters>
          <HeartRateBpm>
            <Value>125</Value>
          </HeartRateBpm>
          <SensorState>Absent</SensorState>
        </Trackpoint>
        <Trackpoint>
          <Time>2025-11-09T06:59:28Z</Time>
          <DistanceMeters>421.0</DistanceMeters>
          <HeartRateBpm>
            <Value>126</Value>
          </HeartRateBpm>
          <SensorState>Absent</SensorState>
        </Trackpoint>
        <Trackpoint>
          <Time>2025-11-09T06:59:29Z</Time>
          <DistanceMeters>421.0</DistanceMeters>
          <HeartRateBpm>
            <Value>127</Value>
          </HeartRateBpm>
          <SensorState>Absent</SensorState>
        </Trackpoint>
        <Trackpoint>
          <Time>2025-11-09T06:59:30Z</Time>
          <DistanceMeters>421.0</DistanceMeters>
          <HeartRateBpm>
            <Value>129</Value>
          </HeartRateBpm>
          <SensorState>Absent</SensorState>
        </Trackpoint>
        <Trackpoint>
          <Time>2025-11-09T06:59:36Z</Time>
          <DistanceMeters>421.0</DistanceMeters>
          <HeartRateBpm>
            <Value>128</Value>
          </HeartRateBpm>
          <SensorState>Absent</SensorState>
        </Trackpoint>
        <Trackpoint>
          <Time>2025-11-09T06:59:37Z</Time>
          <DistanceMeters>421.0</DistanceMeters>
          <HeartRateBpm>
            <Value>126</Value>
          </HeartRateBpm>
          <SensorState>Absent</SensorState>
        </Trackpoint>
        <Trackpoint>
          <Time>2025-11-09T06:59:38Z</Time>
          <DistanceMeters>421.0</DistanceMeters>
          <HeartRateBpm>
            <Value>125</Value>
          </HeartRateBpm>
          <SensorState>Absent</SensorState>
        </Trackpoint>
        <Trackpoint>
          <Time>2025-11-09T06:59:42Z</Time>
          <DistanceMeters>432.0</DistanceMeters>
          <HeartRateBpm>
            <Value>123</Value>
          </HeartRateBpm>
          <SensorState>Absent</SensorState>
        </Trackpoint>
        <Trackpoint>
          <Time>2025-11-09T06:59:43Z</Time>
          <DistanceMeters>432.0</DistanceMeters>
          <HeartRateBpm>
            <Value>122</Value>
          </HeartRateBpm>
          <SensorState>Absent</SensorState>
        </Trackpoint>
        <Trackpoint>
          <Time>2025-11-09T06:59:45Z</Time>
          <DistanceMeters>432.0</DistanceMeters>
          <HeartRateBpm>
            <Value>120</Value>
          </HeartRateBpm>
          <SensorState>Absent</SensorState>
        </Trackpoint>
        <Trackpoint>
          <Time>2025-11-09T06:59:47Z</Time>
          <DistanceMeters>432.0</DistanceMeters>
          <HeartRateBpm>
            <Value>122</Value>
          </HeartRateBpm>
          <SensorState>Absent</SensorState>
        </Trackpoint>
        <Trackpoint>
          <Time>2025-11-09T06:59:50Z</Time>
          <DistanceMeters>432.0</DistanceMeters>
          <HeartRateBpm>
            <Value>121</Value>
          </HeartRateBpm>
          <SensorState>Absent</SensorState>
        </Trackpoint>
        <Trackpoint>
          <Time>2025-11-09T06:59:51Z</Time>
          <DistanceMeters>432.0</DistanceMeters>
          <HeartRateBpm>
            <Value>118</Value>
          </HeartRateBpm>
          <SensorState>Absent</SensorState>
        </Trackpoint>
        <Trackpoint>
          <Time>2025-11-09T06:59:52Z</Time>
          <DistanceMeters>432.0</DistanceMeters>
          <HeartRateBpm>
            <Value>117</Value>
          </HeartRateBpm>
          <SensorState>Absent</SensorState>
        </Trackpoint>
        <Trackpoint>
          <Time>2025-11-09T06:59:55Z</Time>
          <DistanceMeters>432.0</DistanceMeters>
          <HeartRateBpm>
            <Value>113</Value>
          </HeartRateBpm>
          <SensorState>Absent</SensorState>
        </Trackpoint>
        <Trackpoint>
          <Time>2025-11-09T06:59:56Z</Time>
          <DistanceMeters>432.0</DistanceMeters>
          <HeartRateBpm>
            <Value>111</Value>
          </HeartRateBpm>
          <SensorState>Absent</SensorState>
        </Trackpoint>
        <Trackpoint>
          <Time>2025-11-09T07:00:00Z</Time>
          <DistanceMeters>432.0</DistanceMeters>
          <HeartRateBpm>
            <Value>117</Value>
          </HeartRateBpm>
          <SensorState>Absent</SensorState>
        </Trackpoint>
        <Trackpoint>
          <Time>2025-11-09T07:00:02Z</Time>
          <DistanceMeters>432.0</DistanceMeters>
          <HeartRateBpm>
            <Value>112</Value>
          </HeartRateBpm>
          <SensorState>Absent</SensorState>
        </Trackpoint>
        <Trackpoint>
          <Time>2025-11-09T07:00:04Z</Time>
          <DistanceMeters>432.0</DistanceMeters>
          <HeartRateBpm>
            <Value>113</Value>
          </HeartRateBpm>
          <SensorState>Absent</SensorState>
        </Trackpoint>
        <Trackpoint>
          <Time>2025-11-09T07:00:06Z</Time>
          <DistanceMeters>432.0</DistanceMeters>
          <HeartRateBpm>
            <Value>114</Value>
          </HeartRateBpm>
          <SensorState>Absent</SensorState>
        </Trackpoint>
        <Trackpoint>
          <Time>2025-11-09T07:00:09Z</Time>
          <DistanceMeters>432.0</DistanceMeters>
          <HeartRateBpm>
            <Value>115</Value>
          </HeartRateBpm>
          <SensorState>Absent</SensorState>
        </Trackpoint>
        <Trackpoint>
          <Time>2025-11-09T07:00:11Z</Time>
          <DistanceMeters>432.0</DistanceMeters>
          <HeartRateBpm>
            <Value>117</Value>
          </HeartRateBpm>
          <SensorState>Absent</SensorState>
        </Trackpoint>
        <Trackpoint>
          <Time>2025-11-09T07:00:12Z</Time>
          <DistanceMeters>432.0</DistanceMeters>
          <HeartRateBpm>
            <Value>118</Value>
          </HeartRateBpm>
          <SensorState>Absent</SensorState>
        </Trackpoint>
        <Trackpoint>
          <Time>2025-11-09T07:00:13Z</Time>
          <DistanceMeters>432.0</DistanceMeters>
          <HeartRateBpm>
            <Value>119</Value>
          </HeartRateBpm>
          <SensorState>Absent</SensorState>
        </Trackpoint>
        <Trackpoint>
          <Time>2025-11-09T07:00:16Z</Time>
          <DistanceMeters>432.0</DistanceMeters>
          <HeartRateBpm>
            <Value>117</Value>
          </HeartRateBpm>
          <SensorState>Absent</SensorState>
        </Trackpoint>
        <Trackpoint>
          <Time>2025-11-09T07:00:17Z</Time>
          <DistanceMeters>432.0</DistanceMeters>
          <HeartRateBpm>
            <Value>119</Value>
          </HeartRateBpm>
          <SensorState>Absent</SensorState>
        </Trackpoint>
        <Trackpoint>
          <Time>2025-11-09T07:00:18Z</Time>
          <DistanceMeters>432.0</DistanceMeters>
          <HeartRateBpm>
            <Value>121</Value>
          </HeartRateBpm>
          <SensorState>Absent</SensorState>
        </Trackpoint>
        <Trackpoint>
          <Time>2025-11-09T07:00:21Z</Time>
          <DistanceMeters>432.0</DistanceMeters>
          <HeartRateBpm>
            <Value>122</Value>
          </HeartRateBpm>
          <SensorState>Absent</SensorState>
        </Trackpoint>
        <Trackpoint>
          <Time>2025-11-09T07:00:22Z</Time>
          <DistanceMeters>432.0</DistanceMeters>
          <HeartRateBpm>
            <Value>123</Value>
          </HeartRateBpm>
          <SensorState>Absent</SensorState>
        </Trackpoint>
        <Trackpoint>
          <Time>2025-11-09T07:00:24Z</Time>
          <DistanceMeters>432.0</DistanceMeters>
          <HeartRateBpm>
            <Value>126</Value>
          </HeartRateBpm>
          <SensorState>Absent</SensorState>
        </Trackpoint>
        <Trackpoint>
          <Time>2025-11-09T07:00:25Z</Time>
          <DistanceMeters>432.0</DistanceMeters>
          <HeartRateBpm>
            <Value>128</Value>
          </HeartRateBpm>
          <SensorState>Absent</SensorState>
        </Trackpoint>
        <Trackpoint>
          <Time>2025-11-09T07:00:26Z</Time>
          <DistanceMeters>432.0</DistanceMeters>
          <HeartRateBpm>
            <Value>130</Value>
          </HeartRateBpm>
          <SensorState>Absent</SensorState>
        </Trackpoint>
        <Trackpoint>
          <Time>2025-11-09T07:00:30Z</Time>
          <DistanceMeters>432.0</DistanceMeters>
          <HeartRateBpm>
            <Value>129</Value>
          </HeartRateBpm>
          <SensorState>Absent</SensorState>
        </Trackpoint>
        <Trackpoint>
          <Time>2025-11-09T07:00:33Z</Time>
          <DistanceMeters>432.0</DistanceMeters>
          <HeartRateBpm>
            <Value>130</Value>
          </HeartRateBpm>
          <SensorState>Absent</SensorState>
        </Trackpoint>
        <Trackpoint>
          <Time>2025-11-09T07:00:34Z</Time>
          <DistanceMeters>432.0</DistanceMeters>
          <HeartRateBpm>
            <Value>131</Value>
          </HeartRateBpm>
          <SensorState>Absent</SensorState>
        </Trackpoint>
        <Trackpoint>
          <Time>2025-11-09T07:00:38Z</Time>
          <DistanceMeters>432.0</DistanceMeters>
          <HeartRateBpm>
            <Value>130</Value>
          </HeartRateBpm>
          <SensorState>Absent</SensorState>
        </Trackpoint>
        <Trackpoint>
          <Time>2025-11-09T07:00:39Z</Time>
          <DistanceMeters>432.0</DistanceMeters>
          <HeartRateBpm>
            <Value>125</Value>
          </HeartRateBpm>
          <SensorState>Absent</SensorState>
        </Trackpoint>
        <Trackpoint>
          <Time>2025-11-09T07:00:40Z</Time>
          <DistanceMeters>432.0</DistanceMeters>
          <HeartRateBpm>
            <Value>123</Value>
          </HeartRateBpm>
          <SensorState>Absent</SensorState>
        </Trackpoint>
        <Trackpoint>
          <Time>2025-11-09T07:00:42Z</Time>
          <DistanceMeters>443.0</DistanceMeters>
          <HeartRateBpm>
            <Value>122</Value>
          </HeartRateBpm>
          <SensorState>Absent</SensorState>
        </Trackpoint>
        <Trackpoint>
          <Time>2025-11-09T07:00:43Z</Time>
          <DistanceMeters>443.0</DistanceMeters>
          <HeartRateBpm>
            <Value>110</Value>
          </HeartRateBpm>
          <SensorState>Absent</SensorState>
        </Trackpoint>
        <Trackpoint>
          <Time>2025-11-09T07:00:44Z</Time>
          <DistanceMeters>443.0</DistanceMeters>
          <HeartRateBpm>
            <Value>107</Value>
          </HeartRateBpm>
          <SensorState>Absent</SensorState>
        </Trackpoint>
        <Trackpoint>
          <Time>2025-11-09T07:00:46Z</Time>
          <DistanceMeters>443.0</DistanceMeters>
          <HeartRateBpm>
            <Value>105</Value>
          </HeartRateBpm>
          <SensorState>Absent</SensorState>
        </Trackpoint>
        <Trackpoint>
          <Time>2025-11-09T07:00:47Z</Time>
          <DistanceMeters>443.0</DistanceMeters>
          <HeartRateBpm>
            <Value>106</Value>
          </HeartRateBpm>
          <SensorState>Absent</SensorState>
        </Trackpoint>
        <Trackpoint>
          <Time>2025-11-09T07:00:48Z</Time>
          <DistanceMeters>443.0</DistanceMeters>
          <HeartRateBpm>
            <Value>107</Value>
          </HeartRateBpm>
          <SensorState>Absent</SensorState>
        </Trackpoint>
        <Trackpoint>
          <Time>2025-11-09T07:00:50Z</Time>
          <DistanceMeters>443.0</DistanceMeters>
          <HeartRateBpm>
            <Value>108</Value>
          </HeartRateBpm>
          <SensorState>Absent</SensorState>
        </Trackpoint>
        <Trackpoint>
          <Time>2025-11-09T07:00:51Z</Time>
          <DistanceMeters>443.0</DistanceMeters>
          <HeartRateBpm>
            <Value>109</Value>
          </HeartRateBpm>
          <SensorState>Absent</SensorState>
        </Trackpoint>
        <Trackpoint>
          <Time>2025-11-09T07:00:56Z</Time>
          <DistanceMeters>443.0</DistanceMeters>
          <HeartRateBpm>
            <Value>107</Value>
          </HeartRateBpm>
          <SensorState>Absent</SensorState>
        </Trackpoint>
        <Trackpoint>
          <Time>2025-11-09T07:00:58Z</Time>
          <DistanceMeters>443.0</DistanceMeters>
          <HeartRateBpm>
            <Value>106</Value>
          </HeartRateBpm>
          <SensorState>Absent</SensorState>
        </Trackpoint>
        <Trackpoint>
          <Time>2025-11-09T07:01:00Z</Time>
          <DistanceMeters>443.0</DistanceMeters>
          <HeartRateBpm>
            <Value>111</Value>
          </HeartRateBpm>
          <SensorState>Absent</SensorState>
        </Trackpoint>
        <Trackpoint>
          <Time>2025-11-09T07:01:01Z</Time>
          <DistanceMeters>443.0</DistanceMeters>
          <HeartRateBpm>
            <Value>105</Value>
          </HeartRateBpm>
          <SensorState>Absent</SensorState>
        </Trackpoint>
        <Trackpoint>
          <Time>2025-11-09T07:01:02Z</Time>
          <DistanceMeters>443.0</DistanceMeters>
          <HeartRateBpm>
            <Value>104</Value>
          </HeartRateBpm>
          <SensorState>Absent</SensorState>
        </Trackpoint>
        <Trackpoint>
          <Time>2025-11-09T07:01:05Z</Time>
          <DistanceMeters>443.0</DistanceMeters>
          <HeartRateBpm>
            <Value>106</Value>
          </HeartRateBpm>
          <SensorState>Absent</SensorState>
        </Trackpoint>
        <Trackpoint>
          <Time>2025-11-09T07:01:10Z</Time>
          <DistanceMeters>443.0</DistanceMeters>
          <HeartRateBpm>
            <Value>106</Value>
          </HeartRateBpm>
          <SensorState>Absent</SensorState>
        </Trackpoint>
        <Trackpoint>
          <Time>2025-11-09T07:01:14Z</Time>
          <DistanceMeters>443.0</DistanceMeters>
          <HeartRateBpm>
            <Value>108</Value>
          </HeartRateBpm>
          <SensorState>Absent</SensorState>
        </Trackpoint>
        <Trackpoint>
          <Time>2025-11-09T07:01:18Z</Time>
          <DistanceMeters>443.0</DistanceMeters>
          <HeartRateBpm>
            <Value>107</Value>
          </HeartRateBpm>
          <SensorState>Absent</SensorState>
        </Trackpoint>
        <Trackpoint>
          <Time>2025-11-09T07:01:22Z</Time>
          <DistanceMeters>443.0</DistanceMeters>
          <HeartRateBpm>
            <Value>108</Value>
          </HeartRateBpm>
          <SensorState>Absent</SensorState>
        </Trackpoint>
        <Trackpoint>
          <Time>2025-11-09T07:01:28Z</Time>
          <DistanceMeters>443.0</DistanceMeters>
          <HeartRateBpm>
            <Value>108</Value>
          </HeartRateBpm>
          <SensorState>Absent</SensorState>
        </Trackpoint>
        <Trackpoint>
          <Time>2025-11-09T07:01:32Z</Time>
          <DistanceMeters>443.0</DistanceMeters>
          <HeartRateBpm>
            <Value>109</Value>
          </HeartRateBpm>
          <SensorState>Absent</SensorState>
        </Trackpoint>
        <Trackpoint>
          <Time>2025-11-09T07:01:33Z</Time>
          <DistanceMeters>443.0</DistanceMeters>
          <HeartRateBpm>
            <Value>111</Value>
          </HeartRateBpm>
          <SensorState>Absent</SensorState>
        </Trackpoint>
        <Trackpoint>
          <Time>2025-11-09T07:01:35Z</Time>
          <DistanceMeters>443.0</DistanceMeters>
          <HeartRateBpm>
            <Value>113</Value>
          </HeartRateBpm>
          <SensorState>Absent</SensorState>
        </Trackpoint>
        <Trackpoint>
          <Time>2025-11-09T07:01:38Z</Time>
          <DistanceMeters>443.0</DistanceMeters>
          <HeartRateBpm>
            <Value>114</Value>
          </HeartRateBpm>
          <SensorState>Absent</SensorState>
        </Trackpoint>
        <Trackpoint>
          <Time>2025-11-09T07:01:39Z</Time>
          <DistanceMeters>443.0</DistanceMeters>
          <HeartRateBpm>
            <Value>115</Value>
          </HeartRateBpm>
          <SensorState>Absent</SensorState>
        </Trackpoint>
        <Trackpoint>
          <Time>2025-11-09T07:01:41Z</Time>
          <DistanceMeters>454.0</DistanceMeters>
          <HeartRateBpm>
            <Value>114</Value>
          </HeartRateBpm>
          <SensorState>Absent</SensorState>
        </Trackpoint>
        <Trackpoint>
          <Time>2025-11-09T07:01:43Z</Time>
          <DistanceMeters>454.0</DistanceMeters>
          <HeartRateBpm>
            <Value>116</Value>
          </HeartRateBpm>
          <SensorState>Absent</SensorState>
        </Trackpoint>
        <Trackpoint>
          <Time>2025-11-09T07:01:45Z</Time>
          <DistanceMeters>454.0</DistanceMeters>
          <HeartRateBpm>
            <Value>115</Value>
          </HeartRateBpm>
          <SensorState>Absent</SensorState>
        </Trackpoint>
        <Trackpoint>
          <Time>2025-11-09T07:01:50Z</Time>
          <DistanceMeters>454.0</DistanceMeters>
          <HeartRateBpm>
            <Value>114</Value>
          </HeartRateBpm>
          <SensorState>Absent</SensorState>
        </Trackpoint>
        <Trackpoint>
          <Time>2025-11-09T07:01:51Z</Time>
          <DistanceMeters>454.0</DistanceMeters>
          <HeartRateBpm>
            <Value>112</Value>
          </HeartRateBpm>
          <SensorState>Absent</SensorState>
        </Trackpoint>
        <Trackpoint>
          <Time>2025-11-09T07:01:52Z</Time>
          <DistanceMeters>454.0</DistanceMeters>
          <HeartRateBpm>
            <Value>117</Value>
          </HeartRateBpm>
          <SensorState>Absent</SensorState>
        </Trackpoint>
        <Trackpoint>
          <Time>2025-11-09T07:01:53Z</Time>
          <DistanceMeters>454.0</DistanceMeters>
          <HeartRateBpm>
            <Value>119</Value>
          </HeartRateBpm>
          <SensorState>Absent</SensorState>
        </Trackpoint>
        <Trackpoint>
          <Time>2025-11-09T07:01:55Z</Time>
          <DistanceMeters>454.0</DistanceMeters>
          <HeartRateBpm>
            <Value>120</Value>
          </HeartRateBpm>
          <SensorState>Absent</SensorState>
        </Trackpoint>
        <Trackpoint>
          <Time>2025-11-09T07:01:56Z</Time>
          <DistanceMeters>454.0</DistanceMeters>
          <HeartRateBpm>
            <Value>121</Value>
          </HeartRateBpm>
          <SensorState>Absent</SensorState>
        </Trackpoint>
        <Trackpoint>
          <Time>2025-11-09T07:02:00Z</Time>
          <DistanceMeters>454.0</DistanceMeters>
          <HeartRateBpm>
            <Value>116</Value>
          </HeartRateBpm>
          <Cadence><Value>88</Value></Cadence>
          <SensorState>Absent</SensorState>
        </Trackpoint>
        <Trackpoint>
          <Time>2025-11-09T07:02:00Z</Time>
          <DistanceMeters>454.0</DistanceMeters>
          <HeartRateBpm>
            <Value>120</Value>
          </HeartRateBpm>
          <Cadence><Value>88</Value></Cadence>
          <SensorState>Absent</SensorState>
        </Trackpoint>
        <Trackpoint>
          <Time>2025-11-09T07:02:01Z</Time>
          <DistanceMeters>454.0</DistanceMeters>
          <HeartRateBpm>
            <Value>119</Value>
          </HeartRateBpm>
          <Cadence><Value>88</Value></Cadence>
          <SensorState>Absent</SensorState>
        </Trackpoint>
        <Trackpoint>
          <Time>2025-11-09T07:02:04Z</Time>
          <DistanceMeters>454.0</DistanceMeters>
          <HeartRateBpm>
            <Value>120</Value>
          </HeartRateBpm>
          <Cadence><Value>88</Value></Cadence>
          <SensorState>Absent</SensorState>
        </Trackpoint>
        <Trackpoint>
          <Time>2025-11-09T07:02:05Z</Time>
          <DistanceMeters>454.0</DistanceMeters>
          <HeartRateBpm>
            <Value>119</Value>
          </HeartRateBpm>
          <Cadence><Value>88</Value></Cadence>
          <SensorState>Absent</SensorState>
        </Trackpoint>
        <Trackpoint>
          <Time>2025-11-09T07:02:07Z</Time>
          <DistanceMeters>454.0</DistanceMeters>
          <HeartRateBpm>
            <Value>118</Value>
          </HeartRateBpm>
          <Cadence><Value>88</Value></Cadence>
          <SensorState>Absent</SensorState>
        </Trackpoint>
        <Trackpoint>
          <Time>2025-11-09T07:02:08Z</Time>
          <DistanceMeters>454.0</DistanceMeters>
          <HeartRateBpm>
            <Value>115</Value>
          </HeartRateBpm>
          <Cadence><Value>88</Value></Cadence>
          <SensorState>Absent</SensorState>
        </Trackpoint>
        <Trackpoint>
          <Time>2025-11-09T07:02:09Z</Time>
          <DistanceMeters>454.0</DistanceMeters>
          <HeartRateBpm>
            <Value>117</Value>
          </HeartRateBpm>
          <Cadence><Value>88</Value></Cadence>
          <SensorState>Absent</SensorState>
        </Trackpoint>
        <Trackpoint>
          <Time>2025-11-09T07:02:12Z</Time>
          <DistanceMeters>454.0</DistanceMeters>
          <HeartRateBpm>
            <Value>116</Value>
          </HeartRateBpm>
          <Cadence><Value>88</Value></Cadence>
          <SensorState>Absent</SensorState>
        </Trackpoint>
        <Trackpoint>
          <Time>2025-11-09T07:02:17Z</Time>
          <DistanceMeters>454.0</DistanceMeters>
          <HeartRateBpm>
            <Value>114</Value>
          </HeartRateBpm>
          <Cadence><Value>88</Value></Cadence>
          <SensorState>Absent</SensorState>
        </Trackpoint>
        <Trackpoint>
          <Time>2025-11-09T07:02:18Z</Time>
          <DistanceMeters>454.0</DistanceMeters>
          <HeartRateBpm>
            <Value>117</Value>
          </HeartRateBpm>
          <Cadence><Value>88</Value></Cadence>
          <SensorState>Absent</SensorState>
        </Trackpoint>
        <Trackpoint>
          <Time>2025-11-09T07:02:19Z</Time>
          <DistanceMeters>454.0</DistanceMeters>
          <HeartRateBpm>
            <Value>119</Value>
          </HeartRateBpm>
          <Cadence><Value>88</Value></Cadence>
          <SensorState>Absent</SensorState>
        </Trackpoint>
        <Trackpoint>
          <Time>2025-11-09T07:02:22Z</Time>
          <DistanceMeters>454.0</DistanceMeters>
          <HeartRateBpm>
            <Value>118</Value>
          </HeartRateBpm>
          <Cadence><Value>88</Value></Cadence>
          <SensorState>Absent</SensorState>
        </Trackpoint>
        <Trackpoint>
          <Time>2025-11-09T07:02:25Z</Time>
          <DistanceMeters>454.0</DistanceMeters>
          <HeartRateBpm>
            <Value>119</Value>
          </HeartRateBpm>
          <Cadence><Value>88</Value></Cadence>
          <SensorState>Absent</SensorState>
        </Trackpoint>
        <Trackpoint>
          <Time>2025-11-09T07:02:26Z</Time>
          <DistanceMeters>454.0</DistanceMeters>
          <HeartRateBpm>
            <Value>118</Value>
          </HeartRateBpm>
          <Cadence><Value>88</Value></Cadence>
          <SensorState>Absent</SensorState>
        </Trackpoint>
        <Trackpoint>
          <Time>2025-11-09T07:02:30Z</Time>
          <DistanceMeters>454.0</DistanceMeters>
          <HeartRateBpm>
            <Value>116</Value>
          </HeartRateBpm>
          <Cadence><Value>88</Value></Cadence>
          <SensorState>Absent</SensorState>
        </Trackpoint>
        <Trackpoint>
          <Time>2025-11-09T07:02:31Z</Time>
          <DistanceMeters>454.0</DistanceMeters>
          <HeartRateBpm>
            <Value>114</Value>
          </HeartRateBpm>
          <Cadence><Value>88</Value></Cadence>
          <SensorState>Absent</SensorState>
        </Trackpoint>
        <Trackpoint>
          <Time>2025-11-09T07:02:34Z</Time>
          <DistanceMeters>454.0</DistanceMeters>
          <HeartRateBpm>
            <Value>113</Value>
          </HeartRateBpm>
          <Cadence><Value>88</Value></Cadence>
          <SensorState>Absent</SensorState>
        </Trackpoint>
        <Trackpoint>
          <Time>2025-11-09T07:02:36Z</Time>
          <DistanceMeters>454.0</DistanceMeters>
          <HeartRateBpm>
            <Value>114</Value>
          </HeartRateBpm>
          <Cadence><Value>88</Value></Cadence>
          <SensorState>Absent</SensorState>
        </Trackpoint>
        <Trackpoint>
          <Time>2025-11-09T07:02:39Z</Time>
          <DistanceMeters>454.0</DistanceMeters>
          <HeartRateBpm>
            <Value>116</Value>
          </HeartRateBpm>
          <Cadence><Value>88</Value></Cadence>
          <SensorState>Absent</SensorState>
        </Trackpoint>
        <Trackpoint>
          <Time>2025-11-09T07:02:40Z</Time>
          <DistanceMeters>454.0</DistanceMeters>
          <HeartRateBpm>
            <Value>118</Value>
          </HeartRateBpm>
          <Cadence><Value>88</Value></Cadence>
          <SensorState>Absent</SensorState>
        </Trackpoint>
        <Trackpoint>
          <Time>2025-11-09T07:02:41Z</Time>
          <DistanceMeters>465.0</DistanceMeters>
          <HeartRateBpm>
            <Value>117</Value>
          </HeartRateBpm>
          <Cadence><Value>88</Value></Cadence>
          <SensorState>Absent</SensorState>
        </Trackpoint>
        <Trackpoint>
          <Time>2025-11-09T07:02:43Z</Time>
          <DistanceMeters>465.0</DistanceMeters>
          <HeartRateBpm>
            <Value>116</Value>
          </HeartRateBpm>
          <Cadence><Value>88</Value></Cadence>
          <SensorState>Absent</SensorState>
        </Trackpoint>
        <Trackpoint>
          <Time>2025-11-09T07:02:44Z</Time>
          <DistanceMeters>465.0</DistanceMeters>
          <HeartRateBpm>
            <Value>113</Value>
          </HeartRateBpm>
          <Cadence><Value>88</Value></Cadence>
          <SensorState>Absent</SensorState>
        </Trackpoint>
        <Trackpoint>
          <Time>2025-11-09T07:02:45Z</Time>
          <DistanceMeters>465.0</DistanceMeters>
          <HeartRateBpm>
            <Value>111</Value>
          </HeartRateBpm>
          <Cadence><Value>88</Value></Cadence>
          <SensorState>Absent</SensorState>
        </Trackpoint>
        <Trackpoint>
          <Time>2025-11-09T07:02:47Z</Time>
          <DistanceMeters>465.0</DistanceMeters>
          <HeartRateBpm>
            <Value>110</Value>
          </HeartRateBpm>
          <Cadence><Value>88</Value></Cadence>
          <SensorState>Absent</SensorState>
        </Trackpoint>
        <Trackpoint>
          <Time>2025-11-09T07:02:49Z</Time>
          <DistanceMeters>465.0</DistanceMeters>
          <HeartRateBpm>
            <Value>111</Value>
          </HeartRateBpm>
          <Cadence><Value>88</Value></Cadence>
          <SensorState>Absent</SensorState>
        </Trackpoint>
        <Trackpoint>
          <Time>2025-11-09T07:02:51Z</Time>
          <DistanceMeters>465.0</DistanceMeters>
          <HeartRateBpm>
            <Value>112</Value>
          </HeartRateBpm>
          <Cadence><Value>88</Value></Cadence>
          <SensorState>Absent</SensorState>
        </Trackpoint>
        <Trackpoint>
          <Time>2025-11-09T07:02:52Z</Time>
          <DistanceMeters>465.0</DistanceMeters>
          <HeartRateBpm>
            <Value>113</Value>
          </HeartRateBpm>
          <Cadence><Value>88</Value></Cadence>
          <SensorState>Absent</SensorState>
        </Trackpoint>
        <Trackpoint>
          <Time>2025-11-09T07:02:53Z</Time>
          <DistanceMeters>465.0</DistanceMeters>
          <HeartRateBpm>
            <Value>123</Value>
          </HeartRateBpm>
          <Cadence><Value>88</Value></Cadence>
          <SensorState>Absent</SensorState>
        </Trackpoint>
        <Trackpoint>
          <Time>2025-11-09T07:02:55Z</Time>
          <DistanceMeters>465.0</DistanceMeters>
          <HeartRateBpm>
            <Value>125</Value>
          </HeartRateBpm>
          <Cadence><Value>88</Value></Cadence>
          <SensorState>Absent</SensorState>
        </Trackpoint>
        <Trackpoint>
          <Time>2025-11-09T07:02:56Z</Time>
          <DistanceMeters>465.0</DistanceMeters>
          <HeartRateBpm>
            <Value>126</Value>
          </HeartRateBpm>
          <Cadence><Value>88</Value></Cadence>
          <SensorState>Absent</SensorState>
        </Trackpoint>
        <Trackpoint>
          <Time>2025-11-09T07:02:57Z</Time>
          <DistanceMeters>465.0</DistanceMeters>
          <HeartRateBpm>
            <Value>125</Value>
          </HeartRateBpm>
          <Cadence><Value>88</Value></Cadence>
          <SensorState>Absent</SensorState>
        </Trackpoint>
        <Trackpoint>
          <Time>2025-11-09T07:02:59Z</Time>
          <DistanceMeters>465.0</DistanceMeters>
          <HeartRateBpm>
            <Value>123</Value>
          </HeartRateBpm>
          <Cadence><Value>88</Value></Cadence>
          <SensorState>Absent</SensorState>
        </Trackpoint>
        <Trackpoint>
          <Time>2025-11-09T07:03:00Z</Time>
          <DistanceMeters>465.0</DistanceMeters>
          <HeartRateBpm>
            <Value>128</Value>
          </HeartRateBpm>
          <SensorState>Absent</SensorState>
        </Trackpoint>
        <Trackpoint>
          <Time>2025-11-09T07:03:00Z</Time>
          <DistanceMeters>465.0</DistanceMeters>
          <HeartRateBpm>
            <Value>121</Value>
          </HeartRateBpm>
          <SensorState>Absent</SensorState>
        </Trackpoint>
        <Trackpoint>
          <Time>2025-11-09T07:03:05Z</Time>
          <DistanceMeters>465.0</DistanceMeters>
          <HeartRateBpm>
            <Value>122</Value>
          </HeartRateBpm>
          <SensorState>Absent</SensorState>
        </Trackpoint>
        <Trackpoint>
          <Time>2025-11-09T07:03:07Z</Time>
          <DistanceMeters>465.0</DistanceMeters>
          <HeartRateBpm>
            <Value>125</Value>
          </HeartRateBpm>
          <SensorState>Absent</SensorState>
        </Trackpoint>
        <Trackpoint>
          <Time>2025-11-09T07:03:09Z</Time>
          <DistanceMeters>465.0</DistanceMeters>
          <HeartRateBpm>
            <Value>126</Value>
          </HeartRateBpm>
          <SensorState>Absent</SensorState>
        </Trackpoint>
        <Trackpoint>
          <Time>2025-11-09T07:03:10Z</Time>
          <DistanceMeters>465.0</DistanceMeters>
          <HeartRateBpm>
            <Value>125</Value>
          </HeartRateBpm>
          <SensorState>Absent</SensorState>
        </Trackpoint>
        <Trackpoint>
          <Time>2025-11-09T07:03:11Z</Time>
          <DistanceMeters>465.0</DistanceMeters>
          <HeartRateBpm>
            <Value>124</Value>
          </HeartRateBpm>
          <SensorState>Absent</SensorState>
        </Trackpoint>
        <Trackpoint>
          <Time>2025-11-09T07:03:14Z</Time>
          <DistanceMeters>465.0</DistanceMeters>
          <HeartRateBpm>
            <Value>123</Value>
          </HeartRateBpm>
          <SensorState>Absent</SensorState>
        </Trackpoint>
        <Trackpoint>
          <Time>2025-11-09T07:03:17Z</Time>
          <DistanceMeters>465.0</DistanceMeters>
          <HeartRateBpm>
            <Value>124</Value>
          </HeartRateBpm>
          <SensorState>Absent</SensorState>
        </Trackpoint>
        <Trackpoint>
          <Time>2025-11-09T07:03:18Z</Time>
          <DistanceMeters>465.0</DistanceMeters>
          <HeartRateBpm>
            <Value>127</Value>
          </HeartRateBpm>
          <SensorState>Absent</SensorState>
        </Trackpoint>
        <Trackpoint>
          <Time>2025-11-09T07:03:22Z</Time>
          <DistanceMeters>465.0</DistanceMeters>
          <HeartRateBpm>
            <Value>130</Value>
          </HeartRateBpm>
          <SensorState>Absent</SensorState>
        </Trackpoint>
        <Trackpoint>
          <Time>2025-11-09T07:03:23Z</Time>
          <DistanceMeters>465.0</DistanceMeters>
          <HeartRateBpm>
            <Value>133</Value>
          </HeartRateBpm>
          <SensorState>Absent</SensorState>
        </Trackpoint>
        <Trackpoint>
          <Time>2025-11-09T07:03:25Z</Time>
          <DistanceMeters>465.0</DistanceMeters>
          <HeartRateBpm>
            <Value>134</Value>
          </HeartRateBpm>
          <SensorState>Absent</SensorState>
        </Trackpoint>
        <Trackpoint>
          <Time>2025-11-09T07:03:27Z</Time>
          <DistanceMeters>465.0</DistanceMeters>
          <HeartRateBpm>
            <Value>133</Value>
          </HeartRateBpm>
          <SensorState>Absent</SensorState>
        </Trackpoint>
        <Trackpoint>
          <Time>2025-11-09T07:03:31Z</Time>
          <DistanceMeters>465.0</DistanceMeters>
          <HeartRateBpm>
            <Value>136</Value>
          </HeartRateBpm>
          <SensorState>Absent</SensorState>
        </Trackpoint>
        <Trackpoint>
          <Time>2025-11-09T07:03:35Z</Time>
          <DistanceMeters>465.0</DistanceMeters>
          <HeartRateBpm>
            <Value>137</Value>
          </HeartRateBpm>
          <SensorState>Absent</SensorState>
        </Trackpoint>
        <Trackpoint>
          <Time>2025-11-09T07:03:36Z</Time>
          <DistanceMeters>465.0</DistanceMeters>
          <HeartRateBpm>
            <Value>135</Value>
          </HeartRateBpm>
          <SensorState>Absent</SensorState>
        </Trackpoint>
        <Trackpoint>
          <Time>2025-11-09T07:03:38Z</Time>
          <DistanceMeters>465.0</DistanceMeters>
          <HeartRateBpm>
            <Value>133</Value>
          </HeartRateBpm>
          <SensorState>Absent</SensorState>
        </Trackpoint>
        <Trackpoint>
          <Time>2025-11-09T07:03:40Z</Time>
          <DistanceMeters>465.0</DistanceMeters>
          <HeartRateBpm>
            <Value>134</Value>
          </HeartRateBpm>
          <SensorState>Absent</SensorState>
        </Trackpoint>
        <Trackpoint>
          <Time>2025-11-09T07:03:42Z</Time>
          <DistanceMeters>476.0</DistanceMeters>
          <HeartRateBpm>
            <Value>135</Value>
          </HeartRateBpm>
          <SensorState>Absent</SensorState>
        </Trackpoint>
        <Trackpoint>
          <Time>2025-11-09T07:03:43Z</Time>
          <DistanceMeters>476.0</DistanceMeters>
          <HeartRateBpm>
            <Value>137</Value>
          </HeartRateBpm>
          <SensorState>Absent</SensorState>
        </Trackpoint>
        <Trackpoint>
          <Time>2025-11-09T07:03:48Z</Time>
          <DistanceMeters>476.0</DistanceMeters>
          <HeartRateBpm>
            <Value>137</Value>
          </HeartRateBpm>
          <SensorState>Absent</SensorState>
        </Trackpoint>
        <Trackpoint>
          <Time>2025-11-09T07:03:49Z</Time>
          <DistanceMeters>476.0</DistanceMeters>
          <HeartRateBpm>
            <Value>135</Value>
          </HeartRateBpm>
          <SensorState>Absent</SensorState>
        </Trackpoint>
        <Trackpoint>
          <Time>2025-11-09T07:03:51Z</Time>
          <DistanceMeters>476.0</DistanceMeters>
          <HeartRateBpm>
            <Value>133</Value>
          </HeartRateBpm>
          <SensorState>Absent</SensorState>
        </Trackpoint>
        <Trackpoint>
          <Time>2025-11-09T07:03:52Z</Time>
          <DistanceMeters>476.0</DistanceMeters>
          <HeartRateBpm>
            <Value>131</Value>
          </HeartRateBpm>
          <SensorState>Absent</SensorState>
        </Trackpoint>
        <Trackpoint>
          <Time>2025-11-09T07:03:53Z</Time>
          <DistanceMeters>476.0</DistanceMeters>
          <HeartRateBpm>
            <Value>123</Value>
          </HeartRateBpm>
          <SensorState>Absent</SensorState>
        </Trackpoint>
        <Trackpoint>
          <Time>2025-11-09T07:03:54Z</Time>
          <DistanceMeters>476.0</DistanceMeters>
          <HeartRateBpm>
            <Value>117</Value>
          </HeartRateBpm>
          <SensorState>Absent</SensorState>
        </Trackpoint>
        <Trackpoint>
          <Time>2025-11-09T07:03:56Z</Time>
          <DistanceMeters>476.0</DistanceMeters>
          <HeartRateBpm>
            <Value>113</Value>
          </HeartRateBpm>
          <SensorState>Absent</SensorState>
        </Trackpoint>
        <Trackpoint>
          <Time>2025-11-09T07:03:58Z</Time>
          <DistanceMeters>476.0</DistanceMeters>
          <HeartRateBpm>
            <Value>116</Value>
          </HeartRateBpm>
          <SensorState>Absent</SensorState>
        </Trackpoint>
        <Trackpoint>
          <Time>2025-11-09T07:04:00Z</Time>
          <DistanceMeters>476.0</DistanceMeters>
          <HeartRateBpm>
            <Value>115</Value>
          </HeartRateBpm>
          <SensorState>Absent</SensorState>
        </Trackpoint>
        <Trackpoint>
          <Time>2025-11-09T07:04:00Z</Time>
          <DistanceMeters>476.0</DistanceMeters>
          <HeartRateBpm>
            <Value>117</Value>
          </HeartRateBpm>
          <SensorState>Absent</SensorState>
        </Trackpoint>
        <Trackpoint>
          <Time>2025-11-09T07:04:01Z</Time>
          <DistanceMeters>476.0</DistanceMeters>
          <HeartRateBpm>
            <Value>116</Value>
          </HeartRateBpm>
          <SensorState>Absent</SensorState>
        </Trackpoint>
        <Trackpoint>
          <Time>2025-11-09T07:04:02Z</Time>
          <DistanceMeters>476.0</DistanceMeters>
          <HeartRateBpm>
            <Value>117</Value>
          </HeartRateBpm>
          <SensorState>Absent</SensorState>
        </Trackpoint>
        <Trackpoint>
          <Time>2025-11-09T07:04:08Z</Time>
          <DistanceMeters>476.0</DistanceMeters>
          <HeartRateBpm>
            <Value>117</Value>
          </HeartRateBpm>
          <SensorState>Absent</SensorState>
        </Trackpoint>
        <Trackpoint>
          <Time>2025-11-09T07:04:10Z</Time>
          <DistanceMeters>476.0</DistanceMeters>
          <HeartRateBpm>
            <Value>112</Value>
          </HeartRateBpm>
          <SensorState>Absent</SensorState>
        </Trackpoint>
        <Trackpoint>
          <Time>2025-11-09T07:04:12Z</Time>
          <DistanceMeters>476.0</DistanceMeters>
          <HeartRateBpm>
            <Value>111</Value>
          </HeartRateBpm>
          <SensorState>Absent</SensorState>
        </Trackpoint>
        <Trackpoint>
          <Time>2025-11-09T07:04:13Z</Time>
          <DistanceMeters>476.0</DistanceMeters>
          <HeartRateBpm>
            <Value>112</Value>
          </HeartRateBpm>
          <SensorState>Absent</SensorState>
        </Trackpoint>
        <Trackpoint>
          <Time>2025-11-09T07:04:15Z</Time>
          <DistanceMeters>476.0</DistanceMeters>
          <HeartRateBpm>
            <Value>110</Value>
          </HeartRateBpm>
          <SensorState>Absent</SensorState>
        </Trackpoint>
        <Trackpoint>
          <Time>2025-11-09T07:04:18Z</Time>
          <DistanceMeters>476.0</DistanceMeters>
          <HeartRateBpm>
            <Value>111</Value>
          </HeartRateBpm>
          <SensorState>Absent</SensorState>
        </Trackpoint>
        <Trackpoint>
          <Time>2025-11-09T07:04:19Z</Time>
          <DistanceMeters>476.0</DistanceMeters>
          <HeartRateBpm>
            <Value>112</Value>
          </HeartRateBpm>
          <SensorState>Absent</SensorState>
        </Trackpoint>
        <Trackpoint>
          <Time>2025-11-09T07:04:22Z</Time>
          <DistanceMeters>476.0</DistanceMeters>
          <HeartRateBpm>
            <Value>113</Value>
          </HeartRateBpm>
          <SensorState>Absent</SensorState>
        </Trackpoint>
        <Trackpoint>
          <Time>2025-11-09T07:04:27Z</Time>
          <DistanceMeters>476.0</DistanceMeters>
          <HeartRateBpm>
            <Value>113</Value>
          </HeartRateBpm>
          <SensorState>Absent</SensorState>
        </Trackpoint>
        <Trackpoint>
          <Time>2025-11-09T07:04:30Z</Time>
          <DistanceMeters>476.0</DistanceMeters>
          <HeartRateBpm>
            <Value>114</Value>
          </HeartRateBpm>
          <SensorState>Absent</SensorState>
        </Trackpoint>
        <Trackpoint>
          <Time>2025-11-09T07:04:35Z</Time>
          <DistanceMeters>476.0</DistanceMeters>
          <HeartRateBpm>
            <Value>114</Value>
          </HeartRateBpm>
          <SensorState>Absent</SensorState>
        </Trackpoint>
        <Trackpoint>
          <Time>2025-11-09T07:04:36Z</Time>
          <DistanceMeters>476.0</DistanceMeters>
          <HeartRateBpm>
            <Value>116</Value>
          </HeartRateBpm>
          <SensorState>Absent</SensorState>
        </Trackpoint>
        <Trackpoint>
          <Time>2025-11-09T07:04:37Z</Time>
          <DistanceMeters>476.0</DistanceMeters>
          <HeartRateBpm>
            <Value>117</Value>
          </HeartRateBpm>
          <SensorState>Absent</SensorState>
        </Trackpoint>
        <Trackpoint>
          <Time>2025-11-09T07:04:39Z</Time>
          <DistanceMeters>476.0</DistanceMeters>
          <HeartRateBpm>
            <Value>118</Value>
          </HeartRateBpm>
          <SensorState>Absent</SensorState>
        </Trackpoint>
        <Trackpoint>
          <Time>2025-11-09T07:04:41Z</Time>
          <DistanceMeters>488.0</DistanceMeters>
          <HeartRateBpm>
            <Value>119</Value>
          </HeartRateBpm>
          <SensorState>Absent</SensorState>
        </Trackpoint>
        <Trackpoint>
          <Time>2025-11-09T07:04:45Z</Time>
          <DistanceMeters>488.0</DistanceMeters>
          <HeartRateBpm>
            <Value>117</Value>
          </HeartRateBpm>
          <SensorState>Absent</SensorState>
        </Trackpoint>
        <Trackpoint>
          <Time>2025-11-09T07:04:46Z</Time>
          <DistanceMeters>488.0</DistanceMeters>
          <HeartRateBpm>
            <Value>115</Value>
          </HeartRateBpm>
          <SensorState>Absent</SensorState>
        </Trackpoint>
        <Trackpoint>
          <Time>2025-11-09T07:04:49Z</Time>
          <DistanceMeters>488.0</DistanceMeters>
          <HeartRateBpm>
            <Value>116</Value>
          </HeartRateBpm>
          <SensorState>Absent</SensorState>
        </Trackpoint>
        <Trackpoint>
          <Time>2025-11-09T07:04:50Z</Time>
          <DistanceMeters>488.0</DistanceMeters>
          <HeartRateBpm>
            <Value>118</Value>
          </HeartRateBpm>
          <SensorState>Absent</SensorState>
        </Trackpoint>
        <Trackpoint>
          <Time>2025-11-09T07:04:56Z</Time>
          <DistanceMeters>488.0</DistanceMeters>
          <HeartRateBpm>
            <Value>120</Value>
          </HeartRateBpm>
          <SensorState>Absent</SensorState>
        </Trackpoint>
        <Trackpoint>
          <Time>2025-11-09T07:04:58Z</Time>
          <DistanceMeters>488.0</DistanceMeters>
          <HeartRateBpm>
            <Value>119</Value>
          </HeartRateBpm>
          <SensorState>Absent</SensorState>
        </Trackpoint>
        <Trackpoint>
          <Time>2025-11-09T07:05:00Z</Time>
          <DistanceMeters>488.0</DistanceMeters>
          <HeartRateBpm>
            <Value>116</Value>
          </HeartRateBpm>
          <SensorState>Absent</SensorState>
        </Trackpoint>
        <Trackpoint>
          <Time>2025-11-09T07:05:00Z</Time>
          <DistanceMeters>488.0</DistanceMeters>
          <HeartRateBpm>
            <Value>117</Value>
          </HeartRateBpm>
          <SensorState>Absent</SensorState>
        </Trackpoint>
        <Trackpoint>
          <Time>2025-11-09T07:05:01Z</Time>
          <DistanceMeters>488.0</DistanceMeters>
          <HeartRateBpm>
            <Value>115</Value>
          </HeartRateBpm>
          <SensorState>Absent</SensorState>
        </Trackpoint>
        <Trackpoint>
          <Time>2025-11-09T07:05:03Z</Time>
          <DistanceMeters>488.0</DistanceMeters>
          <HeartRateBpm>
            <Value>116</Value>
          </HeartRateBpm>
          <SensorState>Absent</SensorState>
        </Trackpoint>
        <Trackpoint>
          <Time>2025-11-09T07:05:04Z</Time>
          <DistanceMeters>488.0</DistanceMeters>
          <HeartRateBpm>
            <Value>117</Value>
          </HeartRateBpm>
          <SensorState>Absent</SensorState>
        </Trackpoint>
        <Trackpoint>
          <Time>2025-11-09T07:05:08Z</Time>
          <DistanceMeters>488.0</DistanceMeters>
          <HeartRateBpm>
            <Value>114</Value>
          </HeartRateBpm>
          <SensorState>Absent</SensorState>
        </Trackpoint>
        <Trackpoint>
          <Time>2025-11-09T07:05:09Z</Time>
          <DistanceMeters>488.0</DistanceMeters>
          <HeartRateBpm>
            <Value>113</Value>
          </HeartRateBpm>
          <SensorState>Absent</SensorState>
        </Trackpoint>
        <Trackpoint>
          <Time>2025-11-09T07:05:11Z</Time>
          <DistanceMeters>488.0</DistanceMeters>
          <HeartRateBpm>
            <Value>114</Value>
          </HeartRateBpm>
          <SensorState>Absent</SensorState>
        </Trackpoint>
        <Trackpoint>
          <Time>2025-11-09T07:05:14Z</Time>
          <DistanceMeters>488.0</DistanceMeters>
          <HeartRateBpm>
            <Value>115</Value>
          </HeartRateBpm>
          <SensorState>Absent</SensorState>
        </Trackpoint>
        <Trackpoint>
          <Time>2025-11-09T07:05:17Z</Time>
          <DistanceMeters>488.0</DistanceMeters>
          <HeartRateBpm>
            <Value>114</Value>
          </HeartRateBpm>
          <SensorState>Absent</SensorState>
        </Trackpoint>
        <Trackpoint>
          <Time>2025-11-09T07:05:18Z</Time>
          <DistanceMeters>488.0</DistanceMeters>
          <HeartRateBpm>
            <Value>115</Value>
          </HeartRateBpm>
          <SensorState>Absent</SensorState>
        </Trackpoint>
        <Trackpoint>
          <Time>2025-11-09T07:05:19Z</Time>
          <DistanceMeters>488.0</DistanceMeters>
          <HeartRateBpm>
            <Value>117</Value>
          </HeartRateBpm>
          <SensorState>Absent</SensorState>
        </Trackpoint>
        <Trackpoint>
          <Time>2025-11-09T07:05:21Z</Time>
          <DistanceMeters>488.0</DistanceMeters>
          <HeartRateBpm>
            <Value>118</Value>
          </HeartRateBpm>
          <SensorState>Absent</SensorState>
        </Trackpoint>
        <Trackpoint>
          <Time>2025-11-09T07:05:22Z</Time>
          <DistanceMeters>488.0</DistanceMeters>
          <HeartRateBpm>
            <Value>119</Value>
          </HeartRateBpm>
          <SensorState>Absent</SensorState>
        </Trackpoint>
        <Trackpoint>
          <Time>2025-11-09T07:05:27Z</Time>
          <DistanceMeters>488.0</DistanceMeters>
          <HeartRateBpm>
            <Value>119</Value>
          </HeartRateBpm>
          <SensorState>Absent</SensorState>
        </Trackpoint>
        <Trackpoint>
          <Time>2025-11-09T07:05:28Z</Time>
          <DistanceMeters>488.0</DistanceMeters>
          <HeartRateBpm>
            <Value>118</Value>
          </HeartRateBpm>
          <SensorState>Absent</SensorState>
        </Trackpoint>
        <Trackpoint>
          <Time>2025-11-09T07:05:29Z</Time>
          <DistanceMeters>488.0</DistanceMeters>
          <HeartRateBpm>
            <Value>117</Value>
          </HeartRateBpm>
          <SensorState>Absent</SensorState>
        </Trackpoint>
        <Trackpoint>
          <Time>2025-11-09T07:05:33Z</Time>
          <DistanceMeters>488.0</DistanceMeters>
          <HeartRateBpm>
            <Value>118</Value>
          </HeartRateBpm>
          <SensorState>Absent</SensorState>
        </Trackpoint>
        <Trackpoint>
          <Time>2025-11-09T07:05:35Z</Time>
          <DistanceMeters>488.0</DistanceMeters>
          <HeartRateBpm>
            <Value>119</Value>
          </HeartRateBpm>
          <SensorState>Absent</SensorState>
        </Trackpoint>
        <Trackpoint>
          <Time>2025-11-09T07:05:37Z</Time>
          <DistanceMeters>488.0</DistanceMeters>
          <HeartRateBpm>
            <Value>118</Value>
          </HeartRateBpm>
          <SensorState>Absent</SensorState>
        </Trackpoint>
        <Trackpoint>
          <Time>2025-11-09T07:05:40Z</Time>
          <DistanceMeters>488.0</DistanceMeters>
          <HeartRateBpm>
            <Value>117</Value>
          </HeartRateBpm>
          <SensorState>Absent</SensorState>
        </Trackpoint>
        <Trackpoint>
          <Time>2025-11-09T07:05:41Z</Time>
          <DistanceMeters>499.0</DistanceMeters>
          <HeartRateBpm>
            <Value>116</Value>
          </HeartRateBpm>
          <SensorState>Absent</SensorState>
        </Trackpoint>
        <Trackpoint>
          <Time>2025-11-09T07:05:44Z</Time>
          <DistanceMeters>499.0</DistanceMeters>
          <HeartRateBpm>
            <Value>117</Value>
          </HeartRateBpm>
          <SensorState>Absent</SensorState>
        </Trackpoint>
        <Trackpoint>
          <Time>2025-11-09T07:05:45Z</Time>
          <DistanceMeters>499.0</DistanceMeters>
          <HeartRateBpm>
            <Value>115</Value>
          </HeartRateBpm>
          <SensorState>Absent</SensorState>
        </Trackpoint>
        <Trackpoint>
          <Time>2025-11-09T07:05:50Z</Time>
          <DistanceMeters>499.0</DistanceMeters>
          <HeartRateBpm>
            <Value>114</Value>
          </HeartRateBpm>
          <SensorState>Absent</SensorState>
        </Trackpoint>
        <Trackpoint>
          <Time>2025-11-09T07:05:54Z</Time>
          <DistanceMeters>499.0</DistanceMeters>
          <HeartRateBpm>
            <Value>115</Value>
          </HeartRateBpm>
          <SensorState>Absent</SensorState>
        </Trackpoint>
        <Trackpoint>
          <Time>2025-11-09T07:05:55Z</Time>
          <DistanceMeters>499.0</DistanceMeters>
          <HeartRateBpm>
            <Value>116</Value>
          </HeartRateBpm>
          <SensorState>Absent</SensorState>
        </Trackpoint>
        <Trackpoint>
          <Time>2025-11-09T07:05:58Z</Time>
          <DistanceMeters>499.0</DistanceMeters>
          <HeartRateBpm>
            <Value>114</Value>
          </HeartRateBpm>
          <SensorState>Absent</SensorState>
        </Trackpoint>
        <Trackpoint>
          <Time>2025-11-09T07:06:00Z</Time>
          <DistanceMeters>499.0</DistanceMeters>
          <HeartRateBpm>
            <Value>117</Value>
          </HeartRateBpm>
          <SensorState>Absent</SensorState>
        </Trackpoint>
        <Trackpoint>
          <Time>2025-11-09T07:06:03Z</Time>
          <DistanceMeters>499.0</DistanceMeters>
          <HeartRateBpm>
            <Value>114</Value>
          </HeartRateBpm>
          <SensorState>Absent</SensorState>
        </Trackpoint>
        <Trackpoint>
          <Time>2025-11-09T07:06:06Z</Time>
          <DistanceMeters>499.0</DistanceMeters>
          <HeartRateBpm>
            <Value>113</Value>
          </HeartRateBpm>
          <SensorState>Absent</SensorState>
        </Trackpoint>
        <Trackpoint>
          <Time>2025-11-09T07:06:07Z</Time>
          <DistanceMeters>499.0</DistanceMeters>
          <HeartRateBpm>
            <Value>114</Value>
          </HeartRateBpm>
          <SensorState>Absent</SensorState>
        </Trackpoint>
        <Trackpoint>
          <Time>2025-11-09T07:06:10Z</Time>
          <DistanceMeters>499.0</DistanceMeters>
          <HeartRateBpm>
            <Value>115</Value>
          </HeartRateBpm>
          <SensorState>Absent</SensorState>
        </Trackpoint>
        <Trackpoint>
          <Time>2025-11-09T07:06:11Z</Time>
          <DistanceMeters>499.0</DistanceMeters>
          <HeartRateBpm>
            <Value>114</Value>
          </HeartRateBpm>
          <SensorState>Absent</SensorState>
        </Trackpoint>
        <Trackpoint>
          <Time>2025-11-09T07:06:12Z</Time>
          <DistanceMeters>499.0</DistanceMeters>
          <HeartRateBpm>
            <Value>115</Value>
          </HeartRateBpm>
          <SensorState>Absent</SensorState>
        </Trackpoint>
        <Trackpoint>
          <Time>2025-11-09T07:06:16Z</Time>
          <DistanceMeters>499.0</DistanceMeters>
          <HeartRateBpm>
            <Value>117</Value>
          </HeartRateBpm>
          <SensorState>Absent</SensorState>
        </Trackpoint>
        <Trackpoint>
          <Time>2025-11-09T07:06:17Z</Time>
          <DistanceMeters>499.0</DistanceMeters>
          <HeartRateBpm>
            <Value>118</Value>
          </HeartRateBpm>
          <SensorState>Absent</SensorState>
        </Trackpoint>
        <Trackpoint>
          <Time>2025-11-09T07:06:19Z</Time>
          <DistanceMeters>499.0</DistanceMeters>
          <HeartRateBpm>
            <Value>119</Value>
          </HeartRateBpm>
          <SensorState>Absent</SensorState>
        </Trackpoint>
        <Trackpoint>
          <Time>2025-11-09T07:06:20Z</Time>
          <DistanceMeters>499.0</DistanceMeters>
          <HeartRateBpm>
            <Value>117</Value>
          </HeartRateBpm>
          <SensorState>Absent</SensorState>
        </Trackpoint>
        <Trackpoint>
          <Time>2025-11-09T07:06:21Z</Time>
          <DistanceMeters>499.0</DistanceMeters>
          <HeartRateBpm>
            <Value>115</Value>
          </HeartRateBpm>
          <SensorState>Absent</SensorState>
        </Trackpoint>
        <Trackpoint>
          <Time>2025-11-09T07:06:24Z</Time>
          <DistanceMeters>499.0</DistanceMeters>
          <HeartRateBpm>
            <Value>117</Value>
          </HeartRateBpm>
          <SensorState>Absent</SensorState>
        </Trackpoint>
        <Trackpoint>
          <Time>2025-11-09T07:06:28Z</Time>
          <DistanceMeters>499.0</DistanceMeters>
          <HeartRateBpm>
            <Value>118</Value>
          </HeartRateBpm>
          <SensorState>Absent</SensorState>
        </Trackpoint>
        <Trackpoint>
          <Time>2025-11-09T07:06:29Z</Time>
          <DistanceMeters>499.0</DistanceMeters>
          <HeartRateBpm>
            <Value>120</Value>
          </HeartRateBpm>
          <SensorState>Absent</SensorState>
        </Trackpoint>
        <Trackpoint>
          <Time>2025-11-09T07:06:31Z</Time>
          <DistanceMeters>499.0</DistanceMeters>
          <HeartRateBpm>
            <Value>119</Value>
          </HeartRateBpm>
          <SensorState>Absent</SensorState>
        </Trackpoint>
        <Trackpoint>
          <Time>2025-11-09T07:06:33Z</Time>
          <DistanceMeters>499.0</DistanceMeters>
          <HeartRateBpm>
            <Value>121</Value>
          </HeartRateBpm>
          <SensorState>Absent</SensorState>
        </Trackpoint>
        <Trackpoint>
          <Time>2025-11-09T07:06:36Z</Time>
          <DistanceMeters>499.0</DistanceMeters>
          <HeartRateBpm>
            <Value>120</Value>
          </HeartRateBpm>
          <SensorState>Absent</SensorState>
        </Trackpoint>
        <Trackpoint>
          <Time>2025-11-09T07:06:37Z</Time>
          <DistanceMeters>499.0</DistanceMeters>
          <HeartRateBpm>
            <Value>119</Value>
          </HeartRateBpm>
          <SensorState>Absent</SensorState>
        </Trackpoint>
        <Trackpoint>
          <Time>2025-11-09T07:06:42Z</Time>
          <DistanceMeters>510.0</DistanceMeters>
          <HeartRateBpm>
            <Value>119</Value>
          </HeartRateBpm>
          <SensorState>Absent</SensorState>
        </Trackpoint>
        <Trackpoint>
          <Time>2025-11-09T07:06:45Z</Time>
          <DistanceMeters>510.0</DistanceMeters>
          <HeartRateBpm>
            <Value>118</Value>
          </HeartRateBpm>
          <SensorState>Absent</SensorState>
        </Trackpoint>
        <Trackpoint>
          <Time>2025-11-09T07:06:47Z</Time>
          <DistanceMeters>510.0</DistanceMeters>
          <HeartRateBpm>
            <Value>117</Value>
          </HeartRateBpm>
          <SensorState>Absent</SensorState>
        </Trackpoint>
        <Trackpoint>
          <Time>2025-11-09T07:06:51Z</Time>
          <DistanceMeters>510.0</DistanceMeters>
          <HeartRateBpm>
            <Value>119</Value>
          </HeartRateBpm>
          <SensorState>Absent</SensorState>
        </Trackpoint>
        <Trackpoint>
          <Time>2025-11-09T07:06:55Z</Time>
          <DistanceMeters>510.0</DistanceMeters>
          <HeartRateBpm>
            <Value>120</Value>
          </HeartRateBpm>
          <SensorState>Absent</SensorState>
        </Trackpoint>
        <Trackpoint>
          <Time>2025-11-09T07:06:57Z</Time>
          <DistanceMeters>510.0</DistanceMeters>
          <HeartRateBpm>
            <Value>119</Value>
          </HeartRateBpm>
          <SensorState>Absent</SensorState>
        </Trackpoint>
        <Trackpoint>
          <Time>2025-11-09T07:06:58Z</Time>
          <DistanceMeters>510.0</DistanceMeters>
          <HeartRateBpm>
            <Value>120</Value>
          </HeartRateBpm>
          <SensorState>Absent</SensorState>
        </Trackpoint>
        <Trackpoint>
          <Time>2025-11-09T07:06:59Z</Time>
          <DistanceMeters>510.0</DistanceMeters>
          <HeartRateBpm>
            <Value>122</Value>
          </HeartRateBpm>
          <SensorState>Absent</SensorState>
        </Trackpoint>
        <Trackpoint>
          <Time>2025-11-09T07:07:00Z</Time>
          <DistanceMeters>510.0</DistanceMeters>
          <HeartRateBpm>
            <Value>123</Value>
          </HeartRateBpm>
          <SensorState>Absent</SensorState>
        </Trackpoint>
        <Trackpoint>
          <Time>2025-11-09T07:07:00Z</Time>
          <DistanceMeters>510.0</DistanceMeters>
          <HeartRateBpm>
            <Value>121</Value>
          </HeartRateBpm>
          <SensorState>Absent</SensorState>
        </Trackpoint>
        <Trackpoint>
          <Time>2025-11-09T07:07:02Z</Time>
          <DistanceMeters>510.0</DistanceMeters>
          <HeartRateBpm>
            <Value>120</Value>
          </HeartRateBpm>
          <SensorState>Absent</SensorState>
        </Trackpoint>
        <Trackpoint>
          <Time>2025-11-09T07:07:03Z</Time>
          <DistanceMeters>510.0</DistanceMeters>
          <HeartRateBpm>
            <Value>119</Value>
          </HeartRateBpm>
          <SensorState>Absent</SensorState>
        </Trackpoint>
        <Trackpoint>
          <Time>2025-11-09T07:07:07Z</Time>
          <DistanceMeters>510.0</DistanceMeters>
          <HeartRateBpm>
            <Value>120</Value>
          </HeartRateBpm>
          <SensorState>Absent</SensorState>
        </Trackpoint>
        <Trackpoint>
          <Time>2025-11-09T07:07:08Z</Time>
          <DistanceMeters>510.0</DistanceMeters>
          <HeartRateBpm>
            <Value>121</Value>
          </HeartRateBpm>
          <SensorState>Absent</SensorState>
        </Trackpoint>
        <Trackpoint>
          <Time>2025-11-09T07:07:12Z</Time>
          <DistanceMeters>510.0</DistanceMeters>
          <HeartRateBpm>
            <Value>120</Value>
          </HeartRateBpm>
          <SensorState>Absent</SensorState>
        </Trackpoint>
        <Trackpoint>
          <Time>2025-11-09T07:07:15Z</Time>
          <DistanceMeters>510.0</DistanceMeters>
          <HeartRateBpm>
            <Value>119</Value>
          </HeartRateBpm>
          <SensorState>Absent</SensorState>
        </Trackpoint>
        <Trackpoint>
          <Time>2025-11-09T07:07:16Z</Time>
          <DistanceMeters>510.0</DistanceMeters>
          <HeartRateBpm>
            <Value>117</Value>
          </HeartRateBpm>
          <SensorState>Absent</SensorState>
        </Trackpoint>
        <Trackpoint>
          <Time>2025-11-09T07:07:17Z</Time>
          <DistanceMeters>510.0</DistanceMeters>
          <HeartRateBpm>
            <Value>116</Value>
          </HeartRateBpm>
          <SensorState>Absent</SensorState>
        </Trackpoint>
        <Trackpoint>
          <Time>2025-11-09T07:07:21Z</Time>
          <DistanceMeters>510.0</DistanceMeters>
          <HeartRateBpm>
            <Value>118</Value>
          </HeartRateBpm>
          <SensorState>Absent</SensorState>
        </Trackpoint>
        <Trackpoint>
          <Time>2025-11-09T07:07:23Z</Time>
          <DistanceMeters>510.0</DistanceMeters>
          <HeartRateBpm>
            <Value>119</Value>
          </HeartRateBpm>
          <SensorState>Absent</SensorState>
        </Trackpoint>
        <Trackpoint>
          <Time>2025-11-09T07:07:24Z</Time>
          <DistanceMeters>510.0</DistanceMeters>
          <HeartRateBpm>
            <Value>120</Value>
          </HeartRateBpm>
          <SensorState>Absent</SensorState>
        </Trackpoint>
        <Trackpoint>
          <Time>2025-11-09T07:07:26Z</Time>
          <DistanceMeters>510.0</DistanceMeters>
          <HeartRateBpm>
            <Value>124</Value>
          </HeartRateBpm>
          <SensorState>Absent</SensorState>
        </Trackpoint>
        <Trackpoint>
          <Time>2025-11-09T07:07:28Z</Time>
          <DistanceMeters>510.0</DistanceMeters>
          <HeartRateBpm>
            <Value>125</Value>
          </HeartRateBpm>
          <SensorState>Absent</SensorState>
        </Trackpoint>
        <Trackpoint>
          <Time>2025-11-09T07:07:30Z</Time>
          <DistanceMeters>510.0</DistanceMeters>
          <HeartRateBpm>
            <Value>127</Value>
          </HeartRateBpm>
          <SensorState>Absent</SensorState>
        </Trackpoint>
        <Trackpoint>
          <Time>2025-11-09T07:07:31Z</Time>
          <DistanceMeters>510.0</DistanceMeters>
          <HeartRateBpm>
            <Value>128</Value>
          </HeartRateBpm>
          <SensorState>Absent</SensorState>
        </Trackpoint>
        <Trackpoint>
          <Time>2025-11-09T07:07:34Z</Time>
          <DistanceMeters>510.0</DistanceMeters>
          <HeartRateBpm>
            <Value>129</Value>
          </HeartRateBpm>
          <SensorState>Absent</SensorState>
        </Trackpoint>
        <Trackpoint>
          <Time>2025-11-09T07:07:38Z</Time>
          <DistanceMeters>510.0</DistanceMeters>
          <HeartRateBpm>
            <Value>130</Value>
          </HeartRateBpm>
          <SensorState>Absent</SensorState>
        </Trackpoint>
        <Trackpoint>
          <Time>2025-11-09T07:07:40Z</Time>
          <DistanceMeters>510.0</DistanceMeters>
          <HeartRateBpm>
            <Value>129</Value>
          </HeartRateBpm>
          <SensorState>Absent</SensorState>
        </Trackpoint>
        <Trackpoint>
          <Time>2025-11-09T07:07:45Z</Time>
          <DistanceMeters>521.0</DistanceMeters>
          <HeartRateBpm>
            <Value>128</Value>
          </HeartRateBpm>
          <SensorState>Absent</SensorState>
        </Trackpoint>
        <Trackpoint>
          <Time>2025-11-09T07:07:46Z</Time>
          <DistanceMeters>521.0</DistanceMeters>
          <HeartRateBpm>
            <Value>126</Value>
          </HeartRateBpm>
          <SensorState>Absent</SensorState>
        </Trackpoint>
        <Trackpoint>
          <Time>2025-11-09T07:07:49Z</Time>
          <DistanceMeters>521.0</DistanceMeters>
          <HeartRateBpm>
            <Value>124</Value>
          </HeartRateBpm>
          <SensorState>Absent</SensorState>
        </Trackpoint>
        <Trackpoint>
          <Time>2025-11-09T07:07:52Z</Time>
          <DistanceMeters>521.0</DistanceMeters>
          <HeartRateBpm>
            <Value>126</Value>
          </HeartRateBpm>
          <SensorState>Absent</SensorState>
        </Trackpoint>
        <Trackpoint>
          <Time>2025-11-09T07:07:54Z</Time>
          <DistanceMeters>521.0</DistanceMeters>
          <HeartRateBpm>
            <Value>128</Value>
          </HeartRateBpm>
          <SensorState>Absent</SensorState>
        </Trackpoint>
        <Trackpoint>
          <Time>2025-11-09T07:07:55Z</Time>
          <DistanceMeters>521.0</DistanceMeters>
          <HeartRateBpm>
            <Value>127</Value>
          </HeartRateBpm>
          <SensorState>Absent</SensorState>
        </Trackpoint>
        <Trackpoint>
          <Time>2025-11-09T07:07:56Z</Time>
          <DistanceMeters>521.0</DistanceMeters>
          <HeartRateBpm>
            <Value>125</Value>
          </HeartRateBpm>
          <SensorState>Absent</SensorState>
        </Trackpoint>
        <Trackpoint>
          <Time>2025-11-09T07:07:58Z</Time>
          <DistanceMeters>521.0</DistanceMeters>
          <HeartRateBpm>
            <Value>123</Value>
          </HeartRateBpm>
          <SensorState>Absent</SensorState>
        </Trackpoint>
        <Trackpoint>
          <Time>2025-11-09T07:08:00Z</Time>
          <DistanceMeters>521.0</DistanceMeters>
          <HeartRateBpm>
            <Value>133</Value>
          </HeartRateBpm>
          <SensorState>Absent</SensorState>
        </Trackpoint>
        <Trackpoint>
          <Time>2025-11-09T07:08:02Z</Time>
          <DistanceMeters>521.0</DistanceMeters>
          <HeartRateBpm>
            <Value>124</Value>
          </HeartRateBpm>
          <SensorState>Absent</SensorState>
        </Trackpoint>
        <Trackpoint>
          <Time>2025-11-09T07:08:03Z</Time>
          <DistanceMeters>521.0</DistanceMeters>
          <HeartRateBpm>
            <Value>125</Value>
          </HeartRateBpm>
          <SensorState>Absent</SensorState>
        </Trackpoint>
        <Trackpoint>
          <Time>2025-11-09T07:08:04Z</Time>
          <DistanceMeters>521.0</DistanceMeters>
          <HeartRateBpm>
            <Value>124</Value>
          </HeartRateBpm>
          <SensorState>Absent</SensorState>
        </Trackpoint>
        <Trackpoint>
          <Time>2025-11-09T07:08:06Z</Time>
          <DistanceMeters>521.0</DistanceMeters>
          <HeartRateBpm>
            <Value>122</Value>
          </HeartRateBpm>
          <SensorState>Absent</SensorState>
        </Trackpoint>
        <Trackpoint>
          <Time>2025-11-09T07:08:07Z</Time>
          <DistanceMeters>521.0</DistanceMeters>
          <HeartRateBpm>
            <Value>120</Value>
          </HeartRateBpm>
          <SensorState>Absent</SensorState>
        </Trackpoint>
        <Trackpoint>
          <Time>2025-11-09T07:08:08Z</Time>
          <DistanceMeters>521.0</DistanceMeters>
          <HeartRateBpm>
            <Value>118</Value>
          </HeartRateBpm>
          <SensorState>Absent</SensorState>
        </Trackpoint>
        <Trackpoint>
          <Time>2025-11-09T07:08:09Z</Time>
          <DistanceMeters>521.0</DistanceMeters>
          <HeartRateBpm>
            <Value>117</Value>
          </HeartRateBpm>
          <SensorState>Absent</SensorState>
        </Trackpoint>
        <Trackpoint>
          <Time>2025-11-09T07:08:12Z</Time>
          <DistanceMeters>521.0</DistanceMeters>
          <HeartRateBpm>
            <Value>119</Value>
          </HeartRateBpm>
          <SensorState>Absent</SensorState>
        </Trackpoint>
        <Trackpoint>
          <Time>2025-11-09T07:08:13Z</Time>
          <DistanceMeters>521.0</DistanceMeters>
          <HeartRateBpm>
            <Value>121</Value>
          </HeartRateBpm>
          <SensorState>Absent</SensorState>
        </Trackpoint>
        <Trackpoint>
          <Time>2025-11-09T07:08:14Z</Time>
          <DistanceMeters>521.0</DistanceMeters>
          <HeartRateBpm>
            <Value>122</Value>
          </HeartRateBpm>
          <SensorState>Absent</SensorState>
        </Trackpoint>
        <Trackpoint>
          <Time>2025-11-09T07:08:18Z</Time>
          <DistanceMeters>521.0</DistanceMeters>
          <HeartRateBpm>
            <Value>123</Value>
          </HeartRateBpm>
          <SensorState>Absent</SensorState>
        </Trackpoint>
        <Trackpoint>
          <Time>2025-11-09T07:08:21Z</Time>
          <DistanceMeters>521.0</DistanceMeters>
          <HeartRateBpm>
            <Value>126</Value>
          </HeartRateBpm>
          <SensorState>Absent</SensorState>
        </Trackpoint>
        <Trackpoint>
          <Time>2025-11-09T07:08:22Z</Time>
          <DistanceMeters>521.0</DistanceMeters>
          <HeartRateBpm>
            <Value>127</Value>
          </HeartRateBpm>
          <SensorState>Absent</SensorState>
        </Trackpoint>
        <Trackpoint>
          <Time>2025-11-09T07:08:24Z</Time>
          <DistanceMeters>521.0</DistanceMeters>
          <HeartRateBpm>
            <Value>131</Value>
          </HeartRateBpm>
          <SensorState>Absent</SensorState>
        </Trackpoint>
        <Trackpoint>
          <Time>2025-11-09T07:08:25Z</Time>
          <DistanceMeters>521.0</DistanceMeters>
          <HeartRateBpm>
            <Value>134</Value>
          </HeartRateBpm>
          <SensorState>Absent</SensorState>
        </Trackpoint>
        <Trackpoint>
          <Time>2025-11-09T07:08:26Z</Time>
          <DistanceMeters>521.0</DistanceMeters>
          <HeartRateBpm>
            <Value>137</Value>
          </HeartRateBpm>
          <SensorState>Absent</SensorState>
        </Trackpoint>
        <Trackpoint>
          <Time>2025-11-09T07:08:28Z</Time>
          <DistanceMeters>521.0</DistanceMeters>
          <HeartRateBpm>
            <Value>138</Value>
          </HeartRateBpm>
          <SensorState>Absent</SensorState>
        </Trackpoint>
        <Trackpoint>
          <Time>2025-11-09T07:08:30Z</Time>
          <DistanceMeters>521.0</DistanceMeters>
          <HeartRateBpm>
            <Value>140</Value>
          </HeartRateBpm>
          <SensorState>Absent</SensorState>
        </Trackpoint>
        <Trackpoint>
          <Time>2025-11-09T07:08:32Z</Time>
          <DistanceMeters>521.0</DistanceMeters>
          <HeartRateBpm>
            <Value>141</Value>
          </HeartRateBpm>
          <SensorState>Absent</SensorState>
        </Trackpoint>
        <Trackpoint>
          <Time>2025-11-09T07:08:33Z</Time>
          <DistanceMeters>521.0</DistanceMeters>
          <HeartRateBpm>
            <Value>140</Value>
          </HeartRateBpm>
          <SensorState>Absent</SensorState>
        </Trackpoint>
        <Trackpoint>
          <Time>2025-11-09T07:08:34Z</Time>
          <DistanceMeters>521.0</DistanceMeters>
          <HeartRateBpm>
            <Value>143</Value>
          </HeartRateBpm>
          <SensorState>Absent</SensorState>
        </Trackpoint>
        <Trackpoint>
          <Time>2025-11-09T07:08:35Z</Time>
          <DistanceMeters>521.0</DistanceMeters>
          <HeartRateBpm>
            <Value>145</Value>
          </HeartRateBpm>
          <SensorState>Absent</SensorState>
        </Trackpoint>
        <Trackpoint>
          <Time>2025-11-09T07:08:37Z</Time>
          <DistanceMeters>521.0</DistanceMeters>
          <HeartRateBpm>
            <Value>144</Value>
          </HeartRateBpm>
          <SensorState>Absent</SensorState>
        </Trackpoint>
        <Trackpoint>
          <Time>2025-11-09T07:08:42Z</Time>
          <DistanceMeters>532.0</DistanceMeters>
          <HeartRateBpm>
            <Value>144</Value>
          </HeartRateBpm>
          <SensorState>Absent</SensorState>
        </Trackpoint>
        <Trackpoint>
          <Time>2025-11-09T07:08:43Z</Time>
          <DistanceMeters>532.0</DistanceMeters>
          <HeartRateBpm>
            <Value>145</Value>
          </HeartRateBpm>
          <SensorState>Absent</SensorState>
        </Trackpoint>
        <Trackpoint>
          <Time>2025-11-09T07:08:48Z</Time>
          <DistanceMeters>532.0</DistanceMeters>
          <HeartRateBpm>
            <Value>143</Value>
          </HeartRateBpm>
          <SensorState>Absent</SensorState>
        </Trackpoint>
        <Trackpoint>
          <Time>2025-11-09T07:08:49Z</Time>
          <DistanceMeters>532.0</DistanceMeters>
          <HeartRateBpm>
            <Value>142</Value>
          </HeartRateBpm>
          <SensorState>Absent</SensorState>
        </Trackpoint>
        <Trackpoint>
          <Time>2025-11-09T07:08:52Z</Time>
          <DistanceMeters>532.0</DistanceMeters>
          <HeartRateBpm>
            <Value>143</Value>
          </HeartRateBpm>
          <SensorState>Absent</SensorState>
        </Trackpoint>
        <Trackpoint>
          <Time>2025-11-09T07:08:53Z</Time>
          <DistanceMeters>532.0</DistanceMeters>
          <HeartRateBpm>
            <Value>140</Value>
          </HeartRateBpm>
          <SensorState>Absent</SensorState>
        </Trackpoint>
        <Trackpoint>
          <Time>2025-11-09T07:08:55Z</Time>
          <DistanceMeters>532.0</DistanceMeters>
          <HeartRateBpm>
            <Value>138</Value>
          </HeartRateBpm>
          <SensorState>Absent</SensorState>
        </Trackpoint>
        <Trackpoint>
          <Time>2025-11-09T07:08:56Z</Time>
          <DistanceMeters>532.0</DistanceMeters>
          <HeartRateBpm>
            <Value>137</Value>
          </HeartRateBpm>
          <SensorState>Absent</SensorState>
        </Trackpoint>
        <Trackpoint>
          <Time>2025-11-09T07:08:57Z</Time>
          <DistanceMeters>532.0</DistanceMeters>
          <HeartRateBpm>
            <Value>134</Value>
          </HeartRateBpm>
          <SensorState>Absent</SensorState>
        </Trackpoint>
        <Trackpoint>
          <Time>2025-11-09T07:09:00Z</Time>
          <DistanceMeters>532.0</DistanceMeters>
          <HeartRateBpm>
            <Value>138</Value>
          </HeartRateBpm>
          <SensorState>Absent</SensorState>
        </Trackpoint>
        <Trackpoint>
          <Time>2025-11-09T07:09:02Z</Time>
          <DistanceMeters>532.0</DistanceMeters>
          <HeartRateBpm>
            <Value>134</Value>
          </HeartRateBpm>
          <SensorState>Absent</SensorState>
        </Trackpoint>
        <Trackpoint>
          <Time>2025-11-09T07:09:05Z</Time>
          <DistanceMeters>532.0</DistanceMeters>
          <HeartRateBpm>
            <Value>133</Value>
          </HeartRateBpm>
          <SensorState>Absent</SensorState>
        </Trackpoint>
        <Trackpoint>
          <Time>2025-11-09T07:09:09Z</Time>
          <DistanceMeters>532.0</DistanceMeters>
          <HeartRateBpm>
            <Value>134</Value>
          </HeartRateBpm>
          <SensorState>Absent</SensorState>
        </Trackpoint>
        <Trackpoint>
          <Time>2025-11-09T07:09:14Z</Time>
          <DistanceMeters>532.0</DistanceMeters>
          <HeartRateBpm>
            <Value>134</Value>
          </HeartRateBpm>
          <SensorState>Absent</SensorState>
        </Trackpoint>
        <Trackpoint>
          <Time>2025-11-09T07:09:15Z</Time>
          <DistanceMeters>532.0</DistanceMeters>
          <HeartRateBpm>
            <Value>133</Value>
          </HeartRateBpm>
          <SensorState>Absent</SensorState>
        </Trackpoint>
        <Trackpoint>
          <Time>2025-11-09T07:09:19Z</Time>
          <DistanceMeters>532.0</DistanceMeters>
          <HeartRateBpm>
            <Value>134</Value>
          </HeartRateBpm>
          <SensorState>Absent</SensorState>
        </Trackpoint>
        <Trackpoint>
          <Time>2025-11-09T07:09:21Z</Time>
          <DistanceMeters>532.0</DistanceMeters>
          <HeartRateBpm>
            <Value>135</Value>
          </HeartRateBpm>
          <SensorState>Absent</SensorState>
        </Trackpoint>
        <Trackpoint>
          <Time>2025-11-09T07:09:26Z</Time>
          <DistanceMeters>532.0</DistanceMeters>
          <HeartRateBpm>
            <Value>137</Value>
          </HeartRateBpm>
          <SensorState>Absent</SensorState>
        </Trackpoint>
        <Trackpoint>
          <Time>2025-11-09T07:09:27Z</Time>
          <DistanceMeters>532.0</DistanceMeters>
          <HeartRateBpm>
            <Value>136</Value>
          </HeartRateBpm>
          <SensorState>Absent</SensorState>
        </Trackpoint>
        <Trackpoint>
          <Time>2025-11-09T07:09:28Z</Time>
          <DistanceMeters>532.0</DistanceMeters>
          <HeartRateBpm>
            <Value>137</Value>
          </HeartRateBpm>
          <SensorState>Absent</SensorState>
        </Trackpoint>
        <Trackpoint>
          <Time>2025-11-09T07:09:31Z</Time>
          <DistanceMeters>532.0</DistanceMeters>
          <HeartRateBpm>
            <Value>136</Value>
          </HeartRateBpm>
          <SensorState>Absent</SensorState>
        </Trackpoint>
        <Trackpoint>
          <Time>2025-11-09T07:09:36Z</Time>
          <DistanceMeters>532.0</DistanceMeters>
          <HeartRateBpm>
            <Value>135</Value>
          </HeartRateBpm>
          <SensorState>Absent</SensorState>
        </Trackpoint>
        <Trackpoint>
          <Time>2025-11-09T07:09:37Z</Time>
          <DistanceMeters>532.0</DistanceMeters>
          <HeartRateBpm>
            <Value>136</Value>
          </HeartRateBpm>
          <SensorState>Absent</SensorState>
        </Trackpoint>
        <Trackpoint>
          <Time>2025-11-09T07:09:39Z</Time>
          <DistanceMeters>532.0</DistanceMeters>
          <HeartRateBpm>
            <Value>137</Value>
          </HeartRateBpm>
          <SensorState>Absent</SensorState>
        </Trackpoint>
        <Trackpoint>
          <Time>2025-11-09T07:09:40Z</Time>
          <DistanceMeters>532.0</DistanceMeters>
          <HeartRateBpm>
            <Value>141</Value>
          </HeartRateBpm>
          <SensorState>Absent</SensorState>
        </Trackpoint>
        <Trackpoint>
          <Time>2025-11-09T07:09:41Z</Time>
          <DistanceMeters>543.0</DistanceMeters>
          <HeartRateBpm>
            <Value>146</Value>
          </HeartRateBpm>
          <SensorState>Absent</SensorState>
        </Trackpoint>
        <Trackpoint>
          <Time>2025-11-09T07:09:43Z</Time>
          <DistanceMeters>543.0</DistanceMeters>
          <HeartRateBpm>
            <Value>145</Value>
          </HeartRateBpm>
          <SensorState>Absent</SensorState>
        </Trackpoint>
        <Trackpoint>
          <Time>2025-11-09T07:09:44Z</Time>
          <DistanceMeters>543.0</DistanceMeters>
          <HeartRateBpm>
            <Value>144</Value>
          </HeartRateBpm>
          <SensorState>Absent</SensorState>
        </Trackpoint>
        <Trackpoint>
          <Time>2025-11-09T07:09:45Z</Time>
          <DistanceMeters>543.0</DistanceMeters>
          <HeartRateBpm>
            <Value>141</Value>
          </HeartRateBpm>
          <SensorState>Absent</SensorState>
        </Trackpoint>
        <Trackpoint>
          <Time>2025-11-09T07:09:46Z</Time>
          <DistanceMeters>543.0</DistanceMeters>
          <HeartRateBpm>
            <Value>143</Value>
          </HeartRateBpm>
          <SensorState>Absent</SensorState>
        </Trackpoint>
        <Trackpoint>
          <Time>2025-11-09T07:09:48Z</Time>
          <DistanceMeters>543.0</DistanceMeters>
          <HeartRateBpm>
            <Value>145</Value>
          </HeartRateBpm>
          <SensorState>Absent</SensorState>
        </Trackpoint>
        <Trackpoint>
          <Time>2025-11-09T07:09:50Z</Time>
          <DistanceMeters>543.0</DistanceMeters>
          <HeartRateBpm>
            <Value>147</Value>
          </HeartRateBpm>
          <SensorState>Absent</SensorState>
        </Trackpoint>
        <Trackpoint>
          <Time>2025-11-09T07:09:51Z</Time>
          <DistanceMeters>543.0</DistanceMeters>
          <HeartRateBpm>
            <Value>146</Value>
          </HeartRateBpm>
          <SensorState>Absent</SensorState>
        </Trackpoint>
        <Trackpoint>
          <Time>2025-11-09T07:09:54Z</Time>
          <DistanceMeters>543.0</DistanceMeters>
          <HeartRateBpm>
            <Value>147</Value>
          </HeartRateBpm>
          <SensorState>Absent</SensorState>
        </Trackpoint>
        <Trackpoint>
          <Time>2025-11-09T07:09:55Z</Time>
          <DistanceMeters>543.0</DistanceMeters>
          <HeartRateBpm>
            <Value>148</Value>
          </HeartRateBpm>
          <SensorState>Absent</SensorState>
        </Trackpoint>
        <Trackpoint>
          <Time>2025-11-09T07:09:57Z</Time>
          <DistanceMeters>543.0</DistanceMeters>
          <HeartRateBpm>
            <Value>149</Value>
          </HeartRateBpm>
          <SensorState>Absent</SensorState>
        </Trackpoint>
        <Trackpoint>
          <Time>2025-11-09T07:09:58Z</Time>
          <DistanceMeters>543.0</DistanceMeters>
          <HeartRateBpm>
            <Value>151</Value>
          </HeartRateBpm>
          <SensorState>Absent</SensorState>
        </Trackpoint>
        <Trackpoint>
          <Time>2025-11-09T07:10:00Z</Time>
          <DistanceMeters>543.0</DistanceMeters>
          <HeartRateBpm>
            <Value>137</Value>
          </HeartRateBpm>
          <SensorState>Absent</SensorState>
        </Trackpoint>
        <Trackpoint>
          <Time>2025-11-09T07:10:02Z</Time>
          <DistanceMeters>543.0</DistanceMeters>
          <HeartRateBpm>
            <Value>150</Value>
          </HeartRateBpm>
          <SensorState>Absent</SensorState>
        </Trackpoint>
        <Trackpoint>
          <Time>2025-11-09T07:10:07Z</Time>
          <DistanceMeters>543.0</DistanceMeters>
          <HeartRateBpm>
            <Value>149</Value>
          </HeartRateBpm>
          <SensorState>Absent</SensorState>
        </Trackpoint>
        <Trackpoint>
          <Time>2025-11-09T07:10:09Z</Time>
          <DistanceMeters>543.0</DistanceMeters>
          <HeartRateBpm>
            <Value>148</Value>
          </HeartRateBpm>
          <SensorState>Absent</SensorState>
        </Trackpoint>
        <Trackpoint>
          <Time>2025-11-09T07:10:12Z</Time>
          <DistanceMeters>543.0</DistanceMeters>
          <HeartRateBpm>
            <Value>149</Value>
          </HeartRateBpm>
          <SensorState>Absent</SensorState>
        </Trackpoint>
        <Trackpoint>
          <Time>2025-11-09T07:10:14Z</Time>
          <DistanceMeters>543.0</DistanceMeters>
          <HeartRateBpm>
            <Value>147</Value>
          </HeartRateBpm>
          <SensorState>Absent</SensorState>
        </Trackpoint>
        <Trackpoint>
          <Time>2025-11-09T07:10:15Z</Time>
          <DistanceMeters>543.0</DistanceMeters>
          <HeartRateBpm>
            <Value>146</Value>
          </HeartRateBpm>
          <SensorState>Absent</SensorState>
        </Trackpoint>
        <Trackpoint>
          <Time>2025-11-09T07:10:16Z</Time>
          <DistanceMeters>543.0</DistanceMeters>
          <HeartRateBpm>
            <Value>149</Value>
          </HeartRateBpm>
          <SensorState>Absent</SensorState>
        </Trackpoint>
        <Trackpoint>
          <Time>2025-11-09T07:10:17Z</Time>
          <DistanceMeters>543.0</DistanceMeters>
          <HeartRateBpm>
            <Value>150</Value>
          </HeartRateBpm>
          <SensorState>Absent</SensorState>
        </Trackpoint>
        <Trackpoint>
          <Time>2025-11-09T07:10:20Z</Time>
          <DistanceMeters>543.0</DistanceMeters>
          <HeartRateBpm>
            <Value>148</Value>
          </HeartRateBpm>
          <SensorState>Absent</SensorState>
        </Trackpoint>
        <Trackpoint>
          <Time>2025-11-09T07:10:25Z</Time>
          <DistanceMeters>543.0</DistanceMeters>
          <HeartRateBpm>
            <Value>148</Value>
          </HeartRateBpm>
          <SensorState>Absent</SensorState>
        </Trackpoint>
        <Trackpoint>
          <Time>2025-11-09T07:10:28Z</Time>
          <DistanceMeters>543.0</DistanceMeters>
          <HeartRateBpm>
            <Value>147</Value>
          </HeartRateBpm>
          <SensorState>Absent</SensorState>
        </Trackpoint>
        <Trackpoint>
          <Time>2025-11-09T07:10:29Z</Time>
          <DistanceMeters>543.0</DistanceMeters>
          <HeartRateBpm>
            <Value>145</Value>
          </HeartRateBpm>
          <SensorState>Absent</SensorState>
        </Trackpoint>
        <Trackpoint>
          <Time>2025-11-09T07:10:31Z</Time>
          <DistanceMeters>543.0</DistanceMeters>
          <HeartRateBpm>
            <Value>141</Value>
          </HeartRateBpm>
          <SensorState>Absent</SensorState>
        </Trackpoint>
        <Trackpoint>
          <Time>2025-11-09T07:10:32Z</Time>
          <DistanceMeters>543.0</DistanceMeters>
          <HeartRateBpm>
            <Value>137</Value>
          </HeartRateBpm>
          <SensorState>Absent</SensorState>
        </Trackpoint>
        <Trackpoint>
          <Time>2025-11-09T07:10:33Z</Time>
          <DistanceMeters>543.0</DistanceMeters>
          <HeartRateBpm>
            <Value>132</Value>
          </HeartRateBpm>
          <SensorState>Absent</SensorState>
        </Trackpoint>
        <Trackpoint>
          <Time>2025-11-09T07:10:34Z</Time>
          <DistanceMeters>543.0</DistanceMeters>
          <HeartRateBpm>
            <Value>130</Value>
          </HeartRateBpm>
          <SensorState>Absent</SensorState>
        </Trackpoint>
        <Trackpoint>
          <Time>2025-11-09T07:10:36Z</Time>
          <DistanceMeters>543.0</DistanceMeters>
          <HeartRateBpm>
            <Value>128</Value>
          </HeartRateBpm>
          <SensorState>Absent</SensorState>
        </Trackpoint>
        <Trackpoint>
          <Time>2025-11-09T07:10:37Z</Time>
          <DistanceMeters>543.0</DistanceMeters>
          <HeartRateBpm>
            <Value>127</Value>
          </HeartRateBpm>
          <SensorState>Absent</SensorState>
        </Trackpoint>
        <Trackpoint>
          <Time>2025-11-09T07:10:39Z</Time>
          <DistanceMeters>543.0</DistanceMeters>
          <HeartRateBpm>
            <Value>128</Value>
          </HeartRateBpm>
          <SensorState>Absent</SensorState>
        </Trackpoint>
        <Trackpoint>
          <Time>2025-11-09T07:10:45Z</Time>
          <DistanceMeters>554.0</DistanceMeters>
          <HeartRateBpm>
            <Value>128</Value>
          </HeartRateBpm>
          <SensorState>Absent</SensorState>
        </Trackpoint>
        <Trackpoint>
          <Time>2025-11-09T07:10:46Z</Time>
          <DistanceMeters>554.0</DistanceMeters>
          <HeartRateBpm>
            <Value>126</Value>
          </HeartRateBpm>
          <SensorState>Absent</SensorState>
        </Trackpoint>
        <Trackpoint>
          <Time>2025-11-09T07:10:47Z</Time>
          <DistanceMeters>554.0</DistanceMeters>
          <HeartRateBpm>
            <Value>124</Value>
          </HeartRateBpm>
          <SensorState>Absent</SensorState>
        </Trackpoint>
        <Trackpoint>
          <Time>2025-11-09T07:10:50Z</Time>
          <DistanceMeters>554.0</DistanceMeters>
          <HeartRateBpm>
            <Value>123</Value>
          </HeartRateBpm>
          <SensorState>Absent</SensorState>
        </Trackpoint>
        <Trackpoint>
          <Time>2025-11-09T07:10:51Z</Time>
          <DistanceMeters>554.0</DistanceMeters>
          <HeartRateBpm>
            <Value>124</Value>
          </HeartRateBpm>
          <SensorState>Absent</SensorState>
        </Trackpoint>
        <Trackpoint>
          <Time>2025-11-09T07:10:53Z</Time>
          <DistanceMeters>554.0</DistanceMeters>
          <HeartRateBpm>
            <Value>125</Value>
          </HeartRateBpm>
          <SensorState>Absent</SensorState>
        </Trackpoint>
        <Trackpoint>
          <Time>2025-11-09T07:10:54Z</Time>
          <DistanceMeters>554.0</DistanceMeters>
          <HeartRateBpm>
            <Value>126</Value>
          </HeartRateBpm>
          <SensorState>Absent</SensorState>
        </Trackpoint>
        <Trackpoint>
          <Time>2025-11-09T07:10:56Z</Time>
          <DistanceMeters>554.0</DistanceMeters>
          <HeartRateBpm>
            <Value>127</Value>
          </HeartRateBpm>
          <SensorState>Absent</SensorState>
        </Trackpoint>
        <Trackpoint>
          <Time>2025-11-09T07:10:59Z</Time>
          <DistanceMeters>554.0</DistanceMeters>
          <HeartRateBpm>
            <Value>126</Value>
          </HeartRateBpm>
          <SensorState>Absent</SensorState>
        </Trackpoint>
        <Trackpoint>
          <Time>2025-11-09T07:11:00Z</Time>
          <DistanceMeters>554.0</DistanceMeters>
          <HeartRateBpm>
            <Value>120</Value>
          </HeartRateBpm>
          <Cadence><Value>52</Value></Cadence>
          <SensorState>Absent</SensorState>
        </Trackpoint>
        <Trackpoint>
          <Time>2025-11-09T07:11:00Z</Time>
          <DistanceMeters>554.0</DistanceMeters>
          <HeartRateBpm>
            <Value>124</Value>
          </HeartRateBpm>
          <Cadence><Value>52</Value></Cadence>
          <SensorState>Absent</SensorState>
        </Trackpoint>
        <Trackpoint>
          <Time>2025-11-09T07:11:05Z</Time>
          <DistanceMeters>554.0</DistanceMeters>
          <HeartRateBpm>
            <Value>124</Value>
          </HeartRateBpm>
          <Cadence><Value>52</Value></Cadence>
          <SensorState>Absent</SensorState>
        </Trackpoint>
        <Trackpoint>
          <Time>2025-11-09T07:11:11Z</Time>
          <DistanceMeters>554.0</DistanceMeters>
          <HeartRateBpm>
            <Value>125</Value>
          </HeartRateBpm>
          <Cadence><Value>52</Value></Cadence>
          <SensorState>Absent</SensorState>
        </Trackpoint>
        <Trackpoint>
          <Time>2025-11-09T07:11:13Z</Time>
          <DistanceMeters>554.0</DistanceMeters>
          <HeartRateBpm>
            <Value>126</Value>
          </HeartRateBpm>
          <Cadence><Value>52</Value></Cadence>
          <SensorState>Absent</SensorState>
        </Trackpoint>
        <Trackpoint>
          <Time>2025-11-09T07:11:16Z</Time>
          <DistanceMeters>554.0</DistanceMeters>
          <HeartRateBpm>
            <Value>128</Value>
          </HeartRateBpm>
          <Cadence><Value>52</Value></Cadence>
          <SensorState>Absent</SensorState>
        </Trackpoint>
        <Trackpoint>
          <Time>2025-11-09T07:11:19Z</Time>
          <DistanceMeters>554.0</DistanceMeters>
          <HeartRateBpm>
            <Value>129</Value>
          </HeartRateBpm>
          <Cadence><Value>52</Value></Cadence>
          <SensorState>Absent</SensorState>
        </Trackpoint>
        <Trackpoint>
          <Time>2025-11-09T07:11:20Z</Time>
          <DistanceMeters>554.0</DistanceMeters>
          <HeartRateBpm>
            <Value>130</Value>
          </HeartRateBpm>
          <Cadence><Value>52</Value></Cadence>
          <SensorState>Absent</SensorState>
        </Trackpoint>
        <Trackpoint>
          <Time>2025-11-09T07:11:21Z</Time>
          <DistanceMeters>554.0</DistanceMeters>
          <HeartRateBpm>
            <Value>132</Value>
          </HeartRateBpm>
          <Cadence><Value>52</Value></Cadence>
          <SensorState>Absent</SensorState>
        </Trackpoint>
        <Trackpoint>
          <Time>2025-11-09T07:11:22Z</Time>
          <DistanceMeters>554.0</DistanceMeters>
          <HeartRateBpm>
            <Value>131</Value>
          </HeartRateBpm>
          <Cadence><Value>52</Value></Cadence>
          <SensorState>Absent</SensorState>
        </Trackpoint>
        <Trackpoint>
          <Time>2025-11-09T07:11:25Z</Time>
          <DistanceMeters>554.0</DistanceMeters>
          <HeartRateBpm>
            <Value>130</Value>
          </HeartRateBpm>
          <Cadence><Value>52</Value></Cadence>
          <SensorState>Absent</SensorState>
        </Trackpoint>
        <Trackpoint>
          <Time>2025-11-09T07:11:26Z</Time>
          <DistanceMeters>554.0</DistanceMeters>
          <HeartRateBpm>
            <Value>124</Value>
          </HeartRateBpm>
          <Cadence><Value>52</Value></Cadence>
          <SensorState>Absent</SensorState>
        </Trackpoint>
        <Trackpoint>
          <Time>2025-11-09T07:11:27Z</Time>
          <DistanceMeters>554.0</DistanceMeters>
          <HeartRateBpm>
            <Value>120</Value>
          </HeartRateBpm>
          <Cadence><Value>52</Value></Cadence>
          <SensorState>Absent</SensorState>
        </Trackpoint>
        <Trackpoint>
          <Time>2025-11-09T07:11:29Z</Time>
          <DistanceMeters>554.0</DistanceMeters>
          <HeartRateBpm>
            <Value>117</Value>
          </HeartRateBpm>
          <Cadence><Value>52</Value></Cadence>
          <SensorState>Absent</SensorState>
        </Trackpoint>
        <Trackpoint>
          <Time>2025-11-09T07:11:30Z</Time>
          <DistanceMeters>554.0</DistanceMeters>
          <HeartRateBpm>
            <Value>112</Value>
          </HeartRateBpm>
          <Cadence><Value>52</Value></Cadence>
          <SensorState>Absent</SensorState>
        </Trackpoint>
        <Trackpoint>
          <Time>2025-11-09T07:11:33Z</Time>
          <DistanceMeters>554.0</DistanceMeters>
          <HeartRateBpm>
            <Value>114</Value>
          </HeartRateBpm>
          <Cadence><Value>52</Value></Cadence>
          <SensorState>Absent</SensorState>
        </Trackpoint>
        <Trackpoint>
          <Time>2025-11-09T07:11:34Z</Time>
          <DistanceMeters>554.0</DistanceMeters>
          <HeartRateBpm>
            <Value>116</Value>
          </HeartRateBpm>
          <Cadence><Value>52</Value></Cadence>
          <SensorState>Absent</SensorState>
        </Trackpoint>
        <Trackpoint>
          <Time>2025-11-09T07:11:39Z</Time>
          <DistanceMeters>554.0</DistanceMeters>
          <HeartRateBpm>
            <Value>118</Value>
          </HeartRateBpm>
          <Cadence><Value>52</Value></Cadence>
          <SensorState>Absent</SensorState>
        </Trackpoint>
        <Trackpoint>
          <Time>2025-11-09T07:11:41Z</Time>
          <DistanceMeters>565.0</DistanceMeters>
          <HeartRateBpm>
            <Value>119</Value>
          </HeartRateBpm>
          <Cadence><Value>52</Value></Cadence>
          <SensorState>Absent</SensorState>
        </Trackpoint>
        <Trackpoint>
          <Time>2025-11-09T07:11:42Z</Time>
          <DistanceMeters>565.0</DistanceMeters>
          <HeartRateBpm>
            <Value>118</Value>
          </HeartRateBpm>
          <Cadence><Value>52</Value></Cadence>
          <SensorState>Absent</SensorState>
        </Trackpoint>
        <Trackpoint>
          <Time>2025-11-09T07:11:43Z</Time>
          <DistanceMeters>565.0</DistanceMeters>
          <HeartRateBpm>
            <Value>117</Value>
          </HeartRateBpm>
          <Cadence><Value>52</Value></Cadence>
          <SensorState>Absent</SensorState>
        </Trackpoint>
        <Trackpoint>
          <Time>2025-11-09T07:11:44Z</Time>
          <DistanceMeters>565.0</DistanceMeters>
          <HeartRateBpm>
            <Value>116</Value>
          </HeartRateBpm>
          <Cadence><Value>52</Value></Cadence>
          <SensorState>Absent</SensorState>
        </Trackpoint>
        <Trackpoint>
          <Time>2025-11-09T07:11:47Z</Time>
          <DistanceMeters>565.0</DistanceMeters>
          <HeartRateBpm>
            <Value>115</Value>
          </HeartRateBpm>
          <Cadence><Value>52</Value></Cadence>
          <SensorState>Absent</SensorState>
        </Trackpoint>
        <Trackpoint>
          <Time>2025-11-09T07:11:48Z</Time>
          <DistanceMeters>565.0</DistanceMeters>
          <HeartRateBpm>
            <Value>114</Value>
          </HeartRateBpm>
          <Cadence><Value>52</Value></Cadence>
          <SensorState>Absent</SensorState>
        </Trackpoint>
        <Trackpoint>
          <Time>2025-11-09T07:11:53Z</Time>
          <DistanceMeters>565.0</DistanceMeters>
          <HeartRateBpm>
            <Value>114</Value>
          </HeartRateBpm>
          <Cadence><Value>52</Value></Cadence>
          <SensorState>Absent</SensorState>
        </Trackpoint>
        <Trackpoint>
          <Time>2025-11-09T07:11:55Z</Time>
          <DistanceMeters>565.0</DistanceMeters>
          <HeartRateBpm>
            <Value>118</Value>
          </HeartRateBpm>
          <Cadence><Value>52</Value></Cadence>
          <SensorState>Absent</SensorState>
        </Trackpoint>
        <Trackpoint>
          <Time>2025-11-09T07:11:56Z</Time>
          <DistanceMeters>565.0</DistanceMeters>
          <HeartRateBpm>
            <Value>120</Value>
          </HeartRateBpm>
          <Cadence><Value>52</Value></Cadence>
          <SensorState>Absent</SensorState>
        </Trackpoint>
        <Trackpoint>
          <Time>2025-11-09T07:11:58Z</Time>
          <DistanceMeters>565.0</DistanceMeters>
          <HeartRateBpm>
            <Value>122</Value>
          </HeartRateBpm>
          <Cadence><Value>52</Value></Cadence>
          <SensorState>Absent</SensorState>
        </Trackpoint>
        <Trackpoint>
          <Time>2025-11-09T07:12:00Z</Time>
          <DistanceMeters>565.0</DistanceMeters>
          <HeartRateBpm>
            <Value>125</Value>
          </HeartRateBpm>
          <SensorState>Absent</SensorState>
        </Trackpoint>
        <Trackpoint>
          <Time>2025-11-09T07:12:03Z</Time>
          <DistanceMeters>565.0</DistanceMeters>
          <HeartRateBpm>
            <Value>123</Value>
          </HeartRateBpm>
          <SensorState>Absent</SensorState>
        </Trackpoint>
        <Trackpoint>
          <Time>2025-11-09T07:12:07Z</Time>
          <DistanceMeters>565.0</DistanceMeters>
          <HeartRateBpm>
            <Value>121</Value>
          </HeartRateBpm>
          <SensorState>Absent</SensorState>
        </Trackpoint>
        <Trackpoint>
          <Time>2025-11-09T07:12:08Z</Time>
          <DistanceMeters>565.0</DistanceMeters>
          <HeartRateBpm>
            <Value>120</Value>
          </HeartRateBpm>
          <SensorState>Absent</SensorState>
        </Trackpoint>
        <Trackpoint>
          <Time>2025-11-09T07:12:09Z</Time>
          <DistanceMeters>565.0</DistanceMeters>
          <HeartRateBpm>
            <Value>122</Value>
          </HeartRateBpm>
          <SensorState>Absent</SensorState>
        </Trackpoint>
        <Trackpoint>
          <Time>2025-11-09T07:12:11Z</Time>
          <DistanceMeters>565.0</DistanceMeters>
          <HeartRateBpm>
            <Value>123</Value>
          </HeartRateBpm>
          <SensorState>Absent</SensorState>
        </Trackpoint>
        <Trackpoint>
          <Time>2025-11-09T07:12:12Z</Time>
          <DistanceMeters>565.0</DistanceMeters>
          <HeartRateBpm>
            <Value>124</Value>
          </HeartRateBpm>
          <SensorState>Absent</SensorState>
        </Trackpoint>
        <Trackpoint>
          <Time>2025-11-09T07:12:13Z</Time>
          <DistanceMeters>565.0</DistanceMeters>
          <HeartRateBpm>
            <Value>125</Value>
          </HeartRateBpm>
          <SensorState>Absent</SensorState>
        </Trackpoint>
        <Trackpoint>
          <Time>2025-11-09T07:12:14Z</Time>
          <DistanceMeters>565.0</DistanceMeters>
          <HeartRateBpm>
            <Value>124</Value>
          </HeartRateBpm>
          <SensorState>Absent</SensorState>
        </Trackpoint>
        <Trackpoint>
          <Time>2025-11-09T07:12:16Z</Time>
          <DistanceMeters>565.0</DistanceMeters>
          <HeartRateBpm>
            <Value>126</Value>
          </HeartRateBpm>
          <SensorState>Absent</SensorState>
        </Trackpoint>
        <Trackpoint>
          <Time>2025-11-09T07:12:17Z</Time>
          <DistanceMeters>565.0</DistanceMeters>
          <HeartRateBpm>
            <Value>131</Value>
          </HeartRateBpm>
          <SensorState>Absent</SensorState>
        </Trackpoint>
        <Trackpoint>
          <Time>2025-11-09T07:12:18Z</Time>
          <DistanceMeters>565.0</DistanceMeters>
          <HeartRateBpm>
            <Value>133</Value>
          </HeartRateBpm>
          <SensorState>Absent</SensorState>
        </Trackpoint>
        <Trackpoint>
          <Time>2025-11-09T07:12:20Z</Time>
          <DistanceMeters>565.0</DistanceMeters>
          <HeartRateBpm>
            <Value>135</Value>
          </HeartRateBpm>
          <SensorState>Absent</SensorState>
        </Trackpoint>
        <Trackpoint>
          <Time>2025-11-09T07:12:21Z</Time>
          <DistanceMeters>565.0</DistanceMeters>
          <HeartRateBpm>
            <Value>140</Value>
          </HeartRateBpm>
          <SensorState>Absent</SensorState>
        </Trackpoint>
        <Trackpoint>
          <Time>2025-11-09T07:12:26Z</Time>
          <DistanceMeters>565.0</DistanceMeters>
          <HeartRateBpm>
            <Value>132</Value>
          </HeartRateBpm>
          <SensorState>Absent</SensorState>
        </Trackpoint>
        <Trackpoint>
          <Time>2025-11-09T07:12:28Z</Time>
          <DistanceMeters>565.0</DistanceMeters>
          <HeartRateBpm>
            <Value>129</Value>
          </HeartRateBpm>
          <SensorState>Absent</SensorState>
        </Trackpoint>
        <Trackpoint>
          <Time>2025-11-09T07:12:29Z</Time>
          <DistanceMeters>565.0</DistanceMeters>
          <HeartRateBpm>
            <Value>128</Value>
          </HeartRateBpm>
          <SensorState>Absent</SensorState>
        </Trackpoint>
        <Trackpoint>
          <Time>2025-11-09T07:12:31Z</Time>
          <DistanceMeters>565.0</DistanceMeters>
          <HeartRateBpm>
            <Value>129</Value>
          </HeartRateBpm>
          <SensorState>Absent</SensorState>
        </Trackpoint>
        <Trackpoint>
          <Time>2025-11-09T07:12:33Z</Time>
          <DistanceMeters>565.0</DistanceMeters>
          <HeartRateBpm>
            <Value>128</Value>
          </HeartRateBpm>
          <SensorState>Absent</SensorState>
        </Trackpoint>
        <Trackpoint>
          <Time>2025-11-09T07:12:34Z</Time>
          <DistanceMeters>565.0</DistanceMeters>
          <HeartRateBpm>
            <Value>129</Value>
          </HeartRateBpm>
          <SensorState>Absent</SensorState>
        </Trackpoint>
        <Trackpoint>
          <Time>2025-11-09T07:12:38Z</Time>
          <DistanceMeters>565.0</DistanceMeters>
          <HeartRateBpm>
            <Value>130</Value>
          </HeartRateBpm>
          <SensorState>Absent</SensorState>
        </Trackpoint>
        <Trackpoint>
          <Time>2025-11-09T07:12:39Z</Time>
          <DistanceMeters>565.0</DistanceMeters>
          <HeartRateBpm>
            <Value>131</Value>
          </HeartRateBpm>
          <SensorState>Absent</SensorState>
        </Trackpoint>
        <Trackpoint>
          <Time>2025-11-09T07:12:40Z</Time>
          <DistanceMeters>565.0</DistanceMeters>
          <HeartRateBpm>
            <Value>130</Value>
          </HeartRateBpm>
          <SensorState>Absent</SensorState>
        </Trackpoint>
        <Trackpoint>
          <Time>2025-11-09T07:12:41Z</Time>
          <DistanceMeters>576.0</DistanceMeters>
          <HeartRateBpm>
            <Value>129</Value>
          </HeartRateBpm>
          <SensorState>Absent</SensorState>
        </Trackpoint>
        <Trackpoint>
          <Time>2025-11-09T07:12:44Z</Time>
          <DistanceMeters>576.0</DistanceMeters>
          <HeartRateBpm>
            <Value>126</Value>
          </HeartRateBpm>
          <SensorState>Absent</SensorState>
        </Trackpoint>
        <Trackpoint>
          <Time>2025-11-09T07:12:45Z</Time>
          <DistanceMeters>576.0</DistanceMeters>
          <HeartRateBpm>
            <Value>122</Value>
          </HeartRateBpm>
          <SensorState>Absent</SensorState>
        </Trackpoint>
        <Trackpoint>
          <Time>2025-11-09T07:12:47Z</Time>
          <DistanceMeters>576.0</DistanceMeters>
          <HeartRateBpm>
            <Value>117</Value>
          </HeartRateBpm>
          <SensorState>Absent</SensorState>
        </Trackpoint>
        <Trackpoint>
          <Time>2025-11-09T07:12:48Z</Time>
          <DistanceMeters>576.0</DistanceMeters>
          <HeartRateBpm>
            <Value>116</Value>
          </HeartRateBpm>
          <SensorState>Absent</SensorState>
        </Trackpoint>
        <Trackpoint>
          <Time>2025-11-09T07:12:49Z</Time>
          <DistanceMeters>576.0</DistanceMeters>
          <HeartRateBpm>
            <Value>115</Value>
          </HeartRateBpm>
          <SensorState>Absent</SensorState>
        </Trackpoint>
        <Trackpoint>
          <Time>2025-11-09T07:12:55Z</Time>
          <DistanceMeters>576.0</DistanceMeters>
          <HeartRateBpm>
            <Value>115</Value>
          </HeartRateBpm>
          <SensorState>Absent</SensorState>
        </Trackpoint>
        <Trackpoint>
          <Time>2025-11-09T07:12:57Z</Time>
          <DistanceMeters>576.0</DistanceMeters>
          <HeartRateBpm>
            <Value>114</Value>
          </HeartRateBpm>
          <SensorState>Absent</SensorState>
        </Trackpoint>
        <Trackpoint>
          <Time>2025-11-09T07:13:00Z</Time>
          <DistanceMeters>576.0</DistanceMeters>
          <HeartRateBpm>
            <Value>107</Value>
          </HeartRateBpm>
          <SensorState>Absent</SensorState>
        </Trackpoint>
        <Trackpoint>
          <Time>2025-11-09T07:13:02Z</Time>
          <DistanceMeters>576.0</DistanceMeters>
          <HeartRateBpm>
            <Value>114</Value>
          </HeartRateBpm>
          <SensorState>Absent</SensorState>
        </Trackpoint>
        <Trackpoint>
          <Time>2025-11-09T07:13:05Z</Time>
          <DistanceMeters>576.0</DistanceMeters>
          <HeartRateBpm>
            <Value>113</Value>
          </HeartRateBpm>
          <SensorState>Absent</SensorState>
        </Trackpoint>
        <Trackpoint>
          <Time>2025-11-09T07:13:07Z</Time>
          <DistanceMeters>576.0</DistanceMeters>
          <HeartRateBpm>
            <Value>112</Value>
          </HeartRateBpm>
          <SensorState>Absent</SensorState>
        </Trackpoint>
        <Trackpoint>
          <Time>2025-11-09T07:13:09Z</Time>
          <DistanceMeters>576.0</DistanceMeters>
          <HeartRateBpm>
            <Value>111</Value>
          </HeartRateBpm>
          <SensorState>Absent</SensorState>
        </Trackpoint>
        <Trackpoint>
          <Time>2025-11-09T07:13:11Z</Time>
          <DistanceMeters>576.0</DistanceMeters>
          <HeartRateBpm>
            <Value>112</Value>
          </HeartRateBpm>
          <SensorState>Absent</SensorState>
        </Trackpoint>
        <Trackpoint>
          <Time>2025-11-09T07:13:14Z</Time>
          <DistanceMeters>576.0</DistanceMeters>
          <HeartRateBpm>
            <Value>111</Value>
          </HeartRateBpm>
          <SensorState>Absent</SensorState>
        </Trackpoint>
        <Trackpoint>
          <Time>2025-11-09T07:13:15Z</Time>
          <DistanceMeters>576.0</DistanceMeters>
          <HeartRateBpm>
            <Value>110</Value>
          </HeartRateBpm>
          <SensorState>Absent</SensorState>
        </Trackpoint>
        <Trackpoint>
          <Time>2025-11-09T07:13:17Z</Time>
          <DistanceMeters>576.0</DistanceMeters>
          <HeartRateBpm>
            <Value>109</Value>
          </HeartRateBpm>
          <SensorState>Absent</SensorState>
        </Trackpoint>
        <Trackpoint>
          <Time>2025-11-09T07:13:19Z</Time>
          <DistanceMeters>576.0</DistanceMeters>
          <HeartRateBpm>
            <Value>108</Value>
          </HeartRateBpm>
          <SensorState>Absent</SensorState>
        </Trackpoint>
        <Trackpoint>
          <Time>2025-11-09T07:13:21Z</Time>
          <DistanceMeters>576.0</DistanceMeters>
          <HeartRateBpm>
            <Value>107</Value>
          </HeartRateBpm>
          <SensorState>Absent</SensorState>
        </Trackpoint>
        <Trackpoint>
          <Time>2025-11-09T07:13:22Z</Time>
          <DistanceMeters>576.0</DistanceMeters>
          <HeartRateBpm>
            <Value>105</Value>
          </HeartRateBpm>
          <SensorState>Absent</SensorState>
        </Trackpoint>
        <Trackpoint>
          <Time>2025-11-09T07:13:23Z</Time>
          <DistanceMeters>576.0</DistanceMeters>
          <HeartRateBpm>
            <Value>104</Value>
          </HeartRateBpm>
          <SensorState>Absent</SensorState>
        </Trackpoint>
        <Trackpoint>
          <Time>2025-11-09T07:13:28Z</Time>
          <DistanceMeters>576.0</DistanceMeters>
          <HeartRateBpm>
            <Value>104</Value>
          </HeartRateBpm>
          <SensorState>Absent</SensorState>
        </Trackpoint>
        <Trackpoint>
          <Time>2025-11-09T07:13:32Z</Time>
          <DistanceMeters>576.0</DistanceMeters>
          <HeartRateBpm>
            <Value>105</Value>
          </HeartRateBpm>
          <SensorState>Absent</SensorState>
        </Trackpoint>
        <Trackpoint>
          <Time>2025-11-09T07:13:38Z</Time>
          <DistanceMeters>576.0</DistanceMeters>
          <HeartRateBpm>
            <Value>106</Value>
          </HeartRateBpm>
          <SensorState>Absent</SensorState>
        </Trackpoint>
        <Trackpoint>
          <Time>2025-11-09T07:13:43Z</Time>
          <DistanceMeters>588.0</DistanceMeters>
          <HeartRateBpm>
            <Value>106</Value>
          </HeartRateBpm>
          <SensorState>Absent</SensorState>
        </Trackpoint>
        <Trackpoint>
          <Time>2025-11-09T07:13:49Z</Time>
          <DistanceMeters>588.0</DistanceMeters>
          <HeartRateBpm>
            <Value>106</Value>
          </HeartRateBpm>
          <SensorState>Absent</SensorState>
        </Trackpoint>
        <Trackpoint>
          <Time>2025-11-09T07:13:50Z</Time>
          <DistanceMeters>588.0</DistanceMeters>
          <HeartRateBpm>
            <Value>105</Value>
          </HeartRateBpm>
          <SensorState>Absent</SensorState>
        </Trackpoint>
        <Trackpoint>
          <Time>2025-11-09T07:13:51Z</Time>
          <DistanceMeters>588.0</DistanceMeters>
          <HeartRateBpm>
            <Value>104</Value>
          </HeartRateBpm>
          <SensorState>Absent</SensorState>
        </Trackpoint>
        <Trackpoint>
          <Time>2025-11-09T07:13:54Z</Time>
          <DistanceMeters>588.0</DistanceMeters>
          <HeartRateBpm>
            <Value>105</Value>
          </HeartRateBpm>
          <SensorState>Absent</SensorState>
        </Trackpoint>
        <Trackpoint>
          <Time>2025-11-09T07:13:55Z</Time>
          <DistanceMeters>588.0</DistanceMeters>
          <HeartRateBpm>
            <Value>107</Value>
          </HeartRateBpm>
          <SensorState>Absent</SensorState>
        </Trackpoint>
        <Trackpoint>
          <Time>2025-11-09T07:13:56Z</Time>
          <DistanceMeters>588.0</DistanceMeters>
          <HeartRateBpm>
            <Value>108</Value>
          </HeartRateBpm>
          <SensorState>Absent</SensorState>
        </Trackpoint>
        <Trackpoint>
          <Time>2025-11-09T07:14:00Z</Time>
          <DistanceMeters>588.0</DistanceMeters>
          <HeartRateBpm>
            <Value>107</Value>
          </HeartRateBpm>
          <SensorState>Absent</SensorState>
        </Trackpoint>
        <Trackpoint>
          <Time>2025-11-09T07:14:01Z</Time>
          <DistanceMeters>588.0</DistanceMeters>
          <HeartRateBpm>
            <Value>108</Value>
          </HeartRateBpm>
          <SensorState>Absent</SensorState>
        </Trackpoint>
        <Trackpoint>
          <Time>2025-11-09T07:14:05Z</Time>
          <DistanceMeters>588.0</DistanceMeters>
          <HeartRateBpm>
            <Value>109</Value>
          </HeartRateBpm>
          <SensorState>Absent</SensorState>
        </Trackpoint>
        <Trackpoint>
          <Time>2025-11-09T07:14:09Z</Time>
          <DistanceMeters>588.0</DistanceMeters>
          <HeartRateBpm>
            <Value>108</Value>
          </HeartRateBpm>
          <SensorState>Absent</SensorState>
        </Trackpoint>
        <Trackpoint>
          <Time>2025-11-09T07:14:13Z</Time>
          <DistanceMeters>588.0</DistanceMeters>
          <HeartRateBpm>
            <Value>110</Value>
          </HeartRateBpm>
          <SensorState>Absent</SensorState>
        </Trackpoint>
        <Trackpoint>
          <Time>2025-11-09T07:14:16Z</Time>
          <DistanceMeters>588.0</DistanceMeters>
          <HeartRateBpm>
            <Value>109</Value>
          </HeartRateBpm>
          <SensorState>Absent</SensorState>
        </Trackpoint>
        <Trackpoint>
          <Time>2025-11-09T07:14:21Z</Time>
          <DistanceMeters>588.0</DistanceMeters>
          <HeartRateBpm>
            <Value>109</Value>
          </HeartRateBpm>
          <SensorState>Absent</SensorState>
        </Trackpoint>
        <Trackpoint>
          <Time>2025-11-09T07:14:26Z</Time>
          <DistanceMeters>588.0</DistanceMeters>
          <HeartRateBpm>
            <Value>109</Value>
          </HeartRateBpm>
          <SensorState>Absent</SensorState>
        </Trackpoint>
        <Trackpoint>
          <Time>2025-11-09T07:14:29Z</Time>
          <DistanceMeters>588.0</DistanceMeters>
          <HeartRateBpm>
            <Value>108</Value>
          </HeartRateBpm>
          <SensorState>Absent</SensorState>
        </Trackpoint>
        <Trackpoint>
          <Time>2025-11-09T07:14:33Z</Time>
          <DistanceMeters>588.0</DistanceMeters>
          <HeartRateBpm>
            <Value>107</Value>
          </HeartRateBpm>
          <SensorState>Absent</SensorState>
        </Trackpoint>
        <Trackpoint>
          <Time>2025-11-09T07:14:38Z</Time>
          <DistanceMeters>588.0</DistanceMeters>
          <HeartRateBpm>
            <Value>107</Value>
          </HeartRateBpm>
          <SensorState>Absent</SensorState>
        </Trackpoint>
        <Trackpoint>
          <Time>2025-11-09T07:14:39Z</Time>
          <DistanceMeters>588.0</DistanceMeters>
          <HeartRateBpm>
            <Value>105</Value>
          </HeartRateBpm>
          <SensorState>Absent</SensorState>
        </Trackpoint>
        <Trackpoint>
          <Time>2025-11-09T07:14:42Z</Time>
          <DistanceMeters>598.0</DistanceMeters>
          <HeartRateBpm>
            <Value>104</Value>
          </HeartRateBpm>
          <SensorState>Absent</SensorState>
        </Trackpoint>
        <Trackpoint>
          <Time>2025-11-09T07:14:44Z</Time>
          <DistanceMeters>598.0</DistanceMeters>
          <HeartRateBpm>
            <Value>106</Value>
          </HeartRateBpm>
          <SensorState>Absent</SensorState>
        </Trackpoint>
        <Trackpoint>
          <Time>2025-11-09T07:14:45Z</Time>
          <DistanceMeters>598.0</DistanceMeters>
          <HeartRateBpm>
            <Value>107</Value>
          </HeartRateBpm>
          <SensorState>Absent</SensorState>
        </Trackpoint>
        <Trackpoint>
          <Time>2025-11-09T07:14:48Z</Time>
          <DistanceMeters>598.0</DistanceMeters>
          <HeartRateBpm>
            <Value>108</Value>
          </HeartRateBpm>
          <SensorState>Absent</SensorState>
        </Trackpoint>
        <Trackpoint>
          <Time>2025-11-09T07:14:49Z</Time>
          <DistanceMeters>598.0</DistanceMeters>
          <HeartRateBpm>
            <Value>109</Value>
          </HeartRateBpm>
          <SensorState>Absent</SensorState>
        </Trackpoint>
        <Trackpoint>
          <Time>2025-11-09T07:14:52Z</Time>
          <DistanceMeters>598.0</DistanceMeters>
          <HeartRateBpm>
            <Value>110</Value>
          </HeartRateBpm>
          <SensorState>Absent</SensorState>
        </Trackpoint>
        <Trackpoint>
          <Time>2025-11-09T07:14:55Z</Time>
          <DistanceMeters>598.0</DistanceMeters>
          <HeartRateBpm>
            <Value>109</Value>
          </HeartRateBpm>
          <SensorState>Absent</SensorState>
        </Trackpoint>
        <Trackpoint>
          <Time>2025-11-09T07:14:56Z</Time>
          <DistanceMeters>598.0</DistanceMeters>
          <HeartRateBpm>
            <Value>108</Value>
          </HeartRateBpm>
          <SensorState>Absent</SensorState>
        </Trackpoint>
        <Trackpoint>
          <Time>2025-11-09T07:14:57Z</Time>
          <DistanceMeters>598.0</DistanceMeters>
          <HeartRateBpm>
            <Value>107</Value>
          </HeartRateBpm>
          <SensorState>Absent</SensorState>
        </Trackpoint>
        <Trackpoint>
          <Time>2025-11-09T07:14:59Z</Time>
          <DistanceMeters>598.0</DistanceMeters>
          <HeartRateBpm>
            <Value>106</Value>
          </HeartRateBpm>
          <SensorState>Absent</SensorState>
        </Trackpoint>
        <Trackpoint>
          <Time>2025-11-09T07:15:00Z</Time>
          <DistanceMeters>598.0</DistanceMeters>
          <HeartRateBpm>
            <Value>109</Value>
          </HeartRateBpm>
          <SensorState>Absent</SensorState>
        </Trackpoint>
        <Trackpoint>
          <Time>2025-11-09T07:15:00Z</Time>
          <DistanceMeters>598.0</DistanceMeters>
          <HeartRateBpm>
            <Value>105</Value>
          </HeartRateBpm>
          <SensorState>Absent</SensorState>
        </Trackpoint>
        <Trackpoint>
          <Time>2025-11-09T07:15:01Z</Time>
          <DistanceMeters>598.0</DistanceMeters>
          <HeartRateBpm>
            <Value>102</Value>
          </HeartRateBpm>
          <SensorState>Absent</SensorState>
        </Trackpoint>
        <Trackpoint>
          <Time>2025-11-09T07:15:02Z</Time>
          <DistanceMeters>598.0</DistanceMeters>
          <HeartRateBpm>
            <Value>101</Value>
          </HeartRateBpm>
          <SensorState>Absent</SensorState>
        </Trackpoint>
        <Trackpoint>
          <Time>2025-11-09T07:15:04Z</Time>
          <DistanceMeters>598.0</DistanceMeters>
          <HeartRateBpm>
            <Value>102</Value>
          </HeartRateBpm>
          <SensorState>Absent</SensorState>
        </Trackpoint>
        <Trackpoint>
          <Time>2025-11-09T07:15:05Z</Time>
          <DistanceMeters>598.0</DistanceMeters>
          <HeartRateBpm>
            <Value>105</Value>
          </HeartRateBpm>
          <SensorState>Absent</SensorState>
        </Trackpoint>
        <Trackpoint>
          <Time>2025-11-09T07:15:06Z</Time>
          <DistanceMeters>598.0</DistanceMeters>
          <HeartRateBpm>
            <Value>106</Value>
          </HeartRateBpm>
          <SensorState>Absent</SensorState>
        </Trackpoint>
        <Trackpoint>
          <Time>2025-11-09T07:15:10Z</Time>
          <DistanceMeters>598.0</DistanceMeters>
          <HeartRateBpm>
            <Value>110</Value>
          </HeartRateBpm>
          <SensorState>Absent</SensorState>
        </Trackpoint>
        <Trackpoint>
          <Time>2025-11-09T07:15:11Z</Time>
          <DistanceMeters>598.0</DistanceMeters>
          <HeartRateBpm>
            <Value>111</Value>
          </HeartRateBpm>
          <SensorState>Absent</SensorState>
        </Trackpoint>
        <Trackpoint>
          <Time>2025-11-09T07:15:13Z</Time>
          <DistanceMeters>598.0</DistanceMeters>
          <HeartRateBpm>
            <Value>112</Value>
          </HeartRateBpm>
          <SensorState>Absent</SensorState>
        </Trackpoint>
        <Trackpoint>
          <Time>2025-11-09T07:15:15Z</Time>
          <DistanceMeters>598.0</DistanceMeters>
          <HeartRateBpm>
            <Value>111</Value>
          </HeartRateBpm>
          <SensorState>Absent</SensorState>
        </Trackpoint>
        <Trackpoint>
          <Time>2025-11-09T07:15:21Z</Time>
          <DistanceMeters>598.0</DistanceMeters>
          <HeartRateBpm>
            <Value>111</Value>
          </HeartRateBpm>
          <SensorState>Absent</SensorState>
        </Trackpoint>
        <Trackpoint>
          <Time>2025-11-09T07:15:23Z</Time>
          <DistanceMeters>598.0</DistanceMeters>
          <HeartRateBpm>
            <Value>110</Value>
          </HeartRateBpm>
          <SensorState>Absent</SensorState>
        </Trackpoint>
        <Trackpoint>
          <Time>2025-11-09T07:15:25Z</Time>
          <DistanceMeters>598.0</DistanceMeters>
          <HeartRateBpm>
            <Value>109</Value>
          </HeartRateBpm>
          <SensorState>Absent</SensorState>
        </Trackpoint>
        <Trackpoint>
          <Time>2025-11-09T07:15:26Z</Time>
          <DistanceMeters>598.0</DistanceMeters>
          <HeartRateBpm>
            <Value>107</Value>
          </HeartRateBpm>
          <SensorState>Absent</SensorState>
        </Trackpoint>
        <Trackpoint>
          <Time>2025-11-09T07:15:31Z</Time>
          <DistanceMeters>598.0</DistanceMeters>
          <HeartRateBpm>
            <Value>107</Value>
          </HeartRateBpm>
          <SensorState>Absent</SensorState>
        </Trackpoint>
        <Trackpoint>
          <Time>2025-11-09T07:15:32Z</Time>
          <DistanceMeters>598.0</DistanceMeters>
          <HeartRateBpm>
            <Value>110</Value>
          </HeartRateBpm>
          <SensorState>Absent</SensorState>
        </Trackpoint>
        <Trackpoint>
          <Time>2025-11-09T07:15:36Z</Time>
          <DistanceMeters>598.0</DistanceMeters>
          <HeartRateBpm>
            <Value>109</Value>
          </HeartRateBpm>
          <SensorState>Absent</SensorState>
        </Trackpoint>
        <Trackpoint>
          <Time>2025-11-09T07:15:40Z</Time>
          <DistanceMeters>598.0</DistanceMeters>
          <HeartRateBpm>
            <Value>107</Value>
          </HeartRateBpm>
          <SensorState>Absent</SensorState>
        </Trackpoint>
        <Trackpoint>
          <Time>2025-11-09T07:15:41Z</Time>
          <DistanceMeters>609.0</DistanceMeters>
          <HeartRateBpm>
            <Value>110</Value>
          </HeartRateBpm>
          <SensorState>Absent</SensorState>
        </Trackpoint>
        <Trackpoint>
          <Time>2025-11-09T07:15:43Z</Time>
          <DistanceMeters>609.0</DistanceMeters>
          <HeartRateBpm>
            <Value>112</Value>
          </HeartRateBpm>
          <SensorState>Absent</SensorState>
        </Trackpoint>
        <Trackpoint>
          <Time>2025-11-09T07:15:47Z</Time>
          <DistanceMeters>609.0</DistanceMeters>
          <HeartRateBpm>
            <Value>111</Value>
          </HeartRateBpm>
          <SensorState>Absent</SensorState>
        </Trackpoint>
        <Trackpoint>
          <Time>2025-11-09T07:15:48Z</Time>
          <DistanceMeters>609.0</DistanceMeters>
          <HeartRateBpm>
            <Value>109</Value>
          </HeartRateBpm>
          <SensorState>Absent</SensorState>
        </Trackpoint>
        <Trackpoint>
          <Time>2025-11-09T07:15:50Z</Time>
          <DistanceMeters>609.0</DistanceMeters>
          <HeartRateBpm>
            <Value>110</Value>
          </HeartRateBpm>
          <SensorState>Absent</SensorState>
        </Trackpoint>
        <Trackpoint>
          <Time>2025-11-09T07:15:52Z</Time>
          <DistanceMeters>609.0</DistanceMeters>
          <HeartRateBpm>
            <Value>111</Value>
          </HeartRateBpm>
          <SensorState>Absent</SensorState>
        </Trackpoint>
        <Trackpoint>
          <Time>2025-11-09T07:15:53Z</Time>
          <DistanceMeters>609.0</DistanceMeters>
          <HeartRateBpm>
            <Value>112</Value>
          </HeartRateBpm>
          <SensorState>Absent</SensorState>
        </Trackpoint>
        <Trackpoint>
          <Time>2025-11-09T07:15:54Z</Time>
          <DistanceMeters>609.0</DistanceMeters>
          <HeartRateBpm>
            <Value>114</Value>
          </HeartRateBpm>
          <SensorState>Absent</SensorState>
        </Trackpoint>
        <Trackpoint>
          <Time>2025-11-09T07:15:55Z</Time>
          <DistanceMeters>609.0</DistanceMeters>
          <HeartRateBpm>
            <Value>116</Value>
          </HeartRateBpm>
          <SensorState>Absent</SensorState>
        </Trackpoint>
        <Trackpoint>
          <Time>2025-11-09T07:15:58Z</Time>
          <DistanceMeters>609.0</DistanceMeters>
          <HeartRateBpm>
            <Value>115</Value>
          </HeartRateBpm>
          <SensorState>Absent</SensorState>
        </Trackpoint>
        <Trackpoint>
          <Time>2025-11-09T07:16:00Z</Time>
          <DistanceMeters>609.0</DistanceMeters>
          <HeartRateBpm>
            <Value>116</Value>
          </HeartRateBpm>
          <SensorState>Absent</SensorState>
        </Trackpoint>
        <Trackpoint>
          <Time>2025-11-09T07:16:01Z</Time>
          <DistanceMeters>609.0</DistanceMeters>
          <HeartRateBpm>
            <Value>114</Value>
          </HeartRateBpm>
          <SensorState>Absent</SensorState>
        </Trackpoint>
        <Trackpoint>
          <Time>2025-11-09T07:16:03Z</Time>
          <DistanceMeters>609.0</DistanceMeters>
          <HeartRateBpm>
            <Value>115</Value>
          </HeartRateBpm>
          <SensorState>Absent</SensorState>
        </Trackpoint>
        <Trackpoint>
          <Time>2025-11-09T07:16:05Z</Time>
          <DistanceMeters>609.0</DistanceMeters>
          <HeartRateBpm>
            <Value>116</Value>
          </HeartRateBpm>
          <SensorState>Absent</SensorState>
        </Trackpoint>
        <Trackpoint>
          <Time>2025-11-09T07:16:06Z</Time>
          <DistanceMeters>609.0</DistanceMeters>
          <HeartRateBpm>
            <Value>117</Value>
          </HeartRateBpm>
          <SensorState>Absent</SensorState>
        </Trackpoint>
        <Trackpoint>
          <Time>2025-11-09T07:16:07Z</Time>
          <DistanceMeters>609.0</DistanceMeters>
          <HeartRateBpm>
            <Value>118</Value>
          </HeartRateBpm>
          <SensorState>Absent</SensorState>
        </Trackpoint>
        <Trackpoint>
          <Time>2025-11-09T07:16:10Z</Time>
          <DistanceMeters>609.0</DistanceMeters>
          <HeartRateBpm>
            <Value>119</Value>
          </HeartRateBpm>
          <SensorState>Absent</SensorState>
        </Trackpoint>
        <Trackpoint>
          <Time>2025-11-09T07:16:11Z</Time>
          <DistanceMeters>609.0</DistanceMeters>
          <HeartRateBpm>
            <Value>122</Value>
          </HeartRateBpm>
          <SensorState>Absent</SensorState>
        </Trackpoint>
        <Trackpoint>
          <Time>2025-11-09T07:16:14Z</Time>
          <DistanceMeters>609.0</DistanceMeters>
          <HeartRateBpm>
            <Value>124</Value>
          </HeartRateBpm>
          <SensorState>Absent</SensorState>
        </Trackpoint>
        <Trackpoint>
          <Time>2025-11-09T07:16:15Z</Time>
          <DistanceMeters>609.0</DistanceMeters>
          <HeartRateBpm>
            <Value>128</Value>
          </HeartRateBpm>
          <SensorState>Absent</SensorState>
        </Trackpoint>
        <Trackpoint>
          <Time>2025-11-09T07:16:16Z</Time>
          <DistanceMeters>609.0</DistanceMeters>
          <HeartRateBpm>
            <Value>130</Value>
          </HeartRateBpm>
          <SensorState>Absent</SensorState>
        </Trackpoint>
        <Trackpoint>
          <Time>2025-11-09T07:16:17Z</Time>
          <DistanceMeters>609.0</DistanceMeters>
          <HeartRateBpm>
            <Value>129</Value>
          </HeartRateBpm>
          <SensorState>Absent</SensorState>
        </Trackpoint>
        <Trackpoint>
          <Time>2025-11-09T07:16:19Z</Time>
          <DistanceMeters>609.0</DistanceMeters>
          <HeartRateBpm>
            <Value>126</Value>
          </HeartRateBpm>
          <SensorState>Absent</SensorState>
        </Trackpoint>
        <Trackpoint>
          <Time>2025-11-09T07:16:20Z</Time>
          <DistanceMeters>609.0</DistanceMeters>
          <HeartRateBpm>
            <Value>123</Value>
          </HeartRateBpm>
          <SensorState>Absent</SensorState>
        </Trackpoint>
        <Trackpoint>
          <Time>2025-11-09T07:16:25Z</Time>
          <DistanceMeters>609.0</DistanceMeters>
          <HeartRateBpm>
            <Value>123</Value>
          </HeartRateBpm>
          <SensorState>Absent</SensorState>
        </Trackpoint>
        <Trackpoint>
          <Time>2025-11-09T07:16:27Z</Time>
          <DistanceMeters>609.0</DistanceMeters>
          <HeartRateBpm>
            <Value>122</Value>
          </HeartRateBpm>
          <SensorState>Absent</SensorState>
        </Trackpoint>
        <Trackpoint>
          <Time>2025-11-09T07:16:28Z</Time>
          <DistanceMeters>609.0</DistanceMeters>
          <HeartRateBpm>
            <Value>120</Value>
          </HeartRateBpm>
          <SensorState>Absent</SensorState>
        </Trackpoint>
        <Trackpoint>
          <Time>2025-11-09T07:16:29Z</Time>
          <DistanceMeters>609.0</DistanceMeters>
          <HeartRateBpm>
            <Value>115</Value>
          </HeartRateBpm>
          <SensorState>Absent</SensorState>
        </Trackpoint>
        <Trackpoint>
          <Time>2025-11-09T07:16:32Z</Time>
          <DistanceMeters>609.0</DistanceMeters>
          <HeartRateBpm>
            <Value>114</Value>
          </HeartRateBpm>
          <SensorState>Absent</SensorState>
        </Trackpoint>
        <Trackpoint>
          <Time>2025-11-09T07:16:33Z</Time>
          <DistanceMeters>609.0</DistanceMeters>
          <HeartRateBpm>
            <Value>110</Value>
          </HeartRateBpm>
          <SensorState>Absent</SensorState>
        </Trackpoint>
        <Trackpoint>
          <Time>2025-11-09T07:16:35Z</Time>
          <DistanceMeters>609.0</DistanceMeters>
          <HeartRateBpm>
            <Value>109</Value>
          </HeartRateBpm>
          <SensorState>Absent</SensorState>
        </Trackpoint>
        <Trackpoint>
          <Time>2025-11-09T07:16:37Z</Time>
          <DistanceMeters>609.0</DistanceMeters>
          <HeartRateBpm>
            <Value>108</Value>
          </HeartRateBpm>
          <SensorState>Absent</SensorState>
        </Trackpoint>
        <Trackpoint>
          <Time>2025-11-09T07:16:38Z</Time>
          <DistanceMeters>609.0</DistanceMeters>
          <HeartRateBpm>
            <Value>109</Value>
          </HeartRateBpm>
          <SensorState>Absent</SensorState>
        </Trackpoint>
        <Trackpoint>
          <Time>2025-11-09T07:16:42Z</Time>
          <DistanceMeters>620.0</DistanceMeters>
          <HeartRateBpm>
            <Value>110</Value>
          </HeartRateBpm>
          <SensorState>Absent</SensorState>
        </Trackpoint>
        <Trackpoint>
          <Time>2025-11-09T07:16:45Z</Time>
          <DistanceMeters>620.0</DistanceMeters>
          <HeartRateBpm>
            <Value>111</Value>
          </HeartRateBpm>
          <SensorState>Absent</SensorState>
        </Trackpoint>
        <Trackpoint>
          <Time>2025-11-09T07:16:50Z</Time>
          <DistanceMeters>620.0</DistanceMeters>
          <HeartRateBpm>
            <Value>112</Value>
          </HeartRateBpm>
          <SensorState>Absent</SensorState>
        </Trackpoint>
        <Trackpoint>
          <Time>2025-11-09T07:16:53Z</Time>
          <DistanceMeters>620.0</DistanceMeters>
          <HeartRateBpm>
            <Value>113</Value>
          </HeartRateBpm>
          <SensorState>Absent</SensorState>
        </Trackpoint>
        <Trackpoint>
          <Time>2025-11-09T07:16:54Z</Time>
          <DistanceMeters>620.0</DistanceMeters>
          <HeartRateBpm>
            <Value>114</Value>
          </HeartRateBpm>
          <SensorState>Absent</SensorState>
        </Trackpoint>
        <Trackpoint>
          <Time>2025-11-09T07:16:55Z</Time>
          <DistanceMeters>620.0</DistanceMeters>
          <HeartRateBpm>
            <Value>115</Value>
          </HeartRateBpm>
          <SensorState>Absent</SensorState>
        </Trackpoint>
        <Trackpoint>
          <Time>2025-11-09T07:16:57Z</Time>
          <DistanceMeters>620.0</DistanceMeters>
          <HeartRateBpm>
            <Value>116</Value>
          </HeartRateBpm>
          <SensorState>Absent</SensorState>
        </Trackpoint>
        <Trackpoint>
          <Time>2025-11-09T07:17:00Z</Time>
          <DistanceMeters>620.0</DistanceMeters>
          <HeartRateBpm>
            <Value>105</Value>
          </HeartRateBpm>
          <SensorState>Absent</SensorState>
        </Trackpoint>
        <Trackpoint>
          <Time>2025-11-09T07:17:00Z</Time>
          <DistanceMeters>620.0</DistanceMeters>
          <HeartRateBpm>
            <Value>114</Value>
          </HeartRateBpm>
          <SensorState>Absent</SensorState>
        </Trackpoint>
        <Trackpoint>
          <Time>2025-11-09T07:17:03Z</Time>
          <DistanceMeters>620.0</DistanceMeters>
          <HeartRateBpm>
            <Value>113</Value>
          </HeartRateBpm>
          <SensorState>Absent</SensorState>
        </Trackpoint>
        <Trackpoint>
          <Time>2025-11-09T07:17:05Z</Time>
          <DistanceMeters>620.0</DistanceMeters>
          <HeartRateBpm>
            <Value>114</Value>
          </HeartRateBpm>
          <SensorState>Absent</SensorState>
        </Trackpoint>
        <Trackpoint>
          <Time>2025-11-09T07:17:08Z</Time>
          <DistanceMeters>620.0</DistanceMeters>
          <HeartRateBpm>
            <Value>116</Value>
          </HeartRateBpm>
          <SensorState>Absent</SensorState>
        </Trackpoint>
        <Trackpoint>
          <Time>2025-11-09T07:17:09Z</Time>
          <DistanceMeters>620.0</DistanceMeters>
          <HeartRateBpm>
            <Value>115</Value>
          </HeartRateBpm>
          <SensorState>Absent</SensorState>
        </Trackpoint>
        <Trackpoint>
          <Time>2025-11-09T07:17:11Z</Time>
          <DistanceMeters>620.0</DistanceMeters>
          <HeartRateBpm>
            <Value>113</Value>
          </HeartRateBpm>
          <SensorState>Absent</SensorState>
        </Trackpoint>
        <Trackpoint>
          <Time>2025-11-09T07:17:12Z</Time>
          <DistanceMeters>620.0</DistanceMeters>
          <HeartRateBpm>
            <Value>110</Value>
          </HeartRateBpm>
          <SensorState>Absent</SensorState>
        </Trackpoint>
        <Trackpoint>
          <Time>2025-11-09T07:17:16Z</Time>
          <DistanceMeters>620.0</DistanceMeters>
          <HeartRateBpm>
            <Value>108</Value>
          </HeartRateBpm>
          <SensorState>Absent</SensorState>
        </Trackpoint>
        <Trackpoint>
          <Time>2025-11-09T07:17:17Z</Time>
          <DistanceMeters>620.0</DistanceMeters>
          <HeartRateBpm>
            <Value>105</Value>
          </HeartRateBpm>
          <SensorState>Absent</SensorState>
        </Trackpoint>
        <Trackpoint>
          <Time>2025-11-09T07:17:19Z</Time>
          <DistanceMeters>620.0</DistanceMeters>
          <HeartRateBpm>
            <Value>104</Value>
          </HeartRateBpm>
          <SensorState>Absent</SensorState>
        </Trackpoint>
        <Trackpoint>
          <Time>2025-11-09T07:17:21Z</Time>
          <DistanceMeters>620.0</DistanceMeters>
          <HeartRateBpm>
            <Value>102</Value>
          </HeartRateBpm>
          <SensorState>Absent</SensorState>
        </Trackpoint>
        <Trackpoint>
          <Time>2025-11-09T07:17:23Z</Time>
          <DistanceMeters>620.0</DistanceMeters>
          <HeartRateBpm>
            <Value>101</Value>
          </HeartRateBpm>
          <SensorState>Absent</SensorState>
        </Trackpoint>
        <Trackpoint>
          <Time>2025-11-09T07:17:25Z</Time>
          <DistanceMeters>620.0</DistanceMeters>
          <HeartRateBpm>
            <Value>102</Value>
          </HeartRateBpm>
          <SensorState>Absent</SensorState>
        </Trackpoint>
        <Trackpoint>
          <Time>2025-11-09T07:17:26Z</Time>
          <DistanceMeters>620.0</DistanceMeters>
          <HeartRateBpm>
            <Value>100</Value>
          </HeartRateBpm>
          <SensorState>Absent</SensorState>
        </Trackpoint>
        <Trackpoint>
          <Time>2025-11-09T07:17:29Z</Time>
          <DistanceMeters>620.0</DistanceMeters>
          <HeartRateBpm>
            <Value>101</Value>
          </HeartRateBpm>
          <SensorState>Absent</SensorState>
        </Trackpoint>
        <Trackpoint>
          <Time>2025-11-09T07:17:34Z</Time>
          <DistanceMeters>620.0</DistanceMeters>
          <HeartRateBpm>
            <Value>102</Value>
          </HeartRateBpm>
          <SensorState>Absent</SensorState>
        </Trackpoint>
        <Trackpoint>
          <Time>2025-11-09T07:17:37Z</Time>
          <DistanceMeters>620.0</DistanceMeters>
          <HeartRateBpm>
            <Value>103</Value>
          </HeartRateBpm>
          <SensorState>Absent</SensorState>
        </Trackpoint>
        <Trackpoint>
          <Time>2025-11-09T07:17:38Z</Time>
          <DistanceMeters>620.0</DistanceMeters>
          <HeartRateBpm>
            <Value>104</Value>
          </HeartRateBpm>
          <SensorState>Absent</SensorState>
        </Trackpoint>
        <Trackpoint>
          <Time>2025-11-09T07:17:39Z</Time>
          <DistanceMeters>620.0</DistanceMeters>
          <HeartRateBpm>
            <Value>105</Value>
          </HeartRateBpm>
          <SensorState>Absent</SensorState>
        </Trackpoint>
        <Trackpoint>
          <Time>2025-11-09T07:17:45Z</Time>
          <DistanceMeters>632.0</DistanceMeters>
          <HeartRateBpm>
            <Value>104</Value>
          </HeartRateBpm>
          <SensorState>Absent</SensorState>
        </Trackpoint>
        <Trackpoint>
          <Time>2025-11-09T07:17:46Z</Time>
          <DistanceMeters>632.0</DistanceMeters>
          <HeartRateBpm>
            <Value>105</Value>
          </HeartRateBpm>
          <SensorState>Absent</SensorState>
        </Trackpoint>
        <Trackpoint>
          <Time>2025-11-09T07:17:50Z</Time>
          <DistanceMeters>632.0</DistanceMeters>
          <HeartRateBpm>
            <Value>106</Value>
          </HeartRateBpm>
          <SensorState>Absent</SensorState>
        </Trackpoint>
        <Trackpoint>
          <Time>2025-11-09T07:17:52Z</Time>
          <DistanceMeters>632.0</DistanceMeters>
          <HeartRateBpm>
            <Value>103</Value>
          </HeartRateBpm>
          <SensorState>Absent</SensorState>
        </Trackpoint>
        <Trackpoint>
          <Time>2025-11-09T07:17:53Z</Time>
          <DistanceMeters>632.0</DistanceMeters>
          <HeartRateBpm>
            <Value>102</Value>
          </HeartRateBpm>
          <SensorState>Absent</SensorState>
        </Trackpoint>
        <Trackpoint>
          <Time>2025-11-09T07:17:56Z</Time>
          <DistanceMeters>632.0</DistanceMeters>
          <HeartRateBpm>
            <Value>104</Value>
          </HeartRateBpm>
          <SensorState>Absent</SensorState>
        </Trackpoint>
        <Trackpoint>
          <Time>2025-11-09T07:18:00Z</Time>
          <DistanceMeters>632.0</DistanceMeters>
          <HeartRateBpm>
            <Value>111</Value>
          </HeartRateBpm>
          <SensorState>Absent</SensorState>
        </Trackpoint>
        <Trackpoint>
          <Time>2025-11-09T07:18:00Z</Time>
          <DistanceMeters>632.0</DistanceMeters>
          <HeartRateBpm>
            <Value>105</Value>
          </HeartRateBpm>
          <SensorState>Absent</SensorState>
        </Trackpoint>
        <Trackpoint>
          <Time>2025-11-09T07:18:01Z</Time>
          <DistanceMeters>632.0</DistanceMeters>
          <HeartRateBpm>
            <Value>103</Value>
          </HeartRateBpm>
          <SensorState>Absent</SensorState>
        </Trackpoint>
        <Trackpoint>
          <Time>2025-11-09T07:18:05Z</Time>
          <DistanceMeters>632.0</DistanceMeters>
          <HeartRateBpm>
            <Value>104</Value>
          </HeartRateBpm>
          <SensorState>Absent</SensorState>
        </Trackpoint>
        <Trackpoint>
          <Time>2025-11-09T07:18:11Z</Time>
          <DistanceMeters>632.0</DistanceMeters>
          <HeartRateBpm>
            <Value>105</Value>
          </HeartRateBpm>
          <SensorState>Absent</SensorState>
        </Trackpoint>
        <Trackpoint>
          <Time>2025-11-09T07:18:13Z</Time>
          <DistanceMeters>632.0</DistanceMeters>
          <HeartRateBpm>
            <Value>107</Value>
          </HeartRateBpm>
          <SensorState>Absent</SensorState>
        </Trackpoint>
        <Trackpoint>
          <Time>2025-11-09T07:18:14Z</Time>
          <DistanceMeters>632.0</DistanceMeters>
          <HeartRateBpm>
            <Value>108</Value>
          </HeartRateBpm>
          <SensorState>Absent</SensorState>
        </Trackpoint>
        <Trackpoint>
          <Time>2025-11-09T07:18:17Z</Time>
          <DistanceMeters>632.0</DistanceMeters>
          <HeartRateBpm>
            <Value>109</Value>
          </HeartRateBpm>
          <SensorState>Absent</SensorState>
        </Trackpoint>
        <Trackpoint>
          <Time>2025-11-09T07:18:18Z</Time>
          <DistanceMeters>632.0</DistanceMeters>
          <HeartRateBpm>
            <Value>108</Value>
          </HeartRateBpm>
          <SensorState>Absent</SensorState>
        </Trackpoint>
        <Trackpoint>
          <Time>2025-11-09T07:18:22Z</Time>
          <DistanceMeters>632.0</DistanceMeters>
          <HeartRateBpm>
            <Value>109</Value>
          </HeartRateBpm>
          <SensorState>Absent</SensorState>
        </Trackpoint>
        <Trackpoint>
          <Time>2025-11-09T07:18:23Z</Time>
          <DistanceMeters>632.0</DistanceMeters>
          <HeartRateBpm>
            <Value>110</Value>
          </HeartRateBpm>
          <SensorState>Absent</SensorState>
        </Trackpoint>
        <Trackpoint>
          <Time>2025-11-09T07:18:27Z</Time>
          <DistanceMeters>632.0</DistanceMeters>
          <HeartRateBpm>
            <Value>111</Value>
          </HeartRateBpm>
          <SensorState>Absent</SensorState>
        </Trackpoint>
        <Trackpoint>
          <Time>2025-11-09T07:18:31Z</Time>
          <DistanceMeters>632.0</DistanceMeters>
          <HeartRateBpm>
            <Value>112</Value>
          </HeartRateBpm>
          <SensorState>Absent</SensorState>
        </Trackpoint>
        <Trackpoint>
          <Time>2025-11-09T07:18:36Z</Time>
          <DistanceMeters>632.0</DistanceMeters>
          <HeartRateBpm>
            <Value>115</Value>
          </HeartRateBpm>
          <SensorState>Absent</SensorState>
        </Trackpoint>
        <Trackpoint>
          <Time>2025-11-09T07:18:38Z</Time>
          <DistanceMeters>632.0</DistanceMeters>
          <HeartRateBpm>
            <Value>118</Value>
          </HeartRateBpm>
          <SensorState>Absent</SensorState>
        </Trackpoint>
        <Trackpoint>
          <Time>2025-11-09T07:18:39Z</Time>
          <DistanceMeters>632.0</DistanceMeters>
          <HeartRateBpm>
            <Value>120</Value>
          </HeartRateBpm>
          <SensorState>Absent</SensorState>
        </Trackpoint>
        <Trackpoint>
          <Time>2025-11-09T07:18:40Z</Time>
          <DistanceMeters>632.0</DistanceMeters>
          <HeartRateBpm>
            <Value>121</Value>
          </HeartRateBpm>
          <SensorState>Absent</SensorState>
        </Trackpoint>
        <Trackpoint>
          <Time>2025-11-09T07:18:44Z</Time>
          <DistanceMeters>643.0</DistanceMeters>
          <HeartRateBpm>
            <Value>122</Value>
          </HeartRateBpm>
          <SensorState>Absent</SensorState>
        </Trackpoint>
        <Trackpoint>
          <Time>2025-11-09T07:18:45Z</Time>
          <DistanceMeters>643.0</DistanceMeters>
          <HeartRateBpm>
            <Value>121</Value>
          </HeartRateBpm>
          <SensorState>Absent</SensorState>
        </Trackpoint>
        <Trackpoint>
          <Time>2025-11-09T07:18:47Z</Time>
          <DistanceMeters>643.0</DistanceMeters>
          <HeartRateBpm>
            <Value>120</Value>
          </HeartRateBpm>
          <SensorState>Absent</SensorState>
        </Trackpoint>
        <Trackpoint>
          <Time>2025-11-09T07:18:48Z</Time>
          <DistanceMeters>643.0</DistanceMeters>
          <HeartRateBpm>
            <Value>119</Value>
          </HeartRateBpm>
          <SensorState>Absent</SensorState>
        </Trackpoint>
        <Trackpoint>
          <Time>2025-11-09T07:18:49Z</Time>
          <DistanceMeters>643.0</DistanceMeters>
          <HeartRateBpm>
            <Value>118</Value>
          </HeartRateBpm>
          <SensorState>Absent</SensorState>
        </Trackpoint>
        <Trackpoint>
          <Time>2025-11-09T07:18:51Z</Time>
          <DistanceMeters>643.0</DistanceMeters>
          <HeartRateBpm>
            <Value>117</Value>
          </HeartRateBpm>
          <SensorState>Absent</SensorState>
        </Trackpoint>
        <Trackpoint>
          <Time>2025-11-09T07:18:52Z</Time>
          <DistanceMeters>643.0</DistanceMeters>
          <HeartRateBpm>
            <Value>115</Value>
          </HeartRateBpm>
          <SensorState>Absent</SensorState>
        </Trackpoint>
        <Trackpoint>
          <Time>2025-11-09T07:18:53Z</Time>
          <DistanceMeters>643.0</DistanceMeters>
          <HeartRateBpm>
            <Value>113</Value>
          </HeartRateBpm>
          <SensorState>Absent</SensorState>
        </Trackpoint>
        <Trackpoint>
          <Time>2025-11-09T07:18:55Z</Time>
          <DistanceMeters>643.0</DistanceMeters>
          <HeartRateBpm>
            <Value>112</Value>
          </HeartRateBpm>
          <SensorState>Absent</SensorState>
        </Trackpoint>
        <Trackpoint>
          <Time>2025-11-09T07:18:56Z</Time>
          <DistanceMeters>643.0</DistanceMeters>
          <HeartRateBpm>
            <Value>108</Value>
          </HeartRateBpm>
          <SensorState>Absent</SensorState>
        </Trackpoint>
        <Trackpoint>
          <Time>2025-11-09T07:18:57Z</Time>
          <DistanceMeters>643.0</DistanceMeters>
          <HeartRateBpm>
            <Value>105</Value>
          </HeartRateBpm>
          <SensorState>Absent</SensorState>
        </Trackpoint>
        <Trackpoint>
          <Time>2025-11-09T07:19:00Z</Time>
          <DistanceMeters>643.0</DistanceMeters>
          <HeartRateBpm>
            <Value>123</Value>
          </HeartRateBpm>
          <SensorState>Absent</SensorState>
        </Trackpoint>
        <Trackpoint>
          <Time>2025-11-09T07:19:01Z</Time>
          <DistanceMeters>643.0</DistanceMeters>
          <HeartRateBpm>
            <Value>112</Value>
          </HeartRateBpm>
          <SensorState>Absent</SensorState>
        </Trackpoint>
        <Trackpoint>
          <Time>2025-11-09T07:19:03Z</Time>
          <DistanceMeters>643.0</DistanceMeters>
          <HeartRateBpm>
            <Value>116</Value>
          </HeartRateBpm>
          <SensorState>Absent</SensorState>
        </Trackpoint>
        <Trackpoint>
          <Time>2025-11-09T07:19:04Z</Time>
          <DistanceMeters>643.0</DistanceMeters>
          <HeartRateBpm>
            <Value>117</Value>
          </HeartRateBpm>
          <SensorState>Absent</SensorState>
        </Trackpoint>
        <Trackpoint>
          <Time>2025-11-09T07:19:05Z</Time>
          <DistanceMeters>643.0</DistanceMeters>
          <HeartRateBpm>
            <Value>113</Value>
          </HeartRateBpm>
          <SensorState>Absent</SensorState>
        </Trackpoint>
        <Trackpoint>
          <Time>2025-11-09T07:19:06Z</Time>
          <DistanceMeters>643.0</DistanceMeters>
          <HeartRateBpm>
            <Value>115</Value>
          </HeartRateBpm>
          <SensorState>Absent</SensorState>
        </Trackpoint>
        <Trackpoint>
          <Time>2025-11-09T07:19:08Z</Time>
          <DistanceMeters>643.0</DistanceMeters>
          <HeartRateBpm>
            <Value>117</Value>
          </HeartRateBpm>
          <SensorState>Absent</SensorState>
        </Trackpoint>
        <Trackpoint>
          <Time>2025-11-09T07:19:09Z</Time>
          <DistanceMeters>643.0</DistanceMeters>
          <HeartRateBpm>
            <Value>118</Value>
          </HeartRateBpm>
          <SensorState>Absent</SensorState>
        </Trackpoint>
        <Trackpoint>
          <Time>2025-11-09T07:19:10Z</Time>
          <DistanceMeters>643.0</DistanceMeters>
          <HeartRateBpm>
            <Value>122</Value>
          </HeartRateBpm>
          <SensorState>Absent</SensorState>
        </Trackpoint>
        <Trackpoint>
          <Time>2025-11-09T07:19:11Z</Time>
          <DistanceMeters>643.0</DistanceMeters>
          <HeartRateBpm>
            <Value>123</Value>
          </HeartRateBpm>
          <SensorState>Absent</SensorState>
        </Trackpoint>
        <Trackpoint>
          <Time>2025-11-09T07:19:13Z</Time>
          <DistanceMeters>643.0</DistanceMeters>
          <HeartRateBpm>
            <Value>122</Value>
          </HeartRateBpm>
          <SensorState>Absent</SensorState>
        </Trackpoint>
        <Trackpoint>
          <Time>2025-11-09T07:19:15Z</Time>
          <DistanceMeters>643.0</DistanceMeters>
          <HeartRateBpm>
            <Value>121</Value>
          </HeartRateBpm>
          <SensorState>Absent</SensorState>
        </Trackpoint>
        <Trackpoint>
          <Time>2025-11-09T07:19:19Z</Time>
          <DistanceMeters>643.0</DistanceMeters>
          <HeartRateBpm>
            <Value>120</Value>
          </HeartRateBpm>
          <SensorState>Absent</SensorState>
        </Trackpoint>
        <Trackpoint>
          <Time>2025-11-09T07:19:21Z</Time>
          <DistanceMeters>643.0</DistanceMeters>
          <HeartRateBpm>
            <Value>121</Value>
          </HeartRateBpm>
          <SensorState>Absent</SensorState>
        </Trackpoint>
        <Trackpoint>
          <Time>2025-11-09T07:19:22Z</Time>
          <DistanceMeters>643.0</DistanceMeters>
          <HeartRateBpm>
            <Value>122</Value>
          </HeartRateBpm>
          <SensorState>Absent</SensorState>
        </Trackpoint>
        <Trackpoint>
          <Time>2025-11-09T07:19:27Z</Time>
          <DistanceMeters>643.0</DistanceMeters>
          <HeartRateBpm>
            <Value>122</Value>
          </HeartRateBpm>
          <SensorState>Absent</SensorState>
        </Trackpoint>
        <Trackpoint>
          <Time>2025-11-09T07:19:28Z</Time>
          <DistanceMeters>643.0</DistanceMeters>
          <HeartRateBpm>
            <Value>123</Value>
          </HeartRateBpm>
          <SensorState>Absent</SensorState>
        </Trackpoint>
        <Trackpoint>
          <Time>2025-11-09T07:19:30Z</Time>
          <DistanceMeters>643.0</DistanceMeters>
          <HeartRateBpm>
            <Value>124</Value>
          </HeartRateBpm>
          <SensorState>Absent</SensorState>
        </Trackpoint>
        <Trackpoint>
          <Time>2025-11-09T07:19:31Z</Time>
          <DistanceMeters>643.0</DistanceMeters>
          <HeartRateBpm>
            <Value>126</Value>
          </HeartRateBpm>
          <SensorState>Absent</SensorState>
        </Trackpoint>
        <Trackpoint>
          <Time>2025-11-09T07:19:32Z</Time>
          <DistanceMeters>643.0</DistanceMeters>
          <HeartRateBpm>
            <Value>128</Value>
          </HeartRateBpm>
          <SensorState>Absent</SensorState>
        </Trackpoint>
        <Trackpoint>
          <Time>2025-11-09T07:19:33Z</Time>
          <DistanceMeters>643.0</DistanceMeters>
          <HeartRateBpm>
            <Value>129</Value>
          </HeartRateBpm>
          <SensorState>Absent</SensorState>
        </Trackpoint>
        <Trackpoint>
          <Time>2025-11-09T07:19:35Z</Time>
          <DistanceMeters>643.0</DistanceMeters>
          <HeartRateBpm>
            <Value>130</Value>
          </HeartRateBpm>
          <SensorState>Absent</SensorState>
        </Trackpoint>
        <Trackpoint>
          <Time>2025-11-09T07:19:39Z</Time>
          <DistanceMeters>643.0</DistanceMeters>
          <HeartRateBpm>
            <Value>133</Value>
          </HeartRateBpm>
          <SensorState>Absent</SensorState>
        </Trackpoint>
        <Trackpoint>
          <Time>2025-11-09T07:19:40Z</Time>
          <DistanceMeters>643.0</DistanceMeters>
          <HeartRateBpm>
            <Value>136</Value>
          </HeartRateBpm>
          <SensorState>Absent</SensorState>
        </Trackpoint>
        <Trackpoint>
          <Time>2025-11-09T07:19:41Z</Time>
          <DistanceMeters>654.0</DistanceMeters>
          <HeartRateBpm>
            <Value>135</Value>
          </HeartRateBpm>
          <SensorState>Absent</SensorState>
        </Trackpoint>
        <Trackpoint>
          <Time>2025-11-09T07:19:43Z</Time>
          <DistanceMeters>654.0</DistanceMeters>
          <HeartRateBpm>
            <Value>134</Value>
          </HeartRateBpm>
          <SensorState>Absent</SensorState>
        </Trackpoint>
        <Trackpoint>
          <Time>2025-11-09T07:19:44Z</Time>
          <DistanceMeters>654.0</DistanceMeters>
          <HeartRateBpm>
            <Value>132</Value>
          </HeartRateBpm>
          <SensorState>Absent</SensorState>
        </Trackpoint>
        <Trackpoint>
          <Time>2025-11-09T07:19:45Z</Time>
          <DistanceMeters>654.0</DistanceMeters>
          <HeartRateBpm>
            <Value>128</Value>
          </HeartRateBpm>
          <SensorState>Absent</SensorState>
        </Trackpoint>
        <Trackpoint>
          <Time>2025-11-09T07:19:47Z</Time>
          <DistanceMeters>654.0</DistanceMeters>
          <HeartRateBpm>
            <Value>123</Value>
          </HeartRateBpm>
          <SensorState>Absent</SensorState>
        </Trackpoint>
        <Trackpoint>
          <Time>2025-11-09T07:19:48Z</Time>
          <DistanceMeters>654.0</DistanceMeters>
          <HeartRateBpm>
            <Value>121</Value>
          </HeartRateBpm>
          <SensorState>Absent</SensorState>
        </Trackpoint>
        <Trackpoint>
          <Time>2025-11-09T07:19:49Z</Time>
          <DistanceMeters>654.0</DistanceMeters>
          <HeartRateBpm>
            <Value>122</Value>
          </HeartRateBpm>
          <SensorState>Absent</SensorState>
        </Trackpoint>
        <Trackpoint>
          <Time>2025-11-09T07:19:51Z</Time>
          <DistanceMeters>654.0</DistanceMeters>
          <HeartRateBpm>
            <Value>123</Value>
          </HeartRateBpm>
          <SensorState>Absent</SensorState>
        </Trackpoint>
        <Trackpoint>
          <Time>2025-11-09T07:19:57Z</Time>
          <DistanceMeters>654.0</DistanceMeters>
          <HeartRateBpm>
            <Value>124</Value>
          </HeartRateBpm>
          <SensorState>Absent</SensorState>
        </Trackpoint>
        <Trackpoint>
          <Time>2025-11-09T07:20:00Z</Time>
          <DistanceMeters>654.0</DistanceMeters>
          <HeartRateBpm>
            <Value>118</Value>
          </HeartRateBpm>
          <SensorState>Absent</SensorState>
        </Trackpoint>
        <Trackpoint>
          <Time>2025-11-09T07:20:02Z</Time>
          <DistanceMeters>654.0</DistanceMeters>
          <HeartRateBpm>
            <Value>124</Value>
          </HeartRateBpm>
          <SensorState>Absent</SensorState>
        </Trackpoint>
        <Trackpoint>
          <Time>2025-11-09T07:20:07Z</Time>
          <DistanceMeters>654.0</DistanceMeters>
          <HeartRateBpm>
            <Value>124</Value>
          </HeartRateBpm>
          <SensorState>Absent</SensorState>
        </Trackpoint>
        <Trackpoint>
          <Time>2025-11-09T07:20:12Z</Time>
          <DistanceMeters>654.0</DistanceMeters>
          <HeartRateBpm>
            <Value>125</Value>
          </HeartRateBpm>
          <SensorState>Absent</SensorState>
        </Trackpoint>
        <Trackpoint>
          <Time>2025-11-09T07:20:16Z</Time>
          <DistanceMeters>654.0</DistanceMeters>
          <HeartRateBpm>
            <Value>126</Value>
          </HeartRateBpm>
          <SensorState>Absent</SensorState>
        </Trackpoint>
        <Trackpoint>
          <Time>2025-11-09T07:20:17Z</Time>
          <DistanceMeters>654.0</DistanceMeters>
          <HeartRateBpm>
            <Value>125</Value>
          </HeartRateBpm>
          <SensorState>Absent</SensorState>
        </Trackpoint>
        <Trackpoint>
          <Time>2025-11-09T07:20:21Z</Time>
          <DistanceMeters>654.0</DistanceMeters>
          <HeartRateBpm>
            <Value>123</Value>
          </HeartRateBpm>
          <SensorState>Absent</SensorState>
        </Trackpoint>
        <Trackpoint>
          <Time>2025-11-09T07:20:24Z</Time>
          <DistanceMeters>654.0</DistanceMeters>
          <HeartRateBpm>
            <Value>122</Value>
          </HeartRateBpm>
          <SensorState>Absent</SensorState>
        </Trackpoint>
        <Trackpoint>
          <Time>2025-11-09T07:20:25Z</Time>
          <DistanceMeters>654.0</DistanceMeters>
          <HeartRateBpm>
            <Value>121</Value>
          </HeartRateBpm>
          <SensorState>Absent</SensorState>
        </Trackpoint>
        <Trackpoint>
          <Time>2025-11-09T07:20:26Z</Time>
          <DistanceMeters>654.0</DistanceMeters>
          <HeartRateBpm>
            <Value>119</Value>
          </HeartRateBpm>
          <SensorState>Absent</SensorState>
        </Trackpoint>
        <Trackpoint>
          <Time>2025-11-09T07:20:27Z</Time>
          <DistanceMeters>654.0</DistanceMeters>
          <HeartRateBpm>
            <Value>117</Value>
          </HeartRateBpm>
          <SensorState>Absent</SensorState>
        </Trackpoint>
        <Trackpoint>
          <Time>2025-11-09T07:20:28Z</Time>
          <DistanceMeters>654.0</DistanceMeters>
          <HeartRateBpm>
            <Value>116</Value>
          </HeartRateBpm>
          <SensorState>Absent</SensorState>
        </Trackpoint>
        <Trackpoint>
          <Time>2025-11-09T07:20:29Z</Time>
          <DistanceMeters>654.0</DistanceMeters>
          <HeartRateBpm>
            <Value>115</Value>
          </HeartRateBpm>
          <SensorState>Absent</SensorState>
        </Trackpoint>
        <Trackpoint>
          <Time>2025-11-09T07:20:31Z</Time>
          <DistanceMeters>654.0</DistanceMeters>
          <HeartRateBpm>
            <Value>114</Value>
          </HeartRateBpm>
          <SensorState>Absent</SensorState>
        </Trackpoint>
        <Trackpoint>
          <Time>2025-11-09T07:20:33Z</Time>
          <DistanceMeters>654.0</DistanceMeters>
          <HeartRateBpm>
            <Value>115</Value>
          </HeartRateBpm>
          <SensorState>Absent</SensorState>
        </Trackpoint>
        <Trackpoint>
          <Time>2025-11-09T07:20:37Z</Time>
          <DistanceMeters>654.0</DistanceMeters>
          <HeartRateBpm>
            <Value>114</Value>
          </HeartRateBpm>
          <SensorState>Absent</SensorState>
        </Trackpoint>
        <Trackpoint>
          <Time>2025-11-09T07:20:41Z</Time>
          <DistanceMeters>664.0</DistanceMeters>
          <HeartRateBpm>
            <Value>113</Value>
          </HeartRateBpm>
          <SensorState>Absent</SensorState>
        </Trackpoint>
        <Trackpoint>
          <Time>2025-11-09T07:20:45Z</Time>
          <DistanceMeters>664.0</DistanceMeters>
          <HeartRateBpm>
            <Value>112</Value>
          </HeartRateBpm>
          <SensorState>Absent</SensorState>
        </Trackpoint>
        <Trackpoint>
          <Time>2025-11-09T07:20:47Z</Time>
          <DistanceMeters>664.0</DistanceMeters>
          <HeartRateBpm>
            <Value>113</Value>
          </HeartRateBpm>
          <SensorState>Absent</SensorState>
        </Trackpoint>
        <Trackpoint>
          <Time>2025-11-09T07:20:51Z</Time>
          <DistanceMeters>664.0</DistanceMeters>
          <HeartRateBpm>
            <Value>114</Value>
          </HeartRateBpm>
          <SensorState>Absent</SensorState>
        </Trackpoint>
        <Trackpoint>
          <Time>2025-11-09T07:20:53Z</Time>
          <DistanceMeters>664.0</DistanceMeters>
          <HeartRateBpm>
            <Value>115</Value>
          </HeartRateBpm>
          <SensorState>Absent</SensorState>
        </Trackpoint>
        <Trackpoint>
          <Time>2025-11-09T07:20:54Z</Time>
          <DistanceMeters>664.0</DistanceMeters>
          <HeartRateBpm>
            <Value>113</Value>
          </HeartRateBpm>
          <SensorState>Absent</SensorState>
        </Trackpoint>
        <Trackpoint>
          <Time>2025-11-09T07:20:59Z</Time>
          <DistanceMeters>664.0</DistanceMeters>
          <HeartRateBpm>
            <Value>113</Value>
          </HeartRateBpm>
          <SensorState>Absent</SensorState>
        </Trackpoint>
        <Trackpoint>
          <Time>2025-11-09T07:21:00Z</Time>
          <DistanceMeters>664.0</DistanceMeters>
          <HeartRateBpm>
            <Value>116</Value>
          </HeartRateBpm>
          <SensorState>Absent</SensorState>
        </Trackpoint>
        <Trackpoint>
          <Time>2025-11-09T07:21:04Z</Time>
          <DistanceMeters>664.0</DistanceMeters>
          <HeartRateBpm>
            <Value>113</Value>
          </HeartRateBpm>
          <SensorState>Absent</SensorState>
        </Trackpoint>
        <Trackpoint>
          <Time>2025-11-09T07:21:06Z</Time>
          <DistanceMeters>664.0</DistanceMeters>
          <HeartRateBpm>
            <Value>112</Value>
          </HeartRateBpm>
          <SensorState>Absent</SensorState>
        </Trackpoint>
        <Trackpoint>
          <Time>2025-11-09T07:21:07Z</Time>
          <DistanceMeters>664.0</DistanceMeters>
          <HeartRateBpm>
            <Value>111</Value>
          </HeartRateBpm>
          <SensorState>Absent</SensorState>
        </Trackpoint>
        <Trackpoint>
          <Time>2025-11-09T07:21:08Z</Time>
          <DistanceMeters>664.0</DistanceMeters>
          <HeartRateBpm>
            <Value>112</Value>
          </HeartRateBpm>
          <SensorState>Absent</SensorState>
        </Trackpoint>
        <Trackpoint>
          <Time>2025-11-09T07:21:13Z</Time>
          <DistanceMeters>664.0</DistanceMeters>
          <HeartRateBpm>
            <Value>113</Value>
          </HeartRateBpm>
          <SensorState>Absent</SensorState>
        </Trackpoint>
        <Trackpoint>
          <Time>2025-11-09T07:21:16Z</Time>
          <DistanceMeters>664.0</DistanceMeters>
          <HeartRateBpm>
            <Value>114</Value>
          </HeartRateBpm>
          <SensorState>Absent</SensorState>
        </Trackpoint>
        <Trackpoint>
          <Time>2025-11-09T07:21:21Z</Time>
          <DistanceMeters>664.0</DistanceMeters>
          <HeartRateBpm>
            <Value>116</Value>
          </HeartRateBpm>
          <SensorState>Absent</SensorState>
        </Trackpoint>
        <Trackpoint>
          <Time>2025-11-09T07:21:23Z</Time>
          <DistanceMeters>664.0</DistanceMeters>
          <HeartRateBpm>
            <Value>117</Value>
          </HeartRateBpm>
          <SensorState>Absent</SensorState>
        </Trackpoint>
        <Trackpoint>
          <Time>2025-11-09T07:21:24Z</Time>
          <DistanceMeters>664.0</DistanceMeters>
          <HeartRateBpm>
            <Value>119</Value>
          </HeartRateBpm>
          <SensorState>Absent</SensorState>
        </Trackpoint>
        <Trackpoint>
          <Time>2025-11-09T07:21:29Z</Time>
          <DistanceMeters>664.0</DistanceMeters>
          <HeartRateBpm>
            <Value>119</Value>
          </HeartRateBpm>
          <SensorState>Absent</SensorState>
        </Trackpoint>
        <Trackpoint>
          <Time>2025-11-09T07:21:30Z</Time>
          <DistanceMeters>664.0</DistanceMeters>
          <HeartRateBpm>
            <Value>116</Value>
          </HeartRateBpm>
          <SensorState>Absent</SensorState>
        </Trackpoint>
        <Trackpoint>
          <Time>2025-11-09T07:21:31Z</Time>
          <DistanceMeters>664.0</DistanceMeters>
          <HeartRateBpm>
            <Value>114</Value>
          </HeartRateBpm>
          <SensorState>Absent</SensorState>
        </Trackpoint>
        <Trackpoint>
          <Time>2025-11-09T07:21:33Z</Time>
          <DistanceMeters>664.0</DistanceMeters>
          <HeartRateBpm>
            <Value>113</Value>
          </HeartRateBpm>
          <SensorState>Absent</SensorState>
        </Trackpoint>
        <Trackpoint>
          <Time>2025-11-09T07:21:34Z</Time>
          <DistanceMeters>664.0</DistanceMeters>
          <HeartRateBpm>
            <Value>115</Value>
          </HeartRateBpm>
          <SensorState>Absent</SensorState>
        </Trackpoint>
        <Trackpoint>
          <Time>2025-11-09T07:21:37Z</Time>
          <DistanceMeters>664.0</DistanceMeters>
          <HeartRateBpm>
            <Value>117</Value>
          </HeartRateBpm>
          <SensorState>Absent</SensorState>
        </Trackpoint>
        <Trackpoint>
          <Time>2025-11-09T07:21:42Z</Time>
          <DistanceMeters>676.0</DistanceMeters>
          <HeartRateBpm>
            <Value>118</Value>
          </HeartRateBpm>
          <SensorState>Absent</SensorState>
        </Trackpoint>
        <Trackpoint>
          <Time>2025-11-09T07:21:43Z</Time>
          <DistanceMeters>676.0</DistanceMeters>
          <HeartRateBpm>
            <Value>119</Value>
          </HeartRateBpm>
          <SensorState>Absent</SensorState>
        </Trackpoint>
        <Trackpoint>
          <Time>2025-11-09T07:21:45Z</Time>
          <DistanceMeters>676.0</DistanceMeters>
          <HeartRateBpm>
            <Value>118</Value>
          </HeartRateBpm>
          <SensorState>Absent</SensorState>
        </Trackpoint>
        <Trackpoint>
          <Time>2025-11-09T07:21:46Z</Time>
          <DistanceMeters>676.0</DistanceMeters>
          <HeartRateBpm>
            <Value>119</Value>
          </HeartRateBpm>
          <SensorState>Absent</SensorState>
        </Trackpoint>
        <Trackpoint>
          <Time>2025-11-09T07:21:47Z</Time>
          <DistanceMeters>676.0</DistanceMeters>
          <HeartRateBpm>
            <Value>120</Value>
          </HeartRateBpm>
          <SensorState>Absent</SensorState>
        </Trackpoint>
        <Trackpoint>
          <Time>2025-11-09T07:21:51Z</Time>
          <DistanceMeters>676.0</DistanceMeters>
          <HeartRateBpm>
            <Value>121</Value>
          </HeartRateBpm>
          <SensorState>Absent</SensorState>
        </Trackpoint>
        <Trackpoint>
          <Time>2025-11-09T07:21:56Z</Time>
          <DistanceMeters>676.0</DistanceMeters>
          <HeartRateBpm>
            <Value>118</Value>
          </HeartRateBpm>
          <SensorState>Absent</SensorState>
        </Trackpoint>
        <Trackpoint>
          <Time>2025-11-09T07:21:57Z</Time>
          <DistanceMeters>676.0</DistanceMeters>
          <HeartRateBpm>
            <Value>115</Value>
          </HeartRateBpm>
          <SensorState>Absent</SensorState>
        </Trackpoint>
        <Trackpoint>
          <Time>2025-11-09T07:22:00Z</Time>
          <DistanceMeters>676.0</DistanceMeters>
          <HeartRateBpm>
            <Value>114</Value>
          </HeartRateBpm>
          <SensorState>Absent</SensorState>
        </Trackpoint>
        <Trackpoint>
          <Time>2025-11-09T07:22:00Z</Time>
          <DistanceMeters>676.0</DistanceMeters>
          <HeartRateBpm>
            <Value>114</Value>
          </HeartRateBpm>
          <SensorState>Absent</SensorState>
        </Trackpoint>
        <Trackpoint>
          <Time>2025-11-09T07:22:03Z</Time>
          <DistanceMeters>676.0</DistanceMeters>
          <HeartRateBpm>
            <Value>111</Value>
          </HeartRateBpm>
          <SensorState>Absent</SensorState>
        </Trackpoint>
        <Trackpoint>
          <Time>2025-11-09T07:22:05Z</Time>
          <DistanceMeters>676.0</DistanceMeters>
          <HeartRateBpm>
            <Value>110</Value>
          </HeartRateBpm>
          <SensorState>Absent</SensorState>
        </Trackpoint>
        <Trackpoint>
          <Time>2025-11-09T07:22:07Z</Time>
          <DistanceMeters>676.0</DistanceMeters>
          <HeartRateBpm>
            <Value>112</Value>
          </HeartRateBpm>
          <SensorState>Absent</SensorState>
        </Trackpoint>
        <Trackpoint>
          <Time>2025-11-09T07:22:09Z</Time>
          <DistanceMeters>676.0</DistanceMeters>
          <HeartRateBpm>
            <Value>113</Value>
          </HeartRateBpm>
          <SensorState>Absent</SensorState>
        </Trackpoint>
        <Trackpoint>
          <Time>2025-11-09T07:22:10Z</Time>
          <DistanceMeters>676.0</DistanceMeters>
          <HeartRateBpm>
            <Value>114</Value>
          </HeartRateBpm>
          <SensorState>Absent</SensorState>
        </Trackpoint>
        <Trackpoint>
          <Time>2025-11-09T07:22:11Z</Time>
          <DistanceMeters>676.0</DistanceMeters>
          <HeartRateBpm>
            <Value>116</Value>
          </HeartRateBpm>
          <SensorState>Absent</SensorState>
        </Trackpoint>
        <Trackpoint>
          <Time>2025-11-09T07:22:16Z</Time>
          <DistanceMeters>676.0</DistanceMeters>
          <HeartRateBpm>
            <Value>116</Value>
          </HeartRateBpm>
          <SensorState>Absent</SensorState>
        </Trackpoint>
        <Trackpoint>
          <Time>2025-11-09T07:22:18Z</Time>
          <DistanceMeters>676.0</DistanceMeters>
          <HeartRateBpm>
            <Value>117</Value>
          </HeartRateBpm>
          <SensorState>Absent</SensorState>
        </Trackpoint>
        <Trackpoint>
          <Time>2025-11-09T07:22:19Z</Time>
          <DistanceMeters>676.0</DistanceMeters>
          <HeartRateBpm>
            <Value>116</Value>
          </HeartRateBpm>
          <SensorState>Absent</SensorState>
        </Trackpoint>
        <Trackpoint>
          <Time>2025-11-09T07:22:20Z</Time>
          <DistanceMeters>676.0</DistanceMeters>
          <HeartRateBpm>
            <Value>120</Value>
          </HeartRateBpm>
          <SensorState>Absent</SensorState>
        </Trackpoint>
        <Trackpoint>
          <Time>2025-11-09T07:22:21Z</Time>
          <DistanceMeters>676.0</DistanceMeters>
          <HeartRateBpm>
            <Value>124</Value>
          </HeartRateBpm>
          <SensorState>Absent</SensorState>
        </Trackpoint>
        <Trackpoint>
          <Time>2025-11-09T07:22:23Z</Time>
          <DistanceMeters>676.0</DistanceMeters>
          <HeartRateBpm>
            <Value>123</Value>
          </HeartRateBpm>
          <SensorState>Absent</SensorState>
        </Trackpoint>
        <Trackpoint>
          <Time>2025-11-09T07:22:24Z</Time>
          <DistanceMeters>676.0</DistanceMeters>
          <HeartRateBpm>
            <Value>117</Value>
          </HeartRateBpm>
          <SensorState>Absent</SensorState>
        </Trackpoint>
        <Trackpoint>
          <Time>2025-11-09T07:22:25Z</Time>
          <DistanceMeters>676.0</DistanceMeters>
          <HeartRateBpm>
            <Value>116</Value>
          </HeartRateBpm>
          <SensorState>Absent</SensorState>
        </Trackpoint>
        <Trackpoint>
          <Time>2025-11-09T07:22:28Z</Time>
          <DistanceMeters>676.0</DistanceMeters>
          <HeartRateBpm>
            <Value>115</Value>
          </HeartRateBpm>
          <SensorState>Absent</SensorState>
        </Trackpoint>
        <Trackpoint>
          <Time>2025-11-09T07:22:29Z</Time>
          <DistanceMeters>676.0</DistanceMeters>
          <HeartRateBpm>
            <Value>114</Value>
          </HeartRateBpm>
          <SensorState>Absent</SensorState>
        </Trackpoint>
        <Trackpoint>
          <Time>2025-11-09T07:22:31Z</Time>
          <DistanceMeters>676.0</DistanceMeters>
          <HeartRateBpm>
            <Value>113</Value>
          </HeartRateBpm>
          <SensorState>Absent</SensorState>
        </Trackpoint>
        <Trackpoint>
          <Time>2025-11-09T07:22:33Z</Time>
          <DistanceMeters>676.0</DistanceMeters>
          <HeartRateBpm>
            <Value>114</Value>
          </HeartRateBpm>
          <SensorState>Absent</SensorState>
        </Trackpoint>
        <Trackpoint>
          <Time>2025-11-09T07:22:39Z</Time>
          <DistanceMeters>676.0</DistanceMeters>
          <HeartRateBpm>
            <Value>113</Value>
          </HeartRateBpm>
          <SensorState>Absent</SensorState>
        </Trackpoint>
        <Trackpoint>
          <Time>2025-11-09T07:22:44Z</Time>
          <DistanceMeters>687.0</DistanceMeters>
          <HeartRateBpm>
            <Value>113</Value>
          </HeartRateBpm>
          <SensorState>Absent</SensorState>
        </Trackpoint>
        <Trackpoint>
          <Time>2025-11-09T07:22:45Z</Time>
          <DistanceMeters>687.0</DistanceMeters>
          <HeartRateBpm>
            <Value>112</Value>
          </HeartRateBpm>
          <SensorState>Absent</SensorState>
        </Trackpoint>
        <Trackpoint>
          <Time>2025-11-09T07:22:46Z</Time>
          <DistanceMeters>687.0</DistanceMeters>
          <HeartRateBpm>
            <Value>113</Value>
          </HeartRateBpm>
          <SensorState>Absent</SensorState>
        </Trackpoint>
        <Trackpoint>
          <Time>2025-11-09T07:22:47Z</Time>
          <DistanceMeters>687.0</DistanceMeters>
          <HeartRateBpm>
            <Value>114</Value>
          </HeartRateBpm>
          <SensorState>Absent</SensorState>
        </Trackpoint>
        <Trackpoint>
          <Time>2025-11-09T07:22:53Z</Time>
          <DistanceMeters>687.0</DistanceMeters>
          <HeartRateBpm>
            <Value>114</Value>
          </HeartRateBpm>
          <SensorState>Absent</SensorState>
        </Trackpoint>
        <Trackpoint>
          <Time>2025-11-09T07:22:57Z</Time>
          <DistanceMeters>687.0</DistanceMeters>
          <HeartRateBpm>
            <Value>116</Value>
          </HeartRateBpm>
          <SensorState>Absent</SensorState>
        </Trackpoint>
        <Trackpoint>
          <Time>2025-11-09T07:22:59Z</Time>
          <DistanceMeters>687.0</DistanceMeters>
          <HeartRateBpm>
            <Value>115</Value>
          </HeartRateBpm>
          <SensorState>Absent</SensorState>
        </Trackpoint>
        <Trackpoint>
          <Time>2025-11-09T07:23:00Z</Time>
          <DistanceMeters>687.0</DistanceMeters>
          <HeartRateBpm>
            <Value>109</Value>
          </HeartRateBpm>
          <SensorState>Absent</SensorState>
        </Trackpoint>
        <Trackpoint>
          <Time>2025-11-09T07:23:02Z</Time>
          <DistanceMeters>687.0</DistanceMeters>
          <HeartRateBpm>
            <Value>114</Value>
          </HeartRateBpm>
          <SensorState>Absent</SensorState>
        </Trackpoint>
        <Trackpoint>
          <Time>2025-11-09T07:23:03Z</Time>
          <DistanceMeters>687.0</DistanceMeters>
          <HeartRateBpm>
            <Value>113</Value>
          </HeartRateBpm>
          <SensorState>Absent</SensorState>
        </Trackpoint>
        <Trackpoint>
          <Time>2025-11-09T07:23:04Z</Time>
          <DistanceMeters>687.0</DistanceMeters>
          <HeartRateBpm>
            <Value>112</Value>
          </HeartRateBpm>
          <SensorState>Absent</SensorState>
        </Trackpoint>
        <Trackpoint>
          <Time>2025-11-09T07:23:06Z</Time>
          <DistanceMeters>687.0</DistanceMeters>
          <HeartRateBpm>
            <Value>113</Value>
          </HeartRateBpm>
          <SensorState>Absent</SensorState>
        </Trackpoint>
        <Trackpoint>
          <Time>2025-11-09T07:23:07Z</Time>
          <DistanceMeters>687.0</DistanceMeters>
          <HeartRateBpm>
            <Value>114</Value>
          </HeartRateBpm>
          <SensorState>Absent</SensorState>
        </Trackpoint>
        <Trackpoint>
          <Time>2025-11-09T07:23:09Z</Time>
          <DistanceMeters>687.0</DistanceMeters>
          <HeartRateBpm>
            <Value>111</Value>
          </HeartRateBpm>
          <SensorState>Absent</SensorState>
        </Trackpoint>
        <Trackpoint>
          <Time>2025-11-09T07:23:11Z</Time>
          <DistanceMeters>687.0</DistanceMeters>
          <HeartRateBpm>
            <Value>110</Value>
          </HeartRateBpm>
          <SensorState>Absent</SensorState>
        </Trackpoint>
        <Trackpoint>
          <Time>2025-11-09T07:23:12Z</Time>
          <DistanceMeters>687.0</DistanceMeters>
          <HeartRateBpm>
            <Value>109</Value>
          </HeartRateBpm>
          <SensorState>Absent</SensorState>
        </Trackpoint>
        <Trackpoint>
          <Time>2025-11-09T07:23:15Z</Time>
          <DistanceMeters>687.0</DistanceMeters>
          <HeartRateBpm>
            <Value>110</Value>
          </HeartRateBpm>
          <SensorState>Absent</SensorState>
        </Trackpoint>
        <Trackpoint>
          <Time>2025-11-09T07:23:17Z</Time>
          <DistanceMeters>687.0</DistanceMeters>
          <HeartRateBpm>
            <Value>109</Value>
          </HeartRateBpm>
          <SensorState>Absent</SensorState>
        </Trackpoint>
        <Trackpoint>
          <Time>2025-11-09T07:23:18Z</Time>
          <DistanceMeters>687.0</DistanceMeters>
          <HeartRateBpm>
            <Value>108</Value>
          </HeartRateBpm>
          <SensorState>Absent</SensorState>
        </Trackpoint>
        <Trackpoint>
          <Time>2025-11-09T07:23:21Z</Time>
          <DistanceMeters>687.0</DistanceMeters>
          <HeartRateBpm>
            <Value>107</Value>
          </HeartRateBpm>
          <SensorState>Absent</SensorState>
        </Trackpoint>
        <Trackpoint>
          <Time>2025-11-09T07:23:26Z</Time>
          <DistanceMeters>687.0</DistanceMeters>
          <HeartRateBpm>
            <Value>107</Value>
          </HeartRateBpm>
          <SensorState>Absent</SensorState>
        </Trackpoint>
        <Trackpoint>
          <Time>2025-11-09T07:23:27Z</Time>
          <DistanceMeters>687.0</DistanceMeters>
          <HeartRateBpm>
            <Value>109</Value>
          </HeartRateBpm>
          <SensorState>Absent</SensorState>
        </Trackpoint>
        <Trackpoint>
          <Time>2025-11-09T07:23:28Z</Time>
          <DistanceMeters>687.0</DistanceMeters>
          <HeartRateBpm>
            <Value>108</Value>
          </HeartRateBpm>
          <SensorState>Absent</SensorState>
        </Trackpoint>
        <Trackpoint>
          <Time>2025-11-09T07:23:31Z</Time>
          <DistanceMeters>687.0</DistanceMeters>
          <HeartRateBpm>
            <Value>107</Value>
          </HeartRateBpm>
          <SensorState>Absent</SensorState>
        </Trackpoint>
        <Trackpoint>
          <Time>2025-11-09T07:23:35Z</Time>
          <DistanceMeters>687.0</DistanceMeters>
          <HeartRateBpm>
            <Value>108</Value>
          </HeartRateBpm>
          <SensorState>Absent</SensorState>
        </Trackpoint>
        <Trackpoint>
          <Time>2025-11-09T07:23:41Z</Time>
          <DistanceMeters>698.0</DistanceMeters>
          <HeartRateBpm>
            <Value>109</Value>
          </HeartRateBpm>
          <SensorState>Absent</SensorState>
        </Trackpoint>
        <Trackpoint>
          <Time>2025-11-09T07:23:42Z</Time>
          <DistanceMeters>698.0</DistanceMeters>
          <HeartRateBpm>
            <Value>110</Value>
          </HeartRateBpm>
          <SensorState>Absent</SensorState>
        </Trackpoint>
        <Trackpoint>
          <Time>2025-11-09T07:23:45Z</Time>
          <DistanceMeters>698.0</DistanceMeters>
          <HeartRateBpm>
            <Value>111</Value>
          </HeartRateBpm>
          <SensorState>Absent</SensorState>
        </Trackpoint>
        <Trackpoint>
          <Time>2025-11-09T07:23:46Z</Time>
          <DistanceMeters>698.0</DistanceMeters>
          <HeartRateBpm>
            <Value>112</Value>
          </HeartRateBpm>
          <SensorState>Absent</SensorState>
        </Trackpoint>
        <Trackpoint>
          <Time>2025-11-09T07:23:48Z</Time>
          <DistanceMeters>698.0</DistanceMeters>
          <HeartRateBpm>
            <Value>111</Value>
          </HeartRateBpm>
          <SensorState>Absent</SensorState>
        </Trackpoint>
        <Trackpoint>
          <Time>2025-11-09T07:23:49Z</Time>
          <DistanceMeters>698.0</DistanceMeters>
          <HeartRateBpm>
            <Value>110</Value>
          </HeartRateBpm>
          <SensorState>Absent</SensorState>
        </Trackpoint>
        <Trackpoint>
          <Time>2025-11-09T07:23:54Z</Time>
          <DistanceMeters>698.0</DistanceMeters>
          <HeartRateBpm>
            <Value>110</Value>
          </HeartRateBpm>
          <SensorState>Absent</SensorState>
        </Trackpoint>
        <Trackpoint>
          <Time>2025-11-09T07:23:57Z</Time>
          <DistanceMeters>698.0</DistanceMeters>
          <HeartRateBpm>
            <Value>111</Value>
          </HeartRateBpm>
          <SensorState>Absent</SensorState>
        </Trackpoint>
        <Trackpoint>
          <Time>2025-11-09T07:23:59Z</Time>
          <DistanceMeters>698.0</DistanceMeters>
          <HeartRateBpm>
            <Value>110</Value>
          </HeartRateBpm>
          <SensorState>Absent</SensorState>
        </Trackpoint>
        <Trackpoint>
          <Time>2025-11-09T07:24:00Z</Time>
          <DistanceMeters>698.0</DistanceMeters>
          <HeartRateBpm>
            <Value>115</Value>
          </HeartRateBpm>
          <SensorState>Absent</SensorState>
        </Trackpoint>
        <Trackpoint>
          <Time>2025-11-09T07:24:00Z</Time>
          <DistanceMeters>698.0</DistanceMeters>
          <HeartRateBpm>
            <Value>109</Value>
          </HeartRateBpm>
          <SensorState>Absent</SensorState>
        </Trackpoint>
        <Trackpoint>
          <Time>2025-11-09T07:24:04Z</Time>
          <DistanceMeters>698.0</DistanceMeters>
          <HeartRateBpm>
            <Value>108</Value>
          </HeartRateBpm>
          <SensorState>Absent</SensorState>
        </Trackpoint>
        <Trackpoint>
          <Time>2025-11-09T07:24:07Z</Time>
          <DistanceMeters>698.0</DistanceMeters>
          <HeartRateBpm>
            <Value>109</Value>
          </HeartRateBpm>
          <SensorState>Absent</SensorState>
        </Trackpoint>
        <Trackpoint>
          <Time>2025-11-09T07:24:08Z</Time>
          <DistanceMeters>698.0</DistanceMeters>
          <HeartRateBpm>
            <Value>111</Value>
          </HeartRateBpm>
          <SensorState>Absent</SensorState>
        </Trackpoint>
        <Trackpoint>
          <Time>2025-11-09T07:24:11Z</Time>
          <DistanceMeters>698.0</DistanceMeters>
          <HeartRateBpm>
            <Value>112</Value>
          </HeartRateBpm>
          <SensorState>Absent</SensorState>
        </Trackpoint>
        <Trackpoint>
          <Time>2025-11-09T07:24:12Z</Time>
          <DistanceMeters>698.0</DistanceMeters>
          <HeartRateBpm>
            <Value>110</Value>
          </HeartRateBpm>
          <SensorState>Absent</SensorState>
        </Trackpoint>
        <Trackpoint>
          <Time>2025-11-09T07:24:14Z</Time>
          <DistanceMeters>698.0</DistanceMeters>
          <HeartRateBpm>
            <Value>109</Value>
          </HeartRateBpm>
          <SensorState>Absent</SensorState>
        </Trackpoint>
        <Trackpoint>
          <Time>2025-11-09T07:24:15Z</Time>
          <DistanceMeters>698.0</DistanceMeters>
          <HeartRateBpm>
            <Value>108</Value>
          </HeartRateBpm>
          <SensorState>Absent</SensorState>
        </Trackpoint>
        <Trackpoint>
          <Time>2025-11-09T07:24:16Z</Time>
          <DistanceMeters>698.0</DistanceMeters>
          <HeartRateBpm>
            <Value>106</Value>
          </HeartRateBpm>
          <SensorState>Absent</SensorState>
        </Trackpoint>
        <Trackpoint>
          <Time>2025-11-09T07:24:21Z</Time>
          <DistanceMeters>698.0</DistanceMeters>
          <HeartRateBpm>
            <Value>106</Value>
          </HeartRateBpm>
          <SensorState>Absent</SensorState>
        </Trackpoint>
        <Trackpoint>
          <Time>2025-11-09T07:24:25Z</Time>
          <DistanceMeters>698.0</DistanceMeters>
          <HeartRateBpm>
            <Value>107</Value>
          </HeartRateBpm>
          <SensorState>Absent</SensorState>
        </Trackpoint>
        <Trackpoint>
          <Time>2025-11-09T07:24:26Z</Time>
          <DistanceMeters>698.0</DistanceMeters>
          <HeartRateBpm>
            <Value>109</Value>
          </HeartRateBpm>
          <SensorState>Absent</SensorState>
        </Trackpoint>
        <Trackpoint>
          <Time>2025-11-09T07:24:28Z</Time>
          <DistanceMeters>698.0</DistanceMeters>
          <HeartRateBpm>
            <Value>110</Value>
          </HeartRateBpm>
          <SensorState>Absent</SensorState>
        </Trackpoint>
        <Trackpoint>
          <Time>2025-11-09T07:24:30Z</Time>
          <DistanceMeters>698.0</DistanceMeters>
          <HeartRateBpm>
            <Value>112</Value>
          </HeartRateBpm>
          <SensorState>Absent</SensorState>
        </Trackpoint>
        <Trackpoint>
          <Time>2025-11-09T07:24:33Z</Time>
          <DistanceMeters>698.0</DistanceMeters>
          <HeartRateBpm>
            <Value>114</Value>
          </HeartRateBpm>
          <SensorState>Absent</SensorState>
        </Trackpoint>
        <Trackpoint>
          <Time>2025-11-09T07:24:34Z</Time>
          <DistanceMeters>698.0</DistanceMeters>
          <HeartRateBpm>
            <Value>116</Value>
          </HeartRateBpm>
          <SensorState>Absent</SensorState>
        </Trackpoint>
        <Trackpoint>
          <Time>2025-11-09T07:24:36Z</Time>
          <DistanceMeters>698.0</DistanceMeters>
          <HeartRateBpm>
            <Value>117</Value>
          </HeartRateBpm>
          <SensorState>Absent</SensorState>
        </Trackpoint>
        <Trackpoint>
          <Time>2025-11-09T07:24:37Z</Time>
          <DistanceMeters>698.0</DistanceMeters>
          <HeartRateBpm>
            <Value>116</Value>
          </HeartRateBpm>
          <SensorState>Absent</SensorState>
        </Trackpoint>
        <Trackpoint>
          <Time>2025-11-09T07:24:40Z</Time>
          <DistanceMeters>698.0</DistanceMeters>
          <HeartRateBpm>
            <Value>119</Value>
          </HeartRateBpm>
          <SensorState>Absent</SensorState>
        </Trackpoint>
        <Trackpoint>
          <Time>2025-11-09T07:24:41Z</Time>
          <DistanceMeters>709.0</DistanceMeters>
          <HeartRateBpm>
            <Value>122</Value>
          </HeartRateBpm>
          <SensorState>Absent</SensorState>
        </Trackpoint>
        <Trackpoint>
          <Time>2025-11-09T07:24:42Z</Time>
          <DistanceMeters>709.0</DistanceMeters>
          <HeartRateBpm>
            <Value>124</Value>
          </HeartRateBpm>
          <SensorState>Absent</SensorState>
        </Trackpoint>
        <Trackpoint>
          <Time>2025-11-09T07:24:43Z</Time>
          <DistanceMeters>709.0</DistanceMeters>
          <HeartRateBpm>
            <Value>125</Value>
          </HeartRateBpm>
          <SensorState>Absent</SensorState>
        </Trackpoint>
        <Trackpoint>
          <Time>2025-11-09T07:24:46Z</Time>
          <DistanceMeters>709.0</DistanceMeters>
          <HeartRateBpm>
            <Value>124</Value>
          </HeartRateBpm>
          <SensorState>Absent</SensorState>
        </Trackpoint>
        <Trackpoint>
          <Time>2025-11-09T07:24:47Z</Time>
          <DistanceMeters>709.0</DistanceMeters>
          <HeartRateBpm>
            <Value>123</Value>
          </HeartRateBpm>
          <SensorState>Absent</SensorState>
        </Trackpoint>
        <Trackpoint>
          <Time>2025-11-09T07:24:50Z</Time>
          <DistanceMeters>709.0</DistanceMeters>
          <HeartRateBpm>
            <Value>124</Value>
          </HeartRateBpm>
          <SensorState>Absent</SensorState>
        </Trackpoint>
        <Trackpoint>
          <Time>2025-11-09T07:24:51Z</Time>
          <DistanceMeters>709.0</DistanceMeters>
          <HeartRateBpm>
            <Value>125</Value>
          </HeartRateBpm>
          <SensorState>Absent</SensorState>
        </Trackpoint>
        <Trackpoint>
          <Time>2025-11-09T07:24:53Z</Time>
          <DistanceMeters>709.0</DistanceMeters>
          <HeartRateBpm>
            <Value>127</Value>
          </HeartRateBpm>
          <SensorState>Absent</SensorState>
        </Trackpoint>
        <Trackpoint>
          <Time>2025-11-09T07:24:54Z</Time>
          <DistanceMeters>709.0</DistanceMeters>
          <HeartRateBpm>
            <Value>129</Value>
          </HeartRateBpm>
          <SensorState>Absent</SensorState>
        </Trackpoint>
        <Trackpoint>
          <Time>2025-11-09T07:24:55Z</Time>
          <DistanceMeters>709.0</DistanceMeters>
          <HeartRateBpm>
            <Value>132</Value>
          </HeartRateBpm>
          <SensorState>Absent</SensorState>
        </Trackpoint>
        <Trackpoint>
          <Time>2025-11-09T07:24:57Z</Time>
          <DistanceMeters>709.0</DistanceMeters>
          <HeartRateBpm>
            <Value>131</Value>
          </HeartRateBpm>
          <SensorState>Absent</SensorState>
        </Trackpoint>
        <Trackpoint>
          <Time>2025-11-09T07:24:58Z</Time>
          <DistanceMeters>709.0</DistanceMeters>
          <HeartRateBpm>
            <Value>128</Value>
          </HeartRateBpm>
          <SensorState>Absent</SensorState>
        </Trackpoint>
        <Trackpoint>
          <Time>2025-11-09T07:24:59Z</Time>
          <DistanceMeters>709.0</DistanceMeters>
          <HeartRateBpm>
            <Value>123</Value>
          </HeartRateBpm>
          <SensorState>Absent</SensorState>
        </Trackpoint>
        <Trackpoint>
          <Time>2025-11-09T07:25:00Z</Time>
          <DistanceMeters>709.0</DistanceMeters>
          <HeartRateBpm>
            <Value>132</Value>
          </HeartRateBpm>
          <SensorState>Absent</SensorState>
        </Trackpoint>
        <Trackpoint>
          <Time>2025-11-09T07:25:01Z</Time>
          <DistanceMeters>709.0</DistanceMeters>
          <HeartRateBpm>
            <Value>122</Value>
          </HeartRateBpm>
          <SensorState>Absent</SensorState>
        </Trackpoint>
        <Trackpoint>
          <Time>2025-11-09T07:25:03Z</Time>
          <DistanceMeters>709.0</DistanceMeters>
          <HeartRateBpm>
            <Value>121</Value>
          </HeartRateBpm>
          <SensorState>Absent</SensorState>
        </Trackpoint>
        <Trackpoint>
          <Time>2025-11-09T07:25:08Z</Time>
          <DistanceMeters>709.0</DistanceMeters>
          <HeartRateBpm>
            <Value>126</Value>
          </HeartRateBpm>
          <SensorState>Absent</SensorState>
        </Trackpoint>
        <Trackpoint>
          <Time>2025-11-09T07:25:09Z</Time>
          <DistanceMeters>709.0</DistanceMeters>
          <HeartRateBpm>
            <Value>127</Value>
          </HeartRateBpm>
          <SensorState>Absent</SensorState>
        </Trackpoint>
        <Trackpoint>
          <Time>2025-11-09T07:25:11Z</Time>
          <DistanceMeters>709.0</DistanceMeters>
          <HeartRateBpm>
            <Value>128</Value>
          </HeartRateBpm>
          <SensorState>Absent</SensorState>
        </Trackpoint>
        <Trackpoint>
          <Time>2025-11-09T07:25:12Z</Time>
          <DistanceMeters>709.0</DistanceMeters>
          <HeartRateBpm>
            <Value>124</Value>
          </HeartRateBpm>
          <SensorState>Absent</SensorState>
        </Trackpoint>
        <Trackpoint>
          <Time>2025-11-09T07:25:13Z</Time>
          <DistanceMeters>709.0</DistanceMeters>
          <HeartRateBpm>
            <Value>123</Value>
          </HeartRateBpm>
          <SensorState>Absent</SensorState>
        </Trackpoint>
        <Trackpoint>
          <Time>2025-11-09T07:25:16Z</Time>
          <DistanceMeters>709.0</DistanceMeters>
          <HeartRateBpm>
            <Value>126</Value>
          </HeartRateBpm>
          <SensorState>Absent</SensorState>
        </Trackpoint>
        <Trackpoint>
          <Time>2025-11-09T07:25:19Z</Time>
          <DistanceMeters>709.0</DistanceMeters>
          <HeartRateBpm>
            <Value>127</Value>
          </HeartRateBpm>
          <SensorState>Absent</SensorState>
        </Trackpoint>
        <Trackpoint>
          <Time>2025-11-09T07:25:20Z</Time>
          <DistanceMeters>709.0</DistanceMeters>
          <HeartRateBpm>
            <Value>128</Value>
          </HeartRateBpm>
          <SensorState>Absent</SensorState>
        </Trackpoint>
        <Trackpoint>
          <Time>2025-11-09T07:25:21Z</Time>
          <DistanceMeters>709.0</DistanceMeters>
          <HeartRateBpm>
            <Value>129</Value>
          </HeartRateBpm>
          <SensorState>Absent</SensorState>
        </Trackpoint>
        <Trackpoint>
          <Time>2025-11-09T07:25:24Z</Time>
          <DistanceMeters>709.0</DistanceMeters>
          <HeartRateBpm>
            <Value>130</Value>
          </HeartRateBpm>
          <SensorState>Absent</SensorState>
        </Trackpoint>
        <Trackpoint>
          <Time>2025-11-09T07:25:25Z</Time>
          <DistanceMeters>709.0</DistanceMeters>
          <HeartRateBpm>
            <Value>132</Value>
          </HeartRateBpm>
          <SensorState>Absent</SensorState>
        </Trackpoint>
        <Trackpoint>
          <Time>2025-11-09T07:25:28Z</Time>
          <DistanceMeters>709.0</DistanceMeters>
          <HeartRateBpm>
            <Value>133</Value>
          </HeartRateBpm>
          <SensorState>Absent</SensorState>
        </Trackpoint>
        <Trackpoint>
          <Time>2025-11-09T07:25:29Z</Time>
          <DistanceMeters>709.0</DistanceMeters>
          <HeartRateBpm>
            <Value>135</Value>
          </HeartRateBpm>
          <SensorState>Absent</SensorState>
        </Trackpoint>
        <Trackpoint>
          <Time>2025-11-09T07:25:33Z</Time>
          <DistanceMeters>709.0</DistanceMeters>
          <HeartRateBpm>
            <Value>134</Value>
          </HeartRateBpm>
          <SensorState>Absent</SensorState>
        </Trackpoint>
        <Trackpoint>
          <Time>2025-11-09T07:25:34Z</Time>
          <DistanceMeters>709.0</DistanceMeters>
          <HeartRateBpm>
            <Value>136</Value>
          </HeartRateBpm>
          <SensorState>Absent</SensorState>
        </Trackpoint>
        <Trackpoint>
          <Time>2025-11-09T07:25:35Z</Time>
          <DistanceMeters>709.0</DistanceMeters>
          <HeartRateBpm>
            <Value>135</Value>
          </HeartRateBpm>
          <SensorState>Absent</SensorState>
        </Trackpoint>
        <Trackpoint>
          <Time>2025-11-09T07:25:37Z</Time>
          <DistanceMeters>709.0</DistanceMeters>
          <HeartRateBpm>
            <Value>136</Value>
          </HeartRateBpm>
          <SensorState>Absent</SensorState>
        </Trackpoint>
        <Trackpoint>
          <Time>2025-11-09T07:25:38Z</Time>
          <DistanceMeters>709.0</DistanceMeters>
          <HeartRateBpm>
            <Value>137</Value>
          </HeartRateBpm>
          <SensorState>Absent</SensorState>
        </Trackpoint>
        <Trackpoint>
          <Time>2025-11-09T07:25:41Z</Time>
          <DistanceMeters>720.0</DistanceMeters>
          <HeartRateBpm>
            <Value>139</Value>
          </HeartRateBpm>
          <SensorState>Absent</SensorState>
        </Trackpoint>
        <Trackpoint>
          <Time>2025-11-09T07:25:42Z</Time>
          <DistanceMeters>720.0</DistanceMeters>
          <HeartRateBpm>
            <Value>141</Value>
          </HeartRateBpm>
          <SensorState>Absent</SensorState>
        </Trackpoint>
        <Trackpoint>
          <Time>2025-11-09T07:25:45Z</Time>
          <DistanceMeters>720.0</DistanceMeters>
          <HeartRateBpm>
            <Value>140</Value>
          </HeartRateBpm>
          <SensorState>Absent</SensorState>
        </Trackpoint>
        <Trackpoint>
          <Time>2025-11-09T07:25:47Z</Time>
          <DistanceMeters>720.0</DistanceMeters>
          <HeartRateBpm>
            <Value>139</Value>
          </HeartRateBpm>
          <SensorState>Absent</SensorState>
        </Trackpoint>
        <Trackpoint>
          <Time>2025-11-09T07:25:49Z</Time>
          <DistanceMeters>720.0</DistanceMeters>
          <HeartRateBpm>
            <Value>140</Value>
          </HeartRateBpm>
          <SensorState>Absent</SensorState>
        </Trackpoint>
        <Trackpoint>
          <Time>2025-11-09T07:25:52Z</Time>
          <DistanceMeters>720.0</DistanceMeters>
          <HeartRateBpm>
            <Value>139</Value>
          </HeartRateBpm>
          <SensorState>Absent</SensorState>
        </Trackpoint>
        <Trackpoint>
          <Time>2025-11-09T07:25:54Z</Time>
          <DistanceMeters>720.0</DistanceMeters>
          <HeartRateBpm>
            <Value>137</Value>
          </HeartRateBpm>
          <SensorState>Absent</SensorState>
        </Trackpoint>
        <Trackpoint>
          <Time>2025-11-09T07:25:55Z</Time>
          <DistanceMeters>720.0</DistanceMeters>
          <HeartRateBpm>
            <Value>136</Value>
          </HeartRateBpm>
          <SensorState>Absent</SensorState>
        </Trackpoint>
        <Trackpoint>
          <Time>2025-11-09T07:25:56Z</Time>
          <DistanceMeters>720.0</DistanceMeters>
          <HeartRateBpm>
            <Value>139</Value>
          </HeartRateBpm>
          <SensorState>Absent</SensorState>
        </Trackpoint>
        <Trackpoint>
          <Time>2025-11-09T07:26:00Z</Time>
          <DistanceMeters>720.0</DistanceMeters>
          <HeartRateBpm>
            <Value>121</Value>
          </HeartRateBpm>
          <SensorState>Absent</SensorState>
        </Trackpoint>
        <Trackpoint>
          <Time>2025-11-09T07:26:01Z</Time>
          <DistanceMeters>720.0</DistanceMeters>
          <HeartRateBpm>
            <Value>139</Value>
          </HeartRateBpm>
          <SensorState>Absent</SensorState>
        </Trackpoint>
        <Trackpoint>
          <Time>2025-11-09T07:26:04Z</Time>
          <DistanceMeters>720.0</DistanceMeters>
          <HeartRateBpm>
            <Value>137</Value>
          </HeartRateBpm>
          <SensorState>Absent</SensorState>
        </Trackpoint>
        <Trackpoint>
          <Time>2025-11-09T07:26:05Z</Time>
          <DistanceMeters>720.0</DistanceMeters>
          <HeartRateBpm>
            <Value>134</Value>
          </HeartRateBpm>
          <SensorState>Absent</SensorState>
        </Trackpoint>
        <Trackpoint>
          <Time>2025-11-09T07:26:07Z</Time>
          <DistanceMeters>720.0</DistanceMeters>
          <HeartRateBpm>
            <Value>131</Value>
          </HeartRateBpm>
          <SensorState>Absent</SensorState>
        </Trackpoint>
        <Trackpoint>
          <Time>2025-11-09T07:26:08Z</Time>
          <DistanceMeters>720.0</DistanceMeters>
          <HeartRateBpm>
            <Value>128</Value>
          </HeartRateBpm>
          <SensorState>Absent</SensorState>
        </Trackpoint>
        <Trackpoint>
          <Time>2025-11-09T07:26:09Z</Time>
          <DistanceMeters>720.0</DistanceMeters>
          <HeartRateBpm>
            <Value>124</Value>
          </HeartRateBpm>
          <SensorState>Absent</SensorState>
        </Trackpoint>
        <Trackpoint>
          <Time>2025-11-09T07:26:11Z</Time>
          <DistanceMeters>720.0</DistanceMeters>
          <HeartRateBpm>
            <Value>121</Value>
          </HeartRateBpm>
          <SensorState>Absent</SensorState>
        </Trackpoint>
        <Trackpoint>
          <Time>2025-11-09T07:26:12Z</Time>
          <DistanceMeters>720.0</DistanceMeters>
          <HeartRateBpm>
            <Value>120</Value>
          </HeartRateBpm>
          <SensorState>Absent</SensorState>
        </Trackpoint>
        <Trackpoint>
          <Time>2025-11-09T07:26:16Z</Time>
          <DistanceMeters>720.0</DistanceMeters>
          <HeartRateBpm>
            <Value>119</Value>
          </HeartRateBpm>
          <SensorState>Absent</SensorState>
        </Trackpoint>
        <Trackpoint>
          <Time>2025-11-09T07:26:17Z</Time>
          <DistanceMeters>720.0</DistanceMeters>
          <HeartRateBpm>
            <Value>117</Value>
          </HeartRateBpm>
          <SensorState>Absent</SensorState>
        </Trackpoint>
        <Trackpoint>
          <Time>2025-11-09T07:26:18Z</Time>
          <DistanceMeters>720.0</DistanceMeters>
          <HeartRateBpm>
            <Value>116</Value>
          </HeartRateBpm>
          <SensorState>Absent</SensorState>
        </Trackpoint>
        <Trackpoint>
          <Time>2025-11-09T07:26:20Z</Time>
          <DistanceMeters>720.0</DistanceMeters>
          <HeartRateBpm>
            <Value>117</Value>
          </HeartRateBpm>
          <SensorState>Absent</SensorState>
        </Trackpoint>
        <Trackpoint>
          <Time>2025-11-09T07:26:21Z</Time>
          <DistanceMeters>720.0</DistanceMeters>
          <HeartRateBpm>
            <Value>118</Value>
          </HeartRateBpm>
          <SensorState>Absent</SensorState>
        </Trackpoint>
        <Trackpoint>
          <Time>2025-11-09T07:26:26Z</Time>
          <DistanceMeters>720.0</DistanceMeters>
          <HeartRateBpm>
            <Value>118</Value>
          </HeartRateBpm>
          <SensorState>Absent</SensorState>
        </Trackpoint>
        <Trackpoint>
          <Time>2025-11-09T07:26:27Z</Time>
          <DistanceMeters>720.0</DistanceMeters>
          <HeartRateBpm>
            <Value>119</Value>
          </HeartRateBpm>
          <SensorState>Absent</SensorState>
        </Trackpoint>
        <Trackpoint>
          <Time>2025-11-09T07:26:29Z</Time>
          <DistanceMeters>720.0</DistanceMeters>
          <HeartRateBpm>
            <Value>120</Value>
          </HeartRateBpm>
          <SensorState>Absent</SensorState>
        </Trackpoint>
        <Trackpoint>
          <Time>2025-11-09T07:26:30Z</Time>
          <DistanceMeters>720.0</DistanceMeters>
          <HeartRateBpm>
            <Value>121</Value>
          </HeartRateBpm>
          <SensorState>Absent</SensorState>
        </Trackpoint>
        <Trackpoint>
          <Time>2025-11-09T07:26:31Z</Time>
          <DistanceMeters>720.0</DistanceMeters>
          <HeartRateBpm>
            <Value>120</Value>
          </HeartRateBpm>
          <SensorState>Absent</SensorState>
        </Trackpoint>
        <Trackpoint>
          <Time>2025-11-09T07:26:34Z</Time>
          <DistanceMeters>720.0</DistanceMeters>
          <HeartRateBpm>
            <Value>119</Value>
          </HeartRateBpm>
          <SensorState>Absent</SensorState>
        </Trackpoint>
        <Trackpoint>
          <Time>2025-11-09T07:26:35Z</Time>
          <DistanceMeters>720.0</DistanceMeters>
          <HeartRateBpm>
            <Value>118</Value>
          </HeartRateBpm>
          <SensorState>Absent</SensorState>
        </Trackpoint>
        <Trackpoint>
          <Time>2025-11-09T07:26:39Z</Time>
          <DistanceMeters>720.0</DistanceMeters>
          <HeartRateBpm>
            <Value>117</Value>
          </HeartRateBpm>
          <SensorState>Absent</SensorState>
        </Trackpoint>
        <Trackpoint>
          <Time>2025-11-09T07:26:40Z</Time>
          <DistanceMeters>720.0</DistanceMeters>
          <HeartRateBpm>
            <Value>116</Value>
          </HeartRateBpm>
          <SensorState>Absent</SensorState>
        </Trackpoint>
        <Trackpoint>
          <Time>2025-11-09T07:26:42Z</Time>
          <DistanceMeters>732.0</DistanceMeters>
          <HeartRateBpm>
            <Value>115</Value>
          </HeartRateBpm>
          <SensorState>Absent</SensorState>
        </Trackpoint>
        <Trackpoint>
          <Time>2025-11-09T07:26:43Z</Time>
          <DistanceMeters>732.0</DistanceMeters>
          <HeartRateBpm>
            <Value>114</Value>
          </HeartRateBpm>
          <SensorState>Absent</SensorState>
        </Trackpoint>
        <Trackpoint>
          <Time>2025-11-09T07:26:44Z</Time>
          <DistanceMeters>732.0</DistanceMeters>
          <HeartRateBpm>
            <Value>112</Value>
          </HeartRateBpm>
          <SensorState>Absent</SensorState>
        </Trackpoint>
        <Trackpoint>
          <Time>2025-11-09T07:26:49Z</Time>
          <DistanceMeters>732.0</DistanceMeters>
          <HeartRateBpm>
            <Value>111</Value>
          </HeartRateBpm>
          <SensorState>Absent</SensorState>
        </Trackpoint>
        <Trackpoint>
          <Time>2025-11-09T07:26:55Z</Time>
          <DistanceMeters>732.0</DistanceMeters>
          <HeartRateBpm>
            <Value>124</Value>
          </HeartRateBpm>
          <SensorState>Absent</SensorState>
        </Trackpoint>
        <Trackpoint>
          <Time>2025-11-09T07:26:56Z</Time>
          <DistanceMeters>732.0</DistanceMeters>
          <HeartRateBpm>
            <Value>133</Value>
          </HeartRateBpm>
          <SensorState>Absent</SensorState>
        </Trackpoint>
        <Trackpoint>
          <Time>2025-11-09T07:26:57Z</Time>
          <DistanceMeters>732.0</DistanceMeters>
          <HeartRateBpm>
            <Value>140</Value>
          </HeartRateBpm>
          <SensorState>Absent</SensorState>
        </Trackpoint>
        <Trackpoint>
          <Time>2025-11-09T07:26:59Z</Time>
          <DistanceMeters>732.0</DistanceMeters>
          <HeartRateBpm>
            <Value>141</Value>
          </HeartRateBpm>
          <SensorState>Absent</SensorState>
        </Trackpoint>
        <Trackpoint>
          <Time>2025-11-09T07:27:00Z</Time>
          <DistanceMeters>732.0</DistanceMeters>
          <HeartRateBpm>
            <Value>132</Value>
          </HeartRateBpm>
          <SensorState>Absent</SensorState>
        </Trackpoint>
        <Trackpoint>
          <Time>2025-11-09T07:27:00Z</Time>
          <DistanceMeters>732.0</DistanceMeters>
          <HeartRateBpm>
            <Value>142</Value>
          </HeartRateBpm>
          <SensorState>Absent</SensorState>
        </Trackpoint>
        <Trackpoint>
          <Time>2025-11-09T07:27:01Z</Time>
          <DistanceMeters>732.0</DistanceMeters>
          <HeartRateBpm>
            <Value>141</Value>
          </HeartRateBpm>
          <SensorState>Absent</SensorState>
        </Trackpoint>
        <Trackpoint>
          <Time>2025-11-09T07:27:06Z</Time>
          <DistanceMeters>732.0</DistanceMeters>
          <HeartRateBpm>
            <Value>143</Value>
          </HeartRateBpm>
          <SensorState>Absent</SensorState>
        </Trackpoint>
        <Trackpoint>
          <Time>2025-11-09T07:27:09Z</Time>
          <DistanceMeters>732.0</DistanceMeters>
          <HeartRateBpm>
            <Value>144</Value>
          </HeartRateBpm>
          <SensorState>Absent</SensorState>
        </Trackpoint>
        <Trackpoint>
          <Time>2025-11-09T07:27:10Z</Time>
          <DistanceMeters>732.0</DistanceMeters>
          <HeartRateBpm>
            <Value>143</Value>
          </HeartRateBpm>
          <SensorState>Absent</SensorState>
        </Trackpoint>
        <Trackpoint>
          <Time>2025-11-09T07:27:11Z</Time>
          <DistanceMeters>732.0</DistanceMeters>
          <HeartRateBpm>
            <Value>142</Value>
          </HeartRateBpm>
          <SensorState>Absent</SensorState>
        </Trackpoint>
        <Trackpoint>
          <Time>2025-11-09T07:27:14Z</Time>
          <DistanceMeters>732.0</DistanceMeters>
          <HeartRateBpm>
            <Value>141</Value>
          </HeartRateBpm>
          <SensorState>Absent</SensorState>
        </Trackpoint>
        <Trackpoint>
          <Time>2025-11-09T07:27:15Z</Time>
          <DistanceMeters>732.0</DistanceMeters>
          <HeartRateBpm>
            <Value>140</Value>
          </HeartRateBpm>
          <SensorState>Absent</SensorState>
        </Trackpoint>
        <Trackpoint>
          <Time>2025-11-09T07:27:17Z</Time>
          <DistanceMeters>732.0</DistanceMeters>
          <HeartRateBpm>
            <Value>139</Value>
          </HeartRateBpm>
          <SensorState>Absent</SensorState>
        </Trackpoint>
        <Trackpoint>
          <Time>2025-11-09T07:27:20Z</Time>
          <DistanceMeters>732.0</DistanceMeters>
          <HeartRateBpm>
            <Value>142</Value>
          </HeartRateBpm>
          <SensorState>Absent</SensorState>
        </Trackpoint>
        <Trackpoint>
          <Time>2025-11-09T07:27:23Z</Time>
          <DistanceMeters>732.0</DistanceMeters>
          <HeartRateBpm>
            <Value>141</Value>
          </HeartRateBpm>
          <SensorState>Absent</SensorState>
        </Trackpoint>
        <Trackpoint>
          <Time>2025-11-09T07:27:26Z</Time>
          <DistanceMeters>732.0</DistanceMeters>
          <HeartRateBpm>
            <Value>140</Value>
          </HeartRateBpm>
          <SensorState>Absent</SensorState>
        </Trackpoint>
        <Trackpoint>
          <Time>2025-11-09T07:27:27Z</Time>
          <DistanceMeters>732.0</DistanceMeters>
          <HeartRateBpm>
            <Value>139</Value>
          </HeartRateBpm>
          <SensorState>Absent</SensorState>
        </Trackpoint>
        <Trackpoint>
          <Time>2025-11-09T07:27:29Z</Time>
          <DistanceMeters>732.0</DistanceMeters>
          <HeartRateBpm>
            <Value>138</Value>
          </HeartRateBpm>
          <SensorState>Absent</SensorState>
        </Trackpoint>
        <Trackpoint>
          <Time>2025-11-09T07:27:31Z</Time>
          <DistanceMeters>732.0</DistanceMeters>
          <HeartRateBpm>
            <Value>137</Value>
          </HeartRateBpm>
          <SensorState>Absent</SensorState>
        </Trackpoint>
        <Trackpoint>
          <Time>2025-11-09T07:27:33Z</Time>
          <DistanceMeters>732.0</DistanceMeters>
          <HeartRateBpm>
            <Value>134</Value>
          </HeartRateBpm>
          <SensorState>Absent</SensorState>
        </Trackpoint>
        <Trackpoint>
          <Time>2025-11-09T07:27:34Z</Time>
          <DistanceMeters>732.0</DistanceMeters>
          <HeartRateBpm>
            <Value>133</Value>
          </HeartRateBpm>
          <SensorState>Absent</SensorState>
        </Trackpoint>
        <Trackpoint>
          <Time>2025-11-09T07:27:37Z</Time>
          <DistanceMeters>732.0</DistanceMeters>
          <HeartRateBpm>
            <Value>130</Value>
          </HeartRateBpm>
          <SensorState>Absent</SensorState>
        </Trackpoint>
        <Trackpoint>
          <Time>2025-11-09T07:27:38Z</Time>
          <DistanceMeters>732.0</DistanceMeters>
          <HeartRateBpm>
            <Value>127</Value>
          </HeartRateBpm>
          <SensorState>Absent</SensorState>
        </Trackpoint>
        <Trackpoint>
          <Time>2025-11-09T07:27:40Z</Time>
          <DistanceMeters>732.0</DistanceMeters>
          <HeartRateBpm>
            <Value>126</Value>
          </HeartRateBpm>
          <SensorState>Absent</SensorState>
        </Trackpoint>
        <Trackpoint>
          <Time>2025-11-09T07:27:41Z</Time>
          <DistanceMeters>742.0</DistanceMeters>
          <HeartRateBpm>
            <Value>124</Value>
          </HeartRateBpm>
          <SensorState>Absent</SensorState>
        </Trackpoint>
        <Trackpoint>
          <Time>2025-11-09T07:27:42Z</Time>
          <DistanceMeters>742.0</DistanceMeters>
          <HeartRateBpm>
            <Value>123</Value>
          </HeartRateBpm>
          <SensorState>Absent</SensorState>
        </Trackpoint>
        <Trackpoint>
          <Time>2025-11-09T07:27:45Z</Time>
          <DistanceMeters>742.0</DistanceMeters>
          <HeartRateBpm>
            <Value>122</Value>
          </HeartRateBpm>
          <SensorState>Absent</SensorState>
        </Trackpoint>
        <Trackpoint>
          <Time>2025-11-09T07:27:50Z</Time>
          <DistanceMeters>742.0</DistanceMeters>
          <HeartRateBpm>
            <Value>121</Value>
          </HeartRateBpm>
          <SensorState>Absent</SensorState>
        </Trackpoint>
        <Trackpoint>
          <Time>2025-11-09T07:27:53Z</Time>
          <DistanceMeters>742.0</DistanceMeters>
          <HeartRateBpm>
            <Value>120</Value>
          </HeartRateBpm>
          <SensorState>Absent</SensorState>
        </Trackpoint>
        <Trackpoint>
          <Time>2025-11-09T07:27:57Z</Time>
          <DistanceMeters>742.0</DistanceMeters>
          <HeartRateBpm>
            <Value>119</Value>
          </HeartRateBpm>
          <SensorState>Absent</SensorState>
        </Trackpoint>
        <Trackpoint>
          <Time>2025-11-09T07:27:58Z</Time>
          <DistanceMeters>742.0</DistanceMeters>
          <HeartRateBpm>
            <Value>117</Value>
          </HeartRateBpm>
          <SensorState>Absent</SensorState>
        </Trackpoint>
        <Trackpoint>
          <Time>2025-11-09T07:27:59Z</Time>
          <DistanceMeters>742.0</DistanceMeters>
          <HeartRateBpm>
            <Value>113</Value>
          </HeartRateBpm>
          <SensorState>Absent</SensorState>
        </Trackpoint>
        <Trackpoint>
          <Time>2025-11-09T07:28:00Z</Time>
          <DistanceMeters>742.0</DistanceMeters>
          <HeartRateBpm>
            <Value>111</Value>
          </HeartRateBpm>
          <SensorState>Absent</SensorState>
        </Trackpoint>
        <Trackpoint>
          <Time>2025-11-09T07:28:02Z</Time>
          <DistanceMeters>742.0</DistanceMeters>
          <HeartRateBpm>
            <Value>112</Value>
          </HeartRateBpm>
          <SensorState>Absent</SensorState>
        </Trackpoint>
        <Trackpoint>
          <Time>2025-11-09T07:28:03Z</Time>
          <DistanceMeters>742.0</DistanceMeters>
          <HeartRateBpm>
            <Value>109</Value>
          </HeartRateBpm>
          <SensorState>Absent</SensorState>
        </Trackpoint>
        <Trackpoint>
          <Time>2025-11-09T07:28:07Z</Time>
          <DistanceMeters>742.0</DistanceMeters>
          <HeartRateBpm>
            <Value>105</Value>
          </HeartRateBpm>
          <SensorState>Absent</SensorState>
        </Trackpoint>
        <Trackpoint>
          <Time>2025-11-09T07:28:08Z</Time>
          <DistanceMeters>742.0</DistanceMeters>
          <HeartRateBpm>
            <Value>104</Value>
          </HeartRateBpm>
          <SensorState>Absent</SensorState>
        </Trackpoint>
        <Trackpoint>
          <Time>2025-11-09T07:28:10Z</Time>
          <DistanceMeters>742.0</DistanceMeters>
          <HeartRateBpm>
            <Value>103</Value>
          </HeartRateBpm>
          <SensorState>Absent</SensorState>
        </Trackpoint>
        <Trackpoint>
          <Time>2025-11-09T07:28:12Z</Time>
          <DistanceMeters>742.0</DistanceMeters>
          <HeartRateBpm>
            <Value>102</Value>
          </HeartRateBpm>
          <SensorState>Absent</SensorState>
        </Trackpoint>
        <Trackpoint>
          <Time>2025-11-09T07:28:15Z</Time>
          <DistanceMeters>742.0</DistanceMeters>
          <HeartRateBpm>
            <Value>103</Value>
          </HeartRateBpm>
          <SensorState>Absent</SensorState>
        </Trackpoint>
        <Trackpoint>
          <Time>2025-11-09T07:28:16Z</Time>
          <DistanceMeters>742.0</DistanceMeters>
          <HeartRateBpm>
            <Value>104</Value>
          </HeartRateBpm>
          <SensorState>Absent</SensorState>
        </Trackpoint>
        <Trackpoint>
          <Time>2025-11-09T07:28:18Z</Time>
          <DistanceMeters>742.0</DistanceMeters>
          <HeartRateBpm>
            <Value>106</Value>
          </HeartRateBpm>
          <SensorState>Absent</SensorState>
        </Trackpoint>
        <Trackpoint>
          <Time>2025-11-09T07:28:19Z</Time>
          <DistanceMeters>742.0</DistanceMeters>
          <HeartRateBpm>
            <Value>108</Value>
          </HeartRateBpm>
          <SensorState>Absent</SensorState>
        </Trackpoint>
        <Trackpoint>
          <Time>2025-11-09T07:28:23Z</Time>
          <DistanceMeters>742.0</DistanceMeters>
          <HeartRateBpm>
            <Value>107</Value>
          </HeartRateBpm>
          <SensorState>Absent</SensorState>
        </Trackpoint>
        <Trackpoint>
          <Time>2025-11-09T07:28:26Z</Time>
          <DistanceMeters>742.0</DistanceMeters>
          <HeartRateBpm>
            <Value>108</Value>
          </HeartRateBpm>
          <SensorState>Absent</SensorState>
        </Trackpoint>
        <Trackpoint>
          <Time>2025-11-09T07:28:29Z</Time>
          <DistanceMeters>742.0</DistanceMeters>
          <HeartRateBpm>
            <Value>111</Value>
          </HeartRateBpm>
          <SensorState>Absent</SensorState>
        </Trackpoint>
        <Trackpoint>
          <Time>2025-11-09T07:28:30Z</Time>
          <DistanceMeters>742.0</DistanceMeters>
          <HeartRateBpm>
            <Value>110</Value>
          </HeartRateBpm>
          <SensorState>Absent</SensorState>
        </Trackpoint>
        <Trackpoint>
          <Time>2025-11-09T07:28:33Z</Time>
          <DistanceMeters>742.0</DistanceMeters>
          <HeartRateBpm>
            <Value>109</Value>
          </HeartRateBpm>
          <SensorState>Absent</SensorState>
        </Trackpoint>
        <Trackpoint>
          <Time>2025-11-09T07:28:34Z</Time>
          <DistanceMeters>742.0</DistanceMeters>
          <HeartRateBpm>
            <Value>110</Value>
          </HeartRateBpm>
          <SensorState>Absent</SensorState>
        </Trackpoint>
        <Trackpoint>
          <Time>2025-11-09T07:28:37Z</Time>
          <DistanceMeters>742.0</DistanceMeters>
          <HeartRateBpm>
            <Value>113</Value>
          </HeartRateBpm>
          <SensorState>Absent</SensorState>
        </Trackpoint>
        <Trackpoint>
          <Time>2025-11-09T07:28:38Z</Time>
          <DistanceMeters>742.0</DistanceMeters>
          <HeartRateBpm>
            <Value>115</Value>
          </HeartRateBpm>
          <SensorState>Absent</SensorState>
        </Trackpoint>
        <Trackpoint>
          <Time>2025-11-09T07:28:40Z</Time>
          <DistanceMeters>742.0</DistanceMeters>
          <HeartRateBpm>
            <Value>114</Value>
          </HeartRateBpm>
          <SensorState>Absent</SensorState>
        </Trackpoint>
        <Trackpoint>
          <Time>2025-11-09T07:28:41Z</Time>
          <DistanceMeters>753.0</DistanceMeters>
          <HeartRateBpm>
            <Value>113</Value>
          </HeartRateBpm>
          <SensorState>Absent</SensorState>
        </Trackpoint>
        <Trackpoint>
          <Time>2025-11-09T07:28:43Z</Time>
          <DistanceMeters>753.0</DistanceMeters>
          <HeartRateBpm>
            <Value>114</Value>
          </HeartRateBpm>
          <SensorState>Absent</SensorState>
        </Trackpoint>
        <Trackpoint>
          <Time>2025-11-09T07:28:45Z</Time>
          <DistanceMeters>753.0</DistanceMeters>
          <HeartRateBpm>
            <Value>116</Value>
          </HeartRateBpm>
          <SensorState>Absent</SensorState>
        </Trackpoint>
        <Trackpoint>
          <Time>2025-11-09T07:28:49Z</Time>
          <DistanceMeters>753.0</DistanceMeters>
          <HeartRateBpm>
            <Value>117</Value>
          </HeartRateBpm>
          <SensorState>Absent</SensorState>
        </Trackpoint>
        <Trackpoint>
          <Time>2025-11-09T07:28:50Z</Time>
          <DistanceMeters>753.0</DistanceMeters>
          <HeartRateBpm>
            <Value>119</Value>
          </HeartRateBpm>
          <SensorState>Absent</SensorState>
        </Trackpoint>
        <Trackpoint>
          <Time>2025-11-09T07:28:51Z</Time>
          <DistanceMeters>753.0</DistanceMeters>
          <HeartRateBpm>
            <Value>120</Value>
          </HeartRateBpm>
          <SensorState>Absent</SensorState>
        </Trackpoint>
        <Trackpoint>
          <Time>2025-11-09T07:28:56Z</Time>
          <DistanceMeters>753.0</DistanceMeters>
          <HeartRateBpm>
            <Value>120</Value>
          </HeartRateBpm>
          <SensorState>Absent</SensorState>
        </Trackpoint>
        <Trackpoint>
          <Time>2025-11-09T07:29:00Z</Time>
          <DistanceMeters>753.0</DistanceMeters>
          <HeartRateBpm>
            <Value>123</Value>
          </HeartRateBpm>
          <SensorState>Absent</SensorState>
        </Trackpoint>
        <Trackpoint>
          <Time>2025-11-09T07:29:01Z</Time>
          <DistanceMeters>753.0</DistanceMeters>
          <HeartRateBpm>
            <Value>120</Value>
          </HeartRateBpm>
          <SensorState>Absent</SensorState>
        </Trackpoint>
        <Trackpoint>
          <Time>2025-11-09T07:29:03Z</Time>
          <DistanceMeters>753.0</DistanceMeters>
          <HeartRateBpm>
            <Value>121</Value>
          </HeartRateBpm>
          <SensorState>Absent</SensorState>
        </Trackpoint>
        <Trackpoint>
          <Time>2025-11-09T07:29:08Z</Time>
          <DistanceMeters>753.0</DistanceMeters>
          <HeartRateBpm>
            <Value>121</Value>
          </HeartRateBpm>
          <SensorState>Absent</SensorState>
        </Trackpoint>
        <Trackpoint>
          <Time>2025-11-09T07:29:12Z</Time>
          <DistanceMeters>753.0</DistanceMeters>
          <HeartRateBpm>
            <Value>120</Value>
          </HeartRateBpm>
          <SensorState>Absent</SensorState>
        </Trackpoint>
        <Trackpoint>
          <Time>2025-11-09T07:29:13Z</Time>
          <DistanceMeters>753.0</DistanceMeters>
          <HeartRateBpm>
            <Value>118</Value>
          </HeartRateBpm>
          <SensorState>Absent</SensorState>
        </Trackpoint>
        <Trackpoint>
          <Time>2025-11-09T07:29:15Z</Time>
          <DistanceMeters>753.0</DistanceMeters>
          <HeartRateBpm>
            <Value>117</Value>
          </HeartRateBpm>
          <SensorState>Absent</SensorState>
        </Trackpoint>
        <Trackpoint>
          <Time>2025-11-09T07:29:16Z</Time>
          <DistanceMeters>753.0</DistanceMeters>
          <HeartRateBpm>
            <Value>116</Value>
          </HeartRateBpm>
          <SensorState>Absent</SensorState>
        </Trackpoint>
        <Trackpoint>
          <Time>2025-11-09T07:29:17Z</Time>
          <DistanceMeters>753.0</DistanceMeters>
          <HeartRateBpm>
            <Value>115</Value>
          </HeartRateBpm>
          <SensorState>Absent</SensorState>
        </Trackpoint>
        <Trackpoint>
          <Time>2025-11-09T07:29:19Z</Time>
          <DistanceMeters>753.0</DistanceMeters>
          <HeartRateBpm>
            <Value>114</Value>
          </HeartRateBpm>
          <SensorState>Absent</SensorState>
        </Trackpoint>
        <Trackpoint>
          <Time>2025-11-09T07:29:20Z</Time>
          <DistanceMeters>753.0</DistanceMeters>
          <HeartRateBpm>
            <Value>115</Value>
          </HeartRateBpm>
          <SensorState>Absent</SensorState>
        </Trackpoint>
        <Trackpoint>
          <Time>2025-11-09T07:29:21Z</Time>
          <DistanceMeters>753.0</DistanceMeters>
          <HeartRateBpm>
            <Value>116</Value>
          </HeartRateBpm>
          <SensorState>Absent</SensorState>
        </Trackpoint>
        <Trackpoint>
          <Time>2025-11-09T07:29:23Z</Time>
          <DistanceMeters>753.0</DistanceMeters>
          <HeartRateBpm>
            <Value>117</Value>
          </HeartRateBpm>
          <SensorState>Absent</SensorState>
        </Trackpoint>
        <Trackpoint>
          <Time>2025-11-09T07:29:24Z</Time>
          <DistanceMeters>753.0</DistanceMeters>
          <HeartRateBpm>
            <Value>119</Value>
          </HeartRateBpm>
          <SensorState>Absent</SensorState>
        </Trackpoint>
        <Trackpoint>
          <Time>2025-11-09T07:29:29Z</Time>
          <DistanceMeters>753.0</DistanceMeters>
          <HeartRateBpm>
            <Value>121</Value>
          </HeartRateBpm>
          <SensorState>Absent</SensorState>
        </Trackpoint>
        <Trackpoint>
          <Time>2025-11-09T07:29:32Z</Time>
          <DistanceMeters>753.0</DistanceMeters>
          <HeartRateBpm>
            <Value>122</Value>
          </HeartRateBpm>
          <SensorState>Absent</SensorState>
        </Trackpoint>
        <Trackpoint>
          <Time>2025-11-09T07:29:34Z</Time>
          <DistanceMeters>753.0</DistanceMeters>
          <HeartRateBpm>
            <Value>124</Value>
          </HeartRateBpm>
          <SensorState>Absent</SensorState>
        </Trackpoint>
        <Trackpoint>
          <Time>2025-11-09T07:29:36Z</Time>
          <DistanceMeters>753.0</DistanceMeters>
          <HeartRateBpm>
            <Value>125</Value>
          </HeartRateBpm>
          <SensorState>Absent</SensorState>
        </Trackpoint>
        <Trackpoint>
          <Time>2025-11-09T07:29:38Z</Time>
          <DistanceMeters>753.0</DistanceMeters>
          <HeartRateBpm>
            <Value>124</Value>
          </HeartRateBpm>
          <SensorState>Absent</SensorState>
        </Trackpoint>
        <Trackpoint>
          <Time>2025-11-09T07:29:43Z</Time>
          <DistanceMeters>764.0</DistanceMeters>
          <HeartRateBpm>
            <Value>124</Value>
          </HeartRateBpm>
          <SensorState>Absent</SensorState>
        </Trackpoint>
        <Trackpoint>
          <Time>2025-11-09T07:29:46Z</Time>
          <DistanceMeters>764.0</DistanceMeters>
          <HeartRateBpm>
            <Value>126</Value>
          </HeartRateBpm>
          <SensorState>Absent</SensorState>
        </Trackpoint>
        <Trackpoint>
          <Time>2025-11-09T07:29:47Z</Time>
          <DistanceMeters>764.0</DistanceMeters>
          <HeartRateBpm>
            <Value>128</Value>
          </HeartRateBpm>
          <SensorState>Absent</SensorState>
        </Trackpoint>
        <Trackpoint>
          <Time>2025-11-09T07:29:50Z</Time>
          <DistanceMeters>764.0</DistanceMeters>
          <HeartRateBpm>
            <Value>129</Value>
          </HeartRateBpm>
          <SensorState>Absent</SensorState>
        </Trackpoint>
        <Trackpoint>
          <Time>2025-11-09T07:29:51Z</Time>
          <DistanceMeters>764.0</DistanceMeters>
          <HeartRateBpm>
            <Value>130</Value>
          </HeartRateBpm>
          <SensorState>Absent</SensorState>
        </Trackpoint>
        <Trackpoint>
          <Time>2025-11-09T07:29:53Z</Time>
          <DistanceMeters>764.0</DistanceMeters>
          <HeartRateBpm>
            <Value>131</Value>
          </HeartRateBpm>
          <SensorState>Absent</SensorState>
        </Trackpoint>
        <Trackpoint>
          <Time>2025-11-09T07:29:54Z</Time>
          <DistanceMeters>764.0</DistanceMeters>
          <HeartRateBpm>
            <Value>133</Value>
          </HeartRateBpm>
          <SensorState>Absent</SensorState>
        </Trackpoint>
        <Trackpoint>
          <Time>2025-11-09T07:29:55Z</Time>
          <DistanceMeters>764.0</DistanceMeters>
          <HeartRateBpm>
            <Value>134</Value>
          </HeartRateBpm>
          <SensorState>Absent</SensorState>
        </Trackpoint>
        <Trackpoint>
          <Time>2025-11-09T07:29:58Z</Time>
          <DistanceMeters>764.0</DistanceMeters>
          <HeartRateBpm>
            <Value>135</Value>
          </HeartRateBpm>
          <SensorState>Absent</SensorState>
        </Trackpoint>
        <Trackpoint>
          <Time>2025-11-09T07:29:59Z</Time>
          <DistanceMeters>764.0</DistanceMeters>
          <HeartRateBpm>
            <Value>134</Value>
          </HeartRateBpm>
          <SensorState>Absent</SensorState>
        </Trackpoint>
        <Trackpoint>
          <Time>2025-11-09T07:30:00Z</Time>
          <DistanceMeters>764.0</DistanceMeters>
          <HeartRateBpm>
            <Value>120</Value>
          </HeartRateBpm>
          <SensorState>Absent</SensorState>
        </Trackpoint>
        <Trackpoint>
          <Time>2025-11-09T07:30:00Z</Time>
          <DistanceMeters>764.0</DistanceMeters>
          <HeartRateBpm>
            <Value>133</Value>
          </HeartRateBpm>
          <SensorState>Absent</SensorState>
        </Trackpoint>
        <Trackpoint>
          <Time>2025-11-09T07:30:01Z</Time>
          <DistanceMeters>764.0</DistanceMeters>
          <HeartRateBpm>
            <Value>132</Value>
          </HeartRateBpm>
          <SensorState>Absent</SensorState>
        </Trackpoint>
        <Trackpoint>
          <Time>2025-11-09T07:30:03Z</Time>
          <DistanceMeters>764.0</DistanceMeters>
          <HeartRateBpm>
            <Value>129</Value>
          </HeartRateBpm>
          <SensorState>Absent</SensorState>
        </Trackpoint>
        <Trackpoint>
          <Time>2025-11-09T07:30:04Z</Time>
          <DistanceMeters>764.0</DistanceMeters>
          <HeartRateBpm>
            <Value>128</Value>
          </HeartRateBpm>
          <SensorState>Absent</SensorState>
        </Trackpoint>
        <Trackpoint>
          <Time>2025-11-09T07:30:05Z</Time>
          <DistanceMeters>764.0</DistanceMeters>
          <HeartRateBpm>
            <Value>127</Value>
          </HeartRateBpm>
          <SensorState>Absent</SensorState>
        </Trackpoint>
        <Trackpoint>
          <Time>2025-11-09T07:30:08Z</Time>
          <DistanceMeters>764.0</DistanceMeters>
          <HeartRateBpm>
            <Value>125</Value>
          </HeartRateBpm>
          <SensorState>Absent</SensorState>
        </Trackpoint>
        <Trackpoint>
          <Time>2025-11-09T07:30:09Z</Time>
          <DistanceMeters>764.0</DistanceMeters>
          <HeartRateBpm>
            <Value>124</Value>
          </HeartRateBpm>
          <SensorState>Absent</SensorState>
        </Trackpoint>
        <Trackpoint>
          <Time>2025-11-09T07:30:11Z</Time>
          <DistanceMeters>764.0</DistanceMeters>
          <HeartRateBpm>
            <Value>125</Value>
          </HeartRateBpm>
          <SensorState>Absent</SensorState>
        </Trackpoint>
        <Trackpoint>
          <Time>2025-11-09T07:30:12Z</Time>
          <DistanceMeters>764.0</DistanceMeters>
          <HeartRateBpm>
            <Value>126</Value>
          </HeartRateBpm>
          <SensorState>Absent</SensorState>
        </Trackpoint>
        <Trackpoint>
          <Time>2025-11-09T07:30:17Z</Time>
          <DistanceMeters>764.0</DistanceMeters>
          <HeartRateBpm>
            <Value>126</Value>
          </HeartRateBpm>
          <SensorState>Absent</SensorState>
        </Trackpoint>
        <Trackpoint>
          <Time>2025-11-09T07:30:19Z</Time>
          <DistanceMeters>764.0</DistanceMeters>
          <HeartRateBpm>
            <Value>127</Value>
          </HeartRateBpm>
          <SensorState>Absent</SensorState>
        </Trackpoint>
        <Trackpoint>
          <Time>2025-11-09T07:30:21Z</Time>
          <DistanceMeters>764.0</DistanceMeters>
          <HeartRateBpm>
            <Value>125</Value>
          </HeartRateBpm>
          <SensorState>Absent</SensorState>
        </Trackpoint>
        <Trackpoint>
          <Time>2025-11-09T07:30:22Z</Time>
          <DistanceMeters>764.0</DistanceMeters>
          <HeartRateBpm>
            <Value>123</Value>
          </HeartRateBpm>
          <SensorState>Absent</SensorState>
        </Trackpoint>
        <Trackpoint>
          <Time>2025-11-09T07:30:25Z</Time>
          <DistanceMeters>764.0</DistanceMeters>
          <HeartRateBpm>
            <Value>124</Value>
          </HeartRateBpm>
          <SensorState>Absent</SensorState>
        </Trackpoint>
        <Trackpoint>
          <Time>2025-11-09T07:30:29Z</Time>
          <DistanceMeters>764.0</DistanceMeters>
          <HeartRateBpm>
            <Value>123</Value>
          </HeartRateBpm>
          <SensorState>Absent</SensorState>
        </Trackpoint>
        <Trackpoint>
          <Time>2025-11-09T07:30:30Z</Time>
          <DistanceMeters>764.0</DistanceMeters>
          <HeartRateBpm>
            <Value>122</Value>
          </HeartRateBpm>
          <SensorState>Absent</SensorState>
        </Trackpoint>
        <Trackpoint>
          <Time>2025-11-09T07:30:31Z</Time>
          <DistanceMeters>764.0</DistanceMeters>
          <HeartRateBpm>
            <Value>120</Value>
          </HeartRateBpm>
          <SensorState>Absent</SensorState>
        </Trackpoint>
        <Trackpoint>
          <Time>2025-11-09T07:30:34Z</Time>
          <DistanceMeters>764.0</DistanceMeters>
          <HeartRateBpm>
            <Value>119</Value>
          </HeartRateBpm>
          <SensorState>Absent</SensorState>
        </Trackpoint>
        <Trackpoint>
          <Time>2025-11-09T07:30:35Z</Time>
          <DistanceMeters>764.0</DistanceMeters>
          <HeartRateBpm>
            <Value>118</Value>
          </HeartRateBpm>
          <SensorState>Absent</SensorState>
        </Trackpoint>
        <Trackpoint>
          <Time>2025-11-09T07:30:41Z</Time>
          <DistanceMeters>776.0</DistanceMeters>
          <HeartRateBpm>
            <Value>117</Value>
          </HeartRateBpm>
          <SensorState>Absent</SensorState>
        </Trackpoint>
        <Trackpoint>
          <Time>2025-11-09T07:30:42Z</Time>
          <DistanceMeters>776.0</DistanceMeters>
          <HeartRateBpm>
            <Value>116</Value>
          </HeartRateBpm>
          <SensorState>Absent</SensorState>
        </Trackpoint>
        <Trackpoint>
          <Time>2025-11-09T07:30:43Z</Time>
          <DistanceMeters>776.0</DistanceMeters>
          <HeartRateBpm>
            <Value>114</Value>
          </HeartRateBpm>
          <SensorState>Absent</SensorState>
        </Trackpoint>
        <Trackpoint>
          <Time>2025-11-09T07:30:46Z</Time>
          <DistanceMeters>776.0</DistanceMeters>
          <HeartRateBpm>
            <Value>113</Value>
          </HeartRateBpm>
          <SensorState>Absent</SensorState>
        </Trackpoint>
        <Trackpoint>
          <Time>2025-11-09T07:30:51Z</Time>
          <DistanceMeters>776.0</DistanceMeters>
          <HeartRateBpm>
            <Value>113</Value>
          </HeartRateBpm>
          <SensorState>Absent</SensorState>
        </Trackpoint>
        <Trackpoint>
          <Time>2025-11-09T07:30:53Z</Time>
          <DistanceMeters>776.0</DistanceMeters>
          <HeartRateBpm>
            <Value>114</Value>
          </HeartRateBpm>
          <SensorState>Absent</SensorState>
        </Trackpoint>
        <Trackpoint>
          <Time>2025-11-09T07:30:55Z</Time>
          <DistanceMeters>776.0</DistanceMeters>
          <HeartRateBpm>
            <Value>113</Value>
          </HeartRateBpm>
          <SensorState>Absent</SensorState>
        </Trackpoint>
        <Trackpoint>
          <Time>2025-11-09T07:31:00Z</Time>
          <DistanceMeters>776.0</DistanceMeters>
          <HeartRateBpm>
            <Value>113</Value>
          </HeartRateBpm>
          <SensorState>Absent</SensorState>
        </Trackpoint>
        <Trackpoint>
          <Time>2025-11-09T07:31:01Z</Time>
          <DistanceMeters>776.0</DistanceMeters>
          <HeartRateBpm>
            <Value>113</Value>
          </HeartRateBpm>
          <SensorState>Absent</SensorState>
        </Trackpoint>
        <Trackpoint>
          <Time>2025-11-09T07:31:06Z</Time>
          <DistanceMeters>776.0</DistanceMeters>
          <HeartRateBpm>
            <Value>116</Value>
          </HeartRateBpm>
          <SensorState>Absent</SensorState>
        </Trackpoint>
        <Trackpoint>
          <Time>2025-11-09T07:31:08Z</Time>
          <DistanceMeters>776.0</DistanceMeters>
          <HeartRateBpm>
            <Value>118</Value>
          </HeartRateBpm>
          <SensorState>Absent</SensorState>
        </Trackpoint>
        <Trackpoint>
          <Time>2025-11-09T07:31:09Z</Time>
          <DistanceMeters>776.0</DistanceMeters>
          <HeartRateBpm>
            <Value>117</Value>
          </HeartRateBpm>
          <SensorState>Absent</SensorState>
        </Trackpoint>
        <Trackpoint>
          <Time>2025-11-09T07:31:10Z</Time>
          <DistanceMeters>776.0</DistanceMeters>
          <HeartRateBpm>
            <Value>116</Value>
          </HeartRateBpm>
          <SensorState>Absent</SensorState>
        </Trackpoint>
        <Trackpoint>
          <Time>2025-11-09T07:31:11Z</Time>
          <DistanceMeters>776.0</DistanceMeters>
          <HeartRateBpm>
            <Value>117</Value>
          </HeartRateBpm>
          <SensorState>Absent</SensorState>
        </Trackpoint>
        <Trackpoint>
          <Time>2025-11-09T07:31:14Z</Time>
          <DistanceMeters>776.0</DistanceMeters>
          <HeartRateBpm>
            <Value>115</Value>
          </HeartRateBpm>
          <SensorState>Absent</SensorState>
        </Trackpoint>
        <Trackpoint>
          <Time>2025-11-09T07:31:15Z</Time>
          <DistanceMeters>776.0</DistanceMeters>
          <HeartRateBpm>
            <Value>113</Value>
          </HeartRateBpm>
          <SensorState>Absent</SensorState>
        </Trackpoint>
        <Trackpoint>
          <Time>2025-11-09T07:31:20Z</Time>
          <DistanceMeters>776.0</DistanceMeters>
          <HeartRateBpm>
            <Value>113</Value>
          </HeartRateBpm>
          <SensorState>Absent</SensorState>
        </Trackpoint>
        <Trackpoint>
          <Time>2025-11-09T07:31:22Z</Time>
          <DistanceMeters>776.0</DistanceMeters>
          <HeartRateBpm>
            <Value>111</Value>
          </HeartRateBpm>
          <SensorState>Absent</SensorState>
        </Trackpoint>
        <Trackpoint>
          <Time>2025-11-09T07:31:23Z</Time>
          <DistanceMeters>776.0</DistanceMeters>
          <HeartRateBpm>
            <Value>109</Value>
          </HeartRateBpm>
          <SensorState>Absent</SensorState>
        </Trackpoint>
        <Trackpoint>
          <Time>2025-11-09T07:31:24Z</Time>
          <DistanceMeters>776.0</DistanceMeters>
          <HeartRateBpm>
            <Value>108</Value>
          </HeartRateBpm>
          <SensorState>Absent</SensorState>
        </Trackpoint>
        <Trackpoint>
          <Time>2025-11-09T07:31:27Z</Time>
          <DistanceMeters>776.0</DistanceMeters>
          <HeartRateBpm>
            <Value>109</Value>
          </HeartRateBpm>
          <SensorState>Absent</SensorState>
        </Trackpoint>
        <Trackpoint>
          <Time>2025-11-09T07:31:28Z</Time>
          <DistanceMeters>776.0</DistanceMeters>
          <HeartRateBpm>
            <Value>110</Value>
          </HeartRateBpm>
          <SensorState>Absent</SensorState>
        </Trackpoint>
        <Trackpoint>
          <Time>2025-11-09T07:31:30Z</Time>
          <DistanceMeters>776.0</DistanceMeters>
          <HeartRateBpm>
            <Value>112</Value>
          </HeartRateBpm>
          <SensorState>Absent</SensorState>
        </Trackpoint>
        <Trackpoint>
          <Time>2025-11-09T07:31:31Z</Time>
          <DistanceMeters>776.0</DistanceMeters>
          <HeartRateBpm>
            <Value>113</Value>
          </HeartRateBpm>
          <SensorState>Absent</SensorState>
        </Trackpoint>
        <Trackpoint>
          <Time>2025-11-09T07:31:32Z</Time>
          <DistanceMeters>776.0</DistanceMeters>
          <HeartRateBpm>
            <Value>112</Value>
          </HeartRateBpm>
          <SensorState>Absent</SensorState>
        </Trackpoint>
        <Trackpoint>
          <Time>2025-11-09T07:31:35Z</Time>
          <DistanceMeters>776.0</DistanceMeters>
          <HeartRateBpm>
            <Value>111</Value>
          </HeartRateBpm>
          <SensorState>Absent</SensorState>
        </Trackpoint>
        <Trackpoint>
          <Time>2025-11-09T07:31:36Z</Time>
          <DistanceMeters>776.0</DistanceMeters>
          <HeartRateBpm>
            <Value>110</Value>
          </HeartRateBpm>
          <SensorState>Absent</SensorState>
        </Trackpoint>
        <Trackpoint>
          <Time>2025-11-09T07:31:41Z</Time>
          <DistanceMeters>787.0</DistanceMeters>
          <HeartRateBpm>
            <Value>112</Value>
          </HeartRateBpm>
          <SensorState>Absent</SensorState>
        </Trackpoint>
        <Trackpoint>
          <Time>2025-11-09T07:31:42Z</Time>
          <DistanceMeters>787.0</DistanceMeters>
          <HeartRateBpm>
            <Value>113</Value>
          </HeartRateBpm>
          <SensorState>Absent</SensorState>
        </Trackpoint>
        <Trackpoint>
          <Time>2025-11-09T07:31:45Z</Time>
          <DistanceMeters>787.0</DistanceMeters>
          <HeartRateBpm>
            <Value>111</Value>
          </HeartRateBpm>
          <SensorState>Absent</SensorState>
        </Trackpoint>
        <Trackpoint>
          <Time>2025-11-09T07:31:46Z</Time>
          <DistanceMeters>787.0</DistanceMeters>
          <HeartRateBpm>
            <Value>112</Value>
          </HeartRateBpm>
          <SensorState>Absent</SensorState>
        </Trackpoint>
        <Trackpoint>
          <Time>2025-11-09T07:31:48Z</Time>
          <DistanceMeters>787.0</DistanceMeters>
          <HeartRateBpm>
            <Value>113</Value>
          </HeartRateBpm>
          <SensorState>Absent</SensorState>
        </Trackpoint>
        <Trackpoint>
          <Time>2025-11-09T07:31:49Z</Time>
          <DistanceMeters>787.0</DistanceMeters>
          <HeartRateBpm>
            <Value>114</Value>
          </HeartRateBpm>
          <SensorState>Absent</SensorState>
        </Trackpoint>
        <Trackpoint>
          <Time>2025-11-09T07:31:50Z</Time>
          <DistanceMeters>787.0</DistanceMeters>
          <HeartRateBpm>
            <Value>115</Value>
          </HeartRateBpm>
          <SensorState>Absent</SensorState>
        </Trackpoint>
        <Trackpoint>
          <Time>2025-11-09T07:31:56Z</Time>
          <DistanceMeters>787.0</DistanceMeters>
          <HeartRateBpm>
            <Value>117</Value>
          </HeartRateBpm>
          <SensorState>Absent</SensorState>
        </Trackpoint>
        <Trackpoint>
          <Time>2025-11-09T07:31:57Z</Time>
          <DistanceMeters>787.0</DistanceMeters>
          <HeartRateBpm>
            <Value>118</Value>
          </HeartRateBpm>
          <SensorState>Absent</SensorState>
        </Trackpoint>
        <Trackpoint>
          <Time>2025-11-09T07:31:58Z</Time>
          <DistanceMeters>787.0</DistanceMeters>
          <HeartRateBpm>
            <Value>116</Value>
          </HeartRateBpm>
          <SensorState>Absent</SensorState>
        </Trackpoint>
        <Trackpoint>
          <Time>2025-11-09T07:32:00Z</Time>
          <DistanceMeters>787.0</DistanceMeters>
          <HeartRateBpm>
            <Value>112</Value>
          </HeartRateBpm>
          <SensorState>Absent</SensorState>
        </Trackpoint>
        <Trackpoint>
          <Time>2025-11-09T07:32:03Z</Time>
          <DistanceMeters>787.0</DistanceMeters>
          <HeartRateBpm>
            <Value>115</Value>
          </HeartRateBpm>
          <SensorState>Absent</SensorState>
        </Trackpoint>
        <Trackpoint>
          <Time>2025-11-09T07:32:07Z</Time>
          <DistanceMeters>787.0</DistanceMeters>
          <HeartRateBpm>
            <Value>116</Value>
          </HeartRateBpm>
          <SensorState>Absent</SensorState>
        </Trackpoint>
        <Trackpoint>
          <Time>2025-11-09T07:32:10Z</Time>
          <DistanceMeters>787.0</DistanceMeters>
          <HeartRateBpm>
            <Value>115</Value>
          </HeartRateBpm>
          <SensorState>Absent</SensorState>
        </Trackpoint>
        <Trackpoint>
          <Time>2025-11-09T07:32:11Z</Time>
          <DistanceMeters>787.0</DistanceMeters>
          <HeartRateBpm>
            <Value>109</Value>
          </HeartRateBpm>
          <SensorState>Absent</SensorState>
        </Trackpoint>
        <Trackpoint>
          <Time>2025-11-09T07:32:12Z</Time>
          <DistanceMeters>787.0</DistanceMeters>
          <HeartRateBpm>
            <Value>108</Value>
          </HeartRateBpm>
          <SensorState>Absent</SensorState>
        </Trackpoint>
        <Trackpoint>
          <Time>2025-11-09T07:32:15Z</Time>
          <DistanceMeters>787.0</DistanceMeters>
          <HeartRateBpm>
            <Value>109</Value>
          </HeartRateBpm>
          <SensorState>Absent</SensorState>
        </Trackpoint>
        <Trackpoint>
          <Time>2025-11-09T07:32:16Z</Time>
          <DistanceMeters>787.0</DistanceMeters>
          <HeartRateBpm>
            <Value>111</Value>
          </HeartRateBpm>
          <SensorState>Absent</SensorState>
        </Trackpoint>
        <Trackpoint>
          <Time>2025-11-09T07:32:18Z</Time>
          <DistanceMeters>787.0</DistanceMeters>
          <HeartRateBpm>
            <Value>112</Value>
          </HeartRateBpm>
          <SensorState>Absent</SensorState>
        </Trackpoint>
        <Trackpoint>
          <Time>2025-11-09T07:32:23Z</Time>
          <DistanceMeters>787.0</DistanceMeters>
          <HeartRateBpm>
            <Value>113</Value>
          </HeartRateBpm>
          <SensorState>Absent</SensorState>
        </Trackpoint>
        <Trackpoint>
          <Time>2025-11-09T07:32:25Z</Time>
          <DistanceMeters>787.0</DistanceMeters>
          <HeartRateBpm>
            <Value>114</Value>
          </HeartRateBpm>
          <SensorState>Absent</SensorState>
        </Trackpoint>
        <Trackpoint>
          <Time>2025-11-09T07:32:27Z</Time>
          <DistanceMeters>787.0</DistanceMeters>
          <HeartRateBpm>
            <Value>112</Value>
          </HeartRateBpm>
          <SensorState>Absent</SensorState>
        </Trackpoint>
        <Trackpoint>
          <Time>2025-11-09T07:32:28Z</Time>
          <DistanceMeters>787.0</DistanceMeters>
          <HeartRateBpm>
            <Value>111</Value>
          </HeartRateBpm>
          <SensorState>Absent</SensorState>
        </Trackpoint>
        <Trackpoint>
          <Time>2025-11-09T07:32:29Z</Time>
          <DistanceMeters>787.0</DistanceMeters>
          <HeartRateBpm>
            <Value>109</Value>
          </HeartRateBpm>
          <SensorState>Absent</SensorState>
        </Trackpoint>
        <Trackpoint>
          <Time>2025-11-09T07:32:30Z</Time>
          <DistanceMeters>787.0</DistanceMeters>
          <HeartRateBpm>
            <Value>107</Value>
          </HeartRateBpm>
          <SensorState>Absent</SensorState>
        </Trackpoint>
        <Trackpoint>
          <Time>2025-11-09T07:32:33Z</Time>
          <DistanceMeters>787.0</DistanceMeters>
          <HeartRateBpm>
            <Value>108</Value>
          </HeartRateBpm>
          <SensorState>Absent</SensorState>
        </Trackpoint>
        <Trackpoint>
          <Time>2025-11-09T07:32:34Z</Time>
          <DistanceMeters>787.0</DistanceMeters>
          <HeartRateBpm>
            <Value>107</Value>
          </HeartRateBpm>
          <SensorState>Absent</SensorState>
        </Trackpoint>
        <Trackpoint>
          <Time>2025-11-09T07:32:37Z</Time>
          <DistanceMeters>787.0</DistanceMeters>
          <HeartRateBpm>
            <Value>108</Value>
          </HeartRateBpm>
          <SensorState>Absent</SensorState>
        </Trackpoint>
        <Trackpoint>
          <Time>2025-11-09T07:32:42Z</Time>
          <DistanceMeters>798.0</DistanceMeters>
          <HeartRateBpm>
            <Value>111</Value>
          </HeartRateBpm>
          <SensorState>Absent</SensorState>
        </Trackpoint>
        <Trackpoint>
          <Time>2025-11-09T07:32:44Z</Time>
          <DistanceMeters>798.0</DistanceMeters>
          <HeartRateBpm>
            <Value>112</Value>
          </HeartRateBpm>
          <SensorState>Absent</SensorState>
        </Trackpoint>
        <Trackpoint>
          <Time>2025-11-09T07:32:45Z</Time>
          <DistanceMeters>798.0</DistanceMeters>
          <HeartRateBpm>
            <Value>115</Value>
          </HeartRateBpm>
          <SensorState>Absent</SensorState>
        </Trackpoint>
        <Trackpoint>
          <Time>2025-11-09T07:32:50Z</Time>
          <DistanceMeters>798.0</DistanceMeters>
          <HeartRateBpm>
            <Value>115</Value>
          </HeartRateBpm>
          <SensorState>Absent</SensorState>
        </Trackpoint>
        <Trackpoint>
          <Time>2025-11-09T07:32:51Z</Time>
          <DistanceMeters>798.0</DistanceMeters>
          <HeartRateBpm>
            <Value>116</Value>
          </HeartRateBpm>
          <SensorState>Absent</SensorState>
        </Trackpoint>
        <Trackpoint>
          <Time>2025-11-09T07:32:54Z</Time>
          <DistanceMeters>798.0</DistanceMeters>
          <HeartRateBpm>
            <Value>118</Value>
          </HeartRateBpm>
          <SensorState>Absent</SensorState>
        </Trackpoint>
        <Trackpoint>
          <Time>2025-11-09T07:32:55Z</Time>
          <DistanceMeters>798.0</DistanceMeters>
          <HeartRateBpm>
            <Value>122</Value>
          </HeartRateBpm>
          <SensorState>Absent</SensorState>
        </Trackpoint>
        <Trackpoint>
          <Time>2025-11-09T07:32:56Z</Time>
          <DistanceMeters>798.0</DistanceMeters>
          <HeartRateBpm>
            <Value>120</Value>
          </HeartRateBpm>
          <SensorState>Absent</SensorState>
        </Trackpoint>
        <Trackpoint>
          <Time>2025-11-09T07:32:58Z</Time>
          <DistanceMeters>798.0</DistanceMeters>
          <HeartRateBpm>
            <Value>119</Value>
          </HeartRateBpm>
          <SensorState>Absent</SensorState>
        </Trackpoint>
        <Trackpoint>
          <Time>2025-11-09T07:33:00Z</Time>
          <DistanceMeters>798.0</DistanceMeters>
          <HeartRateBpm>
            <Value>98</Value>
          </HeartRateBpm>
          <SensorState>Absent</SensorState>
        </Trackpoint>
        <Trackpoint>
          <Time>2025-11-09T07:33:03Z</Time>
          <DistanceMeters>798.0</DistanceMeters>
          <HeartRateBpm>
            <Value>119</Value>
          </HeartRateBpm>
          <SensorState>Absent</SensorState>
        </Trackpoint>
        <Trackpoint>
          <Time>2025-11-09T07:33:06Z</Time>
          <DistanceMeters>798.0</DistanceMeters>
          <HeartRateBpm>
            <Value>118</Value>
          </HeartRateBpm>
          <SensorState>Absent</SensorState>
        </Trackpoint>
        <Trackpoint>
          <Time>2025-11-09T07:33:07Z</Time>
          <DistanceMeters>798.0</DistanceMeters>
          <HeartRateBpm>
            <Value>117</Value>
          </HeartRateBpm>
          <SensorState>Absent</SensorState>
        </Trackpoint>
        <Trackpoint>
          <Time>2025-11-09T07:33:08Z</Time>
          <DistanceMeters>798.0</DistanceMeters>
          <HeartRateBpm>
            <Value>116</Value>
          </HeartRateBpm>
          <SensorState>Absent</SensorState>
        </Trackpoint>
        <Trackpoint>
          <Time>2025-11-09T07:33:10Z</Time>
          <DistanceMeters>798.0</DistanceMeters>
          <HeartRateBpm>
            <Value>114</Value>
          </HeartRateBpm>
          <SensorState>Absent</SensorState>
        </Trackpoint>
        <Trackpoint>
          <Time>2025-11-09T07:33:12Z</Time>
          <DistanceMeters>798.0</DistanceMeters>
          <HeartRateBpm>
            <Value>111</Value>
          </HeartRateBpm>
          <SensorState>Absent</SensorState>
        </Trackpoint>
        <Trackpoint>
          <Time>2025-11-09T07:33:13Z</Time>
          <DistanceMeters>798.0</DistanceMeters>
          <HeartRateBpm>
            <Value>109</Value>
          </HeartRateBpm>
          <SensorState>Absent</SensorState>
        </Trackpoint>
        <Trackpoint>
          <Time>2025-11-09T07:33:15Z</Time>
          <DistanceMeters>798.0</DistanceMeters>
          <HeartRateBpm>
            <Value>107</Value>
          </HeartRateBpm>
          <SensorState>Absent</SensorState>
        </Trackpoint>
        <Trackpoint>
          <Time>2025-11-09T07:33:17Z</Time>
          <DistanceMeters>798.0</DistanceMeters>
          <HeartRateBpm>
            <Value>106</Value>
          </HeartRateBpm>
          <SensorState>Absent</SensorState>
        </Trackpoint>
        <Trackpoint>
          <Time>2025-11-09T07:33:19Z</Time>
          <DistanceMeters>798.0</DistanceMeters>
          <HeartRateBpm>
            <Value>105</Value>
          </HeartRateBpm>
          <SensorState>Absent</SensorState>
        </Trackpoint>
        <Trackpoint>
          <Time>2025-11-09T07:33:20Z</Time>
          <DistanceMeters>798.0</DistanceMeters>
          <HeartRateBpm>
            <Value>104</Value>
          </HeartRateBpm>
          <SensorState>Absent</SensorState>
        </Trackpoint>
        <Trackpoint>
          <Time>2025-11-09T07:33:24Z</Time>
          <DistanceMeters>798.0</DistanceMeters>
          <HeartRateBpm>
            <Value>103</Value>
          </HeartRateBpm>
          <SensorState>Absent</SensorState>
        </Trackpoint>
        <Trackpoint>
          <Time>2025-11-09T07:33:25Z</Time>
          <DistanceMeters>798.0</DistanceMeters>
          <HeartRateBpm>
            <Value>99</Value>
          </HeartRateBpm>
          <SensorState>Absent</SensorState>
        </Trackpoint>
        <Trackpoint>
          <Time>2025-11-09T07:33:27Z</Time>
          <DistanceMeters>798.0</DistanceMeters>
          <HeartRateBpm>
            <Value>96</Value>
          </HeartRateBpm>
          <SensorState>Absent</SensorState>
        </Trackpoint>
        <Trackpoint>
          <Time>2025-11-09T07:33:28Z</Time>
          <DistanceMeters>798.0</DistanceMeters>
          <HeartRateBpm>
            <Value>95</Value>
          </HeartRateBpm>
          <SensorState>Absent</SensorState>
        </Trackpoint>
        <Trackpoint>
          <Time>2025-11-09T07:33:31Z</Time>
          <DistanceMeters>798.0</DistanceMeters>
          <HeartRateBpm>
            <Value>94</Value>
          </HeartRateBpm>
          <SensorState>Absent</SensorState>
        </Trackpoint>
        <Trackpoint>
          <Time>2025-11-09T07:33:32Z</Time>
          <DistanceMeters>798.0</DistanceMeters>
          <HeartRateBpm>
            <Value>93</Value>
          </HeartRateBpm>
          <SensorState>Absent</SensorState>
        </Trackpoint>
        <Trackpoint>
          <Time>2025-11-09T07:33:33Z</Time>
          <DistanceMeters>798.0</DistanceMeters>
          <HeartRateBpm>
            <Value>92</Value>
          </HeartRateBpm>
          <SensorState>Absent</SensorState>
        </Trackpoint>
        <Trackpoint>
          <Time>2025-11-09T07:33:36Z</Time>
          <DistanceMeters>798.0</DistanceMeters>
          <HeartRateBpm>
            <Value>91</Value>
          </HeartRateBpm>
          <SensorState>Absent</SensorState>
        </Trackpoint>
        <Trackpoint>
          <Time>2025-11-09T07:33:39Z</Time>
          <DistanceMeters>798.0</DistanceMeters>
          <HeartRateBpm>
            <Value>89</Value>
          </HeartRateBpm>
          <SensorState>Absent</SensorState>
        </Trackpoint>
        <Trackpoint>
          <Time>2025-11-09T07:33:41Z</Time>
          <DistanceMeters>809.0</DistanceMeters>
          <HeartRateBpm>
            <Value>88</Value>
          </HeartRateBpm>
          <SensorState>Absent</SensorState>
        </Trackpoint>
        <Trackpoint>
          <Time>2025-11-09T07:33:42Z</Time>
          <DistanceMeters>809.0</DistanceMeters>
          <HeartRateBpm>
            <Value>87</Value>
          </HeartRateBpm>
          <SensorState>Absent</SensorState>
        </Trackpoint>
        <Trackpoint>
          <Time>2025-11-09T07:33:47Z</Time>
          <DistanceMeters>809.0</DistanceMeters>
          <HeartRateBpm>
            <Value>87</Value>
          </HeartRateBpm>
          <SensorState>Absent</SensorState>
        </Trackpoint>
        <Trackpoint>
          <Time>2025-11-09T07:33:51Z</Time>
          <DistanceMeters>809.0</DistanceMeters>
          <HeartRateBpm>
            <Value>88</Value>
          </HeartRateBpm>
          <SensorState>Absent</SensorState>
        </Trackpoint>
        <Trackpoint>
          <Time>2025-11-09T07:33:53Z</Time>
          <DistanceMeters>809.0</DistanceMeters>
          <HeartRateBpm>
            <Value>89</Value>
          </HeartRateBpm>
          <SensorState>Absent</SensorState>
        </Trackpoint>
        <Trackpoint>
          <Time>2025-11-09T07:33:54Z</Time>
          <DistanceMeters>809.0</DistanceMeters>
          <HeartRateBpm>
            <Value>91</Value>
          </HeartRateBpm>
          <SensorState>Absent</SensorState>
        </Trackpoint>
        <Trackpoint>
          <Time>2025-11-09T07:33:55Z</Time>
          <DistanceMeters>809.0</DistanceMeters>
          <HeartRateBpm>
            <Value>92</Value>
          </HeartRateBpm>
          <SensorState>Absent</SensorState>
        </Trackpoint>
        <Trackpoint>
          <Time>2025-11-09T07:33:58Z</Time>
          <DistanceMeters>809.0</DistanceMeters>
          <HeartRateBpm>
            <Value>93</Value>
          </HeartRateBpm>
          <SensorState>Absent</SensorState>
        </Trackpoint>
        <Trackpoint>
          <Time>2025-11-09T07:33:59Z</Time>
          <DistanceMeters>809.0</DistanceMeters>
          <HeartRateBpm>
            <Value>92</Value>
          </HeartRateBpm>
          <SensorState>Absent</SensorState>
        </Trackpoint>
        <Trackpoint>
          <Time>2025-11-09T07:34:00Z</Time>
          <DistanceMeters>809.0</DistanceMeters>
          <HeartRateBpm>
            <Value>96</Value>
          </HeartRateBpm>
          <SensorState>Absent</SensorState>
        </Trackpoint>
        <Trackpoint>
          <Time>2025-11-09T07:34:00Z</Time>
          <DistanceMeters>809.0</DistanceMeters>
          <HeartRateBpm>
            <Value>90</Value>
          </HeartRateBpm>
          <SensorState>Absent</SensorState>
        </Trackpoint>
        <Trackpoint>
          <Time>2025-11-09T07:34:03Z</Time>
          <DistanceMeters>809.0</DistanceMeters>
          <HeartRateBpm>
            <Value>91</Value>
          </HeartRateBpm>
          <SensorState>Absent</SensorState>
        </Trackpoint>
        <Trackpoint>
          <Time>2025-11-09T07:34:04Z</Time>
          <DistanceMeters>809.0</DistanceMeters>
          <HeartRateBpm>
            <Value>93</Value>
          </HeartRateBpm>
          <SensorState>Absent</SensorState>
        </Trackpoint>
        <Trackpoint>
          <Time>2025-11-09T07:34:05Z</Time>
          <DistanceMeters>809.0</DistanceMeters>
          <HeartRateBpm>
            <Value>94</Value>
          </HeartRateBpm>
          <SensorState>Absent</SensorState>
        </Trackpoint>
        <Trackpoint>
          <Time>2025-11-09T07:34:07Z</Time>
          <DistanceMeters>809.0</DistanceMeters>
          <HeartRateBpm>
            <Value>93</Value>
          </HeartRateBpm>
          <SensorState>Absent</SensorState>
        </Trackpoint>
        <Trackpoint>
          <Time>2025-11-09T07:34:12Z</Time>
          <DistanceMeters>809.0</DistanceMeters>
          <HeartRateBpm>
            <Value>93</Value>
          </HeartRateBpm>
          <SensorState>Absent</SensorState>
        </Trackpoint>
        <Trackpoint>
          <Time>2025-11-09T07:34:13Z</Time>
          <DistanceMeters>809.0</DistanceMeters>
          <HeartRateBpm>
            <Value>95</Value>
          </HeartRateBpm>
          <SensorState>Absent</SensorState>
        </Trackpoint>
        <Trackpoint>
          <Time>2025-11-09T07:34:17Z</Time>
          <DistanceMeters>809.0</DistanceMeters>
          <HeartRateBpm>
            <Value>96</Value>
          </HeartRateBpm>
          <SensorState>Absent</SensorState>
        </Trackpoint>
        <Trackpoint>
          <Time>2025-11-09T07:34:22Z</Time>
          <DistanceMeters>809.0</DistanceMeters>
          <HeartRateBpm>
            <Value>96</Value>
          </HeartRateBpm>
          <SensorState>Absent</SensorState>
        </Trackpoint>
        <Trackpoint>
          <Time>2025-11-09T07:34:24Z</Time>
          <DistanceMeters>809.0</DistanceMeters>
          <HeartRateBpm>
            <Value>95</Value>
          </HeartRateBpm>
          <SensorState>Absent</SensorState>
        </Trackpoint>
        <Trackpoint>
          <Time>2025-11-09T07:34:29Z</Time>
          <DistanceMeters>809.0</DistanceMeters>
          <HeartRateBpm>
            <Value>96</Value>
          </HeartRateBpm>
          <SensorState>Absent</SensorState>
        </Trackpoint>
        <Trackpoint>
          <Time>2025-11-09T07:34:30Z</Time>
          <DistanceMeters>809.0</DistanceMeters>
          <HeartRateBpm>
            <Value>97</Value>
          </HeartRateBpm>
          <SensorState>Absent</SensorState>
        </Trackpoint>
        <Trackpoint>
          <Time>2025-11-09T07:34:31Z</Time>
          <DistanceMeters>809.0</DistanceMeters>
          <HeartRateBpm>
            <Value>98</Value>
          </HeartRateBpm>
          <SensorState>Absent</SensorState>
        </Trackpoint>
        <Trackpoint>
          <Time>2025-11-09T07:34:34Z</Time>
          <DistanceMeters>809.0</DistanceMeters>
          <HeartRateBpm>
            <Value>99</Value>
          </HeartRateBpm>
          <SensorState>Absent</SensorState>
        </Trackpoint>
        <Trackpoint>
          <Time>2025-11-09T07:34:39Z</Time>
          <DistanceMeters>809.0</DistanceMeters>
          <HeartRateBpm>
            <Value>99</Value>
          </HeartRateBpm>
          <SensorState>Absent</SensorState>
        </Trackpoint>
        <Trackpoint>
          <Time>2025-11-09T07:34:46Z</Time>
          <DistanceMeters>820.0</DistanceMeters>
          <HeartRateBpm>
            <Value>100</Value>
          </HeartRateBpm>
          <SensorState>Absent</SensorState>
        </Trackpoint>
        <Trackpoint>
          <Time>2025-11-09T07:34:47Z</Time>
          <DistanceMeters>820.0</DistanceMeters>
          <HeartRateBpm>
            <Value>101</Value>
          </HeartRateBpm>
          <SensorState>Absent</SensorState>
        </Trackpoint>
        <Trackpoint>
          <Time>2025-11-09T07:34:49Z</Time>
          <DistanceMeters>820.0</DistanceMeters>
          <HeartRateBpm>
            <Value>100</Value>
          </HeartRateBpm>
          <SensorState>Absent</SensorState>
        </Trackpoint>
        <Trackpoint>
          <Time>2025-11-09T07:34:51Z</Time>
          <DistanceMeters>820.0</DistanceMeters>
          <HeartRateBpm>
            <Value>99</Value>
          </HeartRateBpm>
          <SensorState>Absent</SensorState>
        </Trackpoint>
        <Trackpoint>
          <Time>2025-11-09T07:34:54Z</Time>
          <DistanceMeters>820.0</DistanceMeters>
          <HeartRateBpm>
            <Value>100</Value>
          </HeartRateBpm>
          <SensorState>Absent</SensorState>
        </Trackpoint>
        <Trackpoint>
          <Time>2025-11-09T07:34:58Z</Time>
          <DistanceMeters>820.0</DistanceMeters>
          <HeartRateBpm>
            <Value>101</Value>
          </HeartRateBpm>
          <SensorState>Absent</SensorState>
        </Trackpoint>
        <Trackpoint>
          <Time>2025-11-09T07:35:00Z</Time>
          <DistanceMeters>820.0</DistanceMeters>
          <HeartRateBpm>
            <Value>97</Value>
          </HeartRateBpm>
          <SensorState>Absent</SensorState>
        </Trackpoint>
        <Trackpoint>
          <Time>2025-11-09T07:35:04Z</Time>
          <DistanceMeters>820.0</DistanceMeters>
          <HeartRateBpm>
            <Value>101</Value>
          </HeartRateBpm>
          <SensorState>Absent</SensorState>
        </Trackpoint>
        <Trackpoint>
          <Time>2025-11-09T07:35:05Z</Time>
          <DistanceMeters>820.0</DistanceMeters>
          <HeartRateBpm>
            <Value>102</Value>
          </HeartRateBpm>
          <SensorState>Absent</SensorState>
        </Trackpoint>
        <Trackpoint>
          <Time>2025-11-09T07:35:10Z</Time>
          <DistanceMeters>820.0</DistanceMeters>
          <HeartRateBpm>
            <Value>102</Value>
          </HeartRateBpm>
          <SensorState>Absent</SensorState>
        </Trackpoint>
        <Trackpoint>
          <Time>2025-11-09T07:35:13Z</Time>
          <DistanceMeters>820.0</DistanceMeters>
          <HeartRateBpm>
            <Value>100</Value>
          </HeartRateBpm>
          <SensorState>Absent</SensorState>
        </Trackpoint>
        <Trackpoint>
          <Time>2025-11-09T07:35:14Z</Time>
          <DistanceMeters>820.0</DistanceMeters>
          <HeartRateBpm>
            <Value>98</Value>
          </HeartRateBpm>
          <SensorState>Absent</SensorState>
        </Trackpoint>
        <Trackpoint>
          <Time>2025-11-09T07:35:19Z</Time>
          <DistanceMeters>820.0</DistanceMeters>
          <HeartRateBpm>
            <Value>98</Value>
          </HeartRateBpm>
          <SensorState>Absent</SensorState>
        </Trackpoint>
        <Trackpoint>
          <Time>2025-11-09T07:35:20Z</Time>
          <DistanceMeters>820.0</DistanceMeters>
          <HeartRateBpm>
            <Value>99</Value>
          </HeartRateBpm>
          <SensorState>Absent</SensorState>
        </Trackpoint>
        <Trackpoint>
          <Time>2025-11-09T07:35:23Z</Time>
          <DistanceMeters>820.0</DistanceMeters>
          <HeartRateBpm>
            <Value>100</Value>
          </HeartRateBpm>
          <SensorState>Absent</SensorState>
        </Trackpoint>
        <Trackpoint>
          <Time>2025-11-09T07:35:27Z</Time>
          <DistanceMeters>820.0</DistanceMeters>
          <HeartRateBpm>
            <Value>101</Value>
          </HeartRateBpm>
          <SensorState>Absent</SensorState>
        </Trackpoint>
        <Trackpoint>
          <Time>2025-11-09T07:35:28Z</Time>
          <DistanceMeters>820.0</DistanceMeters>
          <HeartRateBpm>
            <Value>99</Value>
          </HeartRateBpm>
          <SensorState>Absent</SensorState>
        </Trackpoint>
        <Trackpoint>
          <Time>2025-11-09T07:35:30Z</Time>
          <DistanceMeters>820.0</DistanceMeters>
          <HeartRateBpm>
            <Value>98</Value>
          </HeartRateBpm>
          <SensorState>Absent</SensorState>
        </Trackpoint>
        <Trackpoint>
          <Time>2025-11-09T07:35:35Z</Time>
          <DistanceMeters>820.0</DistanceMeters>
          <HeartRateBpm>
            <Value>98</Value>
          </HeartRateBpm>
          <SensorState>Absent</SensorState>
        </Trackpoint>
        <Trackpoint>
          <Time>2025-11-09T07:35:37Z</Time>
          <DistanceMeters>820.0</DistanceMeters>
          <HeartRateBpm>
            <Value>97</Value>
          </HeartRateBpm>
          <SensorState>Absent</SensorState>
        </Trackpoint>
        <Trackpoint>
          <Time>2025-11-09T07:35:40Z</Time>
          <DistanceMeters>820.0</DistanceMeters>
          <HeartRateBpm>
            <Value>98</Value>
          </HeartRateBpm>
          <SensorState>Absent</SensorState>
        </Trackpoint>
        <Trackpoint>
          <Time>2025-11-09T07:35:42Z</Time>
          <DistanceMeters>831.0</DistanceMeters>
          <HeartRateBpm>
            <Value>97</Value>
          </HeartRateBpm>
          <SensorState>Absent</SensorState>
        </Trackpoint>
        <Trackpoint>
          <Time>2025-11-09T07:35:45Z</Time>
          <DistanceMeters>831.0</DistanceMeters>
          <HeartRateBpm>
            <Value>96</Value>
          </HeartRateBpm>
          <SensorState>Absent</SensorState>
        </Trackpoint>
        <Trackpoint>
          <Time>2025-11-09T07:35:46Z</Time>
          <DistanceMeters>831.0</DistanceMeters>
          <HeartRateBpm>
            <Value>95</Value>
          </HeartRateBpm>
          <SensorState>Absent</SensorState>
        </Trackpoint>
        <Trackpoint>
          <Time>2025-11-09T07:35:48Z</Time>
          <DistanceMeters>831.0</DistanceMeters>
          <HeartRateBpm>
            <Value>94</Value>
          </HeartRateBpm>
          <SensorState>Absent</SensorState>
        </Trackpoint>
        <Trackpoint>
          <Time>2025-11-09T07:35:53Z</Time>
          <DistanceMeters>831.0</DistanceMeters>
          <HeartRateBpm>
            <Value>94</Value>
          </HeartRateBpm>
          <SensorState>Absent</SensorState>
        </Trackpoint>
        <Trackpoint>
          <Time>2025-11-09T07:35:58Z</Time>
          <DistanceMeters>831.0</DistanceMeters>
          <HeartRateBpm>
            <Value>95</Value>
          </HeartRateBpm>
          <SensorState>Absent</SensorState>
        </Trackpoint>
        <Trackpoint>
          <Time>2025-11-09T07:35:59Z</Time>
          <DistanceMeters>831.0</DistanceMeters>
          <HeartRateBpm>
            <Value>96</Value>
          </HeartRateBpm>
          <SensorState>Absent</SensorState>
        </Trackpoint>
        <Trackpoint>
          <Time>2025-11-09T07:36:00Z</Time>
          <DistanceMeters>831.0</DistanceMeters>
          <HeartRateBpm>
            <Value>94</Value>
          </HeartRateBpm>
          <SensorState>Absent</SensorState>
        </Trackpoint>
        <Trackpoint>
          <Time>2025-11-09T07:36:02Z</Time>
          <DistanceMeters>831.0</DistanceMeters>
          <HeartRateBpm>
            <Value>95</Value>
          </HeartRateBpm>
          <SensorState>Absent</SensorState>
        </Trackpoint>
        <Trackpoint>
          <Time>2025-11-09T07:36:03Z</Time>
          <DistanceMeters>831.0</DistanceMeters>
          <HeartRateBpm>
            <Value>94</Value>
          </HeartRateBpm>
          <SensorState>Absent</SensorState>
        </Trackpoint>
        <Trackpoint>
          <Time>2025-11-09T07:36:08Z</Time>
          <DistanceMeters>831.0</DistanceMeters>
          <HeartRateBpm>
            <Value>94</Value>
          </HeartRateBpm>
          <SensorState>Absent</SensorState>
        </Trackpoint>
        <Trackpoint>
          <Time>2025-11-09T07:36:14Z</Time>
          <DistanceMeters>831.0</DistanceMeters>
          <HeartRateBpm>
            <Value>94</Value>
          </HeartRateBpm>
          <SensorState>Absent</SensorState>
        </Trackpoint>
        <Trackpoint>
          <Time>2025-11-09T07:36:18Z</Time>
          <DistanceMeters>831.0</DistanceMeters>
          <HeartRateBpm>
            <Value>93</Value>
          </HeartRateBpm>
          <SensorState>Absent</SensorState>
        </Trackpoint>
        <Trackpoint>
          <Time>2025-11-09T07:36:19Z</Time>
          <DistanceMeters>831.0</DistanceMeters>
          <HeartRateBpm>
            <Value>92</Value>
          </HeartRateBpm>
          <SensorState>Absent</SensorState>
        </Trackpoint>
        <Trackpoint>
          <Time>2025-11-09T07:36:20Z</Time>
          <DistanceMeters>831.0</DistanceMeters>
          <HeartRateBpm>
            <Value>93</Value>
          </HeartRateBpm>
          <SensorState>Absent</SensorState>
        </Trackpoint>
        <Trackpoint>
          <Time>2025-11-09T07:36:23Z</Time>
          <DistanceMeters>831.0</DistanceMeters>
          <HeartRateBpm>
            <Value>92</Value>
          </HeartRateBpm>
          <SensorState>Absent</SensorState>
        </Trackpoint>
        <Trackpoint>
          <Time>2025-11-09T07:36:27Z</Time>
          <DistanceMeters>831.0</DistanceMeters>
          <HeartRateBpm>
            <Value>93</Value>
          </HeartRateBpm>
          <SensorState>Absent</SensorState>
        </Trackpoint>
        <Trackpoint>
          <Time>2025-11-09T07:36:28Z</Time>
          <DistanceMeters>831.0</DistanceMeters>
          <HeartRateBpm>
            <Value>94</Value>
          </HeartRateBpm>
          <SensorState>Absent</SensorState>
        </Trackpoint>
        <Trackpoint>
          <Time>2025-11-09T07:36:29Z</Time>
          <DistanceMeters>831.0</DistanceMeters>
          <HeartRateBpm>
            <Value>95</Value>
          </HeartRateBpm>
          <SensorState>Absent</SensorState>
        </Trackpoint>
        <Trackpoint>
          <Time>2025-11-09T07:36:30Z</Time>
          <DistanceMeters>831.0</DistanceMeters>
          <HeartRateBpm>
            <Value>94</Value>
          </HeartRateBpm>
          <SensorState>Absent</SensorState>
        </Trackpoint>
        <Trackpoint>
          <Time>2025-11-09T07:36:32Z</Time>
          <DistanceMeters>831.0</DistanceMeters>
          <HeartRateBpm>
            <Value>93</Value>
          </HeartRateBpm>
          <SensorState>Absent</SensorState>
        </Trackpoint>
        <Trackpoint>
          <Time>2025-11-09T07:36:37Z</Time>
          <DistanceMeters>831.0</DistanceMeters>
          <HeartRateBpm>
            <Value>94</Value>
          </HeartRateBpm>
          <SensorState>Absent</SensorState>
        </Trackpoint>
        <Trackpoint>
          <Time>2025-11-09T07:36:38Z</Time>
          <DistanceMeters>831.0</DistanceMeters>
          <HeartRateBpm>
            <Value>95</Value>
          </HeartRateBpm>
          <SensorState>Absent</SensorState>
        </Trackpoint>
        <Trackpoint>
          <Time>2025-11-09T07:36:44Z</Time>
          <DistanceMeters>842.0</DistanceMeters>
          <HeartRateBpm>
            <Value>94</Value>
          </HeartRateBpm>
          <SensorState>Absent</SensorState>
        </Trackpoint>
        <Trackpoint>
          <Time>2025-11-09T07:36:49Z</Time>
          <DistanceMeters>842.0</DistanceMeters>
          <HeartRateBpm>
            <Value>93</Value>
          </HeartRateBpm>
          <SensorState>Absent</SensorState>
        </Trackpoint>
        <Trackpoint>
          <Time>2025-11-09T07:36:50Z</Time>
          <DistanceMeters>842.0</DistanceMeters>
          <HeartRateBpm>
            <Value>94</Value>
          </HeartRateBpm>
          <SensorState>Absent</SensorState>
        </Trackpoint>
        <Trackpoint>
          <Time>2025-11-09T07:36:51Z</Time>
          <DistanceMeters>842.0</DistanceMeters>
          <HeartRateBpm>
            <Value>95</Value>
          </HeartRateBpm>
          <SensorState>Absent</SensorState>
        </Trackpoint>
        <Trackpoint>
          <Time>2025-11-09T07:36:54Z</Time>
          <DistanceMeters>842.0</DistanceMeters>
          <HeartRateBpm>
            <Value>96</Value>
          </HeartRateBpm>
          <SensorState>Absent</SensorState>
        </Trackpoint>
        <Trackpoint>
          <Time>2025-11-09T07:36:59Z</Time>
          <DistanceMeters>842.0</DistanceMeters>
          <HeartRateBpm>
            <Value>96</Value>
          </HeartRateBpm>
          <SensorState>Absent</SensorState>
        </Trackpoint>
        <Trackpoint>
          <Time>2025-11-09T07:37:00Z</Time>
          <DistanceMeters>842.0</DistanceMeters>
          <HeartRateBpm>
            <Value>95</Value>
          </HeartRateBpm>
          <SensorState>Absent</SensorState>
        </Trackpoint>
        <Trackpoint>
          <Time>2025-11-09T07:37:00Z</Time>
          <DistanceMeters>842.0</DistanceMeters>
          <HeartRateBpm>
            <Value>95</Value>
          </HeartRateBpm>
          <SensorState>Absent</SensorState>
        </Trackpoint>
        <Trackpoint>
          <Time>2025-11-09T07:37:02Z</Time>
          <DistanceMeters>842.0</DistanceMeters>
          <HeartRateBpm>
            <Value>93</Value>
          </HeartRateBpm>
          <SensorState>Absent</SensorState>
        </Trackpoint>
        <Trackpoint>
          <Time>2025-11-09T07:37:03Z</Time>
          <DistanceMeters>842.0</DistanceMeters>
          <HeartRateBpm>
            <Value>92</Value>
          </HeartRateBpm>
          <SensorState>Absent</SensorState>
        </Trackpoint>
        <Trackpoint>
          <Time>2025-11-09T07:37:04Z</Time>
          <DistanceMeters>842.0</DistanceMeters>
          <HeartRateBpm>
            <Value>91</Value>
          </HeartRateBpm>
          <SensorState>Absent</SensorState>
        </Trackpoint>
        <Trackpoint>
          <Time>2025-11-09T07:37:06Z</Time>
          <DistanceMeters>842.0</DistanceMeters>
          <HeartRateBpm>
            <Value>89</Value>
          </HeartRateBpm>
          <SensorState>Absent</SensorState>
        </Trackpoint>
        <Trackpoint>
          <Time>2025-11-09T07:37:11Z</Time>
          <DistanceMeters>842.0</DistanceMeters>
          <HeartRateBpm>
            <Value>89</Value>
          </HeartRateBpm>
          <SensorState>Absent</SensorState>
        </Trackpoint>
        <Trackpoint>
          <Time>2025-11-09T07:37:12Z</Time>
          <DistanceMeters>842.0</DistanceMeters>
          <HeartRateBpm>
            <Value>90</Value>
          </HeartRateBpm>
          <SensorState>Absent</SensorState>
        </Trackpoint>
        <Trackpoint>
          <Time>2025-11-09T07:37:16Z</Time>
          <DistanceMeters>842.0</DistanceMeters>
          <HeartRateBpm>
            <Value>91</Value>
          </HeartRateBpm>
          <SensorState>Absent</SensorState>
        </Trackpoint>
        <Trackpoint>
          <Time>2025-11-09T07:37:21Z</Time>
          <DistanceMeters>842.0</DistanceMeters>
          <HeartRateBpm>
            <Value>91</Value>
          </HeartRateBpm>
          <SensorState>Absent</SensorState>
        </Trackpoint>
        <Trackpoint>
          <Time>2025-11-09T07:37:22Z</Time>
          <DistanceMeters>842.0</DistanceMeters>
          <HeartRateBpm>
            <Value>92</Value>
          </HeartRateBpm>
          <SensorState>Absent</SensorState>
        </Trackpoint>
        <Trackpoint>
          <Time>2025-11-09T07:37:24Z</Time>
          <DistanceMeters>842.0</DistanceMeters>
          <HeartRateBpm>
            <Value>93</Value>
          </HeartRateBpm>
          <SensorState>Absent</SensorState>
        </Trackpoint>
        <Trackpoint>
          <Time>2025-11-09T07:37:25Z</Time>
          <DistanceMeters>842.0</DistanceMeters>
          <HeartRateBpm>
            <Value>94</Value>
          </HeartRateBpm>
          <SensorState>Absent</SensorState>
        </Trackpoint>
        <Trackpoint>
          <Time>2025-11-09T07:37:26Z</Time>
          <DistanceMeters>842.0</DistanceMeters>
          <HeartRateBpm>
            <Value>95</Value>
          </HeartRateBpm>
          <SensorState>Absent</SensorState>
        </Trackpoint>
        <Trackpoint>
          <Time>2025-11-09T07:37:28Z</Time>
          <DistanceMeters>842.0</DistanceMeters>
          <HeartRateBpm>
            <Value>96</Value>
          </HeartRateBpm>
          <SensorState>Absent</SensorState>
        </Trackpoint>
        <Trackpoint>
          <Time>2025-11-09T07:37:29Z</Time>
          <DistanceMeters>842.0</DistanceMeters>
          <HeartRateBpm>
            <Value>97</Value>
          </HeartRateBpm>
          <SensorState>Absent</SensorState>
        </Trackpoint>
        <Trackpoint>
          <Time>2025-11-09T07:37:32Z</Time>
          <DistanceMeters>842.0</DistanceMeters>
          <HeartRateBpm>
            <Value>98</Value>
          </HeartRateBpm>
          <SensorState>Absent</SensorState>
        </Trackpoint>
        <Trackpoint>
          <Time>2025-11-09T07:37:33Z</Time>
          <DistanceMeters>842.0</DistanceMeters>
          <HeartRateBpm>
            <Value>97</Value>
          </HeartRateBpm>
          <SensorState>Absent</SensorState>
        </Trackpoint>
        <Trackpoint>
          <Time>2025-11-09T07:37:38Z</Time>
          <DistanceMeters>842.0</DistanceMeters>
          <HeartRateBpm>
            <Value>97</Value>
          </HeartRateBpm>
          <SensorState>Absent</SensorState>
        </Trackpoint>
        <Trackpoint>
          <Time>2025-11-09T07:37:42Z</Time>
          <DistanceMeters>853.0</DistanceMeters>
          <HeartRateBpm>
            <Value>98</Value>
          </HeartRateBpm>
          <SensorState>Absent</SensorState>
        </Trackpoint>
        <Trackpoint>
          <Time>2025-11-09T07:37:45Z</Time>
          <DistanceMeters>853.0</DistanceMeters>
          <HeartRateBpm>
            <Value>99</Value>
          </HeartRateBpm>
          <SensorState>Absent</SensorState>
        </Trackpoint>
        <Trackpoint>
          <Time>2025-11-09T07:37:47Z</Time>
          <DistanceMeters>853.0</DistanceMeters>
          <HeartRateBpm>
            <Value>101</Value>
          </HeartRateBpm>
          <SensorState>Absent</SensorState>
        </Trackpoint>
        <Trackpoint>
          <Time>2025-11-09T07:37:49Z</Time>
          <DistanceMeters>853.0</DistanceMeters>
          <HeartRateBpm>
            <Value>102</Value>
          </HeartRateBpm>
          <SensorState>Absent</SensorState>
        </Trackpoint>
        <Trackpoint>
          <Time>2025-11-09T07:37:51Z</Time>
          <DistanceMeters>853.0</DistanceMeters>
          <HeartRateBpm>
            <Value>103</Value>
          </HeartRateBpm>
          <SensorState>Absent</SensorState>
        </Trackpoint>
        <Trackpoint>
          <Time>2025-11-09T07:37:57Z</Time>
          <DistanceMeters>853.0</DistanceMeters>
          <HeartRateBpm>
            <Value>103</Value>
          </HeartRateBpm>
          <SensorState>Absent</SensorState>
        </Trackpoint>
        <Trackpoint>
          <Time>2025-11-09T07:38:00Z</Time>
          <DistanceMeters>853.0</DistanceMeters>
          <HeartRateBpm>
            <Value>109</Value>
          </HeartRateBpm>
          <SensorState>Absent</SensorState>
        </Trackpoint>
        <Trackpoint>
          <Time>2025-11-09T07:38:02Z</Time>
          <DistanceMeters>853.0</DistanceMeters>
          <HeartRateBpm>
            <Value>104</Value>
          </HeartRateBpm>
          <SensorState>Absent</SensorState>
        </Trackpoint>
        <Trackpoint>
          <Time>2025-11-09T07:38:04Z</Time>
          <DistanceMeters>853.0</DistanceMeters>
          <HeartRateBpm>
            <Value>103</Value>
          </HeartRateBpm>
          <SensorState>Absent</SensorState>
        </Trackpoint>
        <Trackpoint>
          <Time>2025-11-09T07:38:07Z</Time>
          <DistanceMeters>853.0</DistanceMeters>
          <HeartRateBpm>
            <Value>102</Value>
          </HeartRateBpm>
          <SensorState>Absent</SensorState>
        </Trackpoint>
        <Trackpoint>
          <Time>2025-11-09T07:38:12Z</Time>
          <DistanceMeters>853.0</DistanceMeters>
          <HeartRateBpm>
            <Value>103</Value>
          </HeartRateBpm>
          <SensorState>Absent</SensorState>
        </Trackpoint>
        <Trackpoint>
          <Time>2025-11-09T07:38:13Z</Time>
          <DistanceMeters>853.0</DistanceMeters>
          <HeartRateBpm>
            <Value>104</Value>
          </HeartRateBpm>
          <SensorState>Absent</SensorState>
        </Trackpoint>
        <Trackpoint>
          <Time>2025-11-09T07:38:15Z</Time>
          <DistanceMeters>853.0</DistanceMeters>
          <HeartRateBpm>
            <Value>105</Value>
          </HeartRateBpm>
          <SensorState>Absent</SensorState>
        </Trackpoint>
        <Trackpoint>
          <Time>2025-11-09T07:38:16Z</Time>
          <DistanceMeters>853.0</DistanceMeters>
          <HeartRateBpm>
            <Value>106</Value>
          </HeartRateBpm>
          <SensorState>Absent</SensorState>
        </Trackpoint>
        <Trackpoint>
          <Time>2025-11-09T07:38:17Z</Time>
          <DistanceMeters>853.0</DistanceMeters>
          <HeartRateBpm>
            <Value>108</Value>
          </HeartRateBpm>
          <SensorState>Absent</SensorState>
        </Trackpoint>
        <Trackpoint>
          <Time>2025-11-09T07:38:19Z</Time>
          <DistanceMeters>853.0</DistanceMeters>
          <HeartRateBpm>
            <Value>109</Value>
          </HeartRateBpm>
          <SensorState>Absent</SensorState>
        </Trackpoint>
        <Trackpoint>
          <Time>2025-11-09T07:38:21Z</Time>
          <DistanceMeters>853.0</DistanceMeters>
          <HeartRateBpm>
            <Value>111</Value>
          </HeartRateBpm>
          <SensorState>Absent</SensorState>
        </Trackpoint>
        <Trackpoint>
          <Time>2025-11-09T07:38:27Z</Time>
          <DistanceMeters>853.0</DistanceMeters>
          <HeartRateBpm>
            <Value>112</Value>
          </HeartRateBpm>
          <SensorState>Absent</SensorState>
        </Trackpoint>
        <Trackpoint>
          <Time>2025-11-09T07:38:32Z</Time>
          <DistanceMeters>853.0</DistanceMeters>
          <HeartRateBpm>
            <Value>113</Value>
          </HeartRateBpm>
          <SensorState>Absent</SensorState>
        </Trackpoint>
        <Trackpoint>
          <Time>2025-11-09T07:38:34Z</Time>
          <DistanceMeters>853.0</DistanceMeters>
          <HeartRateBpm>
            <Value>114</Value>
          </HeartRateBpm>
          <SensorState>Absent</SensorState>
        </Trackpoint>
        <Trackpoint>
          <Time>2025-11-09T07:38:36Z</Time>
          <DistanceMeters>853.0</DistanceMeters>
          <HeartRateBpm>
            <Value>113</Value>
          </HeartRateBpm>
          <SensorState>Absent</SensorState>
        </Trackpoint>
        <Trackpoint>
          <Time>2025-11-09T07:38:42Z</Time>
          <DistanceMeters>864.0</DistanceMeters>
          <HeartRateBpm>
            <Value>112</Value>
          </HeartRateBpm>
          <SensorState>Absent</SensorState>
        </Trackpoint>
        <Trackpoint>
          <Time>2025-11-09T07:38:43Z</Time>
          <DistanceMeters>864.0</DistanceMeters>
          <HeartRateBpm>
            <Value>111</Value>
          </HeartRateBpm>
          <SensorState>Absent</SensorState>
        </Trackpoint>
        <Trackpoint>
          <Time>2025-11-09T07:38:48Z</Time>
          <DistanceMeters>864.0</DistanceMeters>
          <HeartRateBpm>
            <Value>112</Value>
          </HeartRateBpm>
          <SensorState>Absent</SensorState>
        </Trackpoint>
        <Trackpoint>
          <Time>2025-11-09T07:38:52Z</Time>
          <DistanceMeters>864.0</DistanceMeters>
          <HeartRateBpm>
            <Value>111</Value>
          </HeartRateBpm>
          <SensorState>Absent</SensorState>
        </Trackpoint>
        <Trackpoint>
          <Time>2025-11-09T07:38:56Z</Time>
          <DistanceMeters>864.0</DistanceMeters>
          <HeartRateBpm>
            <Value>112</Value>
          </HeartRateBpm>
          <SensorState>Absent</SensorState>
        </Trackpoint>
        <Trackpoint>
          <Time>2025-11-09T07:38:57Z</Time>
          <DistanceMeters>864.0</DistanceMeters>
          <HeartRateBpm>
            <Value>114</Value>
          </HeartRateBpm>
          <SensorState>Absent</SensorState>
        </Trackpoint>
        <Trackpoint>
          <Time>2025-11-09T07:38:58Z</Time>
          <DistanceMeters>864.0</DistanceMeters>
          <HeartRateBpm>
            <Value>115</Value>
          </HeartRateBpm>
          <SensorState>Absent</SensorState>
        </Trackpoint>
        <Trackpoint>
          <Time>2025-11-09T07:39:00Z</Time>
          <DistanceMeters>864.0</DistanceMeters>
          <HeartRateBpm>
            <Value>128</Value>
          </HeartRateBpm>
          <SensorState>Absent</SensorState>
        </Trackpoint>
        <Trackpoint>
          <Time>2025-11-09T07:39:01Z</Time>
          <DistanceMeters>864.0</DistanceMeters>
          <HeartRateBpm>
            <Value>116</Value>
          </HeartRateBpm>
          <SensorState>Absent</SensorState>
        </Trackpoint>
        <Trackpoint>
          <Time>2025-11-09T07:39:02Z</Time>
          <DistanceMeters>864.0</DistanceMeters>
          <HeartRateBpm>
            <Value>117</Value>
          </HeartRateBpm>
          <SensorState>Absent</SensorState>
        </Trackpoint>
        <Trackpoint>
          <Time>2025-11-09T07:39:04Z</Time>
          <DistanceMeters>864.0</DistanceMeters>
          <HeartRateBpm>
            <Value>118</Value>
          </HeartRateBpm>
          <SensorState>Absent</SensorState>
        </Trackpoint>
        <Trackpoint>
          <Time>2025-11-09T07:39:06Z</Time>
          <DistanceMeters>864.0</DistanceMeters>
          <HeartRateBpm>
            <Value>120</Value>
          </HeartRateBpm>
          <SensorState>Absent</SensorState>
        </Trackpoint>
        <Trackpoint>
          <Time>2025-11-09T07:39:08Z</Time>
          <DistanceMeters>864.0</DistanceMeters>
          <HeartRateBpm>
            <Value>123</Value>
          </HeartRateBpm>
          <SensorState>Absent</SensorState>
        </Trackpoint>
        <Trackpoint>
          <Time>2025-11-09T07:39:09Z</Time>
          <DistanceMeters>864.0</DistanceMeters>
          <HeartRateBpm>
            <Value>124</Value>
          </HeartRateBpm>
          <SensorState>Absent</SensorState>
        </Trackpoint>
        <Trackpoint>
          <Time>2025-11-09T07:39:10Z</Time>
          <DistanceMeters>864.0</DistanceMeters>
          <HeartRateBpm>
            <Value>125</Value>
          </HeartRateBpm>
          <SensorState>Absent</SensorState>
        </Trackpoint>
        <Trackpoint>
          <Time>2025-11-09T07:39:12Z</Time>
          <DistanceMeters>864.0</DistanceMeters>
          <HeartRateBpm>
            <Value>127</Value>
          </HeartRateBpm>
          <SensorState>Absent</SensorState>
        </Trackpoint>
        <Trackpoint>
          <Time>2025-11-09T07:39:13Z</Time>
          <DistanceMeters>864.0</DistanceMeters>
          <HeartRateBpm>
            <Value>128</Value>
          </HeartRateBpm>
          <SensorState>Absent</SensorState>
        </Trackpoint>
        <Trackpoint>
          <Time>2025-11-09T07:39:14Z</Time>
          <DistanceMeters>864.0</DistanceMeters>
          <HeartRateBpm>
            <Value>129</Value>
          </HeartRateBpm>
          <SensorState>Absent</SensorState>
        </Trackpoint>
        <Trackpoint>
          <Time>2025-11-09T07:39:18Z</Time>
          <DistanceMeters>864.0</DistanceMeters>
          <HeartRateBpm>
            <Value>128</Value>
          </HeartRateBpm>
          <SensorState>Absent</SensorState>
        </Trackpoint>
        <Trackpoint>
          <Time>2025-11-09T07:39:19Z</Time>
          <DistanceMeters>864.0</DistanceMeters>
          <HeartRateBpm>
            <Value>126</Value>
          </HeartRateBpm>
          <SensorState>Absent</SensorState>
        </Trackpoint>
        <Trackpoint>
          <Time>2025-11-09T07:39:20Z</Time>
          <DistanceMeters>864.0</DistanceMeters>
          <HeartRateBpm>
            <Value>125</Value>
          </HeartRateBpm>
          <SensorState>Absent</SensorState>
        </Trackpoint>
        <Trackpoint>
          <Time>2025-11-09T07:39:23Z</Time>
          <DistanceMeters>864.0</DistanceMeters>
          <HeartRateBpm>
            <Value>126</Value>
          </HeartRateBpm>
          <SensorState>Absent</SensorState>
        </Trackpoint>
        <Trackpoint>
          <Time>2025-11-09T07:39:26Z</Time>
          <DistanceMeters>864.0</DistanceMeters>
          <HeartRateBpm>
            <Value>125</Value>
          </HeartRateBpm>
          <SensorState>Absent</SensorState>
        </Trackpoint>
        <Trackpoint>
          <Time>2025-11-09T07:39:28Z</Time>
          <DistanceMeters>864.0</DistanceMeters>
          <HeartRateBpm>
            <Value>126</Value>
          </HeartRateBpm>
          <SensorState>Absent</SensorState>
        </Trackpoint>
        <Trackpoint>
          <Time>2025-11-09T07:39:30Z</Time>
          <DistanceMeters>864.0</DistanceMeters>
          <HeartRateBpm>
            <Value>127</Value>
          </HeartRateBpm>
          <SensorState>Absent</SensorState>
        </Trackpoint>
        <Trackpoint>
          <Time>2025-11-09T07:39:31Z</Time>
          <DistanceMeters>864.0</DistanceMeters>
          <HeartRateBpm>
            <Value>128</Value>
          </HeartRateBpm>
          <SensorState>Absent</SensorState>
        </Trackpoint>
        <Trackpoint>
          <Time>2025-11-09T07:39:32Z</Time>
          <DistanceMeters>864.0</DistanceMeters>
          <HeartRateBpm>
            <Value>130</Value>
          </HeartRateBpm>
          <SensorState>Absent</SensorState>
        </Trackpoint>
        <Trackpoint>
          <Time>2025-11-09T07:39:34Z</Time>
          <DistanceMeters>864.0</DistanceMeters>
          <HeartRateBpm>
            <Value>131</Value>
          </HeartRateBpm>
          <SensorState>Absent</SensorState>
        </Trackpoint>
        <Trackpoint>
          <Time>2025-11-09T07:39:36Z</Time>
          <DistanceMeters>864.0</DistanceMeters>
          <HeartRateBpm>
            <Value>132</Value>
          </HeartRateBpm>
          <SensorState>Absent</SensorState>
        </Trackpoint>
        <Trackpoint>
          <Time>2025-11-09T07:39:38Z</Time>
          <DistanceMeters>864.0</DistanceMeters>
          <HeartRateBpm>
            <Value>133</Value>
          </HeartRateBpm>
          <SensorState>Absent</SensorState>
        </Trackpoint>
        <Trackpoint>
          <Time>2025-11-09T07:39:39Z</Time>
          <DistanceMeters>864.0</DistanceMeters>
          <HeartRateBpm>
            <Value>134</Value>
          </HeartRateBpm>
          <SensorState>Absent</SensorState>
        </Trackpoint>
        <Trackpoint>
          <Time>2025-11-09T07:39:40Z</Time>
          <DistanceMeters>864.0</DistanceMeters>
          <HeartRateBpm>
            <Value>135</Value>
          </HeartRateBpm>
          <SensorState>Absent</SensorState>
        </Trackpoint>
        <Trackpoint>
          <Time>2025-11-09T07:39:41Z</Time>
          <DistanceMeters>875.0</DistanceMeters>
          <HeartRateBpm>
            <Value>136</Value>
          </HeartRateBpm>
          <SensorState>Absent</SensorState>
        </Trackpoint>
        <Trackpoint>
          <Time>2025-11-09T07:39:44Z</Time>
          <DistanceMeters>875.0</DistanceMeters>
          <HeartRateBpm>
            <Value>134</Value>
          </HeartRateBpm>
          <SensorState>Absent</SensorState>
        </Trackpoint>
        <Trackpoint>
          <Time>2025-11-09T07:39:45Z</Time>
          <DistanceMeters>875.0</DistanceMeters>
          <HeartRateBpm>
            <Value>133</Value>
          </HeartRateBpm>
          <SensorState>Absent</SensorState>
        </Trackpoint>
        <Trackpoint>
          <Time>2025-11-09T07:39:48Z</Time>
          <DistanceMeters>875.0</DistanceMeters>
          <HeartRateBpm>
            <Value>134</Value>
          </HeartRateBpm>
          <SensorState>Absent</SensorState>
        </Trackpoint>
        <Trackpoint>
          <Time>2025-11-09T07:39:49Z</Time>
          <DistanceMeters>875.0</DistanceMeters>
          <HeartRateBpm>
            <Value>133</Value>
          </HeartRateBpm>
          <SensorState>Absent</SensorState>
        </Trackpoint>
        <Trackpoint>
          <Time>2025-11-09T07:39:54Z</Time>
          <DistanceMeters>875.0</DistanceMeters>
          <HeartRateBpm>
            <Value>133</Value>
          </HeartRateBpm>
          <SensorState>Absent</SensorState>
        </Trackpoint>
        <Trackpoint>
          <Time>2025-11-09T07:39:57Z</Time>
          <DistanceMeters>875.0</DistanceMeters>
          <HeartRateBpm>
            <Value>132</Value>
          </HeartRateBpm>
          <SensorState>Absent</SensorState>
        </Trackpoint>
        <Trackpoint>
          <Time>2025-11-09T07:39:58Z</Time>
          <DistanceMeters>875.0</DistanceMeters>
          <HeartRateBpm>
            <Value>131</Value>
          </HeartRateBpm>
          <SensorState>Absent</SensorState>
        </Trackpoint>
        <Trackpoint>
          <Time>2025-11-09T07:40:00Z</Time>
          <DistanceMeters>875.0</DistanceMeters>
          <HeartRateBpm>
            <Value>106</Value>
          </HeartRateBpm>
          <SensorState>Absent</SensorState>
        </Trackpoint>
        <Trackpoint>
          <Time>2025-11-09T07:40:01Z</Time>
          <DistanceMeters>875.0</DistanceMeters>
          <HeartRateBpm>
            <Value>130</Value>
          </HeartRateBpm>
          <SensorState>Absent</SensorState>
        </Trackpoint>
        <Trackpoint>
          <Time>2025-11-09T07:40:02Z</Time>
          <DistanceMeters>875.0</DistanceMeters>
          <HeartRateBpm>
            <Value>127</Value>
          </HeartRateBpm>
          <SensorState>Absent</SensorState>
        </Trackpoint>
        <Trackpoint>
          <Time>2025-11-09T07:40:11Z</Time>
          <DistanceMeters>875.0</DistanceMeters>
          <HeartRateBpm>
            <Value>120</Value>
          </HeartRateBpm>
          <SensorState>Absent</SensorState>
        </Trackpoint>
        <Trackpoint>
          <Time>2025-11-09T07:40:12Z</Time>
          <DistanceMeters>875.0</DistanceMeters>
          <HeartRateBpm>
            <Value>118</Value>
          </HeartRateBpm>
          <SensorState>Absent</SensorState>
        </Trackpoint>
        <Trackpoint>
          <Time>2025-11-09T07:40:14Z</Time>
          <DistanceMeters>875.0</DistanceMeters>
          <HeartRateBpm>
            <Value>117</Value>
          </HeartRateBpm>
          <SensorState>Absent</SensorState>
        </Trackpoint>
        <Trackpoint>
          <Time>2025-11-09T07:40:15Z</Time>
          <DistanceMeters>875.0</DistanceMeters>
          <HeartRateBpm>
            <Value>114</Value>
          </HeartRateBpm>
          <SensorState>Absent</SensorState>
        </Trackpoint>
        <Trackpoint>
          <Time>2025-11-09T07:40:16Z</Time>
          <DistanceMeters>875.0</DistanceMeters>
          <HeartRateBpm>
            <Value>113</Value>
          </HeartRateBpm>
          <SensorState>Absent</SensorState>
        </Trackpoint>
        <Trackpoint>
          <Time>2025-11-09T07:40:19Z</Time>
          <DistanceMeters>875.0</DistanceMeters>
          <HeartRateBpm>
            <Value>112</Value>
          </HeartRateBpm>
          <SensorState>Absent</SensorState>
        </Trackpoint>
        <Trackpoint>
          <Time>2025-11-09T07:40:23Z</Time>
          <DistanceMeters>875.0</DistanceMeters>
          <HeartRateBpm>
            <Value>113</Value>
          </HeartRateBpm>
          <SensorState>Absent</SensorState>
        </Trackpoint>
        <Trackpoint>
          <Time>2025-11-09T07:40:27Z</Time>
          <DistanceMeters>875.0</DistanceMeters>
          <HeartRateBpm>
            <Value>112</Value>
          </HeartRateBpm>
          <SensorState>Absent</SensorState>
        </Trackpoint>
        <Trackpoint>
          <Time>2025-11-09T07:40:32Z</Time>
          <DistanceMeters>875.0</DistanceMeters>
          <HeartRateBpm>
            <Value>112</Value>
          </HeartRateBpm>
          <SensorState>Absent</SensorState>
        </Trackpoint>
        <Trackpoint>
          <Time>2025-11-09T07:40:33Z</Time>
          <DistanceMeters>875.0</DistanceMeters>
          <HeartRateBpm>
            <Value>110</Value>
          </HeartRateBpm>
          <SensorState>Absent</SensorState>
        </Trackpoint>
        <Trackpoint>
          <Time>2025-11-09T07:40:38Z</Time>
          <DistanceMeters>875.0</DistanceMeters>
          <HeartRateBpm>
            <Value>110</Value>
          </HeartRateBpm>
          <SensorState>Absent</SensorState>
        </Trackpoint>
        <Trackpoint>
          <Time>2025-11-09T07:40:41Z</Time>
          <DistanceMeters>886.0</DistanceMeters>
          <HeartRateBpm>
            <Value>111</Value>
          </HeartRateBpm>
          <SensorState>Absent</SensorState>
        </Trackpoint>
        <Trackpoint>
          <Time>2025-11-09T07:40:42Z</Time>
          <DistanceMeters>886.0</DistanceMeters>
          <HeartRateBpm>
            <Value>110</Value>
          </HeartRateBpm>
          <SensorState>Absent</SensorState>
        </Trackpoint>
        <Trackpoint>
          <Time>2025-11-09T07:40:44Z</Time>
          <DistanceMeters>886.0</DistanceMeters>
          <HeartRateBpm>
            <Value>108</Value>
          </HeartRateBpm>
          <SensorState>Absent</SensorState>
        </Trackpoint>
        <Trackpoint>
          <Time>2025-11-09T07:40:45Z</Time>
          <DistanceMeters>886.0</DistanceMeters>
          <HeartRateBpm>
            <Value>104</Value>
          </HeartRateBpm>
          <SensorState>Absent</SensorState>
        </Trackpoint>
        <Trackpoint>
          <Time>2025-11-09T07:40:46Z</Time>
          <DistanceMeters>886.0</DistanceMeters>
          <HeartRateBpm>
            <Value>97</Value>
          </HeartRateBpm>
          <SensorState>Absent</SensorState>
        </Trackpoint>
        <Trackpoint>
          <Time>2025-11-09T07:40:48Z</Time>
          <DistanceMeters>886.0</DistanceMeters>
          <HeartRateBpm>
            <Value>95</Value>
          </HeartRateBpm>
          <SensorState>Absent</SensorState>
        </Trackpoint>
        <Trackpoint>
          <Time>2025-11-09T07:40:49Z</Time>
          <DistanceMeters>886.0</DistanceMeters>
          <HeartRateBpm>
            <Value>93</Value>
          </HeartRateBpm>
          <SensorState>Absent</SensorState>
        </Trackpoint>
        <Trackpoint>
          <Time>2025-11-09T07:40:50Z</Time>
          <DistanceMeters>886.0</DistanceMeters>
          <HeartRateBpm>
            <Value>92</Value>
          </HeartRateBpm>
          <SensorState>Absent</SensorState>
        </Trackpoint>
        <Trackpoint>
          <Time>2025-11-09T07:40:55Z</Time>
          <DistanceMeters>886.0</DistanceMeters>
          <HeartRateBpm>
            <Value>90</Value>
          </HeartRateBpm>
          <SensorState>Absent</SensorState>
        </Trackpoint>
        <Trackpoint>
          <Time>2025-11-09T07:41:00Z</Time>
          <DistanceMeters>886.0</DistanceMeters>
          <HeartRateBpm>
            <Value>94</Value>
          </HeartRateBpm>
          <SensorState>Absent</SensorState>
        </Trackpoint>
        <Trackpoint>
          <Time>2025-11-09T07:41:00Z</Time>
          <DistanceMeters>886.0</DistanceMeters>
          <HeartRateBpm>
            <Value>90</Value>
          </HeartRateBpm>
          <SensorState>Absent</SensorState>
        </Trackpoint>
        <Trackpoint>
          <Time>2025-11-09T07:41:02Z</Time>
          <DistanceMeters>886.0</DistanceMeters>
          <HeartRateBpm>
            <Value>91</Value>
          </HeartRateBpm>
          <SensorState>Absent</SensorState>
        </Trackpoint>
        <Trackpoint>
          <Time>2025-11-09T07:41:07Z</Time>
          <DistanceMeters>886.0</DistanceMeters>
          <HeartRateBpm>
            <Value>92</Value>
          </HeartRateBpm>
          <SensorState>Absent</SensorState>
        </Trackpoint>
        <Trackpoint>
          <Time>2025-11-09T07:41:08Z</Time>
          <DistanceMeters>886.0</DistanceMeters>
          <HeartRateBpm>
            <Value>93</Value>
          </HeartRateBpm>
          <SensorState>Absent</SensorState>
        </Trackpoint>
        <Trackpoint>
          <Time>2025-11-09T07:41:11Z</Time>
          <DistanceMeters>886.0</DistanceMeters>
          <HeartRateBpm>
            <Value>92</Value>
          </HeartRateBpm>
          <SensorState>Absent</SensorState>
        </Trackpoint>
        <Trackpoint>
          <Time>2025-11-09T07:41:15Z</Time>
          <DistanceMeters>886.0</DistanceMeters>
          <HeartRateBpm>
            <Value>93</Value>
          </HeartRateBpm>
          <SensorState>Absent</SensorState>
        </Trackpoint>
        <Trackpoint>
          <Time>2025-11-09T07:41:19Z</Time>
          <DistanceMeters>886.0</DistanceMeters>
          <HeartRateBpm>
            <Value>94</Value>
          </HeartRateBpm>
          <SensorState>Absent</SensorState>
        </Trackpoint>
        <Trackpoint>
          <Time>2025-11-09T07:41:22Z</Time>
          <DistanceMeters>886.0</DistanceMeters>
          <HeartRateBpm>
            <Value>95</Value>
          </HeartRateBpm>
          <SensorState>Absent</SensorState>
        </Trackpoint>
        <Trackpoint>
          <Time>2025-11-09T07:41:28Z</Time>
          <DistanceMeters>886.0</DistanceMeters>
          <HeartRateBpm>
            <Value>94</Value>
          </HeartRateBpm>
          <SensorState>Absent</SensorState>
        </Trackpoint>
        <Trackpoint>
          <Time>2025-11-09T07:41:33Z</Time>
          <DistanceMeters>886.0</DistanceMeters>
          <HeartRateBpm>
            <Value>94</Value>
          </HeartRateBpm>
          <SensorState>Absent</SensorState>
        </Trackpoint>
        <Trackpoint>
          <Time>2025-11-09T07:41:36Z</Time>
          <DistanceMeters>886.0</DistanceMeters>
          <HeartRateBpm>
            <Value>93</Value>
          </HeartRateBpm>
          <SensorState>Absent</SensorState>
        </Trackpoint>
        <Trackpoint>
          <Time>2025-11-09T07:41:38Z</Time>
          <DistanceMeters>886.0</DistanceMeters>
          <HeartRateBpm>
            <Value>94</Value>
          </HeartRateBpm>
          <SensorState>Absent</SensorState>
        </Trackpoint>
        <Trackpoint>
          <Time>2025-11-09T07:41:43Z</Time>
          <DistanceMeters>897.0</DistanceMeters>
          <HeartRateBpm>
            <Value>95</Value>
          </HeartRateBpm>
          <SensorState>Absent</SensorState>
        </Trackpoint>
        <Trackpoint>
          <Time>2025-11-09T07:41:47Z</Time>
          <DistanceMeters>897.0</DistanceMeters>
          <HeartRateBpm>
            <Value>95</Value>
          </HeartRateBpm>
          <SensorState>Absent</SensorState>
        </Trackpoint>
        <Trackpoint>
          <Time>2025-11-09T07:41:49Z</Time>
          <DistanceMeters>897.0</DistanceMeters>
          <HeartRateBpm>
            <Value>94</Value>
          </HeartRateBpm>
          <SensorState>Absent</SensorState>
        </Trackpoint>
        <Trackpoint>
          <Time>2025-11-09T07:41:53Z</Time>
          <DistanceMeters>897.0</DistanceMeters>
          <HeartRateBpm>
            <Value>95</Value>
          </HeartRateBpm>
          <SensorState>Absent</SensorState>
        </Trackpoint>
        <Trackpoint>
          <Time>2025-11-09T07:41:54Z</Time>
          <DistanceMeters>897.0</DistanceMeters>
          <HeartRateBpm>
            <Value>97</Value>
          </HeartRateBpm>
          <SensorState>Absent</SensorState>
        </Trackpoint>
        <Trackpoint>
          <Time>2025-11-09T07:41:55Z</Time>
          <DistanceMeters>897.0</DistanceMeters>
          <HeartRateBpm>
            <Value>99</Value>
          </HeartRateBpm>
          <SensorState>Absent</SensorState>
        </Trackpoint>
        <Trackpoint>
          <Time>2025-11-09T07:41:59Z</Time>
          <DistanceMeters>897.0</DistanceMeters>
          <HeartRateBpm>
            <Value>100</Value>
          </HeartRateBpm>
          <SensorState>Absent</SensorState>
        </Trackpoint>
        <Trackpoint>
          <Time>2025-11-09T07:42:00Z</Time>
          <DistanceMeters>897.0</DistanceMeters>
          <HeartRateBpm>
            <Value>100</Value>
          </HeartRateBpm>
          <SensorState>Absent</SensorState>
        </Trackpoint>
        <Trackpoint>
          <Time>2025-11-09T07:42:04Z</Time>
          <DistanceMeters>897.0</DistanceMeters>
          <HeartRateBpm>
            <Value>100</Value>
          </HeartRateBpm>
          <SensorState>Absent</SensorState>
        </Trackpoint>
        <Trackpoint>
          <Time>2025-11-09T07:42:10Z</Time>
          <DistanceMeters>897.0</DistanceMeters>
          <HeartRateBpm>
            <Value>101</Value>
          </HeartRateBpm>
          <SensorState>Absent</SensorState>
        </Trackpoint>
        <Trackpoint>
          <Time>2025-11-09T07:42:13Z</Time>
          <DistanceMeters>897.0</DistanceMeters>
          <HeartRateBpm>
            <Value>102</Value>
          </HeartRateBpm>
          <SensorState>Absent</SensorState>
        </Trackpoint>
        <Trackpoint>
          <Time>2025-11-09T07:42:14Z</Time>
          <DistanceMeters>897.0</DistanceMeters>
          <HeartRateBpm>
            <Value>101</Value>
          </HeartRateBpm>
          <SensorState>Absent</SensorState>
        </Trackpoint>
        <Trackpoint>
          <Time>2025-11-09T07:42:20Z</Time>
          <DistanceMeters>897.0</DistanceMeters>
          <HeartRateBpm>
            <Value>101</Value>
          </HeartRateBpm>
          <SensorState>Absent</SensorState>
        </Trackpoint>
        <Trackpoint>
          <Time>2025-11-09T07:42:25Z</Time>
          <DistanceMeters>897.0</DistanceMeters>
          <HeartRateBpm>
            <Value>102</Value>
          </HeartRateBpm>
          <SensorState>Absent</SensorState>
        </Trackpoint>
        <Trackpoint>
          <Time>2025-11-09T07:42:26Z</Time>
          <DistanceMeters>897.0</DistanceMeters>
          <HeartRateBpm>
            <Value>105</Value>
          </HeartRateBpm>
          <SensorState>Absent</SensorState>
        </Trackpoint>
        <Trackpoint>
          <Time>2025-11-09T07:42:31Z</Time>
          <DistanceMeters>897.0</DistanceMeters>
          <HeartRateBpm>
            <Value>104</Value>
          </HeartRateBpm>
          <SensorState>Absent</SensorState>
        </Trackpoint>
        <Trackpoint>
          <Time>2025-11-09T07:42:32Z</Time>
          <DistanceMeters>897.0</DistanceMeters>
          <HeartRateBpm>
            <Value>103</Value>
          </HeartRateBpm>
          <SensorState>Absent</SensorState>
        </Trackpoint>
        <Trackpoint>
          <Time>2025-11-09T07:42:35Z</Time>
          <DistanceMeters>897.0</DistanceMeters>
          <HeartRateBpm>
            <Value>102</Value>
          </HeartRateBpm>
          <SensorState>Absent</SensorState>
        </Trackpoint>
        <Trackpoint>
          <Time>2025-11-09T07:42:40Z</Time>
          <DistanceMeters>897.0</DistanceMeters>
          <HeartRateBpm>
            <Value>102</Value>
          </HeartRateBpm>
          <SensorState>Absent</SensorState>
        </Trackpoint>
        <Trackpoint>
          <Time>2025-11-09T07:42:42Z</Time>
          <DistanceMeters>909.0</DistanceMeters>
          <HeartRateBpm>
            <Value>101</Value>
          </HeartRateBpm>
          <SensorState>Absent</SensorState>
        </Trackpoint>
        <Trackpoint>
          <Time>2025-11-09T07:42:43Z</Time>
          <DistanceMeters>909.0</DistanceMeters>
          <HeartRateBpm>
            <Value>100</Value>
          </HeartRateBpm>
          <SensorState>Absent</SensorState>
        </Trackpoint>
        <Trackpoint>
          <Time>2025-11-09T07:42:44Z</Time>
          <DistanceMeters>909.0</DistanceMeters>
          <HeartRateBpm>
            <Value>99</Value>
          </HeartRateBpm>
          <SensorState>Absent</SensorState>
        </Trackpoint>
        <Trackpoint>
          <Time>2025-11-09T07:42:47Z</Time>
          <DistanceMeters>909.0</DistanceMeters>
          <HeartRateBpm>
            <Value>98</Value>
          </HeartRateBpm>
          <SensorState>Absent</SensorState>
        </Trackpoint>
        <Trackpoint>
          <Time>2025-11-09T07:42:48Z</Time>
          <DistanceMeters>909.0</DistanceMeters>
          <HeartRateBpm>
            <Value>97</Value>
          </HeartRateBpm>
          <SensorState>Absent</SensorState>
        </Trackpoint>
        <Trackpoint>
          <Time>2025-11-09T07:42:53Z</Time>
          <DistanceMeters>909.0</DistanceMeters>
          <HeartRateBpm>
            <Value>98</Value>
          </HeartRateBpm>
          <SensorState>Absent</SensorState>
        </Trackpoint>
        <Trackpoint>
          <Time>2025-11-09T07:42:57Z</Time>
          <DistanceMeters>909.0</DistanceMeters>
          <HeartRateBpm>
            <Value>95</Value>
          </HeartRateBpm>
          <SensorState>Absent</SensorState>
        </Trackpoint>
        <Trackpoint>
          <Time>2025-11-09T07:42:58Z</Time>
          <DistanceMeters>909.0</DistanceMeters>
          <HeartRateBpm>
            <Value>93</Value>
          </HeartRateBpm>
          <SensorState>Absent</SensorState>
        </Trackpoint>
        <Trackpoint>
          <Time>2025-11-09T07:43:00Z</Time>
          <DistanceMeters>909.0</DistanceMeters>
          <HeartRateBpm>
            <Value>80</Value>
          </HeartRateBpm>
          <SensorState>Absent</SensorState>
        </Trackpoint>
        <Trackpoint>
          <Time>2025-11-09T07:43:00Z</Time>
          <DistanceMeters>909.0</DistanceMeters>
          <HeartRateBpm>
            <Value>91</Value>
          </HeartRateBpm>
          <SensorState>Absent</SensorState>
        </Trackpoint>
        <Trackpoint>
          <Time>2025-11-09T07:43:01Z</Time>
          <DistanceMeters>909.0</DistanceMeters>
          <HeartRateBpm>
            <Value>88</Value>
          </HeartRateBpm>
          <SensorState>Absent</SensorState>
        </Trackpoint>
        <Trackpoint>
          <Time>2025-11-09T07:43:02Z</Time>
          <DistanceMeters>909.0</DistanceMeters>
          <HeartRateBpm>
            <Value>86</Value>
          </HeartRateBpm>
          <SensorState>Absent</SensorState>
        </Trackpoint>
        <Trackpoint>
          <Time>2025-11-09T07:43:04Z</Time>
          <DistanceMeters>909.0</DistanceMeters>
          <HeartRateBpm>
            <Value>85</Value>
          </HeartRateBpm>
          <SensorState>Absent</SensorState>
        </Trackpoint>
        <Trackpoint>
          <Time>2025-11-09T07:43:06Z</Time>
          <DistanceMeters>909.0</DistanceMeters>
          <HeartRateBpm>
            <Value>84</Value>
          </HeartRateBpm>
          <SensorState>Absent</SensorState>
        </Trackpoint>
        <Trackpoint>
          <Time>2025-11-09T07:43:08Z</Time>
          <DistanceMeters>909.0</DistanceMeters>
          <HeartRateBpm>
            <Value>82</Value>
          </HeartRateBpm>
          <SensorState>Absent</SensorState>
        </Trackpoint>
        <Trackpoint>
          <Time>2025-11-09T07:43:09Z</Time>
          <DistanceMeters>909.0</DistanceMeters>
          <HeartRateBpm>
            <Value>81</Value>
          </HeartRateBpm>
          <SensorState>Absent</SensorState>
        </Trackpoint>
        <Trackpoint>
          <Time>2025-11-09T07:43:10Z</Time>
          <DistanceMeters>909.0</DistanceMeters>
          <HeartRateBpm>
            <Value>77</Value>
          </HeartRateBpm>
          <SensorState>Absent</SensorState>
        </Trackpoint>
        <Trackpoint>
          <Time>2025-11-09T07:43:12Z</Time>
          <DistanceMeters>909.0</DistanceMeters>
          <HeartRateBpm>
            <Value>76</Value>
          </HeartRateBpm>
          <SensorState>Absent</SensorState>
        </Trackpoint>
        <Trackpoint>
          <Time>2025-11-09T07:43:13Z</Time>
          <DistanceMeters>909.0</DistanceMeters>
          <HeartRateBpm>
            <Value>75</Value>
          </HeartRateBpm>
          <SensorState>Absent</SensorState>
        </Trackpoint>
        <Trackpoint>
          <Time>2025-11-09T07:43:14Z</Time>
          <DistanceMeters>909.0</DistanceMeters>
          <HeartRateBpm>
            <Value>76</Value>
          </HeartRateBpm>
          <SensorState>Absent</SensorState>
        </Trackpoint>
        <Trackpoint>
          <Time>2025-11-09T07:43:19Z</Time>
          <DistanceMeters>909.0</DistanceMeters>
          <HeartRateBpm>
            <Value>76</Value>
          </HeartRateBpm>
          <SensorState>Absent</SensorState>
        </Trackpoint>
        <Trackpoint>
          <Time>2025-11-09T07:43:24Z</Time>
          <DistanceMeters>909.0</DistanceMeters>
          <HeartRateBpm>
            <Value>77</Value>
          </HeartRateBpm>
          <SensorState>Absent</SensorState>
        </Trackpoint>
        <Trackpoint>
          <Time>2025-11-09T07:43:26Z</Time>
          <DistanceMeters>909.0</DistanceMeters>
          <HeartRateBpm>
            <Value>78</Value>
          </HeartRateBpm>
          <SensorState>Absent</SensorState>
        </Trackpoint>
        <Trackpoint>
          <Time>2025-11-09T07:43:30Z</Time>
          <DistanceMeters>909.0</DistanceMeters>
          <HeartRateBpm>
            <Value>79</Value>
          </HeartRateBpm>
          <SensorState>Absent</SensorState>
        </Trackpoint>
        <Trackpoint>
          <Time>2025-11-09T07:43:32Z</Time>
          <DistanceMeters>909.0</DistanceMeters>
          <HeartRateBpm>
            <Value>78</Value>
          </HeartRateBpm>
          <SensorState>Absent</SensorState>
        </Trackpoint>
        <Trackpoint>
          <Time>2025-11-09T07:43:36Z</Time>
          <DistanceMeters>909.0</DistanceMeters>
          <HeartRateBpm>
            <Value>81</Value>
          </HeartRateBpm>
          <SensorState>Absent</SensorState>
        </Trackpoint>
        <Trackpoint>
          <Time>2025-11-09T07:43:39Z</Time>
          <DistanceMeters>909.0</DistanceMeters>
          <HeartRateBpm>
            <Value>82</Value>
          </HeartRateBpm>
          <SensorState>Absent</SensorState>
        </Trackpoint>
        <Trackpoint>
          <Time>2025-11-09T07:43:40Z</Time>
          <DistanceMeters>909.0</DistanceMeters>
          <HeartRateBpm>
            <Value>84</Value>
          </HeartRateBpm>
          <SensorState>Absent</SensorState>
        </Trackpoint>
        <Trackpoint>
          <Time>2025-11-09T07:43:43Z</Time>
          <DistanceMeters>920.0</DistanceMeters>
          <HeartRateBpm>
            <Value>85</Value>
          </HeartRateBpm>
          <SensorState>Absent</SensorState>
        </Trackpoint>
        <Trackpoint>
          <Time>2025-11-09T07:43:48Z</Time>
          <DistanceMeters>920.0</DistanceMeters>
          <HeartRateBpm>
            <Value>85</Value>
          </HeartRateBpm>
          <SensorState>Absent</SensorState>
        </Trackpoint>
        <Trackpoint>
          <Time>2025-11-09T07:43:49Z</Time>
          <DistanceMeters>920.0</DistanceMeters>
          <HeartRateBpm>
            <Value>84</Value>
          </HeartRateBpm>
          <SensorState>Absent</SensorState>
        </Trackpoint>
        <Trackpoint>
          <Time>2025-11-09T07:43:52Z</Time>
          <DistanceMeters>920.0</DistanceMeters>
          <HeartRateBpm>
            <Value>83</Value>
          </HeartRateBpm>
          <SensorState>Absent</SensorState>
        </Trackpoint>
        <Trackpoint>
          <Time>2025-11-09T07:43:54Z</Time>
          <DistanceMeters>920.0</DistanceMeters>
          <HeartRateBpm>
            <Value>82</Value>
          </HeartRateBpm>
          <SensorState>Absent</SensorState>
        </Trackpoint>
        <Trackpoint>
          <Time>2025-11-09T07:43:58Z</Time>
          <DistanceMeters>920.0</DistanceMeters>
          <HeartRateBpm>
            <Value>83</Value>
          </HeartRateBpm>
          <SensorState>Absent</SensorState>
        </Trackpoint>
        <Trackpoint>
          <Time>2025-11-09T07:44:00Z</Time>
          <DistanceMeters>920.0</DistanceMeters>
          <HeartRateBpm>
            <Value>81</Value>
          </HeartRateBpm>
          <SensorState>Absent</SensorState>
        </Trackpoint>
        <Trackpoint>
          <Time>2025-11-09T07:44:02Z</Time>
          <DistanceMeters>920.0</DistanceMeters>
          <HeartRateBpm>
            <Value>85</Value>
          </HeartRateBpm>
          <SensorState>Absent</SensorState>
        </Trackpoint>
        <Trackpoint>
          <Time>2025-11-09T07:44:05Z</Time>
          <DistanceMeters>920.0</DistanceMeters>
          <HeartRateBpm>
            <Value>84</Value>
          </HeartRateBpm>
          <SensorState>Absent</SensorState>
        </Trackpoint>
        <Trackpoint>
          <Time>2025-11-09T07:44:06Z</Time>
          <DistanceMeters>920.0</DistanceMeters>
          <HeartRateBpm>
            <Value>82</Value>
          </HeartRateBpm>
          <SensorState>Absent</SensorState>
        </Trackpoint>
        <Trackpoint>
          <Time>2025-11-09T07:44:07Z</Time>
          <DistanceMeters>920.0</DistanceMeters>
          <HeartRateBpm>
            <Value>80</Value>
          </HeartRateBpm>
          <SensorState>Absent</SensorState>
        </Trackpoint>
        <Trackpoint>
          <Time>2025-11-09T07:44:08Z</Time>
          <DistanceMeters>920.0</DistanceMeters>
          <HeartRateBpm>
            <Value>79</Value>
          </HeartRateBpm>
          <SensorState>Absent</SensorState>
        </Trackpoint>
        <Trackpoint>
          <Time>2025-11-09T07:44:10Z</Time>
          <DistanceMeters>920.0</DistanceMeters>
          <HeartRateBpm>
            <Value>77</Value>
          </HeartRateBpm>
          <SensorState>Absent</SensorState>
        </Trackpoint>
        <Trackpoint>
          <Time>2025-11-09T07:44:15Z</Time>
          <DistanceMeters>920.0</DistanceMeters>
          <HeartRateBpm>
            <Value>77</Value>
          </HeartRateBpm>
          <SensorState>Absent</SensorState>
        </Trackpoint>
        <Trackpoint>
          <Time>2025-11-09T07:44:16Z</Time>
          <DistanceMeters>920.0</DistanceMeters>
          <HeartRateBpm>
            <Value>76</Value>
          </HeartRateBpm>
          <SensorState>Absent</SensorState>
        </Trackpoint>
        <Trackpoint>
          <Time>2025-11-09T07:44:19Z</Time>
          <DistanceMeters>920.0</DistanceMeters>
          <HeartRateBpm>
            <Value>77</Value>
          </HeartRateBpm>
          <SensorState>Absent</SensorState>
        </Trackpoint>
        <Trackpoint>
          <Time>2025-11-09T07:44:20Z</Time>
          <DistanceMeters>920.0</DistanceMeters>
          <HeartRateBpm>
            <Value>78</Value>
          </HeartRateBpm>
          <SensorState>Absent</SensorState>
        </Trackpoint>
        <Trackpoint>
          <Time>2025-11-09T07:44:23Z</Time>
          <DistanceMeters>920.0</DistanceMeters>
          <HeartRateBpm>
            <Value>79</Value>
          </HeartRateBpm>
          <SensorState>Absent</SensorState>
        </Trackpoint>
        <Trackpoint>
          <Time>2025-11-09T07:44:24Z</Time>
          <DistanceMeters>920.0</DistanceMeters>
          <HeartRateBpm>
            <Value>80</Value>
          </HeartRateBpm>
          <SensorState>Absent</SensorState>
        </Trackpoint>
        <Trackpoint>
          <Time>2025-11-09T07:44:26Z</Time>
          <DistanceMeters>920.0</DistanceMeters>
          <HeartRateBpm>
            <Value>79</Value>
          </HeartRateBpm>
          <SensorState>Absent</SensorState>
        </Trackpoint>
        <Trackpoint>
          <Time>2025-11-09T07:44:30Z</Time>
          <DistanceMeters>920.0</DistanceMeters>
          <HeartRateBpm>
            <Value>80</Value>
          </HeartRateBpm>
          <SensorState>Absent</SensorState>
        </Trackpoint>
        <Trackpoint>
          <Time>2025-11-09T07:44:33Z</Time>
          <DistanceMeters>920.0</DistanceMeters>
          <HeartRateBpm>
            <Value>79</Value>
          </HeartRateBpm>
          <SensorState>Absent</SensorState>
        </Trackpoint>
        <Trackpoint>
          <Time>2025-11-09T07:44:34Z</Time>
          <DistanceMeters>920.0</DistanceMeters>
          <HeartRateBpm>
            <Value>78</Value>
          </HeartRateBpm>
          <SensorState>Absent</SensorState>
        </Trackpoint>
        <Trackpoint>
          <Time>2025-11-09T07:44:37Z</Time>
          <DistanceMeters>920.0</DistanceMeters>
          <HeartRateBpm>
            <Value>79</Value>
          </HeartRateBpm>
          <SensorState>Absent</SensorState>
        </Trackpoint>
        <Trackpoint>
          <Time>2025-11-09T07:44:38Z</Time>
          <DistanceMeters>920.0</DistanceMeters>
          <HeartRateBpm>
            <Value>78</Value>
          </HeartRateBpm>
          <SensorState>Absent</SensorState>
        </Trackpoint>
        <Trackpoint>
          <Time>2025-11-09T07:44:44Z</Time>
          <DistanceMeters>931.0</DistanceMeters>
          <HeartRateBpm>
            <Value>79</Value>
          </HeartRateBpm>
          <SensorState>Absent</SensorState>
        </Trackpoint>
        <Trackpoint>
          <Time>2025-11-09T07:44:45Z</Time>
          <DistanceMeters>931.0</DistanceMeters>
          <HeartRateBpm>
            <Value>80</Value>
          </HeartRateBpm>
          <SensorState>Absent</SensorState>
        </Trackpoint>
        <Trackpoint>
          <Time>2025-11-09T07:44:46Z</Time>
          <DistanceMeters>931.0</DistanceMeters>
          <HeartRateBpm>
            <Value>84</Value>
          </HeartRateBpm>
          <SensorState>Absent</SensorState>
        </Trackpoint>
        <Trackpoint>
          <Time>2025-11-09T07:44:48Z</Time>
          <DistanceMeters>931.0</DistanceMeters>
          <HeartRateBpm>
            <Value>86</Value>
          </HeartRateBpm>
          <SensorState>Absent</SensorState>
        </Trackpoint>
        <Trackpoint>
          <Time>2025-11-09T07:44:49Z</Time>
          <DistanceMeters>931.0</DistanceMeters>
          <HeartRateBpm>
            <Value>87</Value>
          </HeartRateBpm>
          <SensorState>Absent</SensorState>
        </Trackpoint>
        <Trackpoint>
          <Time>2025-11-09T07:44:50Z</Time>
          <DistanceMeters>931.0</DistanceMeters>
          <HeartRateBpm>
            <Value>88</Value>
          </HeartRateBpm>
          <SensorState>Absent</SensorState>
        </Trackpoint>
        <Trackpoint>
          <Time>2025-11-09T07:44:51Z</Time>
          <DistanceMeters>931.0</DistanceMeters>
          <HeartRateBpm>
            <Value>89</Value>
          </HeartRateBpm>
          <SensorState>Absent</SensorState>
        </Trackpoint>
        <Trackpoint>
          <Time>2025-11-09T07:44:55Z</Time>
          <DistanceMeters>931.0</DistanceMeters>
          <HeartRateBpm>
            <Value>90</Value>
          </HeartRateBpm>
          <SensorState>Absent</SensorState>
        </Trackpoint>
        <Trackpoint>
          <Time>2025-11-09T07:44:56Z</Time>
          <DistanceMeters>931.0</DistanceMeters>
          <HeartRateBpm>
            <Value>91</Value>
          </HeartRateBpm>
          <SensorState>Absent</SensorState>
        </Trackpoint>
        <Trackpoint>
          <Time>2025-11-09T07:44:59Z</Time>
          <DistanceMeters>931.0</DistanceMeters>
          <HeartRateBpm>
            <Value>94</Value>
          </HeartRateBpm>
          <SensorState>Absent</SensorState>
        </Trackpoint>
        <Trackpoint>
          <Time>2025-11-09T07:45:00Z</Time>
          <DistanceMeters>931.0</DistanceMeters>
          <HeartRateBpm>
            <Value>94</Value>
          </HeartRateBpm>
          <SensorState>Absent</SensorState>
        </Trackpoint>
        <Trackpoint>
          <Time>2025-11-09T07:45:02Z</Time>
          <DistanceMeters>931.0</DistanceMeters>
          <HeartRateBpm>
            <Value>95</Value>
          </HeartRateBpm>
          <SensorState>Absent</SensorState>
        </Trackpoint>
        <Trackpoint>
          <Time>2025-11-09T07:45:03Z</Time>
          <DistanceMeters>931.0</DistanceMeters>
          <HeartRateBpm>
            <Value>96</Value>
          </HeartRateBpm>
          <SensorState>Absent</SensorState>
        </Trackpoint>
        <Trackpoint>
          <Time>2025-11-09T07:45:08Z</Time>
          <DistanceMeters>931.0</DistanceMeters>
          <HeartRateBpm>
            <Value>97</Value>
          </HeartRateBpm>
          <SensorState>Absent</SensorState>
        </Trackpoint>
        <Trackpoint>
          <Time>2025-11-09T07:45:12Z</Time>
          <DistanceMeters>931.0</DistanceMeters>
          <HeartRateBpm>
            <Value>98</Value>
          </HeartRateBpm>
          <SensorState>Absent</SensorState>
        </Trackpoint>
        <Trackpoint>
          <Time>2025-11-09T07:45:13Z</Time>
          <DistanceMeters>931.0</DistanceMeters>
          <HeartRateBpm>
            <Value>99</Value>
          </HeartRateBpm>
          <SensorState>Absent</SensorState>
        </Trackpoint>
        <Trackpoint>
          <Time>2025-11-09T07:45:15Z</Time>
          <DistanceMeters>931.0</DistanceMeters>
          <HeartRateBpm>
            <Value>100</Value>
          </HeartRateBpm>
          <SensorState>Absent</SensorState>
        </Trackpoint>
        <Trackpoint>
          <Time>2025-11-09T07:45:16Z</Time>
          <DistanceMeters>931.0</DistanceMeters>
          <HeartRateBpm>
            <Value>101</Value>
          </HeartRateBpm>
          <SensorState>Absent</SensorState>
        </Trackpoint>
        <Trackpoint>
          <Time>2025-11-09T07:45:20Z</Time>
          <DistanceMeters>931.0</DistanceMeters>
          <HeartRateBpm>
            <Value>100</Value>
          </HeartRateBpm>
          <SensorState>Absent</SensorState>
        </Trackpoint>
        <Trackpoint>
          <Time>2025-11-09T07:45:21Z</Time>
          <DistanceMeters>931.0</DistanceMeters>
          <HeartRateBpm>
            <Value>98</Value>
          </HeartRateBpm>
          <SensorState>Absent</SensorState>
        </Trackpoint>
        <Trackpoint>
          <Time>2025-11-09T07:45:26Z</Time>
          <DistanceMeters>931.0</DistanceMeters>
          <HeartRateBpm>
            <Value>98</Value>
          </HeartRateBpm>
          <SensorState>Absent</SensorState>
        </Trackpoint>
        <Trackpoint>
          <Time>2025-11-09T07:45:28Z</Time>
          <DistanceMeters>931.0</DistanceMeters>
          <HeartRateBpm>
            <Value>97</Value>
          </HeartRateBpm>
          <SensorState>Absent</SensorState>
        </Trackpoint>
        <Trackpoint>
          <Time>2025-11-09T07:45:29Z</Time>
          <DistanceMeters>931.0</DistanceMeters>
          <HeartRateBpm>
            <Value>96</Value>
          </HeartRateBpm>
          <SensorState>Absent</SensorState>
        </Trackpoint>
        <Trackpoint>
          <Time>2025-11-09T07:45:30Z</Time>
          <DistanceMeters>931.0</DistanceMeters>
          <HeartRateBpm>
            <Value>95</Value>
          </HeartRateBpm>
          <SensorState>Absent</SensorState>
        </Trackpoint>
        <Trackpoint>
          <Time>2025-11-09T07:45:33Z</Time>
          <DistanceMeters>931.0</DistanceMeters>
          <HeartRateBpm>
            <Value>94</Value>
          </HeartRateBpm>
          <SensorState>Absent</SensorState>
        </Trackpoint>
        <Trackpoint>
          <Time>2025-11-09T07:45:34Z</Time>
          <DistanceMeters>931.0</DistanceMeters>
          <HeartRateBpm>
            <Value>93</Value>
          </HeartRateBpm>
          <SensorState>Absent</SensorState>
        </Trackpoint>
        <Trackpoint>
          <Time>2025-11-09T07:45:36Z</Time>
          <DistanceMeters>931.0</DistanceMeters>
          <HeartRateBpm>
            <Value>92</Value>
          </HeartRateBpm>
          <SensorState>Absent</SensorState>
        </Trackpoint>
        <Trackpoint>
          <Time>2025-11-09T07:45:38Z</Time>
          <DistanceMeters>931.0</DistanceMeters>
          <HeartRateBpm>
            <Value>91</Value>
          </HeartRateBpm>
          <SensorState>Absent</SensorState>
        </Trackpoint>
        <Trackpoint>
          <Time>2025-11-09T07:45:41Z</Time>
          <DistanceMeters>941.0</DistanceMeters>
          <HeartRateBpm>
            <Value>90</Value>
          </HeartRateBpm>
          <SensorState>Absent</SensorState>
        </Trackpoint>
        <Trackpoint>
          <Time>2025-11-09T07:45:43Z</Time>
          <DistanceMeters>941.0</DistanceMeters>
          <HeartRateBpm>
            <Value>89</Value>
          </HeartRateBpm>
          <SensorState>Absent</SensorState>
        </Trackpoint>
        <Trackpoint>
          <Time>2025-11-09T07:45:47Z</Time>
          <DistanceMeters>941.0</DistanceMeters>
          <HeartRateBpm>
            <Value>90</Value>
          </HeartRateBpm>
          <SensorState>Absent</SensorState>
        </Trackpoint>
        <Trackpoint>
          <Time>2025-11-09T07:45:51Z</Time>
          <DistanceMeters>941.0</DistanceMeters>
          <HeartRateBpm>
            <Value>89</Value>
          </HeartRateBpm>
          <SensorState>Absent</SensorState>
        </Trackpoint>
        <Trackpoint>
          <Time>2025-11-09T07:45:56Z</Time>
          <DistanceMeters>941.0</DistanceMeters>
          <HeartRateBpm>
            <Value>89</Value>
          </HeartRateBpm>
          <SensorState>Absent</SensorState>
        </Trackpoint>
        <Trackpoint>
          <Time>2025-11-09T07:46:00Z</Time>
          <DistanceMeters>941.0</DistanceMeters>
          <HeartRateBpm>
            <Value>91</Value>
          </HeartRateBpm>
          <SensorState>Absent</SensorState>
        </Trackpoint>
        <Trackpoint>
          <Time>2025-11-09T07:46:01Z</Time>
          <DistanceMeters>941.0</DistanceMeters>
          <HeartRateBpm>
            <Value>89</Value>
          </HeartRateBpm>
          <SensorState>Absent</SensorState>
        </Trackpoint>
        <Trackpoint>
          <Time>2025-11-09T07:46:05Z</Time>
          <DistanceMeters>941.0</DistanceMeters>
          <HeartRateBpm>
            <Value>89</Value>
          </HeartRateBpm>
          <SensorState>Absent</SensorState>
        </Trackpoint>
        <Trackpoint>
          <Time>2025-11-09T07:46:08Z</Time>
          <DistanceMeters>941.0</DistanceMeters>
          <HeartRateBpm>
            <Value>90</Value>
          </HeartRateBpm>
          <SensorState>Absent</SensorState>
        </Trackpoint>
        <Trackpoint>
          <Time>2025-11-09T07:46:09Z</Time>
          <DistanceMeters>941.0</DistanceMeters>
          <HeartRateBpm>
            <Value>91</Value>
          </HeartRateBpm>
          <SensorState>Absent</SensorState>
        </Trackpoint>
        <Trackpoint>
          <Time>2025-11-09T07:46:14Z</Time>
          <DistanceMeters>941.0</DistanceMeters>
          <HeartRateBpm>
            <Value>90</Value>
          </HeartRateBpm>
          <SensorState>Absent</SensorState>
        </Trackpoint>
        <Trackpoint>
          <Time>2025-11-09T07:46:18Z</Time>
          <DistanceMeters>941.0</DistanceMeters>
          <HeartRateBpm>
            <Value>87</Value>
          </HeartRateBpm>
          <SensorState>Absent</SensorState>
        </Trackpoint>
        <Trackpoint>
          <Time>2025-11-09T07:46:21Z</Time>
          <DistanceMeters>941.0</DistanceMeters>
          <HeartRateBpm>
            <Value>88</Value>
          </HeartRateBpm>
          <SensorState>Absent</SensorState>
        </Trackpoint>
        <Trackpoint>
          <Time>2025-11-09T07:46:22Z</Time>
          <DistanceMeters>941.0</DistanceMeters>
          <HeartRateBpm>
            <Value>91</Value>
          </HeartRateBpm>
          <SensorState>Absent</SensorState>
        </Trackpoint>
        <Trackpoint>
          <Time>2025-11-09T07:46:25Z</Time>
          <DistanceMeters>941.0</DistanceMeters>
          <HeartRateBpm>
            <Value>92</Value>
          </HeartRateBpm>
          <SensorState>Absent</SensorState>
        </Trackpoint>
        <Trackpoint>
          <Time>2025-11-09T07:46:26Z</Time>
          <DistanceMeters>941.0</DistanceMeters>
          <HeartRateBpm>
            <Value>91</Value>
          </HeartRateBpm>
          <SensorState>Absent</SensorState>
        </Trackpoint>
        <Trackpoint>
          <Time>2025-11-09T07:46:29Z</Time>
          <DistanceMeters>941.0</DistanceMeters>
          <HeartRateBpm>
            <Value>90</Value>
          </HeartRateBpm>
          <SensorState>Absent</SensorState>
        </Trackpoint>
        <Trackpoint>
          <Time>2025-11-09T07:46:31Z</Time>
          <DistanceMeters>941.0</DistanceMeters>
          <HeartRateBpm>
            <Value>89</Value>
          </HeartRateBpm>
          <SensorState>Absent</SensorState>
        </Trackpoint>
        <Trackpoint>
          <Time>2025-11-09T07:46:35Z</Time>
          <DistanceMeters>941.0</DistanceMeters>
          <HeartRateBpm>
            <Value>90</Value>
          </HeartRateBpm>
          <SensorState>Absent</SensorState>
        </Trackpoint>
        <Trackpoint>
          <Time>2025-11-09T07:46:40Z</Time>
          <DistanceMeters>941.0</DistanceMeters>
          <HeartRateBpm>
            <Value>91</Value>
          </HeartRateBpm>
          <SensorState>Absent</SensorState>
        </Trackpoint>
        <Trackpoint>
          <Time>2025-11-09T07:46:44Z</Time>
          <DistanceMeters>953.0</DistanceMeters>
          <HeartRateBpm>
            <Value>94</Value>
          </HeartRateBpm>
          <SensorState>Absent</SensorState>
        </Trackpoint>
        <Trackpoint>
          <Time>2025-11-09T07:46:46Z</Time>
          <DistanceMeters>953.0</DistanceMeters>
          <HeartRateBpm>
            <Value>95</Value>
          </HeartRateBpm>
          <SensorState>Absent</SensorState>
        </Trackpoint>
        <Trackpoint>
          <Time>2025-11-09T07:46:51Z</Time>
          <DistanceMeters>953.0</DistanceMeters>
          <HeartRateBpm>
            <Value>95</Value>
          </HeartRateBpm>
          <SensorState>Absent</SensorState>
        </Trackpoint>
        <Trackpoint>
          <Time>2025-11-09T07:46:55Z</Time>
          <DistanceMeters>953.0</DistanceMeters>
          <HeartRateBpm>
            <Value>96</Value>
          </HeartRateBpm>
          <SensorState>Absent</SensorState>
        </Trackpoint>
        <Trackpoint>
          <Time>2025-11-09T07:46:57Z</Time>
          <DistanceMeters>953.0</DistanceMeters>
          <HeartRateBpm>
            <Value>95</Value>
          </HeartRateBpm>
          <SensorState>Absent</SensorState>
        </Trackpoint>
        <Trackpoint>
          <Time>2025-11-09T07:46:58Z</Time>
          <DistanceMeters>953.0</DistanceMeters>
          <HeartRateBpm>
            <Value>96</Value>
          </HeartRateBpm>
          <SensorState>Absent</SensorState>
        </Trackpoint>
        <Trackpoint>
          <Time>2025-11-09T07:47:00Z</Time>
          <DistanceMeters>953.0</DistanceMeters>
          <HeartRateBpm>
            <Value>100</Value>
          </HeartRateBpm>
          <SensorState>Absent</SensorState>
        </Trackpoint>
        <Trackpoint>
          <Time>2025-11-09T07:47:04Z</Time>
          <DistanceMeters>953.0</DistanceMeters>
          <HeartRateBpm>
            <Value>96</Value>
          </HeartRateBpm>
          <SensorState>Absent</SensorState>
        </Trackpoint>
        <Trackpoint>
          <Time>2025-11-09T07:47:06Z</Time>
          <DistanceMeters>953.0</DistanceMeters>
          <HeartRateBpm>
            <Value>97</Value>
          </HeartRateBpm>
          <SensorState>Absent</SensorState>
        </Trackpoint>
        <Trackpoint>
          <Time>2025-11-09T07:47:08Z</Time>
          <DistanceMeters>953.0</DistanceMeters>
          <HeartRateBpm>
            <Value>98</Value>
          </HeartRateBpm>
          <SensorState>Absent</SensorState>
        </Trackpoint>
        <Trackpoint>
          <Time>2025-11-09T07:47:09Z</Time>
          <DistanceMeters>953.0</DistanceMeters>
          <HeartRateBpm>
            <Value>99</Value>
          </HeartRateBpm>
          <SensorState>Absent</SensorState>
        </Trackpoint>
        <Trackpoint>
          <Time>2025-11-09T07:47:12Z</Time>
          <DistanceMeters>953.0</DistanceMeters>
          <HeartRateBpm>
            <Value>100</Value>
          </HeartRateBpm>
          <SensorState>Absent</SensorState>
        </Trackpoint>
        <Trackpoint>
          <Time>2025-11-09T07:47:17Z</Time>
          <DistanceMeters>953.0</DistanceMeters>
          <HeartRateBpm>
            <Value>101</Value>
          </HeartRateBpm>
          <SensorState>Absent</SensorState>
        </Trackpoint>
        <Trackpoint>
          <Time>2025-11-09T07:47:18Z</Time>
          <DistanceMeters>953.0</DistanceMeters>
          <HeartRateBpm>
            <Value>102</Value>
          </HeartRateBpm>
          <SensorState>Absent</SensorState>
        </Trackpoint>
        <Trackpoint>
          <Time>2025-11-09T07:47:23Z</Time>
          <DistanceMeters>953.0</DistanceMeters>
          <HeartRateBpm>
            <Value>102</Value>
          </HeartRateBpm>
          <SensorState>Absent</SensorState>
        </Trackpoint>
        <Trackpoint>
          <Time>2025-11-09T07:47:24Z</Time>
          <DistanceMeters>953.0</DistanceMeters>
          <HeartRateBpm>
            <Value>101</Value>
          </HeartRateBpm>
          <SensorState>Absent</SensorState>
        </Trackpoint>
        <Trackpoint>
          <Time>2025-11-09T07:47:26Z</Time>
          <DistanceMeters>953.0</DistanceMeters>
          <HeartRateBpm>
            <Value>102</Value>
          </HeartRateBpm>
          <SensorState>Absent</SensorState>
        </Trackpoint>
        <Trackpoint>
          <Time>2025-11-09T07:47:31Z</Time>
          <DistanceMeters>953.0</DistanceMeters>
          <HeartRateBpm>
            <Value>102</Value>
          </HeartRateBpm>
          <SensorState>Absent</SensorState>
        </Trackpoint>
        <Trackpoint>
          <Time>2025-11-09T07:47:32Z</Time>
          <DistanceMeters>953.0</DistanceMeters>
          <HeartRateBpm>
            <Value>100</Value>
          </HeartRateBpm>
          <SensorState>Absent</SensorState>
        </Trackpoint>
        <Trackpoint>
          <Time>2025-11-09T07:47:34Z</Time>
          <DistanceMeters>953.0</DistanceMeters>
          <HeartRateBpm>
            <Value>101</Value>
          </HeartRateBpm>
          <SensorState>Absent</SensorState>
        </Trackpoint>
        <Trackpoint>
          <Time>2025-11-09T07:47:35Z</Time>
          <DistanceMeters>953.0</DistanceMeters>
          <HeartRateBpm>
            <Value>100</Value>
          </HeartRateBpm>
          <SensorState>Absent</SensorState>
        </Trackpoint>
        <Trackpoint>
          <Time>2025-11-09T07:47:36Z</Time>
          <DistanceMeters>953.0</DistanceMeters>
          <HeartRateBpm>
            <Value>101</Value>
          </HeartRateBpm>
          <SensorState>Absent</SensorState>
        </Trackpoint>
        <Trackpoint>
          <Time>2025-11-09T07:47:41Z</Time>
          <DistanceMeters>964.0</DistanceMeters>
          <HeartRateBpm>
            <Value>101</Value>
          </HeartRateBpm>
          <SensorState>Absent</SensorState>
        </Trackpoint>
        <Trackpoint>
          <Time>2025-11-09T07:47:46Z</Time>
          <DistanceMeters>964.0</DistanceMeters>
          <HeartRateBpm>
            <Value>101</Value>
          </HeartRateBpm>
          <SensorState>Absent</SensorState>
        </Trackpoint>
        <Trackpoint>
          <Time>2025-11-09T07:47:49Z</Time>
          <DistanceMeters>964.0</DistanceMeters>
          <HeartRateBpm>
            <Value>100</Value>
          </HeartRateBpm>
          <SensorState>Absent</SensorState>
        </Trackpoint>
        <Trackpoint>
          <Time>2025-11-09T07:47:52Z</Time>
          <DistanceMeters>964.0</DistanceMeters>
          <HeartRateBpm>
            <Value>101</Value>
          </HeartRateBpm>
          <SensorState>Absent</SensorState>
        </Trackpoint>
        <Trackpoint>
          <Time>2025-11-09T07:47:57Z</Time>
          <DistanceMeters>964.0</DistanceMeters>
          <HeartRateBpm>
            <Value>101</Value>
          </HeartRateBpm>
          <SensorState>Absent</SensorState>
        </Trackpoint>
        <Trackpoint>
          <Time>2025-11-09T07:47:58Z</Time>
          <DistanceMeters>964.0</DistanceMeters>
          <HeartRateBpm>
            <Value>102</Value>
          </HeartRateBpm>
          <SensorState>Absent</SensorState>
        </Trackpoint>
        <Trackpoint>
          <Time>2025-11-09T07:48:00Z</Time>
          <DistanceMeters>964.0</DistanceMeters>
          <HeartRateBpm>
            <Value>115</Value>
          </HeartRateBpm>
          <SensorState>Absent</SensorState>
        </Trackpoint>
        <Trackpoint>
          <Time>2025-11-09T07:48:00Z</Time>
          <DistanceMeters>964.0</DistanceMeters>
          <HeartRateBpm>
            <Value>105</Value>
          </HeartRateBpm>
          <SensorState>Absent</SensorState>
        </Trackpoint>
        <Trackpoint>
          <Time>2025-11-09T07:48:01Z</Time>
          <DistanceMeters>964.0</DistanceMeters>
          <HeartRateBpm>
            <Value>109</Value>
          </HeartRateBpm>
          <SensorState>Absent</SensorState>
        </Trackpoint>
        <Trackpoint>
          <Time>2025-11-09T07:48:02Z</Time>
          <DistanceMeters>964.0</DistanceMeters>
          <HeartRateBpm>
            <Value>114</Value>
          </HeartRateBpm>
          <SensorState>Absent</SensorState>
        </Trackpoint>
        <Trackpoint>
          <Time>2025-11-09T07:48:03Z</Time>
          <DistanceMeters>964.0</DistanceMeters>
          <HeartRateBpm>
            <Value>115</Value>
          </HeartRateBpm>
          <SensorState>Absent</SensorState>
        </Trackpoint>
        <Trackpoint>
          <Time>2025-11-09T07:48:08Z</Time>
          <DistanceMeters>964.0</DistanceMeters>
          <HeartRateBpm>
            <Value>115</Value>
          </HeartRateBpm>
          <SensorState>Absent</SensorState>
        </Trackpoint>
        <Trackpoint>
          <Time>2025-11-09T07:48:10Z</Time>
          <DistanceMeters>964.0</DistanceMeters>
          <HeartRateBpm>
            <Value>116</Value>
          </HeartRateBpm>
          <SensorState>Absent</SensorState>
        </Trackpoint>
        <Trackpoint>
          <Time>2025-11-09T07:48:15Z</Time>
          <DistanceMeters>964.0</DistanceMeters>
          <HeartRateBpm>
            <Value>116</Value>
          </HeartRateBpm>
          <SensorState>Absent</SensorState>
        </Trackpoint>
        <Trackpoint>
          <Time>2025-11-09T07:48:20Z</Time>
          <DistanceMeters>964.0</DistanceMeters>
          <HeartRateBpm>
            <Value>115</Value>
          </HeartRateBpm>
          <SensorState>Absent</SensorState>
        </Trackpoint>
        <Trackpoint>
          <Time>2025-11-09T07:48:22Z</Time>
          <DistanceMeters>964.0</DistanceMeters>
          <HeartRateBpm>
            <Value>116</Value>
          </HeartRateBpm>
          <SensorState>Absent</SensorState>
        </Trackpoint>
        <Trackpoint>
          <Time>2025-11-09T07:48:24Z</Time>
          <DistanceMeters>964.0</DistanceMeters>
          <HeartRateBpm>
            <Value>117</Value>
          </HeartRateBpm>
          <SensorState>Absent</SensorState>
        </Trackpoint>
        <Trackpoint>
          <Time>2025-11-09T07:48:25Z</Time>
          <DistanceMeters>964.0</DistanceMeters>
          <HeartRateBpm>
            <Value>115</Value>
          </HeartRateBpm>
          <SensorState>Absent</SensorState>
        </Trackpoint>
        <Trackpoint>
          <Time>2025-11-09T07:48:31Z</Time>
          <DistanceMeters>964.0</DistanceMeters>
          <HeartRateBpm>
            <Value>115</Value>
          </HeartRateBpm>
          <SensorState>Absent</SensorState>
        </Trackpoint>
        <Trackpoint>
          <Time>2025-11-09T07:48:33Z</Time>
          <DistanceMeters>964.0</DistanceMeters>
          <HeartRateBpm>
            <Value>120</Value>
          </HeartRateBpm>
          <SensorState>Absent</SensorState>
        </Trackpoint>
        <Trackpoint>
          <Time>2025-11-09T07:48:34Z</Time>
          <DistanceMeters>964.0</DistanceMeters>
          <HeartRateBpm>
            <Value>121</Value>
          </HeartRateBpm>
          <SensorState>Absent</SensorState>
        </Trackpoint>
        <Trackpoint>
          <Time>2025-11-09T07:48:37Z</Time>
          <DistanceMeters>964.0</DistanceMeters>
          <HeartRateBpm>
            <Value>117</Value>
          </HeartRateBpm>
          <SensorState>Absent</SensorState>
        </Trackpoint>
        <Trackpoint>
          <Time>2025-11-09T07:48:40Z</Time>
          <DistanceMeters>964.0</DistanceMeters>
          <HeartRateBpm>
            <Value>118</Value>
          </HeartRateBpm>
          <SensorState>Absent</SensorState>
        </Trackpoint>
        <Trackpoint>
          <Time>2025-11-09T07:48:45Z</Time>
          <DistanceMeters>964.0</DistanceMeters>
          <HeartRateBpm>
            <Value>119</Value>
          </HeartRateBpm>
          <SensorState>Absent</SensorState>
        </Trackpoint>
        <Trackpoint>
          <Time>2025-11-09T07:48:46Z</Time>
          <DistanceMeters>964.0</DistanceMeters>
          <HeartRateBpm>
            <Value>118</Value>
          </HeartRateBpm>
          <SensorState>Absent</SensorState>
        </Trackpoint>
        <Trackpoint>
          <Time>2025-11-09T07:48:49Z</Time>
          <DistanceMeters>964.0</DistanceMeters>
          <HeartRateBpm>
            <Value>117</Value>
          </HeartRateBpm>
          <SensorState>Absent</SensorState>
        </Trackpoint>
        <Trackpoint>
          <Time>2025-11-09T07:48:51Z</Time>
          <DistanceMeters>964.0</DistanceMeters>
          <HeartRateBpm>
            <Value>115</Value>
          </HeartRateBpm>
          <SensorState>Absent</SensorState>
        </Trackpoint>
        <Trackpoint>
          <Time>2025-11-09T07:48:53Z</Time>
          <DistanceMeters>964.0</DistanceMeters>
          <HeartRateBpm>
            <Value>113</Value>
          </HeartRateBpm>
          <SensorState>Absent</SensorState>
        </Trackpoint>
        <Trackpoint>
          <Time>2025-11-09T07:48:54Z</Time>
          <DistanceMeters>964.0</DistanceMeters>
          <HeartRateBpm>
            <Value>112</Value>
          </HeartRateBpm>
          <SensorState>Absent</SensorState>
        </Trackpoint>
        <Trackpoint>
          <Time>2025-11-09T07:48:58Z</Time>
          <DistanceMeters>964.0</DistanceMeters>
          <HeartRateBpm>
            <Value>110</Value>
          </HeartRateBpm>
          <SensorState>Absent</SensorState>
        </Trackpoint>
        <Trackpoint>
          <Time>2025-11-09T07:48:59Z</Time>
          <DistanceMeters>964.0</DistanceMeters>
          <HeartRateBpm>
            <Value>101</Value>
          </HeartRateBpm>
          <SensorState>Absent</SensorState>
        </Trackpoint>
        <Trackpoint>
          <Time>2025-11-09T07:49:00Z</Time>
          <DistanceMeters>964.0</DistanceMeters>
          <HeartRateBpm>
            <Value>99</Value>
          </HeartRateBpm>
          <SensorState>Absent</SensorState>
        </Trackpoint>
        <Trackpoint>
          <Time>2025-11-09T07:49:00Z</Time>
          <DistanceMeters>964.0</DistanceMeters>
          <HeartRateBpm>
            <Value>98</Value>
          </HeartRateBpm>
          <SensorState>Absent</SensorState>
        </Trackpoint>
        <Trackpoint>
          <Time>2025-11-09T07:49:02Z</Time>
          <DistanceMeters>964.0</DistanceMeters>
          <HeartRateBpm>
            <Value>96</Value>
          </HeartRateBpm>
          <SensorState>Absent</SensorState>
        </Trackpoint>
        <Trackpoint>
          <Time>2025-11-09T07:49:03Z</Time>
          <DistanceMeters>964.0</DistanceMeters>
          <HeartRateBpm>
            <Value>97</Value>
          </HeartRateBpm>
          <SensorState>Absent</SensorState>
        </Trackpoint>
        <Trackpoint>
          <Time>2025-11-09T07:49:04Z</Time>
          <DistanceMeters>964.0</DistanceMeters>
          <HeartRateBpm>
            <Value>96</Value>
          </HeartRateBpm>
          <SensorState>Absent</SensorState>
        </Trackpoint>
        <Trackpoint>
          <Time>2025-11-09T07:49:06Z</Time>
          <DistanceMeters>964.0</DistanceMeters>
          <HeartRateBpm>
            <Value>95</Value>
          </HeartRateBpm>
          <SensorState>Absent</SensorState>
        </Trackpoint>
        <Trackpoint>
          <Time>2025-11-09T07:49:11Z</Time>
          <DistanceMeters>964.0</DistanceMeters>
          <HeartRateBpm>
            <Value>96</Value>
          </HeartRateBpm>
          <SensorState>Absent</SensorState>
        </Trackpoint>
        <Trackpoint>
          <Time>2025-11-09T07:49:15Z</Time>
          <DistanceMeters>964.0</DistanceMeters>
          <HeartRateBpm>
            <Value>97</Value>
          </HeartRateBpm>
          <SensorState>Absent</SensorState>
        </Trackpoint>
        <Trackpoint>
          <Time>2025-11-09T07:49:20Z</Time>
          <DistanceMeters>964.0</DistanceMeters>
          <HeartRateBpm>
            <Value>98</Value>
          </HeartRateBpm>
          <SensorState>Absent</SensorState>
        </Trackpoint>
        <Trackpoint>
          <Time>2025-11-09T07:49:21Z</Time>
          <DistanceMeters>964.0</DistanceMeters>
          <HeartRateBpm>
            <Value>99</Value>
          </HeartRateBpm>
          <SensorState>Absent</SensorState>
        </Trackpoint>
        <Trackpoint>
          <Time>2025-11-09T07:49:25Z</Time>
          <DistanceMeters>964.0</DistanceMeters>
          <HeartRateBpm>
            <Value>100</Value>
          </HeartRateBpm>
          <SensorState>Absent</SensorState>
        </Trackpoint>
        <Trackpoint>
          <Time>2025-11-09T07:49:31Z</Time>
          <DistanceMeters>975.0</DistanceMeters>
           <HeartRateBpm>
            <Value>100</Value>
           </HeartRateBpm>
          <SensorState>Absent</SensorState>
        </Trackpoint>
	  </Track>
      </Lap>
      </Activity>
  </Activities>

</TrainingCenterDatabase>