<?xml version="1.0" encoding="UTF-8" standalone="no" ?>
<TrainingCenterDatabase xmlns="http://www.garmin.com/xmlschemas/TrainingCenterDatabase/v2" xmlns:xsi="http://www.w3.org/2001/XMLSchema-instance" xsi:schemaLocation="http://www.garmin.com/xmlschemas/TrainingCenterDatabase/v2 http://www.garmin.com/xmlschemas/TrainingCenterDatabasev2.xsd">
  <Activities>
    <Activity Sport="Other">
      <Id>2026-03-11T11:15:30Z</Id>
      <Notes>足球</Notes>
      <Lap StartTime="2026-03-11T11:15:30Z">
        <TotalTimeSeconds>6214</TotalTimeSeconds>
        <DistanceMeters>3711</DistanceMeters>
        <Calories>1112</Calories>
        <AverageHeartRateBpm>
          <Value>144</Value>
        </AverageHeartRateBpm>
        <MaximumHeartRateBpm>
          <Value>186</Value>
        </MaximumHeartRateBpm>
        <Intensity>Active</Intensity>
        <TriggerMethod>Manual</TriggerMethod>
	  <Track>
        <Trackpoint>
          <Time>2026-03-11T11:15:36Z</Time>
          <DistanceMeters>0.0</DistanceMeters>
          <HeartRateBpm>
            <Value>82</Value>
          </HeartRateBpm>
          <SensorState>Absent</SensorState>
        </Trackpoint>
        <Trackpoint>
          <Time>2026-03-11T11:15:36Z</Time>
          <DistanceMeters>0.0</DistanceMeters>
          <HeartRateBpm>
            <Value>82</Value>
          </HeartRateBpm>
          <SensorState>Absent</SensorState>
        </Trackpoint>
        <Trackpoint>
          <Time>2026-03-11T11:15:37Z</Time>
          <DistanceMeters>0.0</DistanceMeters>
          <HeartRateBpm>
            <Value>81</Value>
          </HeartRateBpm>
          <SensorState>Absent</SensorState>
        </Trackpoint>
        <Trackpoint>
          <Time>2026-03-11T11:15:42Z</Time>
          <DistanceMeters>0.0</DistanceMeters>
          <HeartRateBpm>
            <Value>82</Value>
          </HeartRateBpm>
          <SensorState>Absent</SensorState>
        </Trackpoint>
        <Trackpoint>
          <Time>2026-03-11T11:15:43Z</Time>
          <DistanceMeters>0.0</DistanceMeters>
          <HeartRateBpm>
            <Value>84</Value>
          </HeartRateBpm>
          <SensorState>Absent</SensorState>
        </Trackpoint>
        <Trackpoint>
          <Time>2026-03-11T11:15:45Z</Time>
          <DistanceMeters>0.0</DistanceMeters>
          <HeartRateBpm>
            <Value>86</Value>
          </HeartRateBpm>
          <SensorState>Absent</SensorState>
        </Trackpoint>
        <Trackpoint>
          <Time>2026-03-11T11:15:46Z</Time>
          <DistanceMeters>0.0</DistanceMeters>
          <HeartRateBpm>
            <Value>85</Value>
          </HeartRateBpm>
          <SensorState>Absent</SensorState>
        </Trackpoint>
        <Trackpoint>
          <Time>2026-03-11T11:15:49Z</Time>
          <DistanceMeters>0.0</DistanceMeters>
          <HeartRateBpm>
            <Value>86</Value>
          </HeartRateBpm>
          <SensorState>Absent</SensorState>
        </Trackpoint>
        <Trackpoint>
          <Time>2026-03-11T11:15:51Z</Time>
          <DistanceMeters>0.0</DistanceMeters>
          <HeartRateBpm>
            <Value>87</Value>
          </HeartRateBpm>
          <SensorState>Absent</SensorState>
        </Trackpoint>
        <Trackpoint>
          <Time>2026-03-11T11:15:54Z</Time>
          <DistanceMeters>0.0</DistanceMeters>
          <HeartRateBpm>
            <Value>88</Value>
          </HeartRateBpm>
          <SensorState>Absent</SensorState>
        </Trackpoint>
        <Trackpoint>
          <Time>2026-03-11T11:15:54Z</Time>
          <DistanceMeters>0.0</DistanceMeters>
          <HeartRateBpm>
            <Value>88</Value>
          </HeartRateBpm>
          <SensorState>Absent</SensorState>
        </Trackpoint>
        <Trackpoint>
          <Time>2026-03-11T11:15:55Z</Time>
          <DistanceMeters>0.0</DistanceMeters>
          <HeartRateBpm>
            <Value>89</Value>
          </HeartRateBpm>
          <SensorState>Absent</SensorState>
        </Trackpoint>
        <Trackpoint>
          <Time>2026-03-11T11:15:59Z</Time>
          <DistanceMeters>0.0</DistanceMeters>
          <HeartRateBpm>
            <Value>90</Value>
          </HeartRateBpm>
          <SensorState>Absent</SensorState>
        </Trackpoint>
        <Trackpoint>
          <Time>2026-03-11T11:16:00Z</Time>
          <DistanceMeters>0.0</DistanceMeters>
          <HeartRateBpm>
            <Value>91</Value>
          </HeartRateBpm>
          <Cadence><Value>43</Value></Cadence>
          <SensorState>Absent</SensorState>
        </Trackpoint>
        <Trackpoint>
          <Time>2026-03-11T11:16:04Z</Time>
          <DistanceMeters>0.0</DistanceMeters>
          <HeartRateBpm>
            <Value>90</Value>
          </HeartRateBpm>
          <Cadence><Value>43</Value></Cadence>
          <SensorState>Absent</SensorState>
        </Trackpoint>
        <Trackpoint>
          <Time>2026-03-11T11:16:09Z</Time>
          <DistanceMeters>0.0</DistanceMeters>
          <HeartRateBpm>
            <Value>90</Value>
          </HeartRateBpm>
          <Cadence><Value>43</Value></Cadence>
          <SensorState>Absent</SensorState>
        </Trackpoint>
        <Trackpoint>
          <Time>2026-03-11T11:16:14Z</Time>
          <DistanceMeters>0.0</DistanceMeters>
          <HeartRateBpm>
            <Value>90</Value>
          </HeartRateBpm>
          <Cadence><Value>43</Value></Cadence>
          <SensorState>Absent</SensorState>
        </Trackpoint>
        <Trackpoint>
          <Time>2026-03-11T11:16:15Z</Time>
          <DistanceMeters>0.0</DistanceMeters>
          <HeartRateBpm>
            <Value>91</Value>
          </HeartRateBpm>
          <Cadence><Value>43</Value></Cadence>
          <SensorState>Absent</SensorState>
        </Trackpoint>
        <Trackpoint>
          <Time>2026-03-11T11:16:18Z</Time>
          <DistanceMeters>0.0</DistanceMeters>
          <HeartRateBpm>
            <Value>92</Value>
          </HeartRateBpm>
          <Cadence><Value>43</Value></Cadence>
          <SensorState>Absent</SensorState>
        </Trackpoint>
        <Trackpoint>
          <Time>2026-03-11T11:16:19Z</Time>
          <DistanceMeters>0.0</DistanceMeters>
          <HeartRateBpm>
            <Value>91</Value>
          </HeartRateBpm>
          <Cadence><Value>43</Value></Cadence>
          <SensorState>Absent</SensorState>
        </Trackpoint>
        <Trackpoint>
          <Time>2026-03-11T11:16:21Z</Time>
          <DistanceMeters>0.0</DistanceMeters>
          <HeartRateBpm>
            <Value>90</Value>
          </HeartRateBpm>
          <Cadence><Value>43</Value></Cadence>
          <SensorState>Absent</SensorState>
        </Trackpoint>
        <Trackpoint>
          <Time>2026-03-11T11:16:23Z</Time>
          <DistanceMeters>0.0</DistanceMeters>
          <HeartRateBpm>
            <Value>91</Value>
          </HeartRateBpm>
          <Cadence><Value>43</Value></Cadence>
          <SensorState>Absent</SensorState>
        </Trackpoint>
        <Trackpoint>
          <Time>2026-03-11T11:16:26Z</Time>
          <DistanceMeters>0.0</DistanceMeters>
          <HeartRateBpm>
            <Value>92</Value>
          </HeartRateBpm>
          <Cadence><Value>43</Value></Cadence>
          <SensorState>Absent</SensorState>
        </Trackpoint>
        <Trackpoint>
          <Time>2026-03-11T11:16:28Z</Time>
          <DistanceMeters>0.0</DistanceMeters>
          <HeartRateBpm>
            <Value>91</Value>
          </HeartRateBpm>
          <Cadence><Value>43</Value></Cadence>
          <SensorState>Absent</SensorState>
        </Trackpoint>
        <Trackpoint>
          <Time>2026-03-11T11:16:33Z</Time>
          <DistanceMeters>36.0</DistanceMeters>
          <HeartRateBpm>
            <Value>91</Value>
          </HeartRateBpm>
          <Cadence><Value>43</Value></Cadence>
          <SensorState>Absent</SensorState>
        </Trackpoint>
        <Trackpoint>
          <Time>2026-03-11T11:16:36Z</Time>
          <DistanceMeters>36.0</DistanceMeters>
          <HeartRateBpm>
            <Value>92</Value>
          </HeartRateBpm>
          <Cadence><Value>43</Value></Cadence>
          <SensorState>Absent</SensorState>
        </Trackpoint>
        <Trackpoint>
          <Time>2026-03-11T11:16:39Z</Time>
          <DistanceMeters>36.0</DistanceMeters>
          <HeartRateBpm>
            <Value>91</Value>
          </HeartRateBpm>
          <Cadence><Value>43</Value></Cadence>
          <SensorState>Absent</SensorState>
        </Trackpoint>
        <Trackpoint>
          <Time>2026-03-11T11:16:44Z</Time>
          <DistanceMeters>36.0</DistanceMeters>
          <HeartRateBpm>
            <Value>91</Value>
          </HeartRateBpm>
          <Cadence><Value>43</Value></Cadence>
          <SensorState>Absent</SensorState>
        </Trackpoint>
        <Trackpoint>
          <Time>2026-03-11T11:16:45Z</Time>
          <DistanceMeters>36.0</DistanceMeters>
          <HeartRateBpm>
            <Value>92</Value>
          </HeartRateBpm>
          <Cadence><Value>43</Value></Cadence>
          <SensorState>Absent</SensorState>
        </Trackpoint>
        <Trackpoint>
          <Time>2026-03-11T11:16:48Z</Time>
          <DistanceMeters>36.0</DistanceMeters>
          <HeartRateBpm>
            <Value>93</Value>
          </HeartRateBpm>
          <Cadence><Value>43</Value></Cadence>
          <SensorState>Absent</SensorState>
        </Trackpoint>
        <Trackpoint>
          <Time>2026-03-11T11:16:49Z</Time>
          <DistanceMeters>36.0</DistanceMeters>
          <HeartRateBpm>
            <Value>95</Value>
          </HeartRateBpm>
          <Cadence><Value>43</Value></Cadence>
          <SensorState>Absent</SensorState>
        </Trackpoint>
        <Trackpoint>
          <Time>2026-03-11T11:16:49Z</Time>
          <DistanceMeters>36.0</DistanceMeters>
          <HeartRateBpm>
            <Value>95</Value>
          </HeartRateBpm>
          <Cadence><Value>43</Value></Cadence>
          <SensorState>Absent</SensorState>
        </Trackpoint>
        <Trackpoint>
          <Time>2026-03-11T11:16:50Z</Time>
          <DistanceMeters>36.0</DistanceMeters>
          <HeartRateBpm>
            <Value>97</Value>
          </HeartRateBpm>
          <Cadence><Value>43</Value></Cadence>
          <SensorState>Absent</SensorState>
        </Trackpoint>
        <Trackpoint>
          <Time>2026-03-11T11:16:55Z</Time>
          <DistanceMeters>36.0</DistanceMeters>
          <HeartRateBpm>
            <Value>97</Value>
          </HeartRateBpm>
          <Cadence><Value>43</Value></Cadence>
          <SensorState>Absent</SensorState>
        </Trackpoint>
        <Trackpoint>
          <Time>2026-03-11T11:16:58Z</Time>
          <DistanceMeters>36.0</DistanceMeters>
          <HeartRateBpm>
            <Value>99</Value>
          </HeartRateBpm>
          <Cadence><Value>43</Value></Cadence>
          <SensorState>Absent</SensorState>
        </Trackpoint>
        <Trackpoint>
          <Time>2026-03-11T11:17:00Z</Time>
          <DistanceMeters>36.0</DistanceMeters>
          <HeartRateBpm>
            <Value>92</Value>
          </HeartRateBpm>
          <SensorState>Absent</SensorState>
        </Trackpoint>
        <Trackpoint>
          <Time>2026-03-11T11:17:03Z</Time>
          <DistanceMeters>36.0</DistanceMeters>
          <HeartRateBpm>
            <Value>99</Value>
          </HeartRateBpm>
          <SensorState>Absent</SensorState>
        </Trackpoint>
        <Trackpoint>
          <Time>2026-03-11T11:17:05Z</Time>
          <DistanceMeters>36.0</DistanceMeters>
          <HeartRateBpm>
            <Value>98</Value>
          </HeartRateBpm>
          <SensorState>Absent</SensorState>
        </Trackpoint>
        <Trackpoint>
          <Time>2026-03-11T11:17:10Z</Time>
          <DistanceMeters>36.0</DistanceMeters>
          <HeartRateBpm>
            <Value>98</Value>
          </HeartRateBpm>
          <SensorState>Absent</SensorState>
        </Trackpoint>
        <Trackpoint>
          <Time>2026-03-11T11:17:13Z</Time>
          <DistanceMeters>36.0</DistanceMeters>
          <HeartRateBpm>
            <Value>97</Value>
          </HeartRateBpm>
          <SensorState>Absent</SensorState>
        </Trackpoint>
        <Trackpoint>
          <Time>2026-03-11T11:17:16Z</Time>
          <DistanceMeters>36.0</DistanceMeters>
          <HeartRateBpm>
            <Value>96</Value>
          </HeartRateBpm>
          <SensorState>Absent</SensorState>
        </Trackpoint>
        <Trackpoint>
          <Time>2026-03-11T11:17:19Z</Time>
          <DistanceMeters>36.0</DistanceMeters>
          <HeartRateBpm>
            <Value>97</Value>
          </HeartRateBpm>
          <SensorState>Absent</SensorState>
        </Trackpoint>
        <Trackpoint>
          <Time>2026-03-11T11:17:20Z</Time>
          <DistanceMeters>36.0</DistanceMeters>
          <HeartRateBpm>
            <Value>101</Value>
          </HeartRateBpm>
          <SensorState>Absent</SensorState>
        </Trackpoint>
        <Trackpoint>
          <Time>2026-03-11T11:17:20Z</Time>
          <DistanceMeters>36.0</DistanceMeters>
          <HeartRateBpm>
            <Value>101</Value>
          </HeartRateBpm>
          <SensorState>Absent</SensorState>
        </Trackpoint>
        <Trackpoint>
          <Time>2026-03-11T11:17:21Z</Time>
          <DistanceMeters>36.0</DistanceMeters>
          <HeartRateBpm>
            <Value>102</Value>
          </HeartRateBpm>
          <SensorState>Absent</SensorState>
        </Trackpoint>
        <Trackpoint>
          <Time>2026-03-11T11:17:23Z</Time>
          <DistanceMeters>36.0</DistanceMeters>
          <HeartRateBpm>
            <Value>103</Value>
          </HeartRateBpm>
          <SensorState>Absent</SensorState>
        </Trackpoint>
        <Trackpoint>
          <Time>2026-03-11T11:17:24Z</Time>
          <DistanceMeters>36.0</DistanceMeters>
          <HeartRateBpm>
            <Value>99</Value>
          </HeartRateBpm>
          <SensorState>Absent</SensorState>
        </Trackpoint>
        <Trackpoint>
          <Time>2026-03-11T11:17:25Z</Time>
          <DistanceMeters>36.0</DistanceMeters>
          <HeartRateBpm>
            <Value>97</Value>
          </HeartRateBpm>
          <SensorState>Absent</SensorState>
        </Trackpoint>
        <Trackpoint>
          <Time>2026-03-11T11:17:28Z</Time>
          <DistanceMeters>36.0</DistanceMeters>
          <HeartRateBpm>
            <Value>96</Value>
          </HeartRateBpm>
          <SensorState>Absent</SensorState>
        </Trackpoint>
        <Trackpoint>
          <Time>2026-03-11T11:17:29Z</Time>
          <DistanceMeters>36.0</DistanceMeters>
          <HeartRateBpm>
            <Value>94</Value>
          </HeartRateBpm>
          <SensorState>Absent</SensorState>
        </Trackpoint>
        <Trackpoint>
          <Time>2026-03-11T11:17:29Z</Time>
          <DistanceMeters>36.0</DistanceMeters>
          <HeartRateBpm>
            <Value>94</Value>
          </HeartRateBpm>
          <SensorState>Absent</SensorState>
        </Trackpoint>
        <Trackpoint>
          <Time>2026-03-11T11:17:31Z</Time>
          <DistanceMeters>72.0</DistanceMeters>
          <HeartRateBpm>
            <Value>93</Value>
          </HeartRateBpm>
          <SensorState>Absent</SensorState>
        </Trackpoint>
        <Trackpoint>
          <Time>2026-03-11T11:17:35Z</Time>
          <DistanceMeters>72.0</DistanceMeters>
          <HeartRateBpm>
            <Value>92</Value>
          </HeartRateBpm>
          <SensorState>Absent</SensorState>
        </Trackpoint>
        <Trackpoint>
          <Time>2026-03-11T11:17:40Z</Time>
          <DistanceMeters>72.0</DistanceMeters>
          <HeartRateBpm>
            <Value>91</Value>
          </HeartRateBpm>
          <SensorState>Absent</SensorState>
        </Trackpoint>
        <Trackpoint>
          <Time>2026-03-11T11:17:42Z</Time>
          <DistanceMeters>72.0</DistanceMeters>
          <HeartRateBpm>
            <Value>90</Value>
          </HeartRateBpm>
          <SensorState>Absent</SensorState>
        </Trackpoint>
        <Trackpoint>
          <Time>2026-03-11T11:17:44Z</Time>
          <DistanceMeters>72.0</DistanceMeters>
          <HeartRateBpm>
            <Value>89</Value>
          </HeartRateBpm>
          <SensorState>Absent</SensorState>
        </Trackpoint>
        <Trackpoint>
          <Time>2026-03-11T11:17:46Z</Time>
          <DistanceMeters>72.0</DistanceMeters>
          <HeartRateBpm>
            <Value>88</Value>
          </HeartRateBpm>
          <SensorState>Absent</SensorState>
        </Trackpoint>
        <Trackpoint>
          <Time>2026-03-11T11:17:46Z</Time>
          <DistanceMeters>72.0</DistanceMeters>
          <HeartRateBpm>
            <Value>88</Value>
          </HeartRateBpm>
          <SensorState>Absent</SensorState>
        </Trackpoint>
        <Trackpoint>
          <Time>2026-03-11T11:17:47Z</Time>
          <DistanceMeters>72.0</DistanceMeters>
          <HeartRateBpm>
            <Value>87</Value>
          </HeartRateBpm>
          <SensorState>Absent</SensorState>
        </Trackpoint>
        <Trackpoint>
          <Time>2026-03-11T11:17:49Z</Time>
          <DistanceMeters>72.0</DistanceMeters>
          <HeartRateBpm>
            <Value>86</Value>
          </HeartRateBpm>
          <SensorState>Absent</SensorState>
        </Trackpoint>
        <Trackpoint>
          <Time>2026-03-11T11:17:50Z</Time>
          <DistanceMeters>72.0</DistanceMeters>
          <HeartRateBpm>
            <Value>84</Value>
          </HeartRateBpm>
          <SensorState>Absent</SensorState>
        </Trackpoint>
        <Trackpoint>
          <Time>2026-03-11T11:17:55Z</Time>
          <DistanceMeters>72.0</DistanceMeters>
          <HeartRateBpm>
            <Value>85</Value>
          </HeartRateBpm>
          <SensorState>Absent</SensorState>
        </Trackpoint>
        <Trackpoint>
          <Time>2026-03-11T11:17:58Z</Time>
          <DistanceMeters>72.0</DistanceMeters>
          <HeartRateBpm>
            <Value>86</Value>
          </HeartRateBpm>
          <SensorState>Absent</SensorState>
        </Trackpoint>
        <Trackpoint>
          <Time>2026-03-11T11:18:00Z</Time>
          <DistanceMeters>72.0</DistanceMeters>
          <HeartRateBpm>
            <Value>118</Value>
          </HeartRateBpm>
          <Cadence><Value>97</Value></Cadence>
          <SensorState>Absent</SensorState>
        </Trackpoint>
        <Trackpoint>
          <Time>2026-03-11T11:18:03Z</Time>
          <DistanceMeters>72.0</DistanceMeters>
          <HeartRateBpm>
            <Value>86</Value>
          </HeartRateBpm>
          <Cadence><Value>97</Value></Cadence>
          <SensorState>Absent</SensorState>
        </Trackpoint>
        <Trackpoint>
          <Time>2026-03-11T11:18:04Z</Time>
          <DistanceMeters>72.0</DistanceMeters>
          <HeartRateBpm>
            <Value>85</Value>
          </HeartRateBpm>
          <Cadence><Value>97</Value></Cadence>
          <SensorState>Absent</SensorState>
        </Trackpoint>
        <Trackpoint>
          <Time>2026-03-11T11:18:07Z</Time>
          <DistanceMeters>72.0</DistanceMeters>
          <HeartRateBpm>
            <Value>84</Value>
          </HeartRateBpm>
          <Cadence><Value>97</Value></Cadence>
          <SensorState>Absent</SensorState>
        </Trackpoint>
        <Trackpoint>
          <Time>2026-03-11T11:18:08Z</Time>
          <DistanceMeters>72.0</DistanceMeters>
          <HeartRateBpm>
            <Value>85</Value>
          </HeartRateBpm>
          <Cadence><Value>97</Value></Cadence>
          <SensorState>Absent</SensorState>
        </Trackpoint>
        <Trackpoint>
          <Time>2026-03-11T11:18:09Z</Time>
          <DistanceMeters>72.0</DistanceMeters>
          <HeartRateBpm>
            <Value>86</Value>
          </HeartRateBpm>
          <Cadence><Value>97</Value></Cadence>
          <SensorState>Absent</SensorState>
        </Trackpoint>
        <Trackpoint>
          <Time>2026-03-11T11:18:11Z</Time>
          <DistanceMeters>72.0</DistanceMeters>
          <HeartRateBpm>
            <Value>87</Value>
          </HeartRateBpm>
          <Cadence><Value>97</Value></Cadence>
          <SensorState>Absent</SensorState>
        </Trackpoint>
        <Trackpoint>
          <Time>2026-03-11T11:18:12Z</Time>
          <DistanceMeters>72.0</DistanceMeters>
          <HeartRateBpm>
            <Value>88</Value>
          </HeartRateBpm>
          <Cadence><Value>97</Value></Cadence>
          <SensorState>Absent</SensorState>
        </Trackpoint>
        <Trackpoint>
          <Time>2026-03-11T11:18:15Z</Time>
          <DistanceMeters>72.0</DistanceMeters>
          <HeartRateBpm>
            <Value>90</Value>
          </HeartRateBpm>
          <Cadence><Value>97</Value></Cadence>
          <SensorState>Absent</SensorState>
        </Trackpoint>
        <Trackpoint>
          <Time>2026-03-11T11:18:16Z</Time>
          <DistanceMeters>72.0</DistanceMeters>
          <HeartRateBpm>
            <Value>91</Value>
          </HeartRateBpm>
          <Cadence><Value>97</Value></Cadence>
          <SensorState>Absent</SensorState>
        </Trackpoint>
        <Trackpoint>
          <Time>2026-03-11T11:18:17Z</Time>
          <DistanceMeters>72.0</DistanceMeters>
          <HeartRateBpm>
            <Value>92</Value>
          </HeartRateBpm>
          <Cadence><Value>97</Value></Cadence>
          <SensorState>Absent</SensorState>
        </Trackpoint>
        <Trackpoint>
          <Time>2026-03-11T11:18:19Z</Time>
          <DistanceMeters>72.0</DistanceMeters>
          <HeartRateBpm>
            <Value>93</Value>
          </HeartRateBpm>
          <Cadence><Value>97</Value></Cadence>
          <SensorState>Absent</SensorState>
        </Trackpoint>
        <Trackpoint>
          <Time>2026-03-11T11:18:20Z</Time>
          <DistanceMeters>72.0</DistanceMeters>
          <HeartRateBpm>
            <Value>94</Value>
          </HeartRateBpm>
          <Cadence><Value>97</Value></Cadence>
          <SensorState>Absent</SensorState>
        </Trackpoint>
        <Trackpoint>
          <Time>2026-03-11T11:18:20Z</Time>
          <DistanceMeters>72.0</DistanceMeters>
          <HeartRateBpm>
            <Value>94</Value>
          </HeartRateBpm>
          <Cadence><Value>97</Value></Cadence>
          <SensorState>Absent</SensorState>
        </Trackpoint>
        <Trackpoint>
          <Time>2026-03-11T11:18:21Z</Time>
          <DistanceMeters>72.0</DistanceMeters>
          <HeartRateBpm>
            <Value>105</Value>
          </HeartRateBpm>
          <Cadence><Value>97</Value></Cadence>
          <SensorState>Absent</SensorState>
        </Trackpoint>
        <Trackpoint>
          <Time>2026-03-11T11:18:21Z</Time>
          <DistanceMeters>72.0</DistanceMeters>
          <HeartRateBpm>
            <Value>105</Value>
          </HeartRateBpm>
          <Cadence><Value>97</Value></Cadence>
          <SensorState>Absent</SensorState>
        </Trackpoint>
        <Trackpoint>
          <Time>2026-03-11T11:18:23Z</Time>
          <DistanceMeters>72.0</DistanceMeters>
          <HeartRateBpm>
            <Value>127</Value>
          </HeartRateBpm>
          <Cadence><Value>97</Value></Cadence>
          <SensorState>Absent</SensorState>
        </Trackpoint>
        <Trackpoint>
          <Time>2026-03-11T11:18:23Z</Time>
          <DistanceMeters>72.0</DistanceMeters>
          <HeartRateBpm>
            <Value>127</Value>
          </HeartRateBpm>
          <Cadence><Value>97</Value></Cadence>
          <SensorState>Absent</SensorState>
        </Trackpoint>
        <Trackpoint>
          <Time>2026-03-11T11:18:24Z</Time>
          <DistanceMeters>72.0</DistanceMeters>
          <HeartRateBpm>
            <Value>137</Value>
          </HeartRateBpm>
          <Cadence><Value>97</Value></Cadence>
          <SensorState>Absent</SensorState>
        </Trackpoint>
        <Trackpoint>
          <Time>2026-03-11T11:18:24Z</Time>
          <DistanceMeters>72.0</DistanceMeters>
          <HeartRateBpm>
            <Value>137</Value>
          </HeartRateBpm>
          <Cadence><Value>97</Value></Cadence>
          <SensorState>Absent</SensorState>
        </Trackpoint>
        <Trackpoint>
          <Time>2026-03-11T11:18:25Z</Time>
          <DistanceMeters>72.0</DistanceMeters>
          <HeartRateBpm>
            <Value>146</Value>
          </HeartRateBpm>
          <Cadence><Value>97</Value></Cadence>
          <SensorState>Absent</SensorState>
        </Trackpoint>
        <Trackpoint>
          <Time>2026-03-11T11:18:25Z</Time>
          <DistanceMeters>72.0</DistanceMeters>
          <HeartRateBpm>
            <Value>146</Value>
          </HeartRateBpm>
          <Cadence><Value>97</Value></Cadence>
          <SensorState>Absent</SensorState>
        </Trackpoint>
        <Trackpoint>
          <Time>2026-03-11T11:18:27Z</Time>
          <DistanceMeters>72.0</DistanceMeters>
          <HeartRateBpm>
            <Value>148</Value>
          </HeartRateBpm>
          <Cadence><Value>97</Value></Cadence>
          <SensorState>Absent</SensorState>
        </Trackpoint>
        <Trackpoint>
          <Time>2026-03-11T11:18:28Z</Time>
          <DistanceMeters>72.0</DistanceMeters>
          <HeartRateBpm>
            <Value>149</Value>
          </HeartRateBpm>
          <Cadence><Value>97</Value></Cadence>
          <SensorState>Absent</SensorState>
        </Trackpoint>
        <Trackpoint>
          <Time>2026-03-11T11:18:29Z</Time>
          <DistanceMeters>72.0</DistanceMeters>
          <HeartRateBpm>
            <Value>150</Value>
          </HeartRateBpm>
          <Cadence><Value>97</Value></Cadence>
          <SensorState>Absent</SensorState>
        </Trackpoint>
        <Trackpoint>
          <Time>2026-03-11T11:18:30Z</Time>
          <DistanceMeters>108.0</DistanceMeters>
          <HeartRateBpm>
            <Value>151</Value>
          </HeartRateBpm>
          <Cadence><Value>97</Value></Cadence>
          <SensorState>Absent</SensorState>
        </Trackpoint>
        <Trackpoint>
          <Time>2026-03-11T11:18:32Z</Time>
          <DistanceMeters>108.0</DistanceMeters>
          <HeartRateBpm>
            <Value>152</Value>
          </HeartRateBpm>
          <Cadence><Value>97</Value></Cadence>
          <SensorState>Absent</SensorState>
        </Trackpoint>
        <Trackpoint>
          <Time>2026-03-11T11:18:32Z</Time>
          <DistanceMeters>108.0</DistanceMeters>
          <HeartRateBpm>
            <Value>152</Value>
          </HeartRateBpm>
          <Cadence><Value>97</Value></Cadence>
          <SensorState>Absent</SensorState>
        </Trackpoint>
        <Trackpoint>
          <Time>2026-03-11T11:18:34Z</Time>
          <DistanceMeters>108.0</DistanceMeters>
          <HeartRateBpm>
            <Value>154</Value>
          </HeartRateBpm>
          <Cadence><Value>97</Value></Cadence>
          <SensorState>Absent</SensorState>
        </Trackpoint>
        <Trackpoint>
          <Time>2026-03-11T11:18:35Z</Time>
          <DistanceMeters>108.0</DistanceMeters>
          <HeartRateBpm>
            <Value>155</Value>
          </HeartRateBpm>
          <Cadence><Value>97</Value></Cadence>
          <SensorState>Absent</SensorState>
        </Trackpoint>
        <Trackpoint>
          <Time>2026-03-11T11:18:41Z</Time>
          <DistanceMeters>108.0</DistanceMeters>
          <HeartRateBpm>
            <Value>156</Value>
          </HeartRateBpm>
          <Cadence><Value>97</Value></Cadence>
          <SensorState>Absent</SensorState>
        </Trackpoint>
        <Trackpoint>
          <Time>2026-03-11T11:18:42Z</Time>
          <DistanceMeters>108.0</DistanceMeters>
          <HeartRateBpm>
            <Value>157</Value>
          </HeartRateBpm>
          <Cadence><Value>97</Value></Cadence>
          <SensorState>Absent</SensorState>
        </Trackpoint>
        <Trackpoint>
          <Time>2026-03-11T11:18:45Z</Time>
          <DistanceMeters>108.0</DistanceMeters>
          <HeartRateBpm>
            <Value>155</Value>
          </HeartRateBpm>
          <Cadence><Value>97</Value></Cadence>
          <SensorState>Absent</SensorState>
        </Trackpoint>
        <Trackpoint>
          <Time>2026-03-11T11:18:47Z</Time>
          <DistanceMeters>108.0</DistanceMeters>
          <HeartRateBpm>
            <Value>154</Value>
          </HeartRateBpm>
          <Cadence><Value>97</Value></Cadence>
          <SensorState>Absent</SensorState>
        </Trackpoint>
        <Trackpoint>
          <Time>2026-03-11T11:18:49Z</Time>
          <DistanceMeters>108.0</DistanceMeters>
          <HeartRateBpm>
            <Value>153</Value>
          </HeartRateBpm>
          <Cadence><Value>97</Value></Cadence>
          <SensorState>Absent</SensorState>
        </Trackpoint>
        <Trackpoint>
          <Time>2026-03-11T11:18:52Z</Time>
          <DistanceMeters>108.0</DistanceMeters>
          <HeartRateBpm>
            <Value>154</Value>
          </HeartRateBpm>
          <Cadence><Value>97</Value></Cadence>
          <SensorState>Absent</SensorState>
        </Trackpoint>
        <Trackpoint>
          <Time>2026-03-11T11:18:54Z</Time>
          <DistanceMeters>108.0</DistanceMeters>
          <HeartRateBpm>
            <Value>155</Value>
          </HeartRateBpm>
          <Cadence><Value>97</Value></Cadence>
          <SensorState>Absent</SensorState>
        </Trackpoint>
        <Trackpoint>
          <Time>2026-03-11T11:18:59Z</Time>
          <DistanceMeters>108.0</DistanceMeters>
          <HeartRateBpm>
            <Value>155</Value>
          </HeartRateBpm>
          <Cadence><Value>97</Value></Cadence>
          <SensorState>Absent</SensorState>
        </Trackpoint>
        <Trackpoint>
          <Time>2026-03-11T11:19:00Z</Time>
          <DistanceMeters>108.0</DistanceMeters>
          <HeartRateBpm>
            <Value>136</Value>
          </HeartRateBpm>
          <SensorState>Absent</SensorState>
        </Trackpoint>
        <Trackpoint>
          <Time>2026-03-11T11:19:00Z</Time>
          <DistanceMeters>108.0</DistanceMeters>
          <HeartRateBpm>
            <Value>154</Value>
          </HeartRateBpm>
          <SensorState>Absent</SensorState>
        </Trackpoint>
        <Trackpoint>
          <Time>2026-03-11T11:19:01Z</Time>
          <DistanceMeters>108.0</DistanceMeters>
          <HeartRateBpm>
            <Value>153</Value>
          </HeartRateBpm>
          <SensorState>Absent</SensorState>
        </Trackpoint>
        <Trackpoint>
          <Time>2026-03-11T11:19:03Z</Time>
          <DistanceMeters>108.0</DistanceMeters>
          <HeartRateBpm>
            <Value>152</Value>
          </HeartRateBpm>
          <SensorState>Absent</SensorState>
        </Trackpoint>
        <Trackpoint>
          <Time>2026-03-11T11:19:04Z</Time>
          <DistanceMeters>108.0</DistanceMeters>
          <HeartRateBpm>
            <Value>151</Value>
          </HeartRateBpm>
          <SensorState>Absent</SensorState>
        </Trackpoint>
        <Trackpoint>
          <Time>2026-03-11T11:19:05Z</Time>
          <DistanceMeters>108.0</DistanceMeters>
          <HeartRateBpm>
            <Value>150</Value>
          </HeartRateBpm>
          <SensorState>Absent</SensorState>
        </Trackpoint>
        <Trackpoint>
          <Time>2026-03-11T11:19:11Z</Time>
          <DistanceMeters>108.0</DistanceMeters>
          <HeartRateBpm>
            <Value>149</Value>
          </HeartRateBpm>
          <SensorState>Absent</SensorState>
        </Trackpoint>
        <Trackpoint>
          <Time>2026-03-11T11:19:16Z</Time>
          <DistanceMeters>108.0</DistanceMeters>
          <HeartRateBpm>
            <Value>149</Value>
          </HeartRateBpm>
          <SensorState>Absent</SensorState>
        </Trackpoint>
        <Trackpoint>
          <Time>2026-03-11T11:19:20Z</Time>
          <DistanceMeters>108.0</DistanceMeters>
          <HeartRateBpm>
            <Value>148</Value>
          </HeartRateBpm>
          <SensorState>Absent</SensorState>
        </Trackpoint>
        <Trackpoint>
          <Time>2026-03-11T11:19:22Z</Time>
          <DistanceMeters>108.0</DistanceMeters>
          <HeartRateBpm>
            <Value>147</Value>
          </HeartRateBpm>
          <SensorState>Absent</SensorState>
        </Trackpoint>
        <Trackpoint>
          <Time>2026-03-11T11:19:27Z</Time>
          <DistanceMeters>108.0</DistanceMeters>
          <HeartRateBpm>
            <Value>147</Value>
          </HeartRateBpm>
          <SensorState>Absent</SensorState>
        </Trackpoint>
        <Trackpoint>
          <Time>2026-03-11T11:19:29Z</Time>
          <DistanceMeters>108.0</DistanceMeters>
          <HeartRateBpm>
            <Value>148</Value>
          </HeartRateBpm>
          <SensorState>Absent</SensorState>
        </Trackpoint>
        <Trackpoint>
          <Time>2026-03-11T11:19:30Z</Time>
          <DistanceMeters>144.0</DistanceMeters>
          <HeartRateBpm>
            <Value>146</Value>
          </HeartRateBpm>
          <SensorState>Absent</SensorState>
        </Trackpoint>
        <Trackpoint>
          <Time>2026-03-11T11:19:30Z</Time>
          <DistanceMeters>144.0</DistanceMeters>
          <HeartRateBpm>
            <Value>146</Value>
          </HeartRateBpm>
          <SensorState>Absent</SensorState>
        </Trackpoint>
        <Trackpoint>
          <Time>2026-03-11T11:19:31Z</Time>
          <DistanceMeters>144.0</DistanceMeters>
          <HeartRateBpm>
            <Value>142</Value>
          </HeartRateBpm>
          <SensorState>Absent</SensorState>
        </Trackpoint>
        <Trackpoint>
          <Time>2026-03-11T11:19:33Z</Time>
          <DistanceMeters>144.0</DistanceMeters>
          <HeartRateBpm>
            <Value>140</Value>
          </HeartRateBpm>
          <SensorState>Absent</SensorState>
        </Trackpoint>
        <Trackpoint>
          <Time>2026-03-11T11:19:33Z</Time>
          <DistanceMeters>144.0</DistanceMeters>
          <HeartRateBpm>
            <Value>140</Value>
          </HeartRateBpm>
          <SensorState>Absent</SensorState>
        </Trackpoint>
        <Trackpoint>
          <Time>2026-03-11T11:19:34Z</Time>
          <DistanceMeters>144.0</DistanceMeters>
          <HeartRateBpm>
            <Value>139</Value>
          </HeartRateBpm>
          <SensorState>Absent</SensorState>
        </Trackpoint>
        <Trackpoint>
          <Time>2026-03-11T11:19:38Z</Time>
          <DistanceMeters>144.0</DistanceMeters>
          <HeartRateBpm>
            <Value>137</Value>
          </HeartRateBpm>
          <SensorState>Absent</SensorState>
        </Trackpoint>
        <Trackpoint>
          <Time>2026-03-11T11:19:40Z</Time>
          <DistanceMeters>144.0</DistanceMeters>
          <HeartRateBpm>
            <Value>135</Value>
          </HeartRateBpm>
          <SensorState>Absent</SensorState>
        </Trackpoint>
        <Trackpoint>
          <Time>2026-03-11T11:19:45Z</Time>
          <DistanceMeters>144.0</DistanceMeters>
          <HeartRateBpm>
            <Value>135</Value>
          </HeartRateBpm>
          <SensorState>Absent</SensorState>
        </Trackpoint>
        <Trackpoint>
          <Time>2026-03-11T11:19:47Z</Time>
          <DistanceMeters>144.0</DistanceMeters>
          <HeartRateBpm>
            <Value>132</Value>
          </HeartRateBpm>
          <SensorState>Absent</SensorState>
        </Trackpoint>
        <Trackpoint>
          <Time>2026-03-11T11:19:48Z</Time>
          <DistanceMeters>144.0</DistanceMeters>
          <HeartRateBpm>
            <Value>132</Value>
          </HeartRateBpm>
          <SensorState>Absent</SensorState>
        </Trackpoint>
        <Trackpoint>
          <Time>2026-03-11T11:19:49Z</Time>
          <DistanceMeters>144.0</DistanceMeters>
          <HeartRateBpm>
            <Value>130</Value>
          </HeartRateBpm>
          <SensorState>Absent</SensorState>
        </Trackpoint>
        <Trackpoint>
          <Time>2026-03-11T11:19:51Z</Time>
          <DistanceMeters>144.0</DistanceMeters>
          <HeartRateBpm>
            <Value>129</Value>
          </HeartRateBpm>
          <SensorState>Absent</SensorState>
        </Trackpoint>
        <Trackpoint>
          <Time>2026-03-11T11:19:52Z</Time>
          <DistanceMeters>144.0</DistanceMeters>
          <HeartRateBpm>
            <Value>128</Value>
          </HeartRateBpm>
          <SensorState>Absent</SensorState>
        </Trackpoint>
        <Trackpoint>
          <Time>2026-03-11T11:19:53Z</Time>
          <DistanceMeters>144.0</DistanceMeters>
          <HeartRateBpm>
            <Value>129</Value>
          </HeartRateBpm>
          <SensorState>Absent</SensorState>
        </Trackpoint>
        <Trackpoint>
          <Time>2026-03-11T11:19:56Z</Time>
          <DistanceMeters>144.0</DistanceMeters>
          <HeartRateBpm>
            <Value>131</Value>
          </HeartRateBpm>
          <SensorState>Absent</SensorState>
        </Trackpoint>
        <Trackpoint>
          <Time>2026-03-11T11:19:57Z</Time>
          <DistanceMeters>144.0</DistanceMeters>
          <HeartRateBpm>
            <Value>135</Value>
          </HeartRateBpm>
          <SensorState>Absent</SensorState>
        </Trackpoint>
        <Trackpoint>
          <Time>2026-03-11T11:19:59Z</Time>
          <DistanceMeters>144.0</DistanceMeters>
          <HeartRateBpm>
            <Value>134</Value>
          </HeartRateBpm>
          <SensorState>Absent</SensorState>
        </Trackpoint>
        <Trackpoint>
          <Time>2026-03-11T11:20:00Z</Time>
          <DistanceMeters>144.0</DistanceMeters>
          <HeartRateBpm>
            <Value>125</Value>
          </HeartRateBpm>
          <SensorState>Absent</SensorState>
        </Trackpoint>
        <Trackpoint>
          <Time>2026-03-11T11:20:00Z</Time>
          <DistanceMeters>144.0</DistanceMeters>
          <HeartRateBpm>
            <Value>133</Value>
          </HeartRateBpm>
          <SensorState>Absent</SensorState>
        </Trackpoint>
        <Trackpoint>
          <Time>2026-03-11T11:20:01Z</Time>
          <DistanceMeters>144.0</DistanceMeters>
          <HeartRateBpm>
            <Value>132</Value>
          </HeartRateBpm>
          <SensorState>Absent</SensorState>
        </Trackpoint>
        <Trackpoint>
          <Time>2026-03-11T11:20:03Z</Time>
          <DistanceMeters>144.0</DistanceMeters>
          <HeartRateBpm>
            <Value>131</Value>
          </HeartRateBpm>
          <SensorState>Absent</SensorState>
        </Trackpoint>
        <Trackpoint>
          <Time>2026-03-11T11:20:04Z</Time>
          <DistanceMeters>144.0</DistanceMeters>
          <HeartRateBpm>
            <Value>130</Value>
          </HeartRateBpm>
          <SensorState>Absent</SensorState>
        </Trackpoint>
        <Trackpoint>
          <Time>2026-03-11T11:20:06Z</Time>
          <DistanceMeters>144.0</DistanceMeters>
          <HeartRateBpm>
            <Value>128</Value>
          </HeartRateBpm>
          <SensorState>Absent</SensorState>
        </Trackpoint>
        <Trackpoint>
          <Time>2026-03-11T11:20:11Z</Time>
          <DistanceMeters>144.0</DistanceMeters>
          <HeartRateBpm>
            <Value>128</Value>
          </HeartRateBpm>
          <SensorState>Absent</SensorState>
        </Trackpoint>
        <Trackpoint>
          <Time>2026-03-11T11:20:14Z</Time>
          <DistanceMeters>144.0</DistanceMeters>
          <HeartRateBpm>
            <Value>129</Value>
          </HeartRateBpm>
          <SensorState>Absent</SensorState>
        </Trackpoint>
        <Trackpoint>
          <Time>2026-03-11T11:20:18Z</Time>
          <DistanceMeters>144.0</DistanceMeters>
          <HeartRateBpm>
            <Value>128</Value>
          </HeartRateBpm>
          <SensorState>Absent</SensorState>
        </Trackpoint>
        <Trackpoint>
          <Time>2026-03-11T11:20:19Z</Time>
          <DistanceMeters>144.0</DistanceMeters>
          <HeartRateBpm>
            <Value>127</Value>
          </HeartRateBpm>
          <SensorState>Absent</SensorState>
        </Trackpoint>
        <Trackpoint>
          <Time>2026-03-11T11:20:21Z</Time>
          <DistanceMeters>144.0</DistanceMeters>
          <HeartRateBpm>
            <Value>126</Value>
          </HeartRateBpm>
          <SensorState>Absent</SensorState>
        </Trackpoint>
        <Trackpoint>
          <Time>2026-03-11T11:20:21Z</Time>
          <DistanceMeters>144.0</DistanceMeters>
          <HeartRateBpm>
            <Value>126</Value>
          </HeartRateBpm>
          <SensorState>Absent</SensorState>
        </Trackpoint>
        <Trackpoint>
          <Time>2026-03-11T11:20:22Z</Time>
          <DistanceMeters>144.0</DistanceMeters>
          <HeartRateBpm>
            <Value>125</Value>
          </HeartRateBpm>
          <SensorState>Absent</SensorState>
        </Trackpoint>
        <Trackpoint>
          <Time>2026-03-11T11:20:23Z</Time>
          <DistanceMeters>144.0</DistanceMeters>
          <HeartRateBpm>
            <Value>124</Value>
          </HeartRateBpm>
          <SensorState>Absent</SensorState>
        </Trackpoint>
        <Trackpoint>
          <Time>2026-03-11T11:20:26Z</Time>
          <DistanceMeters>144.0</DistanceMeters>
          <HeartRateBpm>
            <Value>123</Value>
          </HeartRateBpm>
          <SensorState>Absent</SensorState>
        </Trackpoint>
        <Trackpoint>
          <Time>2026-03-11T11:20:27Z</Time>
          <DistanceMeters>144.0</DistanceMeters>
          <HeartRateBpm>
            <Value>122</Value>
          </HeartRateBpm>
          <SensorState>Absent</SensorState>
        </Trackpoint>
        <Trackpoint>
          <Time>2026-03-11T11:20:28Z</Time>
          <DistanceMeters>144.0</DistanceMeters>
          <HeartRateBpm>
            <Value>121</Value>
          </HeartRateBpm>
          <SensorState>Absent</SensorState>
        </Trackpoint>
        <Trackpoint>
          <Time>2026-03-11T11:20:30Z</Time>
          <DistanceMeters>180.0</DistanceMeters>
          <HeartRateBpm>
            <Value>120</Value>
          </HeartRateBpm>
          <SensorState>Absent</SensorState>
        </Trackpoint>
        <Trackpoint>
          <Time>2026-03-11T11:20:30Z</Time>
          <DistanceMeters>180.0</DistanceMeters>
          <HeartRateBpm>
            <Value>120</Value>
          </HeartRateBpm>
          <SensorState>Absent</SensorState>
        </Trackpoint>
        <Trackpoint>
          <Time>2026-03-11T11:20:33Z</Time>
          <DistanceMeters>180.0</DistanceMeters>
          <HeartRateBpm>
            <Value>119</Value>
          </HeartRateBpm>
          <SensorState>Absent</SensorState>
        </Trackpoint>
        <Trackpoint>
          <Time>2026-03-11T11:20:35Z</Time>
          <DistanceMeters>180.0</DistanceMeters>
          <HeartRateBpm>
            <Value>118</Value>
          </HeartRateBpm>
          <SensorState>Absent</SensorState>
        </Trackpoint>
        <Trackpoint>
          <Time>2026-03-11T11:20:39Z</Time>
          <DistanceMeters>180.0</DistanceMeters>
          <HeartRateBpm>
            <Value>117</Value>
          </HeartRateBpm>
          <SensorState>Absent</SensorState>
        </Trackpoint>
        <Trackpoint>
          <Time>2026-03-11T11:20:43Z</Time>
          <DistanceMeters>180.0</DistanceMeters>
          <HeartRateBpm>
            <Value>116</Value>
          </HeartRateBpm>
          <SensorState>Absent</SensorState>
        </Trackpoint>
        <Trackpoint>
          <Time>2026-03-11T11:20:45Z</Time>
          <DistanceMeters>180.0</DistanceMeters>
          <HeartRateBpm>
            <Value>115</Value>
          </HeartRateBpm>
          <SensorState>Absent</SensorState>
        </Trackpoint>
        <Trackpoint>
          <Time>2026-03-11T11:20:47Z</Time>
          <DistanceMeters>180.0</DistanceMeters>
          <HeartRateBpm>
            <Value>114</Value>
          </HeartRateBpm>
          <SensorState>Absent</SensorState>
        </Trackpoint>
        <Trackpoint>
          <Time>2026-03-11T11:20:47Z</Time>
          <DistanceMeters>180.0</DistanceMeters>
          <HeartRateBpm>
            <Value>114</Value>
          </HeartRateBpm>
          <SensorState>Absent</SensorState>
        </Trackpoint>
        <Trackpoint>
          <Time>2026-03-11T11:20:49Z</Time>
          <DistanceMeters>180.0</DistanceMeters>
          <HeartRateBpm>
            <Value>113</Value>
          </HeartRateBpm>
          <SensorState>Absent</SensorState>
        </Trackpoint>
        <Trackpoint>
          <Time>2026-03-11T11:20:53Z</Time>
          <DistanceMeters>180.0</DistanceMeters>
          <HeartRateBpm>
            <Value>112</Value>
          </HeartRateBpm>
          <SensorState>Absent</SensorState>
        </Trackpoint>
        <Trackpoint>
          <Time>2026-03-11T11:20:54Z</Time>
          <DistanceMeters>180.0</DistanceMeters>
          <HeartRateBpm>
            <Value>109</Value>
          </HeartRateBpm>
          <SensorState>Absent</SensorState>
        </Trackpoint>
        <Trackpoint>
          <Time>2026-03-11T11:20:58Z</Time>
          <DistanceMeters>180.0</DistanceMeters>
          <HeartRateBpm>
            <Value>108</Value>
          </HeartRateBpm>
          <SensorState>Absent</SensorState>
        </Trackpoint>
        <Trackpoint>
          <Time>2026-03-11T11:20:58Z</Time>
          <DistanceMeters>180.0</DistanceMeters>
          <HeartRateBpm>
            <Value>108</Value>
          </HeartRateBpm>
          <SensorState>Absent</SensorState>
        </Trackpoint>
        <Trackpoint>
          <Time>2026-03-11T11:20:59Z</Time>
          <DistanceMeters>180.0</DistanceMeters>
          <HeartRateBpm>
            <Value>106</Value>
          </HeartRateBpm>
          <SensorState>Absent</SensorState>
        </Trackpoint>
        <Trackpoint>
          <Time>2026-03-11T11:21:00Z</Time>
          <DistanceMeters>180.0</DistanceMeters>
          <HeartRateBpm>
            <Value>96</Value>
          </HeartRateBpm>
          <SensorState>Absent</SensorState>
        </Trackpoint>
        <Trackpoint>
          <Time>2026-03-11T11:21:01Z</Time>
          <DistanceMeters>180.0</DistanceMeters>
          <HeartRateBpm>
            <Value>103</Value>
          </HeartRateBpm>
          <SensorState>Absent</SensorState>
        </Trackpoint>
        <Trackpoint>
          <Time>2026-03-11T11:21:02Z</Time>
          <DistanceMeters>180.0</DistanceMeters>
          <HeartRateBpm>
            <Value>101</Value>
          </HeartRateBpm>
          <SensorState>Absent</SensorState>
        </Trackpoint>
        <Trackpoint>
          <Time>2026-03-11T11:21:02Z</Time>
          <DistanceMeters>180.0</DistanceMeters>
          <HeartRateBpm>
            <Value>101</Value>
          </HeartRateBpm>
          <SensorState>Absent</SensorState>
        </Trackpoint>
        <Trackpoint>
          <Time>2026-03-11T11:21:03Z</Time>
          <DistanceMeters>180.0</DistanceMeters>
          <HeartRateBpm>
            <Value>100</Value>
          </HeartRateBpm>
          <SensorState>Absent</SensorState>
        </Trackpoint>
        <Trackpoint>
          <Time>2026-03-11T11:21:06Z</Time>
          <DistanceMeters>180.0</DistanceMeters>
          <HeartRateBpm>
            <Value>98</Value>
          </HeartRateBpm>
          <SensorState>Absent</SensorState>
        </Trackpoint>
        <Trackpoint>
          <Time>2026-03-11T11:21:07Z</Time>
          <DistanceMeters>180.0</DistanceMeters>
          <HeartRateBpm>
            <Value>95</Value>
          </HeartRateBpm>
          <SensorState>Absent</SensorState>
        </Trackpoint>
        <Trackpoint>
          <Time>2026-03-11T11:21:07Z</Time>
          <DistanceMeters>180.0</DistanceMeters>
          <HeartRateBpm>
            <Value>95</Value>
          </HeartRateBpm>
          <SensorState>Absent</SensorState>
        </Trackpoint>
        <Trackpoint>
          <Time>2026-03-11T11:21:09Z</Time>
          <DistanceMeters>180.0</DistanceMeters>
          <HeartRateBpm>
            <Value>93</Value>
          </HeartRateBpm>
          <SensorState>Absent</SensorState>
        </Trackpoint>
        <Trackpoint>
          <Time>2026-03-11T11:21:10Z</Time>
          <DistanceMeters>180.0</DistanceMeters>
          <HeartRateBpm>
            <Value>91</Value>
          </HeartRateBpm>
          <SensorState>Absent</SensorState>
        </Trackpoint>
        <Trackpoint>
          <Time>2026-03-11T11:21:11Z</Time>
          <DistanceMeters>180.0</DistanceMeters>
          <HeartRateBpm>
            <Value>88</Value>
          </HeartRateBpm>
          <SensorState>Absent</SensorState>
        </Trackpoint>
        <Trackpoint>
          <Time>2026-03-11T11:21:11Z</Time>
          <DistanceMeters>180.0</DistanceMeters>
          <HeartRateBpm>
            <Value>88</Value>
          </HeartRateBpm>
          <SensorState>Absent</SensorState>
        </Trackpoint>
        <Trackpoint>
          <Time>2026-03-11T11:21:14Z</Time>
          <DistanceMeters>180.0</DistanceMeters>
          <HeartRateBpm>
            <Value>87</Value>
          </HeartRateBpm>
          <SensorState>Absent</SensorState>
        </Trackpoint>
        <Trackpoint>
          <Time>2026-03-11T11:21:16Z</Time>
          <DistanceMeters>180.0</DistanceMeters>
          <HeartRateBpm>
            <Value>86</Value>
          </HeartRateBpm>
          <SensorState>Absent</SensorState>
        </Trackpoint>
        <Trackpoint>
          <Time>2026-03-11T11:21:21Z</Time>
          <DistanceMeters>180.0</DistanceMeters>
          <HeartRateBpm>
            <Value>86</Value>
          </HeartRateBpm>
          <SensorState>Absent</SensorState>
        </Trackpoint>
        <Trackpoint>
          <Time>2026-03-11T11:21:23Z</Time>
          <DistanceMeters>180.0</DistanceMeters>
          <HeartRateBpm>
            <Value>85</Value>
          </HeartRateBpm>
          <SensorState>Absent</SensorState>
        </Trackpoint>
        <Trackpoint>
          <Time>2026-03-11T11:21:24Z</Time>
          <DistanceMeters>180.0</DistanceMeters>
          <HeartRateBpm>
            <Value>84</Value>
          </HeartRateBpm>
          <SensorState>Absent</SensorState>
        </Trackpoint>
        <Trackpoint>
          <Time>2026-03-11T11:21:29Z</Time>
          <DistanceMeters>180.0</DistanceMeters>
          <HeartRateBpm>
            <Value>84</Value>
          </HeartRateBpm>
          <SensorState>Absent</SensorState>
        </Trackpoint>
        <Trackpoint>
          <Time>2026-03-11T11:21:35Z</Time>
          <DistanceMeters>216.0</DistanceMeters>
          <HeartRateBpm>
            <Value>84</Value>
          </HeartRateBpm>
          <SensorState>Absent</SensorState>
        </Trackpoint>
        <Trackpoint>
          <Time>2026-03-11T11:21:37Z</Time>
          <DistanceMeters>216.0</DistanceMeters>
          <HeartRateBpm>
            <Value>83</Value>
          </HeartRateBpm>
          <SensorState>Absent</SensorState>
        </Trackpoint>
        <Trackpoint>
          <Time>2026-03-11T11:21:42Z</Time>
          <DistanceMeters>216.0</DistanceMeters>
          <HeartRateBpm>
            <Value>82</Value>
          </HeartRateBpm>
          <SensorState>Absent</SensorState>
        </Trackpoint>
        <Trackpoint>
          <Time>2026-03-11T11:21:42Z</Time>
          <DistanceMeters>216.0</DistanceMeters>
          <HeartRateBpm>
            <Value>82</Value>
          </HeartRateBpm>
          <SensorState>Absent</SensorState>
        </Trackpoint>
        <Trackpoint>
          <Time>2026-03-11T11:21:47Z</Time>
          <DistanceMeters>216.0</DistanceMeters>
          <HeartRateBpm>
            <Value>83</Value>
          </HeartRateBpm>
          <SensorState>Absent</SensorState>
        </Trackpoint>
        <Trackpoint>
          <Time>2026-03-11T11:21:50Z</Time>
          <DistanceMeters>216.0</DistanceMeters>
          <HeartRateBpm>
            <Value>82</Value>
          </HeartRateBpm>
          <SensorState>Absent</SensorState>
        </Trackpoint>
        <Trackpoint>
          <Time>2026-03-11T11:21:51Z</Time>
          <DistanceMeters>216.0</DistanceMeters>
          <HeartRateBpm>
            <Value>81</Value>
          </HeartRateBpm>
          <SensorState>Absent</SensorState>
        </Trackpoint>
        <Trackpoint>
          <Time>2026-03-11T11:21:53Z</Time>
          <DistanceMeters>216.0</DistanceMeters>
          <HeartRateBpm>
            <Value>79</Value>
          </HeartRateBpm>
          <SensorState>Absent</SensorState>
        </Trackpoint>
        <Trackpoint>
          <Time>2026-03-11T11:21:54Z</Time>
          <DistanceMeters>216.0</DistanceMeters>
          <HeartRateBpm>
            <Value>78</Value>
          </HeartRateBpm>
          <SensorState>Absent</SensorState>
        </Trackpoint>
        <Trackpoint>
          <Time>2026-03-11T11:21:55Z</Time>
          <DistanceMeters>216.0</DistanceMeters>
          <HeartRateBpm>
            <Value>76</Value>
          </HeartRateBpm>
          <SensorState>Absent</SensorState>
        </Trackpoint>
        <Trackpoint>
          <Time>2026-03-11T11:21:55Z</Time>
          <DistanceMeters>216.0</DistanceMeters>
          <HeartRateBpm>
            <Value>76</Value>
          </HeartRateBpm>
          <SensorState>Absent</SensorState>
        </Trackpoint>
        <Trackpoint>
          <Time>2026-03-11T11:21:57Z</Time>
          <DistanceMeters>216.0</DistanceMeters>
          <HeartRateBpm>
            <Value>75</Value>
          </HeartRateBpm>
          <SensorState>Absent</SensorState>
        </Trackpoint>
        <Trackpoint>
          <Time>2026-03-11T11:22:00Z</Time>
          <DistanceMeters>216.0</DistanceMeters>
          <HeartRateBpm>
            <Value>87</Value>
          </HeartRateBpm>
          <SensorState>Absent</SensorState>
        </Trackpoint>
        <Trackpoint>
          <Time>2026-03-11T11:22:02Z</Time>
          <DistanceMeters>216.0</DistanceMeters>
          <HeartRateBpm>
            <Value>76</Value>
          </HeartRateBpm>
          <SensorState>Absent</SensorState>
        </Trackpoint>
        <Trackpoint>
          <Time>2026-03-11T11:22:06Z</Time>
          <DistanceMeters>216.0</DistanceMeters>
          <HeartRateBpm>
            <Value>75</Value>
          </HeartRateBpm>
          <SensorState>Absent</SensorState>
        </Trackpoint>
        <Trackpoint>
          <Time>2026-03-11T11:22:11Z</Time>
          <DistanceMeters>216.0</DistanceMeters>
          <HeartRateBpm>
            <Value>75</Value>
          </HeartRateBpm>
          <SensorState>Absent</SensorState>
        </Trackpoint>
        <Trackpoint>
          <Time>2026-03-11T11:22:12Z</Time>
          <DistanceMeters>216.0</DistanceMeters>
          <HeartRateBpm>
            <Value>76</Value>
          </HeartRateBpm>
          <SensorState>Absent</SensorState>
        </Trackpoint>
        <Trackpoint>
          <Time>2026-03-11T11:22:15Z</Time>
          <DistanceMeters>216.0</DistanceMeters>
          <HeartRateBpm>
            <Value>78</Value>
          </HeartRateBpm>
          <SensorState>Absent</SensorState>
        </Trackpoint>
        <Trackpoint>
          <Time>2026-03-11T11:22:16Z</Time>
          <DistanceMeters>216.0</DistanceMeters>
          <HeartRateBpm>
            <Value>80</Value>
          </HeartRateBpm>
          <SensorState>Absent</SensorState>
        </Trackpoint>
        <Trackpoint>
          <Time>2026-03-11T11:22:17Z</Time>
          <DistanceMeters>216.0</DistanceMeters>
          <HeartRateBpm>
            <Value>83</Value>
          </HeartRateBpm>
          <SensorState>Absent</SensorState>
        </Trackpoint>
        <Trackpoint>
          <Time>2026-03-11T11:22:17Z</Time>
          <DistanceMeters>216.0</DistanceMeters>
          <HeartRateBpm>
            <Value>83</Value>
          </HeartRateBpm>
          <SensorState>Absent</SensorState>
        </Trackpoint>
        <Trackpoint>
          <Time>2026-03-11T11:22:23Z</Time>
          <DistanceMeters>216.0</DistanceMeters>
          <HeartRateBpm>
            <Value>83</Value>
          </HeartRateBpm>
          <SensorState>Absent</SensorState>
        </Trackpoint>
        <Trackpoint>
          <Time>2026-03-11T11:22:24Z</Time>
          <DistanceMeters>216.0</DistanceMeters>
          <HeartRateBpm>
            <Value>82</Value>
          </HeartRateBpm>
          <SensorState>Absent</SensorState>
        </Trackpoint>
        <Trackpoint>
          <Time>2026-03-11T11:22:25Z</Time>
          <DistanceMeters>216.0</DistanceMeters>
          <HeartRateBpm>
            <Value>83</Value>
          </HeartRateBpm>
          <SensorState>Absent</SensorState>
        </Trackpoint>
        <Trackpoint>
          <Time>2026-03-11T11:22:30Z</Time>
          <DistanceMeters>253.0</DistanceMeters>
          <HeartRateBpm>
            <Value>84</Value>
          </HeartRateBpm>
          <SensorState>Absent</SensorState>
        </Trackpoint>
        <Trackpoint>
          <Time>2026-03-11T11:22:33Z</Time>
          <DistanceMeters>253.0</DistanceMeters>
          <HeartRateBpm>
            <Value>86</Value>
          </HeartRateBpm>
          <SensorState>Absent</SensorState>
        </Trackpoint>
        <Trackpoint>
          <Time>2026-03-11T11:22:34Z</Time>
          <DistanceMeters>253.0</DistanceMeters>
          <HeartRateBpm>
            <Value>88</Value>
          </HeartRateBpm>
          <SensorState>Absent</SensorState>
        </Trackpoint>
        <Trackpoint>
          <Time>2026-03-11T11:22:38Z</Time>
          <DistanceMeters>253.0</DistanceMeters>
          <HeartRateBpm>
            <Value>90</Value>
          </HeartRateBpm>
          <SensorState>Absent</SensorState>
        </Trackpoint>
        <Trackpoint>
          <Time>2026-03-11T11:22:38Z</Time>
          <DistanceMeters>253.0</DistanceMeters>
          <HeartRateBpm>
            <Value>90</Value>
          </HeartRateBpm>
          <SensorState>Absent</SensorState>
        </Trackpoint>
        <Trackpoint>
          <Time>2026-03-11T11:22:41Z</Time>
          <DistanceMeters>253.0</DistanceMeters>
          <HeartRateBpm>
            <Value>89</Value>
          </HeartRateBpm>
          <SensorState>Absent</SensorState>
        </Trackpoint>
        <Trackpoint>
          <Time>2026-03-11T11:22:42Z</Time>
          <DistanceMeters>253.0</DistanceMeters>
          <HeartRateBpm>
            <Value>90</Value>
          </HeartRateBpm>
          <SensorState>Absent</SensorState>
        </Trackpoint>
        <Trackpoint>
          <Time>2026-03-11T11:22:43Z</Time>
          <DistanceMeters>253.0</DistanceMeters>
          <HeartRateBpm>
            <Value>91</Value>
          </HeartRateBpm>
          <SensorState>Absent</SensorState>
        </Trackpoint>
        <Trackpoint>
          <Time>2026-03-11T11:22:47Z</Time>
          <DistanceMeters>253.0</DistanceMeters>
          <HeartRateBpm>
            <Value>92</Value>
          </HeartRateBpm>
          <SensorState>Absent</SensorState>
        </Trackpoint>
        <Trackpoint>
          <Time>2026-03-11T11:22:50Z</Time>
          <DistanceMeters>253.0</DistanceMeters>
          <HeartRateBpm>
            <Value>93</Value>
          </HeartRateBpm>
          <SensorState>Absent</SensorState>
        </Trackpoint>
        <Trackpoint>
          <Time>2026-03-11T11:22:51Z</Time>
          <DistanceMeters>253.0</DistanceMeters>
          <HeartRateBpm>
            <Value>94</Value>
          </HeartRateBpm>
          <SensorState>Absent</SensorState>
        </Trackpoint>
        <Trackpoint>
          <Time>2026-03-11T11:22:53Z</Time>
          <DistanceMeters>253.0</DistanceMeters>
          <HeartRateBpm>
            <Value>93</Value>
          </HeartRateBpm>
          <SensorState>Absent</SensorState>
        </Trackpoint>
        <Trackpoint>
          <Time>2026-03-11T11:22:55Z</Time>
          <DistanceMeters>253.0</DistanceMeters>
          <HeartRateBpm>
            <Value>94</Value>
          </HeartRateBpm>
          <SensorState>Absent</SensorState>
        </Trackpoint>
        <Trackpoint>
          <Time>2026-03-11T11:22:56Z</Time>
          <DistanceMeters>253.0</DistanceMeters>
          <HeartRateBpm>
            <Value>95</Value>
          </HeartRateBpm>
          <SensorState>Absent</SensorState>
        </Trackpoint>
        <Trackpoint>
          <Time>2026-03-11T11:23:00Z</Time>
          <DistanceMeters>253.0</DistanceMeters>
          <HeartRateBpm>
            <Value>86</Value>
          </HeartRateBpm>
          <SensorState>Absent</SensorState>
        </Trackpoint>
        <Trackpoint>
          <Time>2026-03-11T11:23:01Z</Time>
          <DistanceMeters>253.0</DistanceMeters>
          <HeartRateBpm>
            <Value>94</Value>
          </HeartRateBpm>
          <SensorState>Absent</SensorState>
        </Trackpoint>
        <Trackpoint>
          <Time>2026-03-11T11:23:03Z</Time>
          <DistanceMeters>253.0</DistanceMeters>
          <HeartRateBpm>
            <Value>93</Value>
          </HeartRateBpm>
          <SensorState>Absent</SensorState>
        </Trackpoint>
        <Trackpoint>
          <Time>2026-03-11T11:23:07Z</Time>
          <DistanceMeters>253.0</DistanceMeters>
          <HeartRateBpm>
            <Value>92</Value>
          </HeartRateBpm>
          <SensorState>Absent</SensorState>
        </Trackpoint>
        <Trackpoint>
          <Time>2026-03-11T11:23:08Z</Time>
          <DistanceMeters>253.0</DistanceMeters>
          <HeartRateBpm>
            <Value>90</Value>
          </HeartRateBpm>
          <SensorState>Absent</SensorState>
        </Trackpoint>
        <Trackpoint>
          <Time>2026-03-11T11:23:09Z</Time>
          <DistanceMeters>253.0</DistanceMeters>
          <HeartRateBpm>
            <Value>89</Value>
          </HeartRateBpm>
          <SensorState>Absent</SensorState>
        </Trackpoint>
        <Trackpoint>
          <Time>2026-03-11T11:23:11Z</Time>
          <DistanceMeters>253.0</DistanceMeters>
          <HeartRateBpm>
            <Value>88</Value>
          </HeartRateBpm>
          <SensorState>Absent</SensorState>
        </Trackpoint>
        <Trackpoint>
          <Time>2026-03-11T11:23:12Z</Time>
          <DistanceMeters>253.0</DistanceMeters>
          <HeartRateBpm>
            <Value>87</Value>
          </HeartRateBpm>
          <SensorState>Absent</SensorState>
        </Trackpoint>
        <Trackpoint>
          <Time>2026-03-11T11:23:13Z</Time>
          <DistanceMeters>253.0</DistanceMeters>
          <HeartRateBpm>
            <Value>85</Value>
          </HeartRateBpm>
          <SensorState>Absent</SensorState>
        </Trackpoint>
        <Trackpoint>
          <Time>2026-03-11T11:23:15Z</Time>
          <DistanceMeters>253.0</DistanceMeters>
          <HeartRateBpm>
            <Value>84</Value>
          </HeartRateBpm>
          <SensorState>Absent</SensorState>
        </Trackpoint>
        <Trackpoint>
          <Time>2026-03-11T11:23:15Z</Time>
          <DistanceMeters>253.0</DistanceMeters>
          <HeartRateBpm>
            <Value>84</Value>
          </HeartRateBpm>
          <SensorState>Absent</SensorState>
        </Trackpoint>
        <Trackpoint>
          <Time>2026-03-11T11:23:16Z</Time>
          <DistanceMeters>253.0</DistanceMeters>
          <HeartRateBpm>
            <Value>82</Value>
          </HeartRateBpm>
          <SensorState>Absent</SensorState>
        </Trackpoint>
        <Trackpoint>
          <Time>2026-03-11T11:23:17Z</Time>
          <DistanceMeters>253.0</DistanceMeters>
          <HeartRateBpm>
            <Value>81</Value>
          </HeartRateBpm>
          <SensorState>Absent</SensorState>
        </Trackpoint>
        <Trackpoint>
          <Time>2026-03-11T11:23:23Z</Time>
          <DistanceMeters>253.0</DistanceMeters>
          <HeartRateBpm>
            <Value>81</Value>
          </HeartRateBpm>
          <SensorState>Absent</SensorState>
        </Trackpoint>
        <Trackpoint>
          <Time>2026-03-11T11:23:25Z</Time>
          <DistanceMeters>253.0</DistanceMeters>
          <HeartRateBpm>
            <Value>82</Value>
          </HeartRateBpm>
          <SensorState>Absent</SensorState>
        </Trackpoint>
        <Trackpoint>
          <Time>2026-03-11T11:23:26Z</Time>
          <DistanceMeters>253.0</DistanceMeters>
          <HeartRateBpm>
            <Value>84</Value>
          </HeartRateBpm>
          <SensorState>Absent</SensorState>
        </Trackpoint>
        <Trackpoint>
          <Time>2026-03-11T11:23:28Z</Time>
          <DistanceMeters>253.0</DistanceMeters>
          <HeartRateBpm>
            <Value>83</Value>
          </HeartRateBpm>
          <SensorState>Absent</SensorState>
        </Trackpoint>
        <Trackpoint>
          <Time>2026-03-11T11:23:29Z</Time>
          <DistanceMeters>253.0</DistanceMeters>
          <HeartRateBpm>
            <Value>82</Value>
          </HeartRateBpm>
          <SensorState>Absent</SensorState>
        </Trackpoint>
        <Trackpoint>
          <Time>2026-03-11T11:23:34Z</Time>
          <DistanceMeters>288.0</DistanceMeters>
          <HeartRateBpm>
            <Value>83</Value>
          </HeartRateBpm>
          <SensorState>Absent</SensorState>
        </Trackpoint>
        <Trackpoint>
          <Time>2026-03-11T11:23:39Z</Time>
          <DistanceMeters>288.0</DistanceMeters>
          <HeartRateBpm>
            <Value>83</Value>
          </HeartRateBpm>
          <SensorState>Absent</SensorState>
        </Trackpoint>
        <Trackpoint>
          <Time>2026-03-11T11:23:41Z</Time>
          <DistanceMeters>288.0</DistanceMeters>
          <HeartRateBpm>
            <Value>84</Value>
          </HeartRateBpm>
          <SensorState>Absent</SensorState>
        </Trackpoint>
        <Trackpoint>
          <Time>2026-03-11T11:23:42Z</Time>
          <DistanceMeters>288.0</DistanceMeters>
          <HeartRateBpm>
            <Value>85</Value>
          </HeartRateBpm>
          <SensorState>Absent</SensorState>
        </Trackpoint>
        <Trackpoint>
          <Time>2026-03-11T11:23:43Z</Time>
          <DistanceMeters>288.0</DistanceMeters>
          <HeartRateBpm>
            <Value>86</Value>
          </HeartRateBpm>
          <SensorState>Absent</SensorState>
        </Trackpoint>
        <Trackpoint>
          <Time>2026-03-11T11:23:45Z</Time>
          <DistanceMeters>288.0</DistanceMeters>
          <HeartRateBpm>
            <Value>87</Value>
          </HeartRateBpm>
          <SensorState>Absent</SensorState>
        </Trackpoint>
        <Trackpoint>
          <Time>2026-03-11T11:23:47Z</Time>
          <DistanceMeters>288.0</DistanceMeters>
          <HeartRateBpm>
            <Value>88</Value>
          </HeartRateBpm>
          <SensorState>Absent</SensorState>
        </Trackpoint>
        <Trackpoint>
          <Time>2026-03-11T11:23:51Z</Time>
          <DistanceMeters>288.0</DistanceMeters>
          <HeartRateBpm>
            <Value>87</Value>
          </HeartRateBpm>
          <SensorState>Absent</SensorState>
        </Trackpoint>
        <Trackpoint>
          <Time>2026-03-11T11:23:56Z</Time>
          <DistanceMeters>288.0</DistanceMeters>
          <HeartRateBpm>
            <Value>87</Value>
          </HeartRateBpm>
          <SensorState>Absent</SensorState>
        </Trackpoint>
        <Trackpoint>
          <Time>2026-03-11T11:24:00Z</Time>
          <DistanceMeters>288.0</DistanceMeters>
          <HeartRateBpm>
            <Value>88</Value>
          </HeartRateBpm>
          <SensorState>Absent</SensorState>
        </Trackpoint>
        <Trackpoint>
          <Time>2026-03-11T11:24:01Z</Time>
          <DistanceMeters>288.0</DistanceMeters>
          <HeartRateBpm>
            <Value>87</Value>
          </HeartRateBpm>
          <SensorState>Absent</SensorState>
        </Trackpoint>
        <Trackpoint>
          <Time>2026-03-11T11:24:02Z</Time>
          <DistanceMeters>288.0</DistanceMeters>
          <HeartRateBpm>
            <Value>86</Value>
          </HeartRateBpm>
          <SensorState>Absent</SensorState>
        </Trackpoint>
        <Trackpoint>
          <Time>2026-03-11T11:24:04Z</Time>
          <DistanceMeters>288.0</DistanceMeters>
          <HeartRateBpm>
            <Value>88</Value>
          </HeartRateBpm>
          <SensorState>Absent</SensorState>
        </Trackpoint>
        <Trackpoint>
          <Time>2026-03-11T11:24:11Z</Time>
          <DistanceMeters>288.0</DistanceMeters>
          <HeartRateBpm>
            <Value>88</Value>
          </HeartRateBpm>
          <SensorState>Absent</SensorState>
        </Trackpoint>
        <Trackpoint>
          <Time>2026-03-11T11:24:13Z</Time>
          <DistanceMeters>288.0</DistanceMeters>
          <HeartRateBpm>
            <Value>87</Value>
          </HeartRateBpm>
          <SensorState>Absent</SensorState>
        </Trackpoint>
        <Trackpoint>
          <Time>2026-03-11T11:24:18Z</Time>
          <DistanceMeters>288.0</DistanceMeters>
          <HeartRateBpm>
            <Value>87</Value>
          </HeartRateBpm>
          <SensorState>Absent</SensorState>
        </Trackpoint>
        <Trackpoint>
          <Time>2026-03-11T11:24:18Z</Time>
          <DistanceMeters>288.0</DistanceMeters>
          <HeartRateBpm>
            <Value>87</Value>
          </HeartRateBpm>
          <SensorState>Absent</SensorState>
        </Trackpoint>
        <Trackpoint>
          <Time>2026-03-11T11:24:19Z</Time>
          <DistanceMeters>288.0</DistanceMeters>
          <HeartRateBpm>
            <Value>86</Value>
          </HeartRateBpm>
          <SensorState>Absent</SensorState>
        </Trackpoint>
        <Trackpoint>
          <Time>2026-03-11T11:24:21Z</Time>
          <DistanceMeters>288.0</DistanceMeters>
          <HeartRateBpm>
            <Value>85</Value>
          </HeartRateBpm>
          <SensorState>Absent</SensorState>
        </Trackpoint>
        <Trackpoint>
          <Time>2026-03-11T11:24:23Z</Time>
          <DistanceMeters>288.0</DistanceMeters>
          <HeartRateBpm>
            <Value>86</Value>
          </HeartRateBpm>
          <SensorState>Absent</SensorState>
        </Trackpoint>
        <Trackpoint>
          <Time>2026-03-11T11:24:25Z</Time>
          <DistanceMeters>288.0</DistanceMeters>
          <HeartRateBpm>
            <Value>87</Value>
          </HeartRateBpm>
          <SensorState>Absent</SensorState>
        </Trackpoint>
        <Trackpoint>
          <Time>2026-03-11T11:24:27Z</Time>
          <DistanceMeters>288.0</DistanceMeters>
          <HeartRateBpm>
            <Value>88</Value>
          </HeartRateBpm>
          <SensorState>Absent</SensorState>
        </Trackpoint>
        <Trackpoint>
          <Time>2026-03-11T11:24:33Z</Time>
          <DistanceMeters>325.0</DistanceMeters>
          <HeartRateBpm>
            <Value>88</Value>
          </HeartRateBpm>
          <SensorState>Absent</SensorState>
        </Trackpoint>
        <Trackpoint>
          <Time>2026-03-11T11:24:37Z</Time>
          <DistanceMeters>325.0</DistanceMeters>
          <HeartRateBpm>
            <Value>89</Value>
          </HeartRateBpm>
          <SensorState>Absent</SensorState>
        </Trackpoint>
        <Trackpoint>
          <Time>2026-03-11T11:24:38Z</Time>
          <DistanceMeters>325.0</DistanceMeters>
          <HeartRateBpm>
            <Value>90</Value>
          </HeartRateBpm>
          <SensorState>Absent</SensorState>
        </Trackpoint>
        <Trackpoint>
          <Time>2026-03-11T11:24:42Z</Time>
          <DistanceMeters>325.0</DistanceMeters>
          <HeartRateBpm>
            <Value>91</Value>
          </HeartRateBpm>
          <SensorState>Absent</SensorState>
        </Trackpoint>
        <Trackpoint>
          <Time>2026-03-11T11:24:43Z</Time>
          <DistanceMeters>325.0</DistanceMeters>
          <HeartRateBpm>
            <Value>92</Value>
          </HeartRateBpm>
          <SensorState>Absent</SensorState>
        </Trackpoint>
        <Trackpoint>
          <Time>2026-03-11T11:24:44Z</Time>
          <DistanceMeters>325.0</DistanceMeters>
          <HeartRateBpm>
            <Value>93</Value>
          </HeartRateBpm>
          <SensorState>Absent</SensorState>
        </Trackpoint>
        <Trackpoint>
          <Time>2026-03-11T11:24:44Z</Time>
          <DistanceMeters>325.0</DistanceMeters>
          <HeartRateBpm>
            <Value>93</Value>
          </HeartRateBpm>
          <SensorState>Absent</SensorState>
        </Trackpoint>
        <Trackpoint>
          <Time>2026-03-11T11:24:47Z</Time>
          <DistanceMeters>325.0</DistanceMeters>
          <HeartRateBpm>
            <Value>94</Value>
          </HeartRateBpm>
          <SensorState>Absent</SensorState>
        </Trackpoint>
        <Trackpoint>
          <Time>2026-03-11T11:24:49Z</Time>
          <DistanceMeters>325.0</DistanceMeters>
          <HeartRateBpm>
            <Value>95</Value>
          </HeartRateBpm>
          <SensorState>Absent</SensorState>
        </Trackpoint>
        <Trackpoint>
          <Time>2026-03-11T11:24:51Z</Time>
          <DistanceMeters>325.0</DistanceMeters>
          <HeartRateBpm>
            <Value>96</Value>
          </HeartRateBpm>
          <SensorState>Absent</SensorState>
        </Trackpoint>
        <Trackpoint>
          <Time>2026-03-11T11:24:53Z</Time>
          <DistanceMeters>325.0</DistanceMeters>
          <HeartRateBpm>
            <Value>95</Value>
          </HeartRateBpm>
          <SensorState>Absent</SensorState>
        </Trackpoint>
        <Trackpoint>
          <Time>2026-03-11T11:24:57Z</Time>
          <DistanceMeters>325.0</DistanceMeters>
          <HeartRateBpm>
            <Value>93</Value>
          </HeartRateBpm>
          <SensorState>Absent</SensorState>
        </Trackpoint>
        <Trackpoint>
          <Time>2026-03-11T11:24:59Z</Time>
          <DistanceMeters>325.0</DistanceMeters>
          <HeartRateBpm>
            <Value>91</Value>
          </HeartRateBpm>
          <SensorState>Absent</SensorState>
        </Trackpoint>
        <Trackpoint>
          <Time>2026-03-11T11:25:00Z</Time>
          <DistanceMeters>325.0</DistanceMeters>
          <HeartRateBpm>
            <Value>84</Value>
          </HeartRateBpm>
          <SensorState>Absent</SensorState>
        </Trackpoint>
        <Trackpoint>
          <Time>2026-03-11T11:25:00Z</Time>
          <DistanceMeters>325.0</DistanceMeters>
          <HeartRateBpm>
            <Value>88</Value>
          </HeartRateBpm>
          <SensorState>Absent</SensorState>
        </Trackpoint>
        <Trackpoint>
          <Time>2026-03-11T11:25:01Z</Time>
          <DistanceMeters>325.0</DistanceMeters>
          <HeartRateBpm>
            <Value>87</Value>
          </HeartRateBpm>
          <SensorState>Absent</SensorState>
        </Trackpoint>
        <Trackpoint>
          <Time>2026-03-11T11:25:01Z</Time>
          <DistanceMeters>325.0</DistanceMeters>
          <HeartRateBpm>
            <Value>87</Value>
          </HeartRateBpm>
          <SensorState>Absent</SensorState>
        </Trackpoint>
        <Trackpoint>
          <Time>2026-03-11T11:25:02Z</Time>
          <DistanceMeters>325.0</DistanceMeters>
          <HeartRateBpm>
            <Value>85</Value>
          </HeartRateBpm>
          <SensorState>Absent</SensorState>
        </Trackpoint>
        <Trackpoint>
          <Time>2026-03-11T11:25:04Z</Time>
          <DistanceMeters>325.0</DistanceMeters>
          <HeartRateBpm>
            <Value>83</Value>
          </HeartRateBpm>
          <SensorState>Absent</SensorState>
        </Trackpoint>
        <Trackpoint>
          <Time>2026-03-11T11:25:05Z</Time>
          <DistanceMeters>325.0</DistanceMeters>
          <HeartRateBpm>
            <Value>82</Value>
          </HeartRateBpm>
          <SensorState>Absent</SensorState>
        </Trackpoint>
        <Trackpoint>
          <Time>2026-03-11T11:25:06Z</Time>
          <DistanceMeters>325.0</DistanceMeters>
          <HeartRateBpm>
            <Value>81</Value>
          </HeartRateBpm>
          <SensorState>Absent</SensorState>
        </Trackpoint>
        <Trackpoint>
          <Time>2026-03-11T11:25:06Z</Time>
          <DistanceMeters>325.0</DistanceMeters>
          <HeartRateBpm>
            <Value>81</Value>
          </HeartRateBpm>
          <SensorState>Absent</SensorState>
        </Trackpoint>
        <Trackpoint>
          <Time>2026-03-11T11:25:11Z</Time>
          <DistanceMeters>325.0</DistanceMeters>
          <HeartRateBpm>
            <Value>81</Value>
          </HeartRateBpm>
          <SensorState>Absent</SensorState>
        </Trackpoint>
        <Trackpoint>
          <Time>2026-03-11T11:25:14Z</Time>
          <DistanceMeters>325.0</DistanceMeters>
          <HeartRateBpm>
            <Value>80</Value>
          </HeartRateBpm>
          <SensorState>Absent</SensorState>
        </Trackpoint>
        <Trackpoint>
          <Time>2026-03-11T11:25:15Z</Time>
          <DistanceMeters>325.0</DistanceMeters>
          <HeartRateBpm>
            <Value>82</Value>
          </HeartRateBpm>
          <SensorState>Absent</SensorState>
        </Trackpoint>
        <Trackpoint>
          <Time>2026-03-11T11:25:18Z</Time>
          <DistanceMeters>325.0</DistanceMeters>
          <HeartRateBpm>
            <Value>84</Value>
          </HeartRateBpm>
          <SensorState>Absent</SensorState>
        </Trackpoint>
        <Trackpoint>
          <Time>2026-03-11T11:25:23Z</Time>
          <DistanceMeters>325.0</DistanceMeters>
          <HeartRateBpm>
            <Value>83</Value>
          </HeartRateBpm>
          <SensorState>Absent</SensorState>
        </Trackpoint>
        <Trackpoint>
          <Time>2026-03-11T11:25:25Z</Time>
          <DistanceMeters>325.0</DistanceMeters>
          <HeartRateBpm>
            <Value>82</Value>
          </HeartRateBpm>
          <SensorState>Absent</SensorState>
        </Trackpoint>
        <Trackpoint>
          <Time>2026-03-11T11:25:26Z</Time>
          <DistanceMeters>325.0</DistanceMeters>
          <HeartRateBpm>
            <Value>81</Value>
          </HeartRateBpm>
          <SensorState>Absent</SensorState>
        </Trackpoint>
        <Trackpoint>
          <Time>2026-03-11T11:25:28Z</Time>
          <DistanceMeters>325.0</DistanceMeters>
          <HeartRateBpm>
            <Value>80</Value>
          </HeartRateBpm>
          <SensorState>Absent</SensorState>
        </Trackpoint>
        <Trackpoint>
          <Time>2026-03-11T11:25:30Z</Time>
          <DistanceMeters>360.0</DistanceMeters>
          <HeartRateBpm>
            <Value>79</Value>
          </HeartRateBpm>
          <SensorState>Absent</SensorState>
        </Trackpoint>
        <Trackpoint>
          <Time>2026-03-11T11:25:35Z</Time>
          <DistanceMeters>360.0</DistanceMeters>
          <HeartRateBpm>
            <Value>79</Value>
          </HeartRateBpm>
          <SensorState>Absent</SensorState>
        </Trackpoint>
        <Trackpoint>
          <Time>2026-03-11T11:25:37Z</Time>
          <DistanceMeters>360.0</DistanceMeters>
          <HeartRateBpm>
            <Value>80</Value>
          </HeartRateBpm>
          <SensorState>Absent</SensorState>
        </Trackpoint>
        <Trackpoint>
          <Time>2026-03-11T11:25:39Z</Time>
          <DistanceMeters>360.0</DistanceMeters>
          <HeartRateBpm>
            <Value>81</Value>
          </HeartRateBpm>
          <SensorState>Absent</SensorState>
        </Trackpoint>
        <Trackpoint>
          <Time>2026-03-11T11:25:43Z</Time>
          <DistanceMeters>360.0</DistanceMeters>
          <HeartRateBpm>
            <Value>82</Value>
          </HeartRateBpm>
          <SensorState>Absent</SensorState>
        </Trackpoint>
        <Trackpoint>
          <Time>2026-03-11T11:25:45Z</Time>
          <DistanceMeters>360.0</DistanceMeters>
          <HeartRateBpm>
            <Value>83</Value>
          </HeartRateBpm>
          <SensorState>Absent</SensorState>
        </Trackpoint>
        <Trackpoint>
          <Time>2026-03-11T11:25:48Z</Time>
          <DistanceMeters>360.0</DistanceMeters>
          <HeartRateBpm>
            <Value>85</Value>
          </HeartRateBpm>
          <SensorState>Absent</SensorState>
        </Trackpoint>
        <Trackpoint>
          <Time>2026-03-11T11:25:53Z</Time>
          <DistanceMeters>360.0</DistanceMeters>
          <HeartRateBpm>
            <Value>85</Value>
          </HeartRateBpm>
          <SensorState>Absent</SensorState>
        </Trackpoint>
        <Trackpoint>
          <Time>2026-03-11T11:25:54Z</Time>
          <DistanceMeters>360.0</DistanceMeters>
          <HeartRateBpm>
            <Value>87</Value>
          </HeartRateBpm>
          <SensorState>Absent</SensorState>
        </Trackpoint>
        <Trackpoint>
          <Time>2026-03-11T11:25:54Z</Time>
          <DistanceMeters>360.0</DistanceMeters>
          <HeartRateBpm>
            <Value>87</Value>
          </HeartRateBpm>
          <SensorState>Absent</SensorState>
        </Trackpoint>
        <Trackpoint>
          <Time>2026-03-11T11:25:57Z</Time>
          <DistanceMeters>360.0</DistanceMeters>
          <HeartRateBpm>
            <Value>89</Value>
          </HeartRateBpm>
          <SensorState>Absent</SensorState>
        </Trackpoint>
        <Trackpoint>
          <Time>2026-03-11T11:25:58Z</Time>
          <DistanceMeters>360.0</DistanceMeters>
          <HeartRateBpm>
            <Value>92</Value>
          </HeartRateBpm>
          <SensorState>Absent</SensorState>
        </Trackpoint>
        <Trackpoint>
          <Time>2026-03-11T11:25:59Z</Time>
          <DistanceMeters>360.0</DistanceMeters>
          <HeartRateBpm>
            <Value>94</Value>
          </HeartRateBpm>
          <SensorState>Absent</SensorState>
        </Trackpoint>
        <Trackpoint>
          <Time>2026-03-11T11:25:59Z</Time>
          <DistanceMeters>360.0</DistanceMeters>
          <HeartRateBpm>
            <Value>94</Value>
          </HeartRateBpm>
          <SensorState>Absent</SensorState>
        </Trackpoint>
        <Trackpoint>
          <Time>2026-03-11T11:26:00Z</Time>
          <DistanceMeters>360.0</DistanceMeters>
          <HeartRateBpm>
            <Value>105</Value>
          </HeartRateBpm>
          <Cadence><Value>73</Value></Cadence>
          <SensorState>Absent</SensorState>
        </Trackpoint>
        <Trackpoint>
          <Time>2026-03-11T11:26:01Z</Time>
          <DistanceMeters>360.0</DistanceMeters>
          <HeartRateBpm>
            <Value>95</Value>
          </HeartRateBpm>
          <Cadence><Value>73</Value></Cadence>
          <SensorState>Absent</SensorState>
        </Trackpoint>
        <Trackpoint>
          <Time>2026-03-11T11:26:02Z</Time>
          <DistanceMeters>360.0</DistanceMeters>
          <HeartRateBpm>
            <Value>96</Value>
          </HeartRateBpm>
          <Cadence><Value>73</Value></Cadence>
          <SensorState>Absent</SensorState>
        </Trackpoint>
        <Trackpoint>
          <Time>2026-03-11T11:26:07Z</Time>
          <DistanceMeters>360.0</DistanceMeters>
          <HeartRateBpm>
            <Value>98</Value>
          </HeartRateBpm>
          <Cadence><Value>73</Value></Cadence>
          <SensorState>Absent</SensorState>
        </Trackpoint>
        <Trackpoint>
          <Time>2026-03-11T11:26:09Z</Time>
          <DistanceMeters>360.0</DistanceMeters>
          <HeartRateBpm>
            <Value>99</Value>
          </HeartRateBpm>
          <Cadence><Value>73</Value></Cadence>
          <SensorState>Absent</SensorState>
        </Trackpoint>
        <Trackpoint>
          <Time>2026-03-11T11:26:13Z</Time>
          <DistanceMeters>360.0</DistanceMeters>
          <HeartRateBpm>
            <Value>98</Value>
          </HeartRateBpm>
          <Cadence><Value>73</Value></Cadence>
          <SensorState>Absent</SensorState>
        </Trackpoint>
        <Trackpoint>
          <Time>2026-03-11T11:26:14Z</Time>
          <DistanceMeters>360.0</DistanceMeters>
          <HeartRateBpm>
            <Value>97</Value>
          </HeartRateBpm>
          <Cadence><Value>73</Value></Cadence>
          <SensorState>Absent</SensorState>
        </Trackpoint>
        <Trackpoint>
          <Time>2026-03-11T11:26:16Z</Time>
          <DistanceMeters>360.0</DistanceMeters>
          <HeartRateBpm>
            <Value>103</Value>
          </HeartRateBpm>
          <Cadence><Value>73</Value></Cadence>
          <SensorState>Absent</SensorState>
        </Trackpoint>
        <Trackpoint>
          <Time>2026-03-11T11:26:16Z</Time>
          <DistanceMeters>360.0</DistanceMeters>
          <HeartRateBpm>
            <Value>103</Value>
          </HeartRateBpm>
          <Cadence><Value>73</Value></Cadence>
          <SensorState>Absent</SensorState>
        </Trackpoint>
        <Trackpoint>
          <Time>2026-03-11T11:26:18Z</Time>
          <DistanceMeters>360.0</DistanceMeters>
          <HeartRateBpm>
            <Value>105</Value>
          </HeartRateBpm>
          <Cadence><Value>73</Value></Cadence>
          <SensorState>Absent</SensorState>
        </Trackpoint>
        <Trackpoint>
          <Time>2026-03-11T11:26:19Z</Time>
          <DistanceMeters>360.0</DistanceMeters>
          <HeartRateBpm>
            <Value>106</Value>
          </HeartRateBpm>
          <Cadence><Value>73</Value></Cadence>
          <SensorState>Absent</SensorState>
        </Trackpoint>
        <Trackpoint>
          <Time>2026-03-11T11:26:20Z</Time>
          <DistanceMeters>360.0</DistanceMeters>
          <HeartRateBpm>
            <Value>108</Value>
          </HeartRateBpm>
          <Cadence><Value>73</Value></Cadence>
          <SensorState>Absent</SensorState>
        </Trackpoint>
        <Trackpoint>
          <Time>2026-03-11T11:26:21Z</Time>
          <DistanceMeters>360.0</DistanceMeters>
          <HeartRateBpm>
            <Value>111</Value>
          </HeartRateBpm>
          <Cadence><Value>73</Value></Cadence>
          <SensorState>Absent</SensorState>
        </Trackpoint>
        <Trackpoint>
          <Time>2026-03-11T11:26:21Z</Time>
          <DistanceMeters>360.0</DistanceMeters>
          <HeartRateBpm>
            <Value>111</Value>
          </HeartRateBpm>
          <Cadence><Value>73</Value></Cadence>
          <SensorState>Absent</SensorState>
        </Trackpoint>
        <Trackpoint>
          <Time>2026-03-11T11:26:23Z</Time>
          <DistanceMeters>360.0</DistanceMeters>
          <HeartRateBpm>
            <Value>114</Value>
          </HeartRateBpm>
          <Cadence><Value>73</Value></Cadence>
          <SensorState>Absent</SensorState>
        </Trackpoint>
        <Trackpoint>
          <Time>2026-03-11T11:26:24Z</Time>
          <DistanceMeters>360.0</DistanceMeters>
          <HeartRateBpm>
            <Value>116</Value>
          </HeartRateBpm>
          <Cadence><Value>73</Value></Cadence>
          <SensorState>Absent</SensorState>
        </Trackpoint>
        <Trackpoint>
          <Time>2026-03-11T11:26:27Z</Time>
          <DistanceMeters>360.0</DistanceMeters>
          <HeartRateBpm>
            <Value>115</Value>
          </HeartRateBpm>
          <Cadence><Value>73</Value></Cadence>
          <SensorState>Absent</SensorState>
        </Trackpoint>
        <Trackpoint>
          <Time>2026-03-11T11:26:28Z</Time>
          <DistanceMeters>360.0</DistanceMeters>
          <HeartRateBpm>
            <Value>116</Value>
          </HeartRateBpm>
          <Cadence><Value>73</Value></Cadence>
          <SensorState>Absent</SensorState>
        </Trackpoint>
        <Trackpoint>
          <Time>2026-03-11T11:26:31Z</Time>
          <DistanceMeters>397.0</DistanceMeters>
          <HeartRateBpm>
            <Value>115</Value>
          </HeartRateBpm>
          <Cadence><Value>73</Value></Cadence>
          <SensorState>Absent</SensorState>
        </Trackpoint>
        <Trackpoint>
          <Time>2026-03-11T11:26:32Z</Time>
          <DistanceMeters>397.0</DistanceMeters>
          <HeartRateBpm>
            <Value>114</Value>
          </HeartRateBpm>
          <Cadence><Value>73</Value></Cadence>
          <SensorState>Absent</SensorState>
        </Trackpoint>
        <Trackpoint>
          <Time>2026-03-11T11:26:33Z</Time>
          <DistanceMeters>397.0</DistanceMeters>
          <HeartRateBpm>
            <Value>115</Value>
          </HeartRateBpm>
          <Cadence><Value>73</Value></Cadence>
          <SensorState>Absent</SensorState>
        </Trackpoint>
        <Trackpoint>
          <Time>2026-03-11T11:26:37Z</Time>
          <DistanceMeters>397.0</DistanceMeters>
          <HeartRateBpm>
            <Value>117</Value>
          </HeartRateBpm>
          <Cadence><Value>73</Value></Cadence>
          <SensorState>Absent</SensorState>
        </Trackpoint>
        <Trackpoint>
          <Time>2026-03-11T11:26:37Z</Time>
          <DistanceMeters>397.0</DistanceMeters>
          <HeartRateBpm>
            <Value>117</Value>
          </HeartRateBpm>
          <Cadence><Value>73</Value></Cadence>
          <SensorState>Absent</SensorState>
        </Trackpoint>
        <Trackpoint>
          <Time>2026-03-11T11:26:39Z</Time>
          <DistanceMeters>397.0</DistanceMeters>
          <HeartRateBpm>
            <Value>118</Value>
          </HeartRateBpm>
          <Cadence><Value>73</Value></Cadence>
          <SensorState>Absent</SensorState>
        </Trackpoint>
        <Trackpoint>
          <Time>2026-03-11T11:26:40Z</Time>
          <DistanceMeters>397.0</DistanceMeters>
          <HeartRateBpm>
            <Value>119</Value>
          </HeartRateBpm>
          <Cadence><Value>73</Value></Cadence>
          <SensorState>Absent</SensorState>
        </Trackpoint>
        <Trackpoint>
          <Time>2026-03-11T11:26:41Z</Time>
          <DistanceMeters>397.0</DistanceMeters>
          <HeartRateBpm>
            <Value>122</Value>
          </HeartRateBpm>
          <Cadence><Value>73</Value></Cadence>
          <SensorState>Absent</SensorState>
        </Trackpoint>
        <Trackpoint>
          <Time>2026-03-11T11:26:42Z</Time>
          <DistanceMeters>397.0</DistanceMeters>
          <HeartRateBpm>
            <Value>126</Value>
          </HeartRateBpm>
          <Cadence><Value>73</Value></Cadence>
          <SensorState>Absent</SensorState>
        </Trackpoint>
        <Trackpoint>
          <Time>2026-03-11T11:26:42Z</Time>
          <DistanceMeters>397.0</DistanceMeters>
          <HeartRateBpm>
            <Value>126</Value>
          </HeartRateBpm>
          <Cadence><Value>73</Value></Cadence>
          <SensorState>Absent</SensorState>
        </Trackpoint>
        <Trackpoint>
          <Time>2026-03-11T11:26:44Z</Time>
          <DistanceMeters>397.0</DistanceMeters>
          <HeartRateBpm>
            <Value>127</Value>
          </HeartRateBpm>
          <Cadence><Value>73</Value></Cadence>
          <SensorState>Absent</SensorState>
        </Trackpoint>
        <Trackpoint>
          <Time>2026-03-11T11:26:45Z</Time>
          <DistanceMeters>397.0</DistanceMeters>
          <HeartRateBpm>
            <Value>128</Value>
          </HeartRateBpm>
          <Cadence><Value>73</Value></Cadence>
          <SensorState>Absent</SensorState>
        </Trackpoint>
        <Trackpoint>
          <Time>2026-03-11T11:26:46Z</Time>
          <DistanceMeters>397.0</DistanceMeters>
          <HeartRateBpm>
            <Value>129</Value>
          </HeartRateBpm>
          <Cadence><Value>73</Value></Cadence>
          <SensorState>Absent</SensorState>
        </Trackpoint>
        <Trackpoint>
          <Time>2026-03-11T11:26:50Z</Time>
          <DistanceMeters>397.0</DistanceMeters>
          <HeartRateBpm>
            <Value>131</Value>
          </HeartRateBpm>
          <Cadence><Value>73</Value></Cadence>
          <SensorState>Absent</SensorState>
        </Trackpoint>
        <Trackpoint>
          <Time>2026-03-11T11:26:54Z</Time>
          <DistanceMeters>397.0</DistanceMeters>
          <HeartRateBpm>
            <Value>130</Value>
          </HeartRateBpm>
          <Cadence><Value>73</Value></Cadence>
          <SensorState>Absent</SensorState>
        </Trackpoint>
        <Trackpoint>
          <Time>2026-03-11T11:26:59Z</Time>
          <DistanceMeters>397.0</DistanceMeters>
          <HeartRateBpm>
            <Value>133</Value>
          </HeartRateBpm>
          <Cadence><Value>73</Value></Cadence>
          <SensorState>Absent</SensorState>
        </Trackpoint>
        <Trackpoint>
          <Time>2026-03-11T11:26:59Z</Time>
          <DistanceMeters>397.0</DistanceMeters>
          <HeartRateBpm>
            <Value>133</Value>
          </HeartRateBpm>
          <Cadence><Value>73</Value></Cadence>
          <SensorState>Absent</SensorState>
        </Trackpoint>
        <Trackpoint>
          <Time>2026-03-11T11:27:00Z</Time>
          <DistanceMeters>397.0</DistanceMeters>
          <HeartRateBpm>
            <Value>136</Value>
          </HeartRateBpm>
          <Cadence><Value>100</Value></Cadence>
          <SensorState>Absent</SensorState>
        </Trackpoint>
        <Trackpoint>
          <Time>2026-03-11T11:27:04Z</Time>
          <DistanceMeters>397.0</DistanceMeters>
          <HeartRateBpm>
            <Value>134</Value>
          </HeartRateBpm>
          <Cadence><Value>100</Value></Cadence>
          <SensorState>Absent</SensorState>
        </Trackpoint>
        <Trackpoint>
          <Time>2026-03-11T11:27:06Z</Time>
          <DistanceMeters>397.0</DistanceMeters>
          <HeartRateBpm>
            <Value>138</Value>
          </HeartRateBpm>
          <Cadence><Value>100</Value></Cadence>
          <SensorState>Absent</SensorState>
        </Trackpoint>
        <Trackpoint>
          <Time>2026-03-11T11:27:07Z</Time>
          <DistanceMeters>397.0</DistanceMeters>
          <HeartRateBpm>
            <Value>142</Value>
          </HeartRateBpm>
          <Cadence><Value>100</Value></Cadence>
          <SensorState>Absent</SensorState>
        </Trackpoint>
        <Trackpoint>
          <Time>2026-03-11T11:27:08Z</Time>
          <DistanceMeters>397.0</DistanceMeters>
          <HeartRateBpm>
            <Value>142</Value>
          </HeartRateBpm>
          <Cadence><Value>100</Value></Cadence>
          <SensorState>Absent</SensorState>
        </Trackpoint>
        <Trackpoint>
          <Time>2026-03-11T11:27:08Z</Time>
          <DistanceMeters>397.0</DistanceMeters>
          <HeartRateBpm>
            <Value>146</Value>
          </HeartRateBpm>
          <Cadence><Value>100</Value></Cadence>
          <SensorState>Absent</SensorState>
        </Trackpoint>
        <Trackpoint>
          <Time>2026-03-11T11:27:09Z</Time>
          <DistanceMeters>397.0</DistanceMeters>
          <HeartRateBpm>
            <Value>148</Value>
          </HeartRateBpm>
          <Cadence><Value>100</Value></Cadence>
          <SensorState>Absent</SensorState>
        </Trackpoint>
        <Trackpoint>
          <Time>2026-03-11T11:27:10Z</Time>
          <DistanceMeters>397.0</DistanceMeters>
          <HeartRateBpm>
            <Value>148</Value>
          </HeartRateBpm>
          <Cadence><Value>100</Value></Cadence>
          <SensorState>Absent</SensorState>
        </Trackpoint>
        <Trackpoint>
          <Time>2026-03-11T11:27:11Z</Time>
          <DistanceMeters>397.0</DistanceMeters>
          <HeartRateBpm>
            <Value>149</Value>
          </HeartRateBpm>
          <Cadence><Value>100</Value></Cadence>
          <SensorState>Absent</SensorState>
        </Trackpoint>
        <Trackpoint>
          <Time>2026-03-11T11:27:12Z</Time>
          <DistanceMeters>397.0</DistanceMeters>
          <HeartRateBpm>
            <Value>151</Value>
          </HeartRateBpm>
          <Cadence><Value>100</Value></Cadence>
          <SensorState>Absent</SensorState>
        </Trackpoint>
        <Trackpoint>
          <Time>2026-03-11T11:27:15Z</Time>
          <DistanceMeters>397.0</DistanceMeters>
          <HeartRateBpm>
            <Value>152</Value>
          </HeartRateBpm>
          <Cadence><Value>100</Value></Cadence>
          <SensorState>Absent</SensorState>
        </Trackpoint>
        <Trackpoint>
          <Time>2026-03-11T11:27:17Z</Time>
          <DistanceMeters>397.0</DistanceMeters>
          <HeartRateBpm>
            <Value>147</Value>
          </HeartRateBpm>
          <Cadence><Value>100</Value></Cadence>
          <SensorState>Absent</SensorState>
        </Trackpoint>
        <Trackpoint>
          <Time>2026-03-11T11:27:20Z</Time>
          <DistanceMeters>397.0</DistanceMeters>
          <HeartRateBpm>
            <Value>146</Value>
          </HeartRateBpm>
          <Cadence><Value>100</Value></Cadence>
          <SensorState>Absent</SensorState>
        </Trackpoint>
        <Trackpoint>
          <Time>2026-03-11T11:27:21Z</Time>
          <DistanceMeters>397.0</DistanceMeters>
          <HeartRateBpm>
            <Value>142</Value>
          </HeartRateBpm>
          <Cadence><Value>100</Value></Cadence>
          <SensorState>Absent</SensorState>
        </Trackpoint>
        <Trackpoint>
          <Time>2026-03-11T11:27:21Z</Time>
          <DistanceMeters>397.0</DistanceMeters>
          <HeartRateBpm>
            <Value>142</Value>
          </HeartRateBpm>
          <Cadence><Value>100</Value></Cadence>
          <SensorState>Absent</SensorState>
        </Trackpoint>
        <Trackpoint>
          <Time>2026-03-11T11:27:23Z</Time>
          <DistanceMeters>397.0</DistanceMeters>
          <HeartRateBpm>
            <Value>141</Value>
          </HeartRateBpm>
          <Cadence><Value>100</Value></Cadence>
          <SensorState>Absent</SensorState>
        </Trackpoint>
        <Trackpoint>
          <Time>2026-03-11T11:27:24Z</Time>
          <DistanceMeters>397.0</DistanceMeters>
          <HeartRateBpm>
            <Value>140</Value>
          </HeartRateBpm>
          <Cadence><Value>100</Value></Cadence>
          <SensorState>Absent</SensorState>
        </Trackpoint>
        <Trackpoint>
          <Time>2026-03-11T11:27:25Z</Time>
          <DistanceMeters>397.0</DistanceMeters>
          <HeartRateBpm>
            <Value>139</Value>
          </HeartRateBpm>
          <Cadence><Value>100</Value></Cadence>
          <SensorState>Absent</SensorState>
        </Trackpoint>
        <Trackpoint>
          <Time>2026-03-11T11:27:27Z</Time>
          <DistanceMeters>397.0</DistanceMeters>
          <HeartRateBpm>
            <Value>140</Value>
          </HeartRateBpm>
          <Cadence><Value>100</Value></Cadence>
          <SensorState>Absent</SensorState>
        </Trackpoint>
        <Trackpoint>
          <Time>2026-03-11T11:27:28Z</Time>
          <DistanceMeters>397.0</DistanceMeters>
          <HeartRateBpm>
            <Value>139</Value>
          </HeartRateBpm>
          <Cadence><Value>100</Value></Cadence>
          <SensorState>Absent</SensorState>
        </Trackpoint>
        <Trackpoint>
          <Time>2026-03-11T11:27:29Z</Time>
          <DistanceMeters>397.0</DistanceMeters>
          <HeartRateBpm>
            <Value>142</Value>
          </HeartRateBpm>
          <Cadence><Value>100</Value></Cadence>
          <SensorState>Absent</SensorState>
        </Trackpoint>
        <Trackpoint>
          <Time>2026-03-11T11:27:30Z</Time>
          <DistanceMeters>432.0</DistanceMeters>
          <HeartRateBpm>
            <Value>146</Value>
          </HeartRateBpm>
          <Cadence><Value>100</Value></Cadence>
          <SensorState>Absent</SensorState>
        </Trackpoint>
        <Trackpoint>
          <Time>2026-03-11T11:27:33Z</Time>
          <DistanceMeters>432.0</DistanceMeters>
          <HeartRateBpm>
            <Value>147</Value>
          </HeartRateBpm>
          <Cadence><Value>100</Value></Cadence>
          <SensorState>Absent</SensorState>
        </Trackpoint>
        <Trackpoint>
          <Time>2026-03-11T11:27:34Z</Time>
          <DistanceMeters>432.0</DistanceMeters>
          <HeartRateBpm>
            <Value>146</Value>
          </HeartRateBpm>
          <Cadence><Value>100</Value></Cadence>
          <SensorState>Absent</SensorState>
        </Trackpoint>
        <Trackpoint>
          <Time>2026-03-11T11:27:35Z</Time>
          <DistanceMeters>432.0</DistanceMeters>
          <HeartRateBpm>
            <Value>147</Value>
          </HeartRateBpm>
          <Cadence><Value>100</Value></Cadence>
          <SensorState>Absent</SensorState>
        </Trackpoint>
        <Trackpoint>
          <Time>2026-03-11T11:27:39Z</Time>
          <DistanceMeters>432.0</DistanceMeters>
          <HeartRateBpm>
            <Value>149</Value>
          </HeartRateBpm>
          <Cadence><Value>100</Value></Cadence>
          <SensorState>Absent</SensorState>
        </Trackpoint>
        <Trackpoint>
          <Time>2026-03-11T11:27:39Z</Time>
          <DistanceMeters>432.0</DistanceMeters>
          <HeartRateBpm>
            <Value>149</Value>
          </HeartRateBpm>
          <Cadence><Value>100</Value></Cadence>
          <SensorState>Absent</SensorState>
        </Trackpoint>
        <Trackpoint>
          <Time>2026-03-11T11:27:42Z</Time>
          <DistanceMeters>432.0</DistanceMeters>
          <HeartRateBpm>
            <Value>148</Value>
          </HeartRateBpm>
          <Cadence><Value>100</Value></Cadence>
          <SensorState>Absent</SensorState>
        </Trackpoint>
        <Trackpoint>
          <Time>2026-03-11T11:27:45Z</Time>
          <DistanceMeters>432.0</DistanceMeters>
          <HeartRateBpm>
            <Value>147</Value>
          </HeartRateBpm>
          <Cadence><Value>100</Value></Cadence>
          <SensorState>Absent</SensorState>
        </Trackpoint>
        <Trackpoint>
          <Time>2026-03-11T11:27:46Z</Time>
          <DistanceMeters>432.0</DistanceMeters>
          <HeartRateBpm>
            <Value>148</Value>
          </HeartRateBpm>
          <Cadence><Value>100</Value></Cadence>
          <SensorState>Absent</SensorState>
        </Trackpoint>
        <Trackpoint>
          <Time>2026-03-11T11:27:47Z</Time>
          <DistanceMeters>432.0</DistanceMeters>
          <HeartRateBpm>
            <Value>152</Value>
          </HeartRateBpm>
          <Cadence><Value>100</Value></Cadence>
          <SensorState>Absent</SensorState>
        </Trackpoint>
        <Trackpoint>
          <Time>2026-03-11T11:27:49Z</Time>
          <DistanceMeters>432.0</DistanceMeters>
          <HeartRateBpm>
            <Value>153</Value>
          </HeartRateBpm>
          <Cadence><Value>100</Value></Cadence>
          <SensorState>Absent</SensorState>
        </Trackpoint>
        <Trackpoint>
          <Time>2026-03-11T11:27:50Z</Time>
          <DistanceMeters>432.0</DistanceMeters>
          <HeartRateBpm>
            <Value>155</Value>
          </HeartRateBpm>
          <Cadence><Value>100</Value></Cadence>
          <SensorState>Absent</SensorState>
        </Trackpoint>
        <Trackpoint>
          <Time>2026-03-11T11:27:50Z</Time>
          <DistanceMeters>432.0</DistanceMeters>
          <HeartRateBpm>
            <Value>155</Value>
          </HeartRateBpm>
          <Cadence><Value>100</Value></Cadence>
          <SensorState>Absent</SensorState>
        </Trackpoint>
        <Trackpoint>
          <Time>2026-03-11T11:27:51Z</Time>
          <DistanceMeters>432.0</DistanceMeters>
          <HeartRateBpm>
            <Value>158</Value>
          </HeartRateBpm>
          <Cadence><Value>100</Value></Cadence>
          <SensorState>Absent</SensorState>
        </Trackpoint>
        <Trackpoint>
          <Time>2026-03-11T11:27:52Z</Time>
          <DistanceMeters>432.0</DistanceMeters>
          <HeartRateBpm>
            <Value>162</Value>
          </HeartRateBpm>
          <Cadence><Value>100</Value></Cadence>
          <SensorState>Absent</SensorState>
        </Trackpoint>
        <Trackpoint>
          <Time>2026-03-11T11:27:52Z</Time>
          <DistanceMeters>432.0</DistanceMeters>
          <HeartRateBpm>
            <Value>162</Value>
          </HeartRateBpm>
          <Cadence><Value>100</Value></Cadence>
          <SensorState>Absent</SensorState>
        </Trackpoint>
        <Trackpoint>
          <Time>2026-03-11T11:27:54Z</Time>
          <DistanceMeters>432.0</DistanceMeters>
          <HeartRateBpm>
            <Value>163</Value>
          </HeartRateBpm>
          <Cadence><Value>100</Value></Cadence>
          <SensorState>Absent</SensorState>
        </Trackpoint>
        <Trackpoint>
          <Time>2026-03-11T11:27:55Z</Time>
          <DistanceMeters>432.0</DistanceMeters>
          <HeartRateBpm>
            <Value>166</Value>
          </HeartRateBpm>
          <Cadence><Value>100</Value></Cadence>
          <SensorState>Absent</SensorState>
        </Trackpoint>
        <Trackpoint>
          <Time>2026-03-11T11:27:56Z</Time>
          <DistanceMeters>432.0</DistanceMeters>
          <HeartRateBpm>
            <Value>169</Value>
          </HeartRateBpm>
          <Cadence><Value>100</Value></Cadence>
          <SensorState>Absent</SensorState>
        </Trackpoint>
        <Trackpoint>
          <Time>2026-03-11T11:27:56Z</Time>
          <DistanceMeters>432.0</DistanceMeters>
          <HeartRateBpm>
            <Value>169</Value>
          </HeartRateBpm>
          <Cadence><Value>100</Value></Cadence>
          <SensorState>Absent</SensorState>
        </Trackpoint>
        <Trackpoint>
          <Time>2026-03-11T11:27:57Z</Time>
          <DistanceMeters>432.0</DistanceMeters>
          <HeartRateBpm>
            <Value>168</Value>
          </HeartRateBpm>
          <Cadence><Value>100</Value></Cadence>
          <SensorState>Absent</SensorState>
        </Trackpoint>
        <Trackpoint>
          <Time>2026-03-11T11:28:00Z</Time>
          <DistanceMeters>432.0</DistanceMeters>
          <HeartRateBpm>
            <Value>154</Value>
          </HeartRateBpm>
          <Cadence><Value>52</Value></Cadence>
          <SensorState>Absent</SensorState>
        </Trackpoint>
        <Trackpoint>
          <Time>2026-03-11T11:28:03Z</Time>
          <DistanceMeters>432.0</DistanceMeters>
          <HeartRateBpm>
            <Value>169</Value>
          </HeartRateBpm>
          <Cadence><Value>52</Value></Cadence>
          <SensorState>Absent</SensorState>
        </Trackpoint>
        <Trackpoint>
          <Time>2026-03-11T11:28:04Z</Time>
          <DistanceMeters>432.0</DistanceMeters>
          <HeartRateBpm>
            <Value>170</Value>
          </HeartRateBpm>
          <Cadence><Value>52</Value></Cadence>
          <SensorState>Absent</SensorState>
        </Trackpoint>
        <Trackpoint>
          <Time>2026-03-11T11:28:05Z</Time>
          <DistanceMeters>432.0</DistanceMeters>
          <HeartRateBpm>
            <Value>169</Value>
          </HeartRateBpm>
          <Cadence><Value>52</Value></Cadence>
          <SensorState>Absent</SensorState>
        </Trackpoint>
        <Trackpoint>
          <Time>2026-03-11T11:28:07Z</Time>
          <DistanceMeters>432.0</DistanceMeters>
          <HeartRateBpm>
            <Value>170</Value>
          </HeartRateBpm>
          <Cadence><Value>52</Value></Cadence>
          <SensorState>Absent</SensorState>
        </Trackpoint>
        <Trackpoint>
          <Time>2026-03-11T11:28:08Z</Time>
          <DistanceMeters>432.0</DistanceMeters>
          <HeartRateBpm>
            <Value>171</Value>
          </HeartRateBpm>
          <Cadence><Value>52</Value></Cadence>
          <SensorState>Absent</SensorState>
        </Trackpoint>
        <Trackpoint>
          <Time>2026-03-11T11:28:09Z</Time>
          <DistanceMeters>432.0</DistanceMeters>
          <HeartRateBpm>
            <Value>170</Value>
          </HeartRateBpm>
          <Cadence><Value>52</Value></Cadence>
          <SensorState>Absent</SensorState>
        </Trackpoint>
        <Trackpoint>
          <Time>2026-03-11T11:28:12Z</Time>
          <DistanceMeters>432.0</DistanceMeters>
          <HeartRateBpm>
            <Value>171</Value>
          </HeartRateBpm>
          <Cadence><Value>52</Value></Cadence>
          <SensorState>Absent</SensorState>
        </Trackpoint>
        <Trackpoint>
          <Time>2026-03-11T11:28:13Z</Time>
          <DistanceMeters>432.0</DistanceMeters>
          <HeartRateBpm>
            <Value>168</Value>
          </HeartRateBpm>
          <Cadence><Value>52</Value></Cadence>
          <SensorState>Absent</SensorState>
        </Trackpoint>
        <Trackpoint>
          <Time>2026-03-11T11:28:16Z</Time>
          <DistanceMeters>432.0</DistanceMeters>
          <HeartRateBpm>
            <Value>169</Value>
          </HeartRateBpm>
          <Cadence><Value>52</Value></Cadence>
          <SensorState>Absent</SensorState>
        </Trackpoint>
        <Trackpoint>
          <Time>2026-03-11T11:28:17Z</Time>
          <DistanceMeters>432.0</DistanceMeters>
          <HeartRateBpm>
            <Value>171</Value>
          </HeartRateBpm>
          <Cadence><Value>52</Value></Cadence>
          <SensorState>Absent</SensorState>
        </Trackpoint>
        <Trackpoint>
          <Time>2026-03-11T11:28:18Z</Time>
          <DistanceMeters>432.0</DistanceMeters>
          <HeartRateBpm>
            <Value>168</Value>
          </HeartRateBpm>
          <Cadence><Value>52</Value></Cadence>
          <SensorState>Absent</SensorState>
        </Trackpoint>
        <Trackpoint>
          <Time>2026-03-11T11:28:20Z</Time>
          <DistanceMeters>432.0</DistanceMeters>
          <HeartRateBpm>
            <Value>166</Value>
          </HeartRateBpm>
          <Cadence><Value>52</Value></Cadence>
          <SensorState>Absent</SensorState>
        </Trackpoint>
        <Trackpoint>
          <Time>2026-03-11T11:28:21Z</Time>
          <DistanceMeters>432.0</DistanceMeters>
          <HeartRateBpm>
            <Value>158</Value>
          </HeartRateBpm>
          <Cadence><Value>52</Value></Cadence>
          <SensorState>Absent</SensorState>
        </Trackpoint>
        <Trackpoint>
          <Time>2026-03-11T11:28:22Z</Time>
          <DistanceMeters>432.0</DistanceMeters>
          <HeartRateBpm>
            <Value>158</Value>
          </HeartRateBpm>
          <Cadence><Value>52</Value></Cadence>
          <SensorState>Absent</SensorState>
        </Trackpoint>
        <Trackpoint>
          <Time>2026-03-11T11:28:22Z</Time>
          <DistanceMeters>432.0</DistanceMeters>
          <HeartRateBpm>
            <Value>157</Value>
          </HeartRateBpm>
          <Cadence><Value>52</Value></Cadence>
          <SensorState>Absent</SensorState>
        </Trackpoint>
        <Trackpoint>
          <Time>2026-03-11T11:28:25Z</Time>
          <DistanceMeters>432.0</DistanceMeters>
          <HeartRateBpm>
            <Value>156</Value>
          </HeartRateBpm>
          <Cadence><Value>52</Value></Cadence>
          <SensorState>Absent</SensorState>
        </Trackpoint>
        <Trackpoint>
          <Time>2026-03-11T11:28:27Z</Time>
          <DistanceMeters>432.0</DistanceMeters>
          <HeartRateBpm>
            <Value>153</Value>
          </HeartRateBpm>
          <Cadence><Value>52</Value></Cadence>
          <SensorState>Absent</SensorState>
        </Trackpoint>
        <Trackpoint>
          <Time>2026-03-11T11:28:29Z</Time>
          <DistanceMeters>432.0</DistanceMeters>
          <HeartRateBpm>
            <Value>149</Value>
          </HeartRateBpm>
          <Cadence><Value>52</Value></Cadence>
          <SensorState>Absent</SensorState>
        </Trackpoint>
        <Trackpoint>
          <Time>2026-03-11T11:28:30Z</Time>
          <DistanceMeters>469.0</DistanceMeters>
          <HeartRateBpm>
            <Value>146</Value>
          </HeartRateBpm>
          <Cadence><Value>52</Value></Cadence>
          <SensorState>Absent</SensorState>
        </Trackpoint>
        <Trackpoint>
          <Time>2026-03-11T11:28:30Z</Time>
          <DistanceMeters>469.0</DistanceMeters>
          <HeartRateBpm>
            <Value>149</Value>
          </HeartRateBpm>
          <Cadence><Value>52</Value></Cadence>
          <SensorState>Absent</SensorState>
        </Trackpoint>
        <Trackpoint>
          <Time>2026-03-11T11:28:31Z</Time>
          <DistanceMeters>469.0</DistanceMeters>
          <HeartRateBpm>
            <Value>144</Value>
          </HeartRateBpm>
          <Cadence><Value>52</Value></Cadence>
          <SensorState>Absent</SensorState>
        </Trackpoint>
        <Trackpoint>
          <Time>2026-03-11T11:28:33Z</Time>
          <DistanceMeters>469.0</DistanceMeters>
          <HeartRateBpm>
            <Value>143</Value>
          </HeartRateBpm>
          <Cadence><Value>52</Value></Cadence>
          <SensorState>Absent</SensorState>
        </Trackpoint>
        <Trackpoint>
          <Time>2026-03-11T11:28:33Z</Time>
          <DistanceMeters>469.0</DistanceMeters>
          <HeartRateBpm>
            <Value>143</Value>
          </HeartRateBpm>
          <Cadence><Value>52</Value></Cadence>
          <SensorState>Absent</SensorState>
        </Trackpoint>
        <Trackpoint>
          <Time>2026-03-11T11:28:53Z</Time>
          <DistanceMeters>469.0</DistanceMeters>
          <HeartRateBpm>
            <Value>151</Value>
          </HeartRateBpm>
          <Cadence><Value>52</Value></Cadence>
          <SensorState>Absent</SensorState>
        </Trackpoint>
        <Trackpoint>
          <Time>2026-03-11T11:28:53Z</Time>
          <DistanceMeters>469.0</DistanceMeters>
          <HeartRateBpm>
            <Value>151</Value>
          </HeartRateBpm>
          <Cadence><Value>52</Value></Cadence>
          <SensorState>Absent</SensorState>
        </Trackpoint>
        <Trackpoint>
          <Time>2026-03-11T11:28:57Z</Time>
          <DistanceMeters>469.0</DistanceMeters>
          <HeartRateBpm>
            <Value>152</Value>
          </HeartRateBpm>
          <Cadence><Value>52</Value></Cadence>
          <SensorState>Absent</SensorState>
        </Trackpoint>
        <Trackpoint>
          <Time>2026-03-11T11:29:00Z</Time>
          <DistanceMeters>469.0</DistanceMeters>
          <HeartRateBpm>
            <Value>154</Value>
          </HeartRateBpm>
          <Cadence><Value>85</Value></Cadence>
          <SensorState>Absent</SensorState>
        </Trackpoint>
        <Trackpoint>
          <Time>2026-03-11T11:29:02Z</Time>
          <DistanceMeters>469.0</DistanceMeters>
          <HeartRateBpm>
            <Value>154</Value>
          </HeartRateBpm>
          <Cadence><Value>85</Value></Cadence>
          <SensorState>Absent</SensorState>
        </Trackpoint>
        <Trackpoint>
          <Time>2026-03-11T11:29:05Z</Time>
          <DistanceMeters>469.0</DistanceMeters>
          <HeartRateBpm>
            <Value>155</Value>
          </HeartRateBpm>
          <Cadence><Value>85</Value></Cadence>
          <SensorState>Absent</SensorState>
        </Trackpoint>
        <Trackpoint>
          <Time>2026-03-11T11:29:10Z</Time>
          <DistanceMeters>469.0</DistanceMeters>
          <HeartRateBpm>
            <Value>155</Value>
          </HeartRateBpm>
          <Cadence><Value>85</Value></Cadence>
          <SensorState>Absent</SensorState>
        </Trackpoint>
        <Trackpoint>
          <Time>2026-03-11T11:29:13Z</Time>
          <DistanceMeters>469.0</DistanceMeters>
          <HeartRateBpm>
            <Value>156</Value>
          </HeartRateBpm>
          <Cadence><Value>85</Value></Cadence>
          <SensorState>Absent</SensorState>
        </Trackpoint>
        <Trackpoint>
          <Time>2026-03-11T11:29:15Z</Time>
          <DistanceMeters>469.0</DistanceMeters>
          <HeartRateBpm>
            <Value>155</Value>
          </HeartRateBpm>
          <Cadence><Value>85</Value></Cadence>
          <SensorState>Absent</SensorState>
        </Trackpoint>
        <Trackpoint>
          <Time>2026-03-11T11:29:19Z</Time>
          <DistanceMeters>469.0</DistanceMeters>
          <HeartRateBpm>
            <Value>154</Value>
          </HeartRateBpm>
          <Cadence><Value>85</Value></Cadence>
          <SensorState>Absent</SensorState>
        </Trackpoint>
        <Trackpoint>
          <Time>2026-03-11T11:29:25Z</Time>
          <DistanceMeters>469.0</DistanceMeters>
          <HeartRateBpm>
            <Value>154</Value>
          </HeartRateBpm>
          <Cadence><Value>85</Value></Cadence>
          <SensorState>Absent</SensorState>
        </Trackpoint>
        <Trackpoint>
          <Time>2026-03-11T11:29:27Z</Time>
          <DistanceMeters>469.0</DistanceMeters>
          <HeartRateBpm>
            <Value>152</Value>
          </HeartRateBpm>
          <Cadence><Value>85</Value></Cadence>
          <SensorState>Absent</SensorState>
        </Trackpoint>
        <Trackpoint>
          <Time>2026-03-11T11:29:30Z</Time>
          <DistanceMeters>504.0</DistanceMeters>
          <HeartRateBpm>
            <Value>153</Value>
          </HeartRateBpm>
          <Cadence><Value>85</Value></Cadence>
          <SensorState>Absent</SensorState>
        </Trackpoint>
        <Trackpoint>
          <Time>2026-03-11T11:29:33Z</Time>
          <DistanceMeters>504.0</DistanceMeters>
          <HeartRateBpm>
            <Value>152</Value>
          </HeartRateBpm>
          <Cadence><Value>85</Value></Cadence>
          <SensorState>Absent</SensorState>
        </Trackpoint>
        <Trackpoint>
          <Time>2026-03-11T11:29:36Z</Time>
          <DistanceMeters>504.0</DistanceMeters>
          <HeartRateBpm>
            <Value>154</Value>
          </HeartRateBpm>
          <Cadence><Value>85</Value></Cadence>
          <SensorState>Absent</SensorState>
        </Trackpoint>
        <Trackpoint>
          <Time>2026-03-11T11:29:37Z</Time>
          <DistanceMeters>504.0</DistanceMeters>
          <HeartRateBpm>
            <Value>155</Value>
          </HeartRateBpm>
          <Cadence><Value>85</Value></Cadence>
          <SensorState>Absent</SensorState>
        </Trackpoint>
        <Trackpoint>
          <Time>2026-03-11T11:29:39Z</Time>
          <DistanceMeters>504.0</DistanceMeters>
          <HeartRateBpm>
            <Value>156</Value>
          </HeartRateBpm>
          <Cadence><Value>85</Value></Cadence>
          <SensorState>Absent</SensorState>
        </Trackpoint>
        <Trackpoint>
          <Time>2026-03-11T11:29:40Z</Time>
          <DistanceMeters>504.0</DistanceMeters>
          <HeartRateBpm>
            <Value>157</Value>
          </HeartRateBpm>
          <Cadence><Value>85</Value></Cadence>
          <SensorState>Absent</SensorState>
        </Trackpoint>
        <Trackpoint>
          <Time>2026-03-11T11:29:40Z</Time>
          <DistanceMeters>504.0</DistanceMeters>
          <HeartRateBpm>
            <Value>157</Value>
          </HeartRateBpm>
          <Cadence><Value>85</Value></Cadence>
          <SensorState>Absent</SensorState>
        </Trackpoint>
        <Trackpoint>
          <Time>2026-03-11T11:29:41Z</Time>
          <DistanceMeters>504.0</DistanceMeters>
          <HeartRateBpm>
            <Value>158</Value>
          </HeartRateBpm>
          <Cadence><Value>85</Value></Cadence>
          <SensorState>Absent</SensorState>
        </Trackpoint>
        <Trackpoint>
          <Time>2026-03-11T11:29:43Z</Time>
          <DistanceMeters>504.0</DistanceMeters>
          <HeartRateBpm>
            <Value>157</Value>
          </HeartRateBpm>
          <Cadence><Value>85</Value></Cadence>
          <SensorState>Absent</SensorState>
        </Trackpoint>
        <Trackpoint>
          <Time>2026-03-11T11:29:44Z</Time>
          <DistanceMeters>504.0</DistanceMeters>
          <HeartRateBpm>
            <Value>156</Value>
          </HeartRateBpm>
          <Cadence><Value>85</Value></Cadence>
          <SensorState>Absent</SensorState>
        </Trackpoint>
        <Trackpoint>
          <Time>2026-03-11T11:29:48Z</Time>
          <DistanceMeters>504.0</DistanceMeters>
          <HeartRateBpm>
            <Value>155</Value>
          </HeartRateBpm>
          <Cadence><Value>85</Value></Cadence>
          <SensorState>Absent</SensorState>
        </Trackpoint>
        <Trackpoint>
          <Time>2026-03-11T11:29:49Z</Time>
          <DistanceMeters>504.0</DistanceMeters>
          <HeartRateBpm>
            <Value>153</Value>
          </HeartRateBpm>
          <Cadence><Value>85</Value></Cadence>
          <SensorState>Absent</SensorState>
        </Trackpoint>
        <Trackpoint>
          <Time>2026-03-11T11:29:50Z</Time>
          <DistanceMeters>504.0</DistanceMeters>
          <HeartRateBpm>
            <Value>152</Value>
          </HeartRateBpm>
          <Cadence><Value>85</Value></Cadence>
          <SensorState>Absent</SensorState>
        </Trackpoint>
        <Trackpoint>
          <Time>2026-03-11T11:29:54Z</Time>
          <DistanceMeters>504.0</DistanceMeters>
          <HeartRateBpm>
            <Value>155</Value>
          </HeartRateBpm>
          <Cadence><Value>85</Value></Cadence>
          <SensorState>Absent</SensorState>
        </Trackpoint>
        <Trackpoint>
          <Time>2026-03-11T11:29:57Z</Time>
          <DistanceMeters>504.0</DistanceMeters>
          <HeartRateBpm>
            <Value>157</Value>
          </HeartRateBpm>
          <Cadence><Value>85</Value></Cadence>
          <SensorState>Absent</SensorState>
        </Trackpoint>
        <Trackpoint>
          <Time>2026-03-11T11:29:58Z</Time>
          <DistanceMeters>504.0</DistanceMeters>
          <HeartRateBpm>
            <Value>164</Value>
          </HeartRateBpm>
          <Cadence><Value>85</Value></Cadence>
          <SensorState>Absent</SensorState>
        </Trackpoint>
        <Trackpoint>
          <Time>2026-03-11T11:29:58Z</Time>
          <DistanceMeters>504.0</DistanceMeters>
          <HeartRateBpm>
            <Value>164</Value>
          </HeartRateBpm>
          <Cadence><Value>85</Value></Cadence>
          <SensorState>Absent</SensorState>
        </Trackpoint>
        <Trackpoint>
          <Time>2026-03-11T11:29:59Z</Time>
          <DistanceMeters>504.0</DistanceMeters>
          <HeartRateBpm>
            <Value>168</Value>
          </HeartRateBpm>
          <Cadence><Value>85</Value></Cadence>
          <SensorState>Absent</SensorState>
        </Trackpoint>
        <Trackpoint>
          <Time>2026-03-11T11:30:00Z</Time>
          <DistanceMeters>504.0</DistanceMeters>
          <HeartRateBpm>
            <Value>160</Value>
          </HeartRateBpm>
          <Cadence><Value>72</Value></Cadence>
          <SensorState>Absent</SensorState>
        </Trackpoint>
        <Trackpoint>
          <Time>2026-03-11T11:30:02Z</Time>
          <DistanceMeters>504.0</DistanceMeters>
          <HeartRateBpm>
            <Value>169</Value>
          </HeartRateBpm>
          <Cadence><Value>72</Value></Cadence>
          <SensorState>Absent</SensorState>
        </Trackpoint>
        <Trackpoint>
          <Time>2026-03-11T11:30:03Z</Time>
          <DistanceMeters>504.0</DistanceMeters>
          <HeartRateBpm>
            <Value>172</Value>
          </HeartRateBpm>
          <Cadence><Value>72</Value></Cadence>
          <SensorState>Absent</SensorState>
        </Trackpoint>
        <Trackpoint>
          <Time>2026-03-11T11:30:03Z</Time>
          <DistanceMeters>504.0</DistanceMeters>
          <HeartRateBpm>
            <Value>172</Value>
          </HeartRateBpm>
          <Cadence><Value>72</Value></Cadence>
          <SensorState>Absent</SensorState>
        </Trackpoint>
        <Trackpoint>
          <Time>2026-03-11T11:30:05Z</Time>
          <DistanceMeters>504.0</DistanceMeters>
          <HeartRateBpm>
            <Value>173</Value>
          </HeartRateBpm>
          <Cadence><Value>72</Value></Cadence>
          <SensorState>Absent</SensorState>
        </Trackpoint>
        <Trackpoint>
          <Time>2026-03-11T11:30:06Z</Time>
          <DistanceMeters>504.0</DistanceMeters>
          <HeartRateBpm>
            <Value>172</Value>
          </HeartRateBpm>
          <Cadence><Value>72</Value></Cadence>
          <SensorState>Absent</SensorState>
        </Trackpoint>
        <Trackpoint>
          <Time>2026-03-11T11:30:07Z</Time>
          <DistanceMeters>504.0</DistanceMeters>
          <HeartRateBpm>
            <Value>169</Value>
          </HeartRateBpm>
          <Cadence><Value>72</Value></Cadence>
          <SensorState>Absent</SensorState>
        </Trackpoint>
        <Trackpoint>
          <Time>2026-03-11T11:30:09Z</Time>
          <DistanceMeters>504.0</DistanceMeters>
          <HeartRateBpm>
            <Value>166</Value>
          </HeartRateBpm>
          <Cadence><Value>72</Value></Cadence>
          <SensorState>Absent</SensorState>
        </Trackpoint>
        <Trackpoint>
          <Time>2026-03-11T11:30:09Z</Time>
          <DistanceMeters>504.0</DistanceMeters>
          <HeartRateBpm>
            <Value>166</Value>
          </HeartRateBpm>
          <Cadence><Value>72</Value></Cadence>
          <SensorState>Absent</SensorState>
        </Trackpoint>
        <Trackpoint>
          <Time>2026-03-11T11:30:11Z</Time>
          <DistanceMeters>504.0</DistanceMeters>
          <HeartRateBpm>
            <Value>163</Value>
          </HeartRateBpm>
          <Cadence><Value>72</Value></Cadence>
          <SensorState>Absent</SensorState>
        </Trackpoint>
        <Trackpoint>
          <Time>2026-03-11T11:30:13Z</Time>
          <DistanceMeters>504.0</DistanceMeters>
          <HeartRateBpm>
            <Value>162</Value>
          </HeartRateBpm>
          <Cadence><Value>72</Value></Cadence>
          <SensorState>Absent</SensorState>
        </Trackpoint>
        <Trackpoint>
          <Time>2026-03-11T11:30:15Z</Time>
          <DistanceMeters>504.0</DistanceMeters>
          <HeartRateBpm>
            <Value>161</Value>
          </HeartRateBpm>
          <Cadence><Value>72</Value></Cadence>
          <SensorState>Absent</SensorState>
        </Trackpoint>
        <Trackpoint>
          <Time>2026-03-11T11:30:16Z</Time>
          <DistanceMeters>504.0</DistanceMeters>
          <HeartRateBpm>
            <Value>162</Value>
          </HeartRateBpm>
          <Cadence><Value>72</Value></Cadence>
          <SensorState>Absent</SensorState>
        </Trackpoint>
        <Trackpoint>
          <Time>2026-03-11T11:30:18Z</Time>
          <DistanceMeters>504.0</DistanceMeters>
          <HeartRateBpm>
            <Value>164</Value>
          </HeartRateBpm>
          <Cadence><Value>72</Value></Cadence>
          <SensorState>Absent</SensorState>
        </Trackpoint>
        <Trackpoint>
          <Time>2026-03-11T11:30:19Z</Time>
          <DistanceMeters>504.0</DistanceMeters>
          <HeartRateBpm>
            <Value>165</Value>
          </HeartRateBpm>
          <Cadence><Value>72</Value></Cadence>
          <SensorState>Absent</SensorState>
        </Trackpoint>
        <Trackpoint>
          <Time>2026-03-11T11:30:20Z</Time>
          <DistanceMeters>504.0</DistanceMeters>
          <HeartRateBpm>
            <Value>168</Value>
          </HeartRateBpm>
          <Cadence><Value>72</Value></Cadence>
          <SensorState>Absent</SensorState>
        </Trackpoint>
        <Trackpoint>
          <Time>2026-03-11T11:30:21Z</Time>
          <DistanceMeters>504.0</DistanceMeters>
          <HeartRateBpm>
            <Value>167</Value>
          </HeartRateBpm>
          <Cadence><Value>72</Value></Cadence>
          <SensorState>Absent</SensorState>
        </Trackpoint>
        <Trackpoint>
          <Time>2026-03-11T11:30:23Z</Time>
          <DistanceMeters>504.0</DistanceMeters>
          <HeartRateBpm>
            <Value>164</Value>
          </HeartRateBpm>
          <Cadence><Value>72</Value></Cadence>
          <SensorState>Absent</SensorState>
        </Trackpoint>
        <Trackpoint>
          <Time>2026-03-11T11:30:24Z</Time>
          <DistanceMeters>504.0</DistanceMeters>
          <HeartRateBpm>
            <Value>159</Value>
          </HeartRateBpm>
          <Cadence><Value>72</Value></Cadence>
          <SensorState>Absent</SensorState>
        </Trackpoint>
        <Trackpoint>
          <Time>2026-03-11T11:30:24Z</Time>
          <DistanceMeters>504.0</DistanceMeters>
          <HeartRateBpm>
            <Value>159</Value>
          </HeartRateBpm>
          <Cadence><Value>72</Value></Cadence>
          <SensorState>Absent</SensorState>
        </Trackpoint>
        <Trackpoint>
          <Time>2026-03-11T11:30:25Z</Time>
          <DistanceMeters>504.0</DistanceMeters>
          <HeartRateBpm>
            <Value>158</Value>
          </HeartRateBpm>
          <Cadence><Value>72</Value></Cadence>
          <SensorState>Absent</SensorState>
        </Trackpoint>
        <Trackpoint>
          <Time>2026-03-11T11:30:27Z</Time>
          <DistanceMeters>504.0</DistanceMeters>
          <HeartRateBpm>
            <Value>155</Value>
          </HeartRateBpm>
          <Cadence><Value>72</Value></Cadence>
          <SensorState>Absent</SensorState>
        </Trackpoint>
        <Trackpoint>
          <Time>2026-03-11T11:30:32Z</Time>
          <DistanceMeters>541.0</DistanceMeters>
          <HeartRateBpm>
            <Value>155</Value>
          </HeartRateBpm>
          <Cadence><Value>72</Value></Cadence>
          <SensorState>Absent</SensorState>
        </Trackpoint>
        <Trackpoint>
          <Time>2026-03-11T11:30:33Z</Time>
          <DistanceMeters>541.0</DistanceMeters>
          <HeartRateBpm>
            <Value>154</Value>
          </HeartRateBpm>
          <Cadence><Value>72</Value></Cadence>
          <SensorState>Absent</SensorState>
        </Trackpoint>
        <Trackpoint>
          <Time>2026-03-11T11:30:37Z</Time>
          <DistanceMeters>541.0</DistanceMeters>
          <HeartRateBpm>
            <Value>156</Value>
          </HeartRateBpm>
          <Cadence><Value>72</Value></Cadence>
          <SensorState>Absent</SensorState>
        </Trackpoint>
        <Trackpoint>
          <Time>2026-03-11T11:30:38Z</Time>
          <DistanceMeters>541.0</DistanceMeters>
          <HeartRateBpm>
            <Value>162</Value>
          </HeartRateBpm>
          <Cadence><Value>72</Value></Cadence>
          <SensorState>Absent</SensorState>
        </Trackpoint>
        <Trackpoint>
          <Time>2026-03-11T11:30:40Z</Time>
          <DistanceMeters>541.0</DistanceMeters>
          <HeartRateBpm>
            <Value>164</Value>
          </HeartRateBpm>
          <Cadence><Value>72</Value></Cadence>
          <SensorState>Absent</SensorState>
        </Trackpoint>
        <Trackpoint>
          <Time>2026-03-11T11:30:41Z</Time>
          <DistanceMeters>541.0</DistanceMeters>
          <HeartRateBpm>
            <Value>163</Value>
          </HeartRateBpm>
          <Cadence><Value>72</Value></Cadence>
          <SensorState>Absent</SensorState>
        </Trackpoint>
        <Trackpoint>
          <Time>2026-03-11T11:30:42Z</Time>
          <DistanceMeters>541.0</DistanceMeters>
          <HeartRateBpm>
            <Value>159</Value>
          </HeartRateBpm>
          <Cadence><Value>72</Value></Cadence>
          <SensorState>Absent</SensorState>
        </Trackpoint>
        <Trackpoint>
          <Time>2026-03-11T11:30:43Z</Time>
          <DistanceMeters>541.0</DistanceMeters>
          <HeartRateBpm>
            <Value>158</Value>
          </HeartRateBpm>
          <Cadence><Value>72</Value></Cadence>
          <SensorState>Absent</SensorState>
        </Trackpoint>
        <Trackpoint>
          <Time>2026-03-11T11:30:45Z</Time>
          <DistanceMeters>541.0</DistanceMeters>
          <HeartRateBpm>
            <Value>157</Value>
          </HeartRateBpm>
          <Cadence><Value>72</Value></Cadence>
          <SensorState>Absent</SensorState>
        </Trackpoint>
        <Trackpoint>
          <Time>2026-03-11T11:30:46Z</Time>
          <DistanceMeters>541.0</DistanceMeters>
          <HeartRateBpm>
            <Value>159</Value>
          </HeartRateBpm>
          <Cadence><Value>72</Value></Cadence>
          <SensorState>Absent</SensorState>
        </Trackpoint>
        <Trackpoint>
          <Time>2026-03-11T11:30:49Z</Time>
          <DistanceMeters>541.0</DistanceMeters>
          <HeartRateBpm>
            <Value>160</Value>
          </HeartRateBpm>
          <Cadence><Value>72</Value></Cadence>
          <SensorState>Absent</SensorState>
        </Trackpoint>
        <Trackpoint>
          <Time>2026-03-11T11:30:50Z</Time>
          <DistanceMeters>541.0</DistanceMeters>
          <HeartRateBpm>
            <Value>162</Value>
          </HeartRateBpm>
          <Cadence><Value>72</Value></Cadence>
          <SensorState>Absent</SensorState>
        </Trackpoint>
        <Trackpoint>
          <Time>2026-03-11T11:30:54Z</Time>
          <DistanceMeters>541.0</DistanceMeters>
          <HeartRateBpm>
            <Value>164</Value>
          </HeartRateBpm>
          <Cadence><Value>72</Value></Cadence>
          <SensorState>Absent</SensorState>
        </Trackpoint>
        <Trackpoint>
          <Time>2026-03-11T11:30:55Z</Time>
          <DistanceMeters>541.0</DistanceMeters>
          <HeartRateBpm>
            <Value>165</Value>
          </HeartRateBpm>
          <Cadence><Value>72</Value></Cadence>
          <SensorState>Absent</SensorState>
        </Trackpoint>
        <Trackpoint>
          <Time>2026-03-11T11:30:55Z</Time>
          <DistanceMeters>541.0</DistanceMeters>
          <HeartRateBpm>
            <Value>165</Value>
          </HeartRateBpm>
          <Cadence><Value>72</Value></Cadence>
          <SensorState>Absent</SensorState>
        </Trackpoint>
        <Trackpoint>
          <Time>2026-03-11T11:30:57Z</Time>
          <DistanceMeters>541.0</DistanceMeters>
          <HeartRateBpm>
            <Value>167</Value>
          </HeartRateBpm>
          <Cadence><Value>72</Value></Cadence>
          <SensorState>Absent</SensorState>
        </Trackpoint>
        <Trackpoint>
          <Time>2026-03-11T11:30:58Z</Time>
          <DistanceMeters>541.0</DistanceMeters>
          <HeartRateBpm>
            <Value>169</Value>
          </HeartRateBpm>
          <Cadence><Value>72</Value></Cadence>
          <SensorState>Absent</SensorState>
        </Trackpoint>
        <Trackpoint>
          <Time>2026-03-11T11:31:00Z</Time>
          <DistanceMeters>541.0</DistanceMeters>
          <HeartRateBpm>
            <Value>161</Value>
          </HeartRateBpm>
          <Cadence><Value>117</Value></Cadence>
          <SensorState>Absent</SensorState>
        </Trackpoint>
        <Trackpoint>
          <Time>2026-03-11T11:31:03Z</Time>
          <DistanceMeters>541.0</DistanceMeters>
          <HeartRateBpm>
            <Value>169</Value>
          </HeartRateBpm>
          <Cadence><Value>117</Value></Cadence>
          <SensorState>Absent</SensorState>
        </Trackpoint>
        <Trackpoint>
          <Time>2026-03-11T11:31:06Z</Time>
          <DistanceMeters>541.0</DistanceMeters>
          <HeartRateBpm>
            <Value>170</Value>
          </HeartRateBpm>
          <Cadence><Value>117</Value></Cadence>
          <SensorState>Absent</SensorState>
        </Trackpoint>
        <Trackpoint>
          <Time>2026-03-11T11:31:11Z</Time>
          <DistanceMeters>541.0</DistanceMeters>
          <HeartRateBpm>
            <Value>170</Value>
          </HeartRateBpm>
          <Cadence><Value>117</Value></Cadence>
          <SensorState>Absent</SensorState>
        </Trackpoint>
        <Trackpoint>
          <Time>2026-03-11T11:31:12Z</Time>
          <DistanceMeters>541.0</DistanceMeters>
          <HeartRateBpm>
            <Value>167</Value>
          </HeartRateBpm>
          <Cadence><Value>117</Value></Cadence>
          <SensorState>Absent</SensorState>
        </Trackpoint>
        <Trackpoint>
          <Time>2026-03-11T11:31:13Z</Time>
          <DistanceMeters>541.0</DistanceMeters>
          <HeartRateBpm>
            <Value>165</Value>
          </HeartRateBpm>
          <Cadence><Value>117</Value></Cadence>
          <SensorState>Absent</SensorState>
        </Trackpoint>
        <Trackpoint>
          <Time>2026-03-11T11:31:15Z</Time>
          <DistanceMeters>541.0</DistanceMeters>
          <HeartRateBpm>
            <Value>163</Value>
          </HeartRateBpm>
          <Cadence><Value>117</Value></Cadence>
          <SensorState>Absent</SensorState>
        </Trackpoint>
        <Trackpoint>
          <Time>2026-03-11T11:31:16Z</Time>
          <DistanceMeters>541.0</DistanceMeters>
          <HeartRateBpm>
            <Value>162</Value>
          </HeartRateBpm>
          <Cadence><Value>117</Value></Cadence>
          <SensorState>Absent</SensorState>
        </Trackpoint>
        <Trackpoint>
          <Time>2026-03-11T11:31:17Z</Time>
          <DistanceMeters>541.0</DistanceMeters>
          <HeartRateBpm>
            <Value>161</Value>
          </HeartRateBpm>
          <Cadence><Value>117</Value></Cadence>
          <SensorState>Absent</SensorState>
        </Trackpoint>
        <Trackpoint>
          <Time>2026-03-11T11:31:19Z</Time>
          <DistanceMeters>541.0</DistanceMeters>
          <HeartRateBpm>
            <Value>160</Value>
          </HeartRateBpm>
          <Cadence><Value>117</Value></Cadence>
          <SensorState>Absent</SensorState>
        </Trackpoint>
        <Trackpoint>
          <Time>2026-03-11T11:31:23Z</Time>
          <DistanceMeters>541.0</DistanceMeters>
          <HeartRateBpm>
            <Value>161</Value>
          </HeartRateBpm>
          <Cadence><Value>117</Value></Cadence>
          <SensorState>Absent</SensorState>
        </Trackpoint>
        <Trackpoint>
          <Time>2026-03-11T11:31:24Z</Time>
          <DistanceMeters>541.0</DistanceMeters>
          <HeartRateBpm>
            <Value>164</Value>
          </HeartRateBpm>
          <Cadence><Value>117</Value></Cadence>
          <SensorState>Absent</SensorState>
        </Trackpoint>
        <Trackpoint>
          <Time>2026-03-11T11:31:27Z</Time>
          <DistanceMeters>541.0</DistanceMeters>
          <HeartRateBpm>
            <Value>161</Value>
          </HeartRateBpm>
          <Cadence><Value>117</Value></Cadence>
          <SensorState>Absent</SensorState>
        </Trackpoint>
        <Trackpoint>
          <Time>2026-03-11T11:31:28Z</Time>
          <DistanceMeters>541.0</DistanceMeters>
          <HeartRateBpm>
            <Value>158</Value>
          </HeartRateBpm>
          <Cadence><Value>117</Value></Cadence>
          <SensorState>Absent</SensorState>
        </Trackpoint>
        <Trackpoint>
          <Time>2026-03-11T11:31:28Z</Time>
          <DistanceMeters>541.0</DistanceMeters>
          <HeartRateBpm>
            <Value>158</Value>
          </HeartRateBpm>
          <Cadence><Value>117</Value></Cadence>
          <SensorState>Absent</SensorState>
        </Trackpoint>
        <Trackpoint>
          <Time>2026-03-11T11:31:29Z</Time>
          <DistanceMeters>541.0</DistanceMeters>
          <HeartRateBpm>
            <Value>157</Value>
          </HeartRateBpm>
          <Cadence><Value>117</Value></Cadence>
          <SensorState>Absent</SensorState>
        </Trackpoint>
        <Trackpoint>
          <Time>2026-03-11T11:31:30Z</Time>
          <DistanceMeters>576.0</DistanceMeters>
          <HeartRateBpm>
            <Value>156</Value>
          </HeartRateBpm>
          <Cadence><Value>117</Value></Cadence>
          <SensorState>Absent</SensorState>
        </Trackpoint>
        <Trackpoint>
          <Time>2026-03-11T11:31:34Z</Time>
          <DistanceMeters>576.0</DistanceMeters>
          <HeartRateBpm>
            <Value>157</Value>
          </HeartRateBpm>
          <Cadence><Value>117</Value></Cadence>
          <SensorState>Absent</SensorState>
        </Trackpoint>
        <Trackpoint>
          <Time>2026-03-11T11:31:35Z</Time>
          <DistanceMeters>576.0</DistanceMeters>
          <HeartRateBpm>
            <Value>158</Value>
          </HeartRateBpm>
          <Cadence><Value>117</Value></Cadence>
          <SensorState>Absent</SensorState>
        </Trackpoint>
        <Trackpoint>
          <Time>2026-03-11T11:31:41Z</Time>
          <DistanceMeters>576.0</DistanceMeters>
          <HeartRateBpm>
            <Value>158</Value>
          </HeartRateBpm>
          <Cadence><Value>117</Value></Cadence>
          <SensorState>Absent</SensorState>
        </Trackpoint>
        <Trackpoint>
          <Time>2026-03-11T11:31:43Z</Time>
          <DistanceMeters>576.0</DistanceMeters>
          <HeartRateBpm>
            <Value>159</Value>
          </HeartRateBpm>
          <Cadence><Value>117</Value></Cadence>
          <SensorState>Absent</SensorState>
        </Trackpoint>
        <Trackpoint>
          <Time>2026-03-11T11:31:46Z</Time>
          <DistanceMeters>576.0</DistanceMeters>
          <HeartRateBpm>
            <Value>160</Value>
          </HeartRateBpm>
          <Cadence><Value>117</Value></Cadence>
          <SensorState>Absent</SensorState>
        </Trackpoint>
        <Trackpoint>
          <Time>2026-03-11T11:31:50Z</Time>
          <DistanceMeters>576.0</DistanceMeters>
          <HeartRateBpm>
            <Value>161</Value>
          </HeartRateBpm>
          <Cadence><Value>117</Value></Cadence>
          <SensorState>Absent</SensorState>
        </Trackpoint>
        <Trackpoint>
          <Time>2026-03-11T11:31:51Z</Time>
          <DistanceMeters>576.0</DistanceMeters>
          <HeartRateBpm>
            <Value>162</Value>
          </HeartRateBpm>
          <Cadence><Value>117</Value></Cadence>
          <SensorState>Absent</SensorState>
        </Trackpoint>
        <Trackpoint>
          <Time>2026-03-11T11:31:56Z</Time>
          <DistanceMeters>576.0</DistanceMeters>
          <HeartRateBpm>
            <Value>163</Value>
          </HeartRateBpm>
          <Cadence><Value>117</Value></Cadence>
          <SensorState>Absent</SensorState>
        </Trackpoint>
        <Trackpoint>
          <Time>2026-03-11T11:32:00Z</Time>
          <DistanceMeters>576.0</DistanceMeters>
          <HeartRateBpm>
            <Value>165</Value>
          </HeartRateBpm>
          <Cadence><Value>102</Value></Cadence>
          <SensorState>Absent</SensorState>
        </Trackpoint>
        <Trackpoint>
          <Time>2026-03-11T11:32:01Z</Time>
          <DistanceMeters>576.0</DistanceMeters>
          <HeartRateBpm>
            <Value>163</Value>
          </HeartRateBpm>
          <Cadence><Value>102</Value></Cadence>
          <SensorState>Absent</SensorState>
        </Trackpoint>
        <Trackpoint>
          <Time>2026-03-11T11:32:05Z</Time>
          <DistanceMeters>576.0</DistanceMeters>
          <HeartRateBpm>
            <Value>160</Value>
          </HeartRateBpm>
          <Cadence><Value>102</Value></Cadence>
          <SensorState>Absent</SensorState>
        </Trackpoint>
        <Trackpoint>
          <Time>2026-03-11T11:32:07Z</Time>
          <DistanceMeters>576.0</DistanceMeters>
          <HeartRateBpm>
            <Value>158</Value>
          </HeartRateBpm>
          <Cadence><Value>102</Value></Cadence>
          <SensorState>Absent</SensorState>
        </Trackpoint>
        <Trackpoint>
          <Time>2026-03-11T11:32:08Z</Time>
          <DistanceMeters>576.0</DistanceMeters>
          <HeartRateBpm>
            <Value>156</Value>
          </HeartRateBpm>
          <Cadence><Value>102</Value></Cadence>
          <SensorState>Absent</SensorState>
        </Trackpoint>
        <Trackpoint>
          <Time>2026-03-11T11:32:09Z</Time>
          <DistanceMeters>576.0</DistanceMeters>
          <HeartRateBpm>
            <Value>153</Value>
          </HeartRateBpm>
          <Cadence><Value>102</Value></Cadence>
          <SensorState>Absent</SensorState>
        </Trackpoint>
        <Trackpoint>
          <Time>2026-03-11T11:32:11Z</Time>
          <DistanceMeters>576.0</DistanceMeters>
          <HeartRateBpm>
            <Value>151</Value>
          </HeartRateBpm>
          <Cadence><Value>102</Value></Cadence>
          <SensorState>Absent</SensorState>
        </Trackpoint>
        <Trackpoint>
          <Time>2026-03-11T11:32:11Z</Time>
          <DistanceMeters>576.0</DistanceMeters>
          <HeartRateBpm>
            <Value>151</Value>
          </HeartRateBpm>
          <Cadence><Value>102</Value></Cadence>
          <SensorState>Absent</SensorState>
        </Trackpoint>
        <Trackpoint>
          <Time>2026-03-11T11:32:15Z</Time>
          <DistanceMeters>576.0</DistanceMeters>
          <HeartRateBpm>
            <Value>153</Value>
          </HeartRateBpm>
          <Cadence><Value>102</Value></Cadence>
          <SensorState>Absent</SensorState>
        </Trackpoint>
        <Trackpoint>
          <Time>2026-03-11T11:32:16Z</Time>
          <DistanceMeters>576.0</DistanceMeters>
          <HeartRateBpm>
            <Value>156</Value>
          </HeartRateBpm>
          <Cadence><Value>102</Value></Cadence>
          <SensorState>Absent</SensorState>
        </Trackpoint>
        <Trackpoint>
          <Time>2026-03-11T11:32:17Z</Time>
          <DistanceMeters>576.0</DistanceMeters>
          <HeartRateBpm>
            <Value>158</Value>
          </HeartRateBpm>
          <Cadence><Value>102</Value></Cadence>
          <SensorState>Absent</SensorState>
        </Trackpoint>
        <Trackpoint>
          <Time>2026-03-11T11:32:18Z</Time>
          <DistanceMeters>576.0</DistanceMeters>
          <HeartRateBpm>
            <Value>158</Value>
          </HeartRateBpm>
          <Cadence><Value>102</Value></Cadence>
          <SensorState>Absent</SensorState>
        </Trackpoint>
        <Trackpoint>
          <Time>2026-03-11T11:32:18Z</Time>
          <DistanceMeters>576.0</DistanceMeters>
          <HeartRateBpm>
            <Value>162</Value>
          </HeartRateBpm>
          <Cadence><Value>102</Value></Cadence>
          <SensorState>Absent</SensorState>
        </Trackpoint>
        <Trackpoint>
          <Time>2026-03-11T11:32:20Z</Time>
          <DistanceMeters>576.0</DistanceMeters>
          <HeartRateBpm>
            <Value>163</Value>
          </HeartRateBpm>
          <Cadence><Value>102</Value></Cadence>
          <SensorState>Absent</SensorState>
        </Trackpoint>
        <Trackpoint>
          <Time>2026-03-11T11:32:21Z</Time>
          <DistanceMeters>576.0</DistanceMeters>
          <HeartRateBpm>
            <Value>166</Value>
          </HeartRateBpm>
          <Cadence><Value>102</Value></Cadence>
          <SensorState>Absent</SensorState>
        </Trackpoint>
        <Trackpoint>
          <Time>2026-03-11T11:32:21Z</Time>
          <DistanceMeters>576.0</DistanceMeters>
          <HeartRateBpm>
            <Value>166</Value>
          </HeartRateBpm>
          <Cadence><Value>102</Value></Cadence>
          <SensorState>Absent</SensorState>
        </Trackpoint>
        <Trackpoint>
          <Time>2026-03-11T11:32:22Z</Time>
          <DistanceMeters>576.0</DistanceMeters>
          <HeartRateBpm>
            <Value>167</Value>
          </HeartRateBpm>
          <Cadence><Value>102</Value></Cadence>
          <SensorState>Absent</SensorState>
        </Trackpoint>
        <Trackpoint>
          <Time>2026-03-11T11:32:23Z</Time>
          <DistanceMeters>576.0</DistanceMeters>
          <HeartRateBpm>
            <Value>170</Value>
          </HeartRateBpm>
          <Cadence><Value>102</Value></Cadence>
          <SensorState>Absent</SensorState>
        </Trackpoint>
        <Trackpoint>
          <Time>2026-03-11T11:32:25Z</Time>
          <DistanceMeters>576.0</DistanceMeters>
          <HeartRateBpm>
            <Value>171</Value>
          </HeartRateBpm>
          <Cadence><Value>102</Value></Cadence>
          <SensorState>Absent</SensorState>
        </Trackpoint>
        <Trackpoint>
          <Time>2026-03-11T11:32:26Z</Time>
          <DistanceMeters>576.0</DistanceMeters>
          <HeartRateBpm>
            <Value>170</Value>
          </HeartRateBpm>
          <Cadence><Value>102</Value></Cadence>
          <SensorState>Absent</SensorState>
        </Trackpoint>
        <Trackpoint>
          <Time>2026-03-11T11:32:27Z</Time>
          <DistanceMeters>576.0</DistanceMeters>
          <HeartRateBpm>
            <Value>169</Value>
          </HeartRateBpm>
          <Cadence><Value>102</Value></Cadence>
          <SensorState>Absent</SensorState>
        </Trackpoint>
        <Trackpoint>
          <Time>2026-03-11T11:32:29Z</Time>
          <DistanceMeters>576.0</DistanceMeters>
          <HeartRateBpm>
            <Value>168</Value>
          </HeartRateBpm>
          <Cadence><Value>102</Value></Cadence>
          <SensorState>Absent</SensorState>
        </Trackpoint>
        <Trackpoint>
          <Time>2026-03-11T11:32:31Z</Time>
          <DistanceMeters>613.0</DistanceMeters>
          <HeartRateBpm>
            <Value>171</Value>
          </HeartRateBpm>
          <Cadence><Value>102</Value></Cadence>
          <SensorState>Absent</SensorState>
        </Trackpoint>
        <Trackpoint>
          <Time>2026-03-11T11:32:33Z</Time>
          <DistanceMeters>613.0</DistanceMeters>
          <HeartRateBpm>
            <Value>172</Value>
          </HeartRateBpm>
          <Cadence><Value>102</Value></Cadence>
          <SensorState>Absent</SensorState>
        </Trackpoint>
        <Trackpoint>
          <Time>2026-03-11T11:32:33Z</Time>
          <DistanceMeters>613.0</DistanceMeters>
          <HeartRateBpm>
            <Value>172</Value>
          </HeartRateBpm>
          <Cadence><Value>102</Value></Cadence>
          <SensorState>Absent</SensorState>
        </Trackpoint>
        <Trackpoint>
          <Time>2026-03-11T11:32:34Z</Time>
          <DistanceMeters>613.0</DistanceMeters>
          <HeartRateBpm>
            <Value>175</Value>
          </HeartRateBpm>
          <Cadence><Value>102</Value></Cadence>
          <SensorState>Absent</SensorState>
        </Trackpoint>
        <Trackpoint>
          <Time>2026-03-11T11:32:39Z</Time>
          <DistanceMeters>613.0</DistanceMeters>
          <HeartRateBpm>
            <Value>173</Value>
          </HeartRateBpm>
          <Cadence><Value>102</Value></Cadence>
          <SensorState>Absent</SensorState>
        </Trackpoint>
        <Trackpoint>
          <Time>2026-03-11T11:32:42Z</Time>
          <DistanceMeters>613.0</DistanceMeters>
          <HeartRateBpm>
            <Value>174</Value>
          </HeartRateBpm>
          <Cadence><Value>102</Value></Cadence>
          <SensorState>Absent</SensorState>
        </Trackpoint>
        <Trackpoint>
          <Time>2026-03-11T11:32:48Z</Time>
          <DistanceMeters>613.0</DistanceMeters>
          <HeartRateBpm>
            <Value>173</Value>
          </HeartRateBpm>
          <Cadence><Value>102</Value></Cadence>
          <SensorState>Absent</SensorState>
        </Trackpoint>
        <Trackpoint>
          <Time>2026-03-11T11:32:49Z</Time>
          <DistanceMeters>613.0</DistanceMeters>
          <HeartRateBpm>
            <Value>172</Value>
          </HeartRateBpm>
          <Cadence><Value>102</Value></Cadence>
          <SensorState>Absent</SensorState>
        </Trackpoint>
        <Trackpoint>
          <Time>2026-03-11T11:32:55Z</Time>
          <DistanceMeters>613.0</DistanceMeters>
          <HeartRateBpm>
            <Value>172</Value>
          </HeartRateBpm>
          <Cadence><Value>102</Value></Cadence>
          <SensorState>Absent</SensorState>
        </Trackpoint>
        <Trackpoint>
          <Time>2026-03-11T11:33:00Z</Time>
          <DistanceMeters>613.0</DistanceMeters>
          <HeartRateBpm>
            <Value>175</Value>
          </HeartRateBpm>
          <Cadence><Value>85</Value></Cadence>
          <SensorState>Absent</SensorState>
        </Trackpoint>
        <Trackpoint>
          <Time>2026-03-11T11:33:01Z</Time>
          <DistanceMeters>613.0</DistanceMeters>
          <HeartRateBpm>
            <Value>172</Value>
          </HeartRateBpm>
          <Cadence><Value>85</Value></Cadence>
          <SensorState>Absent</SensorState>
        </Trackpoint>
        <Trackpoint>
          <Time>2026-03-11T11:33:03Z</Time>
          <DistanceMeters>613.0</DistanceMeters>
          <HeartRateBpm>
            <Value>171</Value>
          </HeartRateBpm>
          <Cadence><Value>85</Value></Cadence>
          <SensorState>Absent</SensorState>
        </Trackpoint>
        <Trackpoint>
          <Time>2026-03-11T11:33:06Z</Time>
          <DistanceMeters>613.0</DistanceMeters>
          <HeartRateBpm>
            <Value>170</Value>
          </HeartRateBpm>
          <Cadence><Value>85</Value></Cadence>
          <SensorState>Absent</SensorState>
        </Trackpoint>
        <Trackpoint>
          <Time>2026-03-11T11:33:07Z</Time>
          <DistanceMeters>613.0</DistanceMeters>
          <HeartRateBpm>
            <Value>168</Value>
          </HeartRateBpm>
          <Cadence><Value>85</Value></Cadence>
          <SensorState>Absent</SensorState>
        </Trackpoint>
        <Trackpoint>
          <Time>2026-03-11T11:33:09Z</Time>
          <DistanceMeters>613.0</DistanceMeters>
          <HeartRateBpm>
            <Value>166</Value>
          </HeartRateBpm>
          <Cadence><Value>85</Value></Cadence>
          <SensorState>Absent</SensorState>
        </Trackpoint>
        <Trackpoint>
          <Time>2026-03-11T11:33:09Z</Time>
          <DistanceMeters>613.0</DistanceMeters>
          <HeartRateBpm>
            <Value>166</Value>
          </HeartRateBpm>
          <Cadence><Value>85</Value></Cadence>
          <SensorState>Absent</SensorState>
        </Trackpoint>
        <Trackpoint>
          <Time>2026-03-11T11:33:12Z</Time>
          <DistanceMeters>613.0</DistanceMeters>
          <HeartRateBpm>
            <Value>165</Value>
          </HeartRateBpm>
          <Cadence><Value>85</Value></Cadence>
          <SensorState>Absent</SensorState>
        </Trackpoint>
        <Trackpoint>
          <Time>2026-03-11T11:33:13Z</Time>
          <DistanceMeters>613.0</DistanceMeters>
          <HeartRateBpm>
            <Value>164</Value>
          </HeartRateBpm>
          <Cadence><Value>85</Value></Cadence>
          <SensorState>Absent</SensorState>
        </Trackpoint>
        <Trackpoint>
          <Time>2026-03-11T11:33:15Z</Time>
          <DistanceMeters>613.0</DistanceMeters>
          <HeartRateBpm>
            <Value>165</Value>
          </HeartRateBpm>
          <Cadence><Value>85</Value></Cadence>
          <SensorState>Absent</SensorState>
        </Trackpoint>
        <Trackpoint>
          <Time>2026-03-11T11:33:16Z</Time>
          <DistanceMeters>613.0</DistanceMeters>
          <HeartRateBpm>
            <Value>167</Value>
          </HeartRateBpm>
          <Cadence><Value>85</Value></Cadence>
          <SensorState>Absent</SensorState>
        </Trackpoint>
        <Trackpoint>
          <Time>2026-03-11T11:33:17Z</Time>
          <DistanceMeters>613.0</DistanceMeters>
          <HeartRateBpm>
            <Value>171</Value>
          </HeartRateBpm>
          <Cadence><Value>85</Value></Cadence>
          <SensorState>Absent</SensorState>
        </Trackpoint>
        <Trackpoint>
          <Time>2026-03-11T11:33:19Z</Time>
          <DistanceMeters>613.0</DistanceMeters>
          <HeartRateBpm>
            <Value>175</Value>
          </HeartRateBpm>
          <Cadence><Value>85</Value></Cadence>
          <SensorState>Absent</SensorState>
        </Trackpoint>
        <Trackpoint>
          <Time>2026-03-11T11:33:19Z</Time>
          <DistanceMeters>613.0</DistanceMeters>
          <HeartRateBpm>
            <Value>175</Value>
          </HeartRateBpm>
          <Cadence><Value>85</Value></Cadence>
          <SensorState>Absent</SensorState>
        </Trackpoint>
        <Trackpoint>
          <Time>2026-03-11T11:33:20Z</Time>
          <DistanceMeters>613.0</DistanceMeters>
          <HeartRateBpm>
            <Value>176</Value>
          </HeartRateBpm>
          <Cadence><Value>85</Value></Cadence>
          <SensorState>Absent</SensorState>
        </Trackpoint>
        <Trackpoint>
          <Time>2026-03-11T11:33:21Z</Time>
          <DistanceMeters>613.0</DistanceMeters>
          <HeartRateBpm>
            <Value>178</Value>
          </HeartRateBpm>
          <Cadence><Value>85</Value></Cadence>
          <SensorState>Absent</SensorState>
        </Trackpoint>
        <Trackpoint>
          <Time>2026-03-11T11:33:27Z</Time>
          <DistanceMeters>613.0</DistanceMeters>
          <HeartRateBpm>
            <Value>178</Value>
          </HeartRateBpm>
          <Cadence><Value>85</Value></Cadence>
          <SensorState>Absent</SensorState>
        </Trackpoint>
        <Trackpoint>
          <Time>2026-03-11T11:33:28Z</Time>
          <DistanceMeters>613.0</DistanceMeters>
          <HeartRateBpm>
            <Value>179</Value>
          </HeartRateBpm>
          <Cadence><Value>85</Value></Cadence>
          <SensorState>Absent</SensorState>
        </Trackpoint>
        <Trackpoint>
          <Time>2026-03-11T11:33:29Z</Time>
          <DistanceMeters>613.0</DistanceMeters>
          <HeartRateBpm>
            <Value>181</Value>
          </HeartRateBpm>
          <Cadence><Value>85</Value></Cadence>
          <SensorState>Absent</SensorState>
        </Trackpoint>
        <Trackpoint>
          <Time>2026-03-11T11:33:29Z</Time>
          <DistanceMeters>613.0</DistanceMeters>
          <HeartRateBpm>
            <Value>181</Value>
          </HeartRateBpm>
          <Cadence><Value>85</Value></Cadence>
          <SensorState>Absent</SensorState>
        </Trackpoint>
        <Trackpoint>
          <Time>2026-03-11T11:33:30Z</Time>
          <DistanceMeters>648.0</DistanceMeters>
          <HeartRateBpm>
            <Value>185</Value>
          </HeartRateBpm>
          <Cadence><Value>85</Value></Cadence>
          <SensorState>Absent</SensorState>
        </Trackpoint>
        <Trackpoint>
          <Time>2026-03-11T11:33:32Z</Time>
          <DistanceMeters>648.0</DistanceMeters>
          <HeartRateBpm>
            <Value>186</Value>
          </HeartRateBpm>
          <Cadence><Value>85</Value></Cadence>
          <SensorState>Absent</SensorState>
        </Trackpoint>
        <Trackpoint>
          <Time>2026-03-11T11:33:33Z</Time>
          <DistanceMeters>648.0</DistanceMeters>
          <HeartRateBpm>
            <Value>185</Value>
          </HeartRateBpm>
          <Cadence><Value>85</Value></Cadence>
          <SensorState>Absent</SensorState>
        </Trackpoint>
        <Trackpoint>
          <Time>2026-03-11T11:33:37Z</Time>
          <DistanceMeters>648.0</DistanceMeters>
          <HeartRateBpm>
            <Value>184</Value>
          </HeartRateBpm>
          <Cadence><Value>85</Value></Cadence>
          <SensorState>Absent</SensorState>
        </Trackpoint>
        <Trackpoint>
          <Time>2026-03-11T11:33:39Z</Time>
          <DistanceMeters>648.0</DistanceMeters>
          <HeartRateBpm>
            <Value>185</Value>
          </HeartRateBpm>
          <Cadence><Value>85</Value></Cadence>
          <SensorState>Absent</SensorState>
        </Trackpoint>
        <Trackpoint>
          <Time>2026-03-11T11:33:43Z</Time>
          <DistanceMeters>648.0</DistanceMeters>
          <HeartRateBpm>
            <Value>186</Value>
          </HeartRateBpm>
          <Cadence><Value>85</Value></Cadence>
          <SensorState>Absent</SensorState>
        </Trackpoint>
        <Trackpoint>
          <Time>2026-03-11T11:33:49Z</Time>
          <DistanceMeters>648.0</DistanceMeters>
          <HeartRateBpm>
            <Value>186</Value>
          </HeartRateBpm>
          <Cadence><Value>85</Value></Cadence>
          <SensorState>Absent</SensorState>
        </Trackpoint>
        <Trackpoint>
          <Time>2026-03-11T11:33:52Z</Time>
          <DistanceMeters>648.0</DistanceMeters>
          <HeartRateBpm>
            <Value>185</Value>
          </HeartRateBpm>
          <Cadence><Value>85</Value></Cadence>
          <SensorState>Absent</SensorState>
        </Trackpoint>
        <Trackpoint>
          <Time>2026-03-11T11:33:56Z</Time>
          <DistanceMeters>648.0</DistanceMeters>
          <HeartRateBpm>
            <Value>184</Value>
          </HeartRateBpm>
          <Cadence><Value>85</Value></Cadence>
          <SensorState>Absent</SensorState>
        </Trackpoint>
        <Trackpoint>
          <Time>2026-03-11T11:33:57Z</Time>
          <DistanceMeters>648.0</DistanceMeters>
          <HeartRateBpm>
            <Value>183</Value>
          </HeartRateBpm>
          <Cadence><Value>85</Value></Cadence>
          <SensorState>Absent</SensorState>
        </Trackpoint>
        <Trackpoint>
          <Time>2026-03-11T11:33:59Z</Time>
          <DistanceMeters>648.0</DistanceMeters>
          <HeartRateBpm>
            <Value>182</Value>
          </HeartRateBpm>
          <Cadence><Value>85</Value></Cadence>
          <SensorState>Absent</SensorState>
        </Trackpoint>
        <Trackpoint>
          <Time>2026-03-11T11:34:00Z</Time>
          <DistanceMeters>648.0</DistanceMeters>
          <HeartRateBpm>
            <Value>173</Value>
          </HeartRateBpm>
          <Cadence><Value>88</Value></Cadence>
          <SensorState>Absent</SensorState>
        </Trackpoint>
        <Trackpoint>
          <Time>2026-03-11T11:34:00Z</Time>
          <DistanceMeters>648.0</DistanceMeters>
          <HeartRateBpm>
            <Value>176</Value>
          </HeartRateBpm>
          <Cadence><Value>88</Value></Cadence>
          <SensorState>Absent</SensorState>
        </Trackpoint>
        <Trackpoint>
          <Time>2026-03-11T11:34:01Z</Time>
          <DistanceMeters>648.0</DistanceMeters>
          <HeartRateBpm>
            <Value>174</Value>
          </HeartRateBpm>
          <Cadence><Value>88</Value></Cadence>
          <SensorState>Absent</SensorState>
        </Trackpoint>
        <Trackpoint>
          <Time>2026-03-11T11:34:02Z</Time>
          <DistanceMeters>648.0</DistanceMeters>
          <HeartRateBpm>
            <Value>174</Value>
          </HeartRateBpm>
          <Cadence><Value>88</Value></Cadence>
          <SensorState>Absent</SensorState>
        </Trackpoint>
        <Trackpoint>
          <Time>2026-03-11T11:34:05Z</Time>
          <DistanceMeters>648.0</DistanceMeters>
          <HeartRateBpm>
            <Value>173</Value>
          </HeartRateBpm>
          <Cadence><Value>88</Value></Cadence>
          <SensorState>Absent</SensorState>
        </Trackpoint>
        <Trackpoint>
          <Time>2026-03-11T11:34:09Z</Time>
          <DistanceMeters>648.0</DistanceMeters>
          <HeartRateBpm>
            <Value>174</Value>
          </HeartRateBpm>
          <Cadence><Value>88</Value></Cadence>
          <SensorState>Absent</SensorState>
        </Trackpoint>
        <Trackpoint>
          <Time>2026-03-11T11:34:11Z</Time>
          <DistanceMeters>648.0</DistanceMeters>
          <HeartRateBpm>
            <Value>175</Value>
          </HeartRateBpm>
          <Cadence><Value>88</Value></Cadence>
          <SensorState>Absent</SensorState>
        </Trackpoint>
        <Trackpoint>
          <Time>2026-03-11T11:34:12Z</Time>
          <DistanceMeters>648.0</DistanceMeters>
          <HeartRateBpm>
            <Value>174</Value>
          </HeartRateBpm>
          <Cadence><Value>88</Value></Cadence>
          <SensorState>Absent</SensorState>
        </Trackpoint>
        <Trackpoint>
          <Time>2026-03-11T11:34:13Z</Time>
          <DistanceMeters>648.0</DistanceMeters>
          <HeartRateBpm>
            <Value>172</Value>
          </HeartRateBpm>
          <Cadence><Value>88</Value></Cadence>
          <SensorState>Absent</SensorState>
        </Trackpoint>
        <Trackpoint>
          <Time>2026-03-11T11:34:15Z</Time>
          <DistanceMeters>648.0</DistanceMeters>
          <HeartRateBpm>
            <Value>170</Value>
          </HeartRateBpm>
          <Cadence><Value>88</Value></Cadence>
          <SensorState>Absent</SensorState>
        </Trackpoint>
        <Trackpoint>
          <Time>2026-03-11T11:34:18Z</Time>
          <DistanceMeters>648.0</DistanceMeters>
          <HeartRateBpm>
            <Value>169</Value>
          </HeartRateBpm>
          <Cadence><Value>88</Value></Cadence>
          <SensorState>Absent</SensorState>
        </Trackpoint>
        <Trackpoint>
          <Time>2026-03-11T11:34:20Z</Time>
          <DistanceMeters>648.0</DistanceMeters>
          <HeartRateBpm>
            <Value>168</Value>
          </HeartRateBpm>
          <Cadence><Value>88</Value></Cadence>
          <SensorState>Absent</SensorState>
        </Trackpoint>
        <Trackpoint>
          <Time>2026-03-11T11:34:20Z</Time>
          <DistanceMeters>648.0</DistanceMeters>
          <HeartRateBpm>
            <Value>168</Value>
          </HeartRateBpm>
          <Cadence><Value>88</Value></Cadence>
          <SensorState>Absent</SensorState>
        </Trackpoint>
        <Trackpoint>
          <Time>2026-03-11T11:34:21Z</Time>
          <DistanceMeters>648.0</DistanceMeters>
          <HeartRateBpm>
            <Value>166</Value>
          </HeartRateBpm>
          <Cadence><Value>88</Value></Cadence>
          <SensorState>Absent</SensorState>
        </Trackpoint>
        <Trackpoint>
          <Time>2026-03-11T11:34:23Z</Time>
          <DistanceMeters>648.0</DistanceMeters>
          <HeartRateBpm>
            <Value>170</Value>
          </HeartRateBpm>
          <Cadence><Value>88</Value></Cadence>
          <SensorState>Absent</SensorState>
        </Trackpoint>
        <Trackpoint>
          <Time>2026-03-11T11:34:25Z</Time>
          <DistanceMeters>648.0</DistanceMeters>
          <HeartRateBpm>
            <Value>171</Value>
          </HeartRateBpm>
          <Cadence><Value>88</Value></Cadence>
          <SensorState>Absent</SensorState>
        </Trackpoint>
        <Trackpoint>
          <Time>2026-03-11T11:34:26Z</Time>
          <DistanceMeters>648.0</DistanceMeters>
          <HeartRateBpm>
            <Value>172</Value>
          </HeartRateBpm>
          <Cadence><Value>88</Value></Cadence>
          <SensorState>Absent</SensorState>
        </Trackpoint>
        <Trackpoint>
          <Time>2026-03-11T11:34:29Z</Time>
          <DistanceMeters>648.0</DistanceMeters>
          <HeartRateBpm>
            <Value>170</Value>
          </HeartRateBpm>
          <Cadence><Value>88</Value></Cadence>
          <SensorState>Absent</SensorState>
        </Trackpoint>
        <Trackpoint>
          <Time>2026-03-11T11:34:30Z</Time>
          <DistanceMeters>685.0</DistanceMeters>
          <HeartRateBpm>
            <Value>171</Value>
          </HeartRateBpm>
          <Cadence><Value>88</Value></Cadence>
          <SensorState>Absent</SensorState>
        </Trackpoint>
        <Trackpoint>
          <Time>2026-03-11T11:34:31Z</Time>
          <DistanceMeters>685.0</DistanceMeters>
          <HeartRateBpm>
            <Value>176</Value>
          </HeartRateBpm>
          <Cadence><Value>88</Value></Cadence>
          <SensorState>Absent</SensorState>
        </Trackpoint>
        <Trackpoint>
          <Time>2026-03-11T11:34:31Z</Time>
          <DistanceMeters>685.0</DistanceMeters>
          <HeartRateBpm>
            <Value>176</Value>
          </HeartRateBpm>
          <Cadence><Value>88</Value></Cadence>
          <SensorState>Absent</SensorState>
        </Trackpoint>
        <Trackpoint>
          <Time>2026-03-11T11:34:33Z</Time>
          <DistanceMeters>685.0</DistanceMeters>
          <HeartRateBpm>
            <Value>177</Value>
          </HeartRateBpm>
          <Cadence><Value>88</Value></Cadence>
          <SensorState>Absent</SensorState>
        </Trackpoint>
        <Trackpoint>
          <Time>2026-03-11T11:34:34Z</Time>
          <DistanceMeters>685.0</DistanceMeters>
          <HeartRateBpm>
            <Value>178</Value>
          </HeartRateBpm>
          <Cadence><Value>88</Value></Cadence>
          <SensorState>Absent</SensorState>
        </Trackpoint>
        <Trackpoint>
          <Time>2026-03-11T11:34:35Z</Time>
          <DistanceMeters>685.0</DistanceMeters>
          <HeartRateBpm>
            <Value>182</Value>
          </HeartRateBpm>
          <Cadence><Value>88</Value></Cadence>
          <SensorState>Absent</SensorState>
        </Trackpoint>
        <Trackpoint>
          <Time>2026-03-11T11:34:35Z</Time>
          <DistanceMeters>685.0</DistanceMeters>
          <HeartRateBpm>
            <Value>182</Value>
          </HeartRateBpm>
          <Cadence><Value>88</Value></Cadence>
          <SensorState>Absent</SensorState>
        </Trackpoint>
        <Trackpoint>
          <Time>2026-03-11T11:34:39Z</Time>
          <DistanceMeters>685.0</DistanceMeters>
          <HeartRateBpm>
            <Value>181</Value>
          </HeartRateBpm>
          <Cadence><Value>88</Value></Cadence>
          <SensorState>Absent</SensorState>
        </Trackpoint>
        <Trackpoint>
          <Time>2026-03-11T11:34:43Z</Time>
          <DistanceMeters>685.0</DistanceMeters>
          <HeartRateBpm>
            <Value>179</Value>
          </HeartRateBpm>
          <Cadence><Value>88</Value></Cadence>
          <SensorState>Absent</SensorState>
        </Trackpoint>
        <Trackpoint>
          <Time>2026-03-11T11:34:44Z</Time>
          <DistanceMeters>685.0</DistanceMeters>
          <HeartRateBpm>
            <Value>175</Value>
          </HeartRateBpm>
          <Cadence><Value>88</Value></Cadence>
          <SensorState>Absent</SensorState>
        </Trackpoint>
        <Trackpoint>
          <Time>2026-03-11T11:34:44Z</Time>
          <DistanceMeters>685.0</DistanceMeters>
          <HeartRateBpm>
            <Value>175</Value>
          </HeartRateBpm>
          <Cadence><Value>88</Value></Cadence>
          <SensorState>Absent</SensorState>
        </Trackpoint>
        <Trackpoint>
          <Time>2026-03-11T11:34:45Z</Time>
          <DistanceMeters>685.0</DistanceMeters>
          <HeartRateBpm>
            <Value>172</Value>
          </HeartRateBpm>
          <Cadence><Value>88</Value></Cadence>
          <SensorState>Absent</SensorState>
        </Trackpoint>
        <Trackpoint>
          <Time>2026-03-11T11:34:47Z</Time>
          <DistanceMeters>685.0</DistanceMeters>
          <HeartRateBpm>
            <Value>171</Value>
          </HeartRateBpm>
          <Cadence><Value>88</Value></Cadence>
          <SensorState>Absent</SensorState>
        </Trackpoint>
        <Trackpoint>
          <Time>2026-03-11T11:34:52Z</Time>
          <DistanceMeters>685.0</DistanceMeters>
          <HeartRateBpm>
            <Value>170</Value>
          </HeartRateBpm>
          <Cadence><Value>88</Value></Cadence>
          <SensorState>Absent</SensorState>
        </Trackpoint>
        <Trackpoint>
          <Time>2026-03-11T11:34:53Z</Time>
          <DistanceMeters>685.0</DistanceMeters>
          <HeartRateBpm>
            <Value>168</Value>
          </HeartRateBpm>
          <Cadence><Value>88</Value></Cadence>
          <SensorState>Absent</SensorState>
        </Trackpoint>
        <Trackpoint>
          <Time>2026-03-11T11:34:53Z</Time>
          <DistanceMeters>685.0</DistanceMeters>
          <HeartRateBpm>
            <Value>168</Value>
          </HeartRateBpm>
          <Cadence><Value>88</Value></Cadence>
          <SensorState>Absent</SensorState>
        </Trackpoint>
        <Trackpoint>
          <Time>2026-03-11T11:34:57Z</Time>
          <DistanceMeters>685.0</DistanceMeters>
          <HeartRateBpm>
            <Value>170</Value>
          </HeartRateBpm>
          <Cadence><Value>88</Value></Cadence>
          <SensorState>Absent</SensorState>
        </Trackpoint>
        <Trackpoint>
          <Time>2026-03-11T11:34:59Z</Time>
          <DistanceMeters>685.0</DistanceMeters>
          <HeartRateBpm>
            <Value>165</Value>
          </HeartRateBpm>
          <Cadence><Value>88</Value></Cadence>
          <SensorState>Absent</SensorState>
        </Trackpoint>
        <Trackpoint>
          <Time>2026-03-11T11:35:00Z</Time>
          <DistanceMeters>685.0</DistanceMeters>
          <HeartRateBpm>
            <Value>156</Value>
          </HeartRateBpm>
          <SensorState>Absent</SensorState>
        </Trackpoint>
        <Trackpoint>
          <Time>2026-03-11T11:35:00Z</Time>
          <DistanceMeters>685.0</DistanceMeters>
          <HeartRateBpm>
            <Value>160</Value>
          </HeartRateBpm>
          <SensorState>Absent</SensorState>
        </Trackpoint>
        <Trackpoint>
          <Time>2026-03-11T11:35:00Z</Time>
          <DistanceMeters>685.0</DistanceMeters>
          <HeartRateBpm>
            <Value>160</Value>
          </HeartRateBpm>
          <SensorState>Absent</SensorState>
        </Trackpoint>
        <Trackpoint>
          <Time>2026-03-11T11:35:01Z</Time>
          <DistanceMeters>685.0</DistanceMeters>
          <HeartRateBpm>
            <Value>155</Value>
          </HeartRateBpm>
          <SensorState>Absent</SensorState>
        </Trackpoint>
        <Trackpoint>
          <Time>2026-03-11T11:35:03Z</Time>
          <DistanceMeters>685.0</DistanceMeters>
          <HeartRateBpm>
            <Value>154</Value>
          </HeartRateBpm>
          <SensorState>Absent</SensorState>
        </Trackpoint>
        <Trackpoint>
          <Time>2026-03-11T11:35:03Z</Time>
          <DistanceMeters>685.0</DistanceMeters>
          <HeartRateBpm>
            <Value>154</Value>
          </HeartRateBpm>
          <SensorState>Absent</SensorState>
        </Trackpoint>
        <Trackpoint>
          <Time>2026-03-11T11:35:08Z</Time>
          <DistanceMeters>685.0</DistanceMeters>
          <HeartRateBpm>
            <Value>154</Value>
          </HeartRateBpm>
          <SensorState>Absent</SensorState>
        </Trackpoint>
        <Trackpoint>
          <Time>2026-03-11T11:35:11Z</Time>
          <DistanceMeters>685.0</DistanceMeters>
          <HeartRateBpm>
            <Value>155</Value>
          </HeartRateBpm>
          <SensorState>Absent</SensorState>
        </Trackpoint>
        <Trackpoint>
          <Time>2026-03-11T11:35:13Z</Time>
          <DistanceMeters>685.0</DistanceMeters>
          <HeartRateBpm>
            <Value>156</Value>
          </HeartRateBpm>
          <SensorState>Absent</SensorState>
        </Trackpoint>
        <Trackpoint>
          <Time>2026-03-11T11:35:14Z</Time>
          <DistanceMeters>685.0</DistanceMeters>
          <HeartRateBpm>
            <Value>155</Value>
          </HeartRateBpm>
          <SensorState>Absent</SensorState>
        </Trackpoint>
        <Trackpoint>
          <Time>2026-03-11T11:35:19Z</Time>
          <DistanceMeters>685.0</DistanceMeters>
          <HeartRateBpm>
            <Value>156</Value>
          </HeartRateBpm>
          <SensorState>Absent</SensorState>
        </Trackpoint>
        <Trackpoint>
          <Time>2026-03-11T11:35:23Z</Time>
          <DistanceMeters>685.0</DistanceMeters>
          <HeartRateBpm>
            <Value>155</Value>
          </HeartRateBpm>
          <SensorState>Absent</SensorState>
        </Trackpoint>
        <Trackpoint>
          <Time>2026-03-11T11:35:25Z</Time>
          <DistanceMeters>685.0</DistanceMeters>
          <HeartRateBpm>
            <Value>154</Value>
          </HeartRateBpm>
          <SensorState>Absent</SensorState>
        </Trackpoint>
        <Trackpoint>
          <Time>2026-03-11T11:35:27Z</Time>
          <DistanceMeters>685.0</DistanceMeters>
          <HeartRateBpm>
            <Value>153</Value>
          </HeartRateBpm>
          <SensorState>Absent</SensorState>
        </Trackpoint>
        <Trackpoint>
          <Time>2026-03-11T11:35:29Z</Time>
          <DistanceMeters>685.0</DistanceMeters>
          <HeartRateBpm>
            <Value>152</Value>
          </HeartRateBpm>
          <SensorState>Absent</SensorState>
        </Trackpoint>
        <Trackpoint>
          <Time>2026-03-11T11:35:31Z</Time>
          <DistanceMeters>721.0</DistanceMeters>
          <HeartRateBpm>
            <Value>149</Value>
          </HeartRateBpm>
          <SensorState>Absent</SensorState>
        </Trackpoint>
        <Trackpoint>
          <Time>2026-03-11T11:35:33Z</Time>
          <DistanceMeters>721.0</DistanceMeters>
          <HeartRateBpm>
            <Value>148</Value>
          </HeartRateBpm>
          <SensorState>Absent</SensorState>
        </Trackpoint>
        <Trackpoint>
          <Time>2026-03-11T11:35:33Z</Time>
          <DistanceMeters>721.0</DistanceMeters>
          <HeartRateBpm>
            <Value>148</Value>
          </HeartRateBpm>
          <SensorState>Absent</SensorState>
        </Trackpoint>
        <Trackpoint>
          <Time>2026-03-11T11:35:35Z</Time>
          <DistanceMeters>721.0</DistanceMeters>
          <HeartRateBpm>
            <Value>147</Value>
          </HeartRateBpm>
          <SensorState>Absent</SensorState>
        </Trackpoint>
        <Trackpoint>
          <Time>2026-03-11T11:35:36Z</Time>
          <DistanceMeters>721.0</DistanceMeters>
          <HeartRateBpm>
            <Value>146</Value>
          </HeartRateBpm>
          <SensorState>Absent</SensorState>
        </Trackpoint>
        <Trackpoint>
          <Time>2026-03-11T11:35:41Z</Time>
          <DistanceMeters>721.0</DistanceMeters>
          <HeartRateBpm>
            <Value>146</Value>
          </HeartRateBpm>
          <SensorState>Absent</SensorState>
        </Trackpoint>
        <Trackpoint>
          <Time>2026-03-11T11:35:43Z</Time>
          <DistanceMeters>721.0</DistanceMeters>
          <HeartRateBpm>
            <Value>147</Value>
          </HeartRateBpm>
          <SensorState>Absent</SensorState>
        </Trackpoint>
        <Trackpoint>
          <Time>2026-03-11T11:35:48Z</Time>
          <DistanceMeters>721.0</DistanceMeters>
          <HeartRateBpm>
            <Value>146</Value>
          </HeartRateBpm>
          <SensorState>Absent</SensorState>
        </Trackpoint>
        <Trackpoint>
          <Time>2026-03-11T11:35:52Z</Time>
          <DistanceMeters>721.0</DistanceMeters>
          <HeartRateBpm>
            <Value>145</Value>
          </HeartRateBpm>
          <SensorState>Absent</SensorState>
        </Trackpoint>
        <Trackpoint>
          <Time>2026-03-11T11:35:53Z</Time>
          <DistanceMeters>721.0</DistanceMeters>
          <HeartRateBpm>
            <Value>141</Value>
          </HeartRateBpm>
          <SensorState>Absent</SensorState>
        </Trackpoint>
        <Trackpoint>
          <Time>2026-03-11T11:35:53Z</Time>
          <DistanceMeters>721.0</DistanceMeters>
          <HeartRateBpm>
            <Value>141</Value>
          </HeartRateBpm>
          <SensorState>Absent</SensorState>
        </Trackpoint>
        <Trackpoint>
          <Time>2026-03-11T11:35:58Z</Time>
          <DistanceMeters>721.0</DistanceMeters>
          <HeartRateBpm>
            <Value>141</Value>
          </HeartRateBpm>
          <SensorState>Absent</SensorState>
        </Trackpoint>
        <Trackpoint>
          <Time>2026-03-11T11:36:00Z</Time>
          <DistanceMeters>721.0</DistanceMeters>
          <HeartRateBpm>
            <Value>139</Value>
          </HeartRateBpm>
          <SensorState>Absent</SensorState>
        </Trackpoint>
        <Trackpoint>
          <Time>2026-03-11T11:36:00Z</Time>
          <DistanceMeters>721.0</DistanceMeters>
          <HeartRateBpm>
            <Value>142</Value>
          </HeartRateBpm>
          <SensorState>Absent</SensorState>
        </Trackpoint>
        <Trackpoint>
          <Time>2026-03-11T11:36:01Z</Time>
          <DistanceMeters>721.0</DistanceMeters>
          <HeartRateBpm>
            <Value>141</Value>
          </HeartRateBpm>
          <SensorState>Absent</SensorState>
        </Trackpoint>
        <Trackpoint>
          <Time>2026-03-11T11:36:03Z</Time>
          <DistanceMeters>721.0</DistanceMeters>
          <HeartRateBpm>
            <Value>140</Value>
          </HeartRateBpm>
          <SensorState>Absent</SensorState>
        </Trackpoint>
        <Trackpoint>
          <Time>2026-03-11T11:36:06Z</Time>
          <DistanceMeters>721.0</DistanceMeters>
          <HeartRateBpm>
            <Value>138</Value>
          </HeartRateBpm>
          <SensorState>Absent</SensorState>
        </Trackpoint>
        <Trackpoint>
          <Time>2026-03-11T11:36:07Z</Time>
          <DistanceMeters>721.0</DistanceMeters>
          <HeartRateBpm>
            <Value>137</Value>
          </HeartRateBpm>
          <SensorState>Absent</SensorState>
        </Trackpoint>
        <Trackpoint>
          <Time>2026-03-11T11:36:10Z</Time>
          <DistanceMeters>721.0</DistanceMeters>
          <HeartRateBpm>
            <Value>136</Value>
          </HeartRateBpm>
          <SensorState>Absent</SensorState>
        </Trackpoint>
        <Trackpoint>
          <Time>2026-03-11T11:36:11Z</Time>
          <DistanceMeters>721.0</DistanceMeters>
          <HeartRateBpm>
            <Value>135</Value>
          </HeartRateBpm>
          <SensorState>Absent</SensorState>
        </Trackpoint>
        <Trackpoint>
          <Time>2026-03-11T11:36:11Z</Time>
          <DistanceMeters>721.0</DistanceMeters>
          <HeartRateBpm>
            <Value>135</Value>
          </HeartRateBpm>
          <SensorState>Absent</SensorState>
        </Trackpoint>
        <Trackpoint>
          <Time>2026-03-11T11:36:15Z</Time>
          <DistanceMeters>721.0</DistanceMeters>
          <HeartRateBpm>
            <Value>134</Value>
          </HeartRateBpm>
          <SensorState>Absent</SensorState>
        </Trackpoint>
        <Trackpoint>
          <Time>2026-03-11T11:36:21Z</Time>
          <DistanceMeters>721.0</DistanceMeters>
          <HeartRateBpm>
            <Value>133</Value>
          </HeartRateBpm>
          <SensorState>Absent</SensorState>
        </Trackpoint>
        <Trackpoint>
          <Time>2026-03-11T11:36:23Z</Time>
          <DistanceMeters>721.0</DistanceMeters>
          <HeartRateBpm>
            <Value>132</Value>
          </HeartRateBpm>
          <SensorState>Absent</SensorState>
        </Trackpoint>
        <Trackpoint>
          <Time>2026-03-11T11:36:27Z</Time>
          <DistanceMeters>721.0</DistanceMeters>
          <HeartRateBpm>
            <Value>131</Value>
          </HeartRateBpm>
          <SensorState>Absent</SensorState>
        </Trackpoint>
        <Trackpoint>
          <Time>2026-03-11T11:36:32Z</Time>
          <DistanceMeters>757.0</DistanceMeters>
          <HeartRateBpm>
            <Value>131</Value>
          </HeartRateBpm>
          <SensorState>Absent</SensorState>
        </Trackpoint>
        <Trackpoint>
          <Time>2026-03-11T11:36:37Z</Time>
          <DistanceMeters>757.0</DistanceMeters>
          <HeartRateBpm>
            <Value>130</Value>
          </HeartRateBpm>
          <SensorState>Absent</SensorState>
        </Trackpoint>
        <Trackpoint>
          <Time>2026-03-11T11:36:41Z</Time>
          <DistanceMeters>757.0</DistanceMeters>
          <HeartRateBpm>
            <Value>131</Value>
          </HeartRateBpm>
          <SensorState>Absent</SensorState>
        </Trackpoint>
        <Trackpoint>
          <Time>2026-03-11T11:36:45Z</Time>
          <DistanceMeters>757.0</DistanceMeters>
          <HeartRateBpm>
            <Value>132</Value>
          </HeartRateBpm>
          <SensorState>Absent</SensorState>
        </Trackpoint>
        <Trackpoint>
          <Time>2026-03-11T11:36:47Z</Time>
          <DistanceMeters>757.0</DistanceMeters>
          <HeartRateBpm>
            <Value>131</Value>
          </HeartRateBpm>
          <SensorState>Absent</SensorState>
        </Trackpoint>
        <Trackpoint>
          <Time>2026-03-11T11:36:48Z</Time>
          <DistanceMeters>757.0</DistanceMeters>
          <HeartRateBpm>
            <Value>130</Value>
          </HeartRateBpm>
          <SensorState>Absent</SensorState>
        </Trackpoint>
        <Trackpoint>
          <Time>2026-03-11T11:36:49Z</Time>
          <DistanceMeters>757.0</DistanceMeters>
          <HeartRateBpm>
            <Value>129</Value>
          </HeartRateBpm>
          <SensorState>Absent</SensorState>
        </Trackpoint>
        <Trackpoint>
          <Time>2026-03-11T11:36:50Z</Time>
          <DistanceMeters>757.0</DistanceMeters>
          <HeartRateBpm>
            <Value>129</Value>
          </HeartRateBpm>
          <SensorState>Absent</SensorState>
        </Trackpoint>
        <Trackpoint>
          <Time>2026-03-11T11:36:52Z</Time>
          <DistanceMeters>757.0</DistanceMeters>
          <HeartRateBpm>
            <Value>130</Value>
          </HeartRateBpm>
          <SensorState>Absent</SensorState>
        </Trackpoint>
        <Trackpoint>
          <Time>2026-03-11T11:36:53Z</Time>
          <DistanceMeters>757.0</DistanceMeters>
          <HeartRateBpm>
            <Value>131</Value>
          </HeartRateBpm>
          <SensorState>Absent</SensorState>
        </Trackpoint>
        <Trackpoint>
          <Time>2026-03-11T11:36:57Z</Time>
          <DistanceMeters>757.0</DistanceMeters>
          <HeartRateBpm>
            <Value>130</Value>
          </HeartRateBpm>
          <SensorState>Absent</SensorState>
        </Trackpoint>
        <Trackpoint>
          <Time>2026-03-11T11:36:58Z</Time>
          <DistanceMeters>757.0</DistanceMeters>
          <HeartRateBpm>
            <Value>129</Value>
          </HeartRateBpm>
          <SensorState>Absent</SensorState>
        </Trackpoint>
        <Trackpoint>
          <Time>2026-03-11T11:37:00Z</Time>
          <DistanceMeters>757.0</DistanceMeters>
          <HeartRateBpm>
            <Value>129</Value>
          </HeartRateBpm>
          <SensorState>Absent</SensorState>
        </Trackpoint>
        <Trackpoint>
          <Time>2026-03-11T11:37:00Z</Time>
          <DistanceMeters>757.0</DistanceMeters>
          <HeartRateBpm>
            <Value>127</Value>
          </HeartRateBpm>
          <SensorState>Absent</SensorState>
        </Trackpoint>
        <Trackpoint>
          <Time>2026-03-11T11:37:02Z</Time>
          <DistanceMeters>757.0</DistanceMeters>
          <HeartRateBpm>
            <Value>126</Value>
          </HeartRateBpm>
          <SensorState>Absent</SensorState>
        </Trackpoint>
        <Trackpoint>
          <Time>2026-03-11T11:37:07Z</Time>
          <DistanceMeters>757.0</DistanceMeters>
          <HeartRateBpm>
            <Value>127</Value>
          </HeartRateBpm>
          <SensorState>Absent</SensorState>
        </Trackpoint>
        <Trackpoint>
          <Time>2026-03-11T11:37:12Z</Time>
          <DistanceMeters>757.0</DistanceMeters>
          <HeartRateBpm>
            <Value>128</Value>
          </HeartRateBpm>
          <SensorState>Absent</SensorState>
        </Trackpoint>
        <Trackpoint>
          <Time>2026-03-11T11:37:17Z</Time>
          <DistanceMeters>757.0</DistanceMeters>
          <HeartRateBpm>
            <Value>128</Value>
          </HeartRateBpm>
          <SensorState>Absent</SensorState>
        </Trackpoint>
        <Trackpoint>
          <Time>2026-03-11T11:37:23Z</Time>
          <DistanceMeters>757.0</DistanceMeters>
          <HeartRateBpm>
            <Value>128</Value>
          </HeartRateBpm>
          <SensorState>Absent</SensorState>
        </Trackpoint>
        <Trackpoint>
          <Time>2026-03-11T11:37:28Z</Time>
          <DistanceMeters>757.0</DistanceMeters>
          <HeartRateBpm>
            <Value>128</Value>
          </HeartRateBpm>
          <SensorState>Absent</SensorState>
        </Trackpoint>
        <Trackpoint>
          <Time>2026-03-11T11:37:33Z</Time>
          <DistanceMeters>793.0</DistanceMeters>
          <HeartRateBpm>
            <Value>126</Value>
          </HeartRateBpm>
          <SensorState>Absent</SensorState>
        </Trackpoint>
        <Trackpoint>
          <Time>2026-03-11T11:37:35Z</Time>
          <DistanceMeters>793.0</DistanceMeters>
          <HeartRateBpm>
            <Value>125</Value>
          </HeartRateBpm>
          <SensorState>Absent</SensorState>
        </Trackpoint>
        <Trackpoint>
          <Time>2026-03-11T11:37:36Z</Time>
          <DistanceMeters>793.0</DistanceMeters>
          <HeartRateBpm>
            <Value>124</Value>
          </HeartRateBpm>
          <SensorState>Absent</SensorState>
        </Trackpoint>
        <Trackpoint>
          <Time>2026-03-11T11:37:38Z</Time>
          <DistanceMeters>793.0</DistanceMeters>
          <HeartRateBpm>
            <Value>123</Value>
          </HeartRateBpm>
          <SensorState>Absent</SensorState>
        </Trackpoint>
        <Trackpoint>
          <Time>2026-03-11T11:37:38Z</Time>
          <DistanceMeters>793.0</DistanceMeters>
          <HeartRateBpm>
            <Value>123</Value>
          </HeartRateBpm>
          <SensorState>Absent</SensorState>
        </Trackpoint>
        <Trackpoint>
          <Time>2026-03-11T11:37:41Z</Time>
          <DistanceMeters>793.0</DistanceMeters>
          <HeartRateBpm>
            <Value>124</Value>
          </HeartRateBpm>
          <SensorState>Absent</SensorState>
        </Trackpoint>
        <Trackpoint>
          <Time>2026-03-11T11:37:46Z</Time>
          <DistanceMeters>793.0</DistanceMeters>
          <HeartRateBpm>
            <Value>124</Value>
          </HeartRateBpm>
          <SensorState>Absent</SensorState>
        </Trackpoint>
        <Trackpoint>
          <Time>2026-03-11T11:37:51Z</Time>
          <DistanceMeters>793.0</DistanceMeters>
          <HeartRateBpm>
            <Value>124</Value>
          </HeartRateBpm>
          <SensorState>Absent</SensorState>
        </Trackpoint>
        <Trackpoint>
          <Time>2026-03-11T11:37:53Z</Time>
          <DistanceMeters>793.0</DistanceMeters>
          <HeartRateBpm>
            <Value>125</Value>
          </HeartRateBpm>
          <SensorState>Absent</SensorState>
        </Trackpoint>
        <Trackpoint>
          <Time>2026-03-11T11:37:58Z</Time>
          <DistanceMeters>793.0</DistanceMeters>
          <HeartRateBpm>
            <Value>125</Value>
          </HeartRateBpm>
          <SensorState>Absent</SensorState>
        </Trackpoint>
        <Trackpoint>
          <Time>2026-03-11T11:38:00Z</Time>
          <DistanceMeters>793.0</DistanceMeters>
          <HeartRateBpm>
            <Value>122</Value>
          </HeartRateBpm>
          <SensorState>Absent</SensorState>
        </Trackpoint>
        <Trackpoint>
          <Time>2026-03-11T11:38:03Z</Time>
          <DistanceMeters>793.0</DistanceMeters>
          <HeartRateBpm>
            <Value>124</Value>
          </HeartRateBpm>
          <SensorState>Absent</SensorState>
        </Trackpoint>
        <Trackpoint>
          <Time>2026-03-11T11:38:04Z</Time>
          <DistanceMeters>793.0</DistanceMeters>
          <HeartRateBpm>
            <Value>123</Value>
          </HeartRateBpm>
          <SensorState>Absent</SensorState>
        </Trackpoint>
        <Trackpoint>
          <Time>2026-03-11T11:38:05Z</Time>
          <DistanceMeters>793.0</DistanceMeters>
          <HeartRateBpm>
            <Value>122</Value>
          </HeartRateBpm>
          <SensorState>Absent</SensorState>
        </Trackpoint>
        <Trackpoint>
          <Time>2026-03-11T11:38:08Z</Time>
          <DistanceMeters>793.0</DistanceMeters>
          <HeartRateBpm>
            <Value>120</Value>
          </HeartRateBpm>
          <SensorState>Absent</SensorState>
        </Trackpoint>
        <Trackpoint>
          <Time>2026-03-11T11:38:11Z</Time>
          <DistanceMeters>793.0</DistanceMeters>
          <HeartRateBpm>
            <Value>119</Value>
          </HeartRateBpm>
          <SensorState>Absent</SensorState>
        </Trackpoint>
        <Trackpoint>
          <Time>2026-03-11T11:38:13Z</Time>
          <DistanceMeters>793.0</DistanceMeters>
          <HeartRateBpm>
            <Value>118</Value>
          </HeartRateBpm>
          <SensorState>Absent</SensorState>
        </Trackpoint>
        <Trackpoint>
          <Time>2026-03-11T11:38:17Z</Time>
          <DistanceMeters>793.0</DistanceMeters>
          <HeartRateBpm>
            <Value>119</Value>
          </HeartRateBpm>
          <SensorState>Absent</SensorState>
        </Trackpoint>
        <Trackpoint>
          <Time>2026-03-11T11:38:20Z</Time>
          <DistanceMeters>793.0</DistanceMeters>
          <HeartRateBpm>
            <Value>120</Value>
          </HeartRateBpm>
          <SensorState>Absent</SensorState>
        </Trackpoint>
        <Trackpoint>
          <Time>2026-03-11T11:38:21Z</Time>
          <DistanceMeters>793.0</DistanceMeters>
          <HeartRateBpm>
            <Value>121</Value>
          </HeartRateBpm>
          <SensorState>Absent</SensorState>
        </Trackpoint>
        <Trackpoint>
          <Time>2026-03-11T11:38:26Z</Time>
          <DistanceMeters>793.0</DistanceMeters>
          <HeartRateBpm>
            <Value>121</Value>
          </HeartRateBpm>
          <SensorState>Absent</SensorState>
        </Trackpoint>
        <Trackpoint>
          <Time>2026-03-11T11:38:28Z</Time>
          <DistanceMeters>793.0</DistanceMeters>
          <HeartRateBpm>
            <Value>122</Value>
          </HeartRateBpm>
          <SensorState>Absent</SensorState>
        </Trackpoint>
        <Trackpoint>
          <Time>2026-03-11T11:38:30Z</Time>
          <DistanceMeters>829.0</DistanceMeters>
          <HeartRateBpm>
            <Value>121</Value>
          </HeartRateBpm>
          <SensorState>Absent</SensorState>
        </Trackpoint>
        <Trackpoint>
          <Time>2026-03-11T11:38:34Z</Time>
          <DistanceMeters>829.0</DistanceMeters>
          <HeartRateBpm>
            <Value>120</Value>
          </HeartRateBpm>
          <SensorState>Absent</SensorState>
        </Trackpoint>
        <Trackpoint>
          <Time>2026-03-11T11:38:35Z</Time>
          <DistanceMeters>829.0</DistanceMeters>
          <HeartRateBpm>
            <Value>121</Value>
          </HeartRateBpm>
          <SensorState>Absent</SensorState>
        </Trackpoint>
        <Trackpoint>
          <Time>2026-03-11T11:38:39Z</Time>
          <DistanceMeters>829.0</DistanceMeters>
          <HeartRateBpm>
            <Value>120</Value>
          </HeartRateBpm>
          <SensorState>Absent</SensorState>
        </Trackpoint>
        <Trackpoint>
          <Time>2026-03-11T11:38:39Z</Time>
          <DistanceMeters>829.0</DistanceMeters>
          <HeartRateBpm>
            <Value>120</Value>
          </HeartRateBpm>
          <SensorState>Absent</SensorState>
        </Trackpoint>
        <Trackpoint>
          <Time>2026-03-11T11:38:45Z</Time>
          <DistanceMeters>829.0</DistanceMeters>
          <HeartRateBpm>
            <Value>120</Value>
          </HeartRateBpm>
          <SensorState>Absent</SensorState>
        </Trackpoint>
        <Trackpoint>
          <Time>2026-03-11T11:38:46Z</Time>
          <DistanceMeters>829.0</DistanceMeters>
          <HeartRateBpm>
            <Value>119</Value>
          </HeartRateBpm>
          <SensorState>Absent</SensorState>
        </Trackpoint>
        <Trackpoint>
          <Time>2026-03-11T11:38:51Z</Time>
          <DistanceMeters>829.0</DistanceMeters>
          <HeartRateBpm>
            <Value>120</Value>
          </HeartRateBpm>
          <SensorState>Absent</SensorState>
        </Trackpoint>
        <Trackpoint>
          <Time>2026-03-11T11:38:56Z</Time>
          <DistanceMeters>829.0</DistanceMeters>
          <HeartRateBpm>
            <Value>120</Value>
          </HeartRateBpm>
          <SensorState>Absent</SensorState>
        </Trackpoint>
        <Trackpoint>
          <Time>2026-03-11T11:38:57Z</Time>
          <DistanceMeters>829.0</DistanceMeters>
          <HeartRateBpm>
            <Value>121</Value>
          </HeartRateBpm>
          <SensorState>Absent</SensorState>
        </Trackpoint>
        <Trackpoint>
          <Time>2026-03-11T11:39:00Z</Time>
          <DistanceMeters>829.0</DistanceMeters>
          <HeartRateBpm>
            <Value>122</Value>
          </HeartRateBpm>
          <SensorState>Absent</SensorState>
        </Trackpoint>
        <Trackpoint>
          <Time>2026-03-11T11:39:00Z</Time>
          <DistanceMeters>829.0</DistanceMeters>
          <HeartRateBpm>
            <Value>122</Value>
          </HeartRateBpm>
          <SensorState>Absent</SensorState>
        </Trackpoint>
        <Trackpoint>
          <Time>2026-03-11T11:39:04Z</Time>
          <DistanceMeters>829.0</DistanceMeters>
          <HeartRateBpm>
            <Value>121</Value>
          </HeartRateBpm>
          <SensorState>Absent</SensorState>
        </Trackpoint>
        <Trackpoint>
          <Time>2026-03-11T11:39:05Z</Time>
          <DistanceMeters>829.0</DistanceMeters>
          <HeartRateBpm>
            <Value>120</Value>
          </HeartRateBpm>
          <SensorState>Absent</SensorState>
        </Trackpoint>
        <Trackpoint>
          <Time>2026-03-11T11:39:09Z</Time>
          <DistanceMeters>829.0</DistanceMeters>
          <HeartRateBpm>
            <Value>121</Value>
          </HeartRateBpm>
          <SensorState>Absent</SensorState>
        </Trackpoint>
        <Trackpoint>
          <Time>2026-03-11T11:39:12Z</Time>
          <DistanceMeters>829.0</DistanceMeters>
          <HeartRateBpm>
            <Value>122</Value>
          </HeartRateBpm>
          <SensorState>Absent</SensorState>
        </Trackpoint>
        <Trackpoint>
          <Time>2026-03-11T11:39:14Z</Time>
          <DistanceMeters>829.0</DistanceMeters>
          <HeartRateBpm>
            <Value>123</Value>
          </HeartRateBpm>
          <SensorState>Absent</SensorState>
        </Trackpoint>
        <Trackpoint>
          <Time>2026-03-11T11:39:19Z</Time>
          <DistanceMeters>829.0</DistanceMeters>
          <HeartRateBpm>
            <Value>124</Value>
          </HeartRateBpm>
          <SensorState>Absent</SensorState>
        </Trackpoint>
        <Trackpoint>
          <Time>2026-03-11T11:39:25Z</Time>
          <DistanceMeters>829.0</DistanceMeters>
          <HeartRateBpm>
            <Value>124</Value>
          </HeartRateBpm>
          <SensorState>Absent</SensorState>
        </Trackpoint>
        <Trackpoint>
          <Time>2026-03-11T11:39:27Z</Time>
          <DistanceMeters>829.0</DistanceMeters>
          <HeartRateBpm>
            <Value>123</Value>
          </HeartRateBpm>
          <SensorState>Absent</SensorState>
        </Trackpoint>
        <Trackpoint>
          <Time>2026-03-11T11:39:29Z</Time>
          <DistanceMeters>829.0</DistanceMeters>
          <HeartRateBpm>
            <Value>122</Value>
          </HeartRateBpm>
          <SensorState>Absent</SensorState>
        </Trackpoint>
        <Trackpoint>
          <Time>2026-03-11T11:39:31Z</Time>
          <DistanceMeters>865.0</DistanceMeters>
          <HeartRateBpm>
            <Value>123</Value>
          </HeartRateBpm>
          <SensorState>Absent</SensorState>
        </Trackpoint>
        <Trackpoint>
          <Time>2026-03-11T11:39:36Z</Time>
          <DistanceMeters>865.0</DistanceMeters>
          <HeartRateBpm>
            <Value>123</Value>
          </HeartRateBpm>
          <SensorState>Absent</SensorState>
        </Trackpoint>
        <Trackpoint>
          <Time>2026-03-11T11:39:41Z</Time>
          <DistanceMeters>865.0</DistanceMeters>
          <HeartRateBpm>
            <Value>122</Value>
          </HeartRateBpm>
          <SensorState>Absent</SensorState>
        </Trackpoint>
        <Trackpoint>
          <Time>2026-03-11T11:39:41Z</Time>
          <DistanceMeters>865.0</DistanceMeters>
          <HeartRateBpm>
            <Value>122</Value>
          </HeartRateBpm>
          <SensorState>Absent</SensorState>
        </Trackpoint>
        <Trackpoint>
          <Time>2026-03-11T11:39:47Z</Time>
          <DistanceMeters>865.0</DistanceMeters>
          <HeartRateBpm>
            <Value>122</Value>
          </HeartRateBpm>
          <SensorState>Absent</SensorState>
        </Trackpoint>
        <Trackpoint>
          <Time>2026-03-11T11:39:52Z</Time>
          <DistanceMeters>865.0</DistanceMeters>
          <HeartRateBpm>
            <Value>122</Value>
          </HeartRateBpm>
          <SensorState>Absent</SensorState>
        </Trackpoint>
        <Trackpoint>
          <Time>2026-03-11T11:39:57Z</Time>
          <DistanceMeters>865.0</DistanceMeters>
          <HeartRateBpm>
            <Value>124</Value>
          </HeartRateBpm>
          <SensorState>Absent</SensorState>
        </Trackpoint>
        <Trackpoint>
          <Time>2026-03-11T11:40:00Z</Time>
          <DistanceMeters>865.0</DistanceMeters>
          <HeartRateBpm>
            <Value>123</Value>
          </HeartRateBpm>
          <SensorState>Absent</SensorState>
        </Trackpoint>
        <Trackpoint>
          <Time>2026-03-11T11:40:02Z</Time>
          <DistanceMeters>865.0</DistanceMeters>
          <HeartRateBpm>
            <Value>125</Value>
          </HeartRateBpm>
          <SensorState>Absent</SensorState>
        </Trackpoint>
        <Trackpoint>
          <Time>2026-03-11T11:40:07Z</Time>
          <DistanceMeters>865.0</DistanceMeters>
          <HeartRateBpm>
            <Value>125</Value>
          </HeartRateBpm>
          <SensorState>Absent</SensorState>
        </Trackpoint>
        <Trackpoint>
          <Time>2026-03-11T11:40:13Z</Time>
          <DistanceMeters>865.0</DistanceMeters>
          <HeartRateBpm>
            <Value>125</Value>
          </HeartRateBpm>
          <SensorState>Absent</SensorState>
        </Trackpoint>
        <Trackpoint>
          <Time>2026-03-11T11:40:18Z</Time>
          <DistanceMeters>865.0</DistanceMeters>
          <HeartRateBpm>
            <Value>125</Value>
          </HeartRateBpm>
          <SensorState>Absent</SensorState>
        </Trackpoint>
        <Trackpoint>
          <Time>2026-03-11T11:40:22Z</Time>
          <DistanceMeters>865.0</DistanceMeters>
          <HeartRateBpm>
            <Value>124</Value>
          </HeartRateBpm>
          <SensorState>Absent</SensorState>
        </Trackpoint>
        <Trackpoint>
          <Time>2026-03-11T11:40:23Z</Time>
          <DistanceMeters>865.0</DistanceMeters>
          <HeartRateBpm>
            <Value>123</Value>
          </HeartRateBpm>
          <SensorState>Absent</SensorState>
        </Trackpoint>
        <Trackpoint>
          <Time>2026-03-11T11:40:24Z</Time>
          <DistanceMeters>865.0</DistanceMeters>
          <HeartRateBpm>
            <Value>124</Value>
          </HeartRateBpm>
          <SensorState>Absent</SensorState>
        </Trackpoint>
        <Trackpoint>
          <Time>2026-03-11T11:40:29Z</Time>
          <DistanceMeters>865.0</DistanceMeters>
          <HeartRateBpm>
            <Value>124</Value>
          </HeartRateBpm>
          <SensorState>Absent</SensorState>
        </Trackpoint>
        <Trackpoint>
          <Time>2026-03-11T11:40:35Z</Time>
          <DistanceMeters>901.0</DistanceMeters>
          <HeartRateBpm>
            <Value>122</Value>
          </HeartRateBpm>
          <SensorState>Absent</SensorState>
        </Trackpoint>
        <Trackpoint>
          <Time>2026-03-11T11:40:40Z</Time>
          <DistanceMeters>901.0</DistanceMeters>
          <HeartRateBpm>
            <Value>123</Value>
          </HeartRateBpm>
          <SensorState>Absent</SensorState>
        </Trackpoint>
        <Trackpoint>
          <Time>2026-03-11T11:40:41Z</Time>
          <DistanceMeters>901.0</DistanceMeters>
          <HeartRateBpm>
            <Value>124</Value>
          </HeartRateBpm>
          <SensorState>Absent</SensorState>
        </Trackpoint>
        <Trackpoint>
          <Time>2026-03-11T11:40:41Z</Time>
          <DistanceMeters>901.0</DistanceMeters>
          <HeartRateBpm>
            <Value>124</Value>
          </HeartRateBpm>
          <SensorState>Absent</SensorState>
        </Trackpoint>
        <Trackpoint>
          <Time>2026-03-11T11:40:47Z</Time>
          <DistanceMeters>901.0</DistanceMeters>
          <HeartRateBpm>
            <Value>124</Value>
          </HeartRateBpm>
          <SensorState>Absent</SensorState>
        </Trackpoint>
        <Trackpoint>
          <Time>2026-03-11T11:40:48Z</Time>
          <DistanceMeters>901.0</DistanceMeters>
          <HeartRateBpm>
            <Value>123</Value>
          </HeartRateBpm>
          <SensorState>Absent</SensorState>
        </Trackpoint>
        <Trackpoint>
          <Time>2026-03-11T11:40:50Z</Time>
          <DistanceMeters>901.0</DistanceMeters>
          <HeartRateBpm>
            <Value>124</Value>
          </HeartRateBpm>
          <SensorState>Absent</SensorState>
        </Trackpoint>
        <Trackpoint>
          <Time>2026-03-11T11:40:51Z</Time>
          <DistanceMeters>901.0</DistanceMeters>
          <HeartRateBpm>
            <Value>123</Value>
          </HeartRateBpm>
          <SensorState>Absent</SensorState>
        </Trackpoint>
        <Trackpoint>
          <Time>2026-03-11T11:40:57Z</Time>
          <DistanceMeters>901.0</DistanceMeters>
          <HeartRateBpm>
            <Value>124</Value>
          </HeartRateBpm>
          <SensorState>Absent</SensorState>
        </Trackpoint>
        <Trackpoint>
          <Time>2026-03-11T11:41:00Z</Time>
          <DistanceMeters>901.0</DistanceMeters>
          <HeartRateBpm>
            <Value>124</Value>
          </HeartRateBpm>
          <SensorState>Absent</SensorState>
        </Trackpoint>
        <Trackpoint>
          <Time>2026-03-11T11:41:02Z</Time>
          <DistanceMeters>901.0</DistanceMeters>
          <HeartRateBpm>
            <Value>124</Value>
          </HeartRateBpm>
          <SensorState>Absent</SensorState>
        </Trackpoint>
        <Trackpoint>
          <Time>2026-03-11T11:41:06Z</Time>
          <DistanceMeters>901.0</DistanceMeters>
          <HeartRateBpm>
            <Value>124</Value>
          </HeartRateBpm>
          <SensorState>Absent</SensorState>
        </Trackpoint>
        <Trackpoint>
          <Time>2026-03-11T11:41:11Z</Time>
          <DistanceMeters>901.0</DistanceMeters>
          <HeartRateBpm>
            <Value>124</Value>
          </HeartRateBpm>
          <SensorState>Absent</SensorState>
        </Trackpoint>
        <Trackpoint>
          <Time>2026-03-11T11:41:13Z</Time>
          <DistanceMeters>901.0</DistanceMeters>
          <HeartRateBpm>
            <Value>123</Value>
          </HeartRateBpm>
          <SensorState>Absent</SensorState>
        </Trackpoint>
        <Trackpoint>
          <Time>2026-03-11T11:41:14Z</Time>
          <DistanceMeters>901.0</DistanceMeters>
          <HeartRateBpm>
            <Value>122</Value>
          </HeartRateBpm>
          <SensorState>Absent</SensorState>
        </Trackpoint>
        <Trackpoint>
          <Time>2026-03-11T11:41:15Z</Time>
          <DistanceMeters>901.0</DistanceMeters>
          <HeartRateBpm>
            <Value>120</Value>
          </HeartRateBpm>
          <SensorState>Absent</SensorState>
        </Trackpoint>
        <Trackpoint>
          <Time>2026-03-11T11:41:16Z</Time>
          <DistanceMeters>901.0</DistanceMeters>
          <HeartRateBpm>
            <Value>121</Value>
          </HeartRateBpm>
          <SensorState>Absent</SensorState>
        </Trackpoint>
        <Trackpoint>
          <Time>2026-03-11T11:41:18Z</Time>
          <DistanceMeters>901.0</DistanceMeters>
          <HeartRateBpm>
            <Value>122</Value>
          </HeartRateBpm>
          <SensorState>Absent</SensorState>
        </Trackpoint>
        <Trackpoint>
          <Time>2026-03-11T11:41:19Z</Time>
          <DistanceMeters>901.0</DistanceMeters>
          <HeartRateBpm>
            <Value>124</Value>
          </HeartRateBpm>
          <SensorState>Absent</SensorState>
        </Trackpoint>
        <Trackpoint>
          <Time>2026-03-11T11:41:20Z</Time>
          <DistanceMeters>901.0</DistanceMeters>
          <HeartRateBpm>
            <Value>125</Value>
          </HeartRateBpm>
          <SensorState>Absent</SensorState>
        </Trackpoint>
        <Trackpoint>
          <Time>2026-03-11T11:41:24Z</Time>
          <DistanceMeters>901.0</DistanceMeters>
          <HeartRateBpm>
            <Value>126</Value>
          </HeartRateBpm>
          <SensorState>Absent</SensorState>
        </Trackpoint>
        <Trackpoint>
          <Time>2026-03-11T11:41:25Z</Time>
          <DistanceMeters>901.0</DistanceMeters>
          <HeartRateBpm>
            <Value>127</Value>
          </HeartRateBpm>
          <SensorState>Absent</SensorState>
        </Trackpoint>
        <Trackpoint>
          <Time>2026-03-11T11:41:27Z</Time>
          <DistanceMeters>901.0</DistanceMeters>
          <HeartRateBpm>
            <Value>126</Value>
          </HeartRateBpm>
          <SensorState>Absent</SensorState>
        </Trackpoint>
        <Trackpoint>
          <Time>2026-03-11T11:41:32Z</Time>
          <DistanceMeters>937.0</DistanceMeters>
          <HeartRateBpm>
            <Value>126</Value>
          </HeartRateBpm>
          <SensorState>Absent</SensorState>
        </Trackpoint>
        <Trackpoint>
          <Time>2026-03-11T11:41:37Z</Time>
          <DistanceMeters>937.0</DistanceMeters>
          <HeartRateBpm>
            <Value>127</Value>
          </HeartRateBpm>
          <SensorState>Absent</SensorState>
        </Trackpoint>
        <Trackpoint>
          <Time>2026-03-11T11:41:40Z</Time>
          <DistanceMeters>937.0</DistanceMeters>
          <HeartRateBpm>
            <Value>126</Value>
          </HeartRateBpm>
          <SensorState>Absent</SensorState>
        </Trackpoint>
        <Trackpoint>
          <Time>2026-03-11T11:41:45Z</Time>
          <DistanceMeters>937.0</DistanceMeters>
          <HeartRateBpm>
            <Value>126</Value>
          </HeartRateBpm>
          <SensorState>Absent</SensorState>
        </Trackpoint>
        <Trackpoint>
          <Time>2026-03-11T11:41:45Z</Time>
          <DistanceMeters>937.0</DistanceMeters>
          <HeartRateBpm>
            <Value>126</Value>
          </HeartRateBpm>
          <SensorState>Absent</SensorState>
        </Trackpoint>
        <Trackpoint>
          <Time>2026-03-11T11:41:46Z</Time>
          <DistanceMeters>937.0</DistanceMeters>
          <HeartRateBpm>
            <Value>125</Value>
          </HeartRateBpm>
          <SensorState>Absent</SensorState>
        </Trackpoint>
        <Trackpoint>
          <Time>2026-03-11T11:41:51Z</Time>
          <DistanceMeters>937.0</DistanceMeters>
          <HeartRateBpm>
            <Value>124</Value>
          </HeartRateBpm>
          <SensorState>Absent</SensorState>
        </Trackpoint>
        <Trackpoint>
          <Time>2026-03-11T11:41:57Z</Time>
          <DistanceMeters>937.0</DistanceMeters>
          <HeartRateBpm>
            <Value>124</Value>
          </HeartRateBpm>
          <SensorState>Absent</SensorState>
        </Trackpoint>
        <Trackpoint>
          <Time>2026-03-11T11:42:00Z</Time>
          <DistanceMeters>937.0</DistanceMeters>
          <HeartRateBpm>
            <Value>123</Value>
          </HeartRateBpm>
          <SensorState>Absent</SensorState>
        </Trackpoint>
        <Trackpoint>
          <Time>2026-03-11T11:42:02Z</Time>
          <DistanceMeters>937.0</DistanceMeters>
          <HeartRateBpm>
            <Value>124</Value>
          </HeartRateBpm>
          <SensorState>Absent</SensorState>
        </Trackpoint>
        <Trackpoint>
          <Time>2026-03-11T11:42:03Z</Time>
          <DistanceMeters>937.0</DistanceMeters>
          <HeartRateBpm>
            <Value>125</Value>
          </HeartRateBpm>
          <SensorState>Absent</SensorState>
        </Trackpoint>
        <Trackpoint>
          <Time>2026-03-11T11:42:04Z</Time>
          <DistanceMeters>937.0</DistanceMeters>
          <HeartRateBpm>
            <Value>126</Value>
          </HeartRateBpm>
          <SensorState>Absent</SensorState>
        </Trackpoint>
        <Trackpoint>
          <Time>2026-03-11T11:42:07Z</Time>
          <DistanceMeters>937.0</DistanceMeters>
          <HeartRateBpm>
            <Value>127</Value>
          </HeartRateBpm>
          <SensorState>Absent</SensorState>
        </Trackpoint>
        <Trackpoint>
          <Time>2026-03-11T11:42:08Z</Time>
          <DistanceMeters>937.0</DistanceMeters>
          <HeartRateBpm>
            <Value>128</Value>
          </HeartRateBpm>
          <SensorState>Absent</SensorState>
        </Trackpoint>
        <Trackpoint>
          <Time>2026-03-11T11:42:09Z</Time>
          <DistanceMeters>937.0</DistanceMeters>
          <HeartRateBpm>
            <Value>129</Value>
          </HeartRateBpm>
          <SensorState>Absent</SensorState>
        </Trackpoint>
        <Trackpoint>
          <Time>2026-03-11T11:42:13Z</Time>
          <DistanceMeters>937.0</DistanceMeters>
          <HeartRateBpm>
            <Value>130</Value>
          </HeartRateBpm>
          <SensorState>Absent</SensorState>
        </Trackpoint>
        <Trackpoint>
          <Time>2026-03-11T11:42:15Z</Time>
          <DistanceMeters>937.0</DistanceMeters>
          <HeartRateBpm>
            <Value>131</Value>
          </HeartRateBpm>
          <SensorState>Absent</SensorState>
        </Trackpoint>
        <Trackpoint>
          <Time>2026-03-11T11:42:16Z</Time>
          <DistanceMeters>937.0</DistanceMeters>
          <HeartRateBpm>
            <Value>130</Value>
          </HeartRateBpm>
          <SensorState>Absent</SensorState>
        </Trackpoint>
        <Trackpoint>
          <Time>2026-03-11T11:42:17Z</Time>
          <DistanceMeters>937.0</DistanceMeters>
          <HeartRateBpm>
            <Value>125</Value>
          </HeartRateBpm>
          <SensorState>Absent</SensorState>
        </Trackpoint>
        <Trackpoint>
          <Time>2026-03-11T11:42:19Z</Time>
          <DistanceMeters>937.0</DistanceMeters>
          <HeartRateBpm>
            <Value>123</Value>
          </HeartRateBpm>
          <SensorState>Absent</SensorState>
        </Trackpoint>
        <Trackpoint>
          <Time>2026-03-11T11:42:23Z</Time>
          <DistanceMeters>937.0</DistanceMeters>
          <HeartRateBpm>
            <Value>121</Value>
          </HeartRateBpm>
          <SensorState>Absent</SensorState>
        </Trackpoint>
        <Trackpoint>
          <Time>2026-03-11T11:42:28Z</Time>
          <DistanceMeters>937.0</DistanceMeters>
          <HeartRateBpm>
            <Value>120</Value>
          </HeartRateBpm>
          <SensorState>Absent</SensorState>
        </Trackpoint>
        <Trackpoint>
          <Time>2026-03-11T11:42:28Z</Time>
          <DistanceMeters>937.0</DistanceMeters>
          <HeartRateBpm>
            <Value>120</Value>
          </HeartRateBpm>
          <SensorState>Absent</SensorState>
        </Trackpoint>
        <Trackpoint>
          <Time>2026-03-11T11:42:30Z</Time>
          <DistanceMeters>973.0</DistanceMeters>
          <HeartRateBpm>
            <Value>121</Value>
          </HeartRateBpm>
          <SensorState>Absent</SensorState>
        </Trackpoint>
        <Trackpoint>
          <Time>2026-03-11T11:42:35Z</Time>
          <DistanceMeters>973.0</DistanceMeters>
          <HeartRateBpm>
            <Value>121</Value>
          </HeartRateBpm>
          <SensorState>Absent</SensorState>
        </Trackpoint>
        <Trackpoint>
          <Time>2026-03-11T11:42:36Z</Time>
          <DistanceMeters>973.0</DistanceMeters>
          <HeartRateBpm>
            <Value>122</Value>
          </HeartRateBpm>
          <SensorState>Absent</SensorState>
        </Trackpoint>
        <Trackpoint>
          <Time>2026-03-11T11:42:37Z</Time>
          <DistanceMeters>973.0</DistanceMeters>
          <HeartRateBpm>
            <Value>123</Value>
          </HeartRateBpm>
          <SensorState>Absent</SensorState>
        </Trackpoint>
        <Trackpoint>
          <Time>2026-03-11T11:42:41Z</Time>
          <DistanceMeters>973.0</DistanceMeters>
          <HeartRateBpm>
            <Value>122</Value>
          </HeartRateBpm>
          <SensorState>Absent</SensorState>
        </Trackpoint>
        <Trackpoint>
          <Time>2026-03-11T11:42:45Z</Time>
          <DistanceMeters>973.0</DistanceMeters>
          <HeartRateBpm>
            <Value>123</Value>
          </HeartRateBpm>
          <SensorState>Absent</SensorState>
        </Trackpoint>
        <Trackpoint>
          <Time>2026-03-11T11:42:50Z</Time>
          <DistanceMeters>973.0</DistanceMeters>
          <HeartRateBpm>
            <Value>123</Value>
          </HeartRateBpm>
          <SensorState>Absent</SensorState>
        </Trackpoint>
        <Trackpoint>
          <Time>2026-03-11T11:42:52Z</Time>
          <DistanceMeters>973.0</DistanceMeters>
          <HeartRateBpm>
            <Value>122</Value>
          </HeartRateBpm>
          <SensorState>Absent</SensorState>
        </Trackpoint>
        <Trackpoint>
          <Time>2026-03-11T11:42:53Z</Time>
          <DistanceMeters>973.0</DistanceMeters>
          <HeartRateBpm>
            <Value>121</Value>
          </HeartRateBpm>
          <SensorState>Absent</SensorState>
        </Trackpoint>
        <Trackpoint>
          <Time>2026-03-11T11:42:54Z</Time>
          <DistanceMeters>973.0</DistanceMeters>
          <HeartRateBpm>
            <Value>120</Value>
          </HeartRateBpm>
          <SensorState>Absent</SensorState>
        </Trackpoint>
        <Trackpoint>
          <Time>2026-03-11T11:42:57Z</Time>
          <DistanceMeters>973.0</DistanceMeters>
          <HeartRateBpm>
            <Value>122</Value>
          </HeartRateBpm>
          <SensorState>Absent</SensorState>
        </Trackpoint>
        <Trackpoint>
          <Time>2026-03-11T11:42:58Z</Time>
          <DistanceMeters>973.0</DistanceMeters>
          <HeartRateBpm>
            <Value>124</Value>
          </HeartRateBpm>
          <SensorState>Absent</SensorState>
        </Trackpoint>
        <Trackpoint>
          <Time>2026-03-11T11:43:00Z</Time>
          <DistanceMeters>973.0</DistanceMeters>
          <HeartRateBpm>
            <Value>140</Value>
          </HeartRateBpm>
          <Cadence><Value>93</Value></Cadence>
          <SensorState>Absent</SensorState>
        </Trackpoint>
        <Trackpoint>
          <Time>2026-03-11T11:43:03Z</Time>
          <DistanceMeters>973.0</DistanceMeters>
          <HeartRateBpm>
            <Value>126</Value>
          </HeartRateBpm>
          <Cadence><Value>93</Value></Cadence>
          <SensorState>Absent</SensorState>
        </Trackpoint>
        <Trackpoint>
          <Time>2026-03-11T11:43:03Z</Time>
          <DistanceMeters>973.0</DistanceMeters>
          <HeartRateBpm>
            <Value>126</Value>
          </HeartRateBpm>
          <Cadence><Value>93</Value></Cadence>
          <SensorState>Absent</SensorState>
        </Trackpoint>
        <Trackpoint>
          <Time>2026-03-11T11:43:05Z</Time>
          <DistanceMeters>973.0</DistanceMeters>
          <HeartRateBpm>
            <Value>127</Value>
          </HeartRateBpm>
          <Cadence><Value>93</Value></Cadence>
          <SensorState>Absent</SensorState>
        </Trackpoint>
        <Trackpoint>
          <Time>2026-03-11T11:43:06Z</Time>
          <DistanceMeters>973.0</DistanceMeters>
          <HeartRateBpm>
            <Value>128</Value>
          </HeartRateBpm>
          <Cadence><Value>93</Value></Cadence>
          <SensorState>Absent</SensorState>
        </Trackpoint>
        <Trackpoint>
          <Time>2026-03-11T11:43:07Z</Time>
          <DistanceMeters>973.0</DistanceMeters>
          <HeartRateBpm>
            <Value>129</Value>
          </HeartRateBpm>
          <Cadence><Value>93</Value></Cadence>
          <SensorState>Absent</SensorState>
        </Trackpoint>
        <Trackpoint>
          <Time>2026-03-11T11:43:10Z</Time>
          <DistanceMeters>973.0</DistanceMeters>
          <HeartRateBpm>
            <Value>130</Value>
          </HeartRateBpm>
          <Cadence><Value>93</Value></Cadence>
          <SensorState>Absent</SensorState>
        </Trackpoint>
        <Trackpoint>
          <Time>2026-03-11T11:43:11Z</Time>
          <DistanceMeters>973.0</DistanceMeters>
          <HeartRateBpm>
            <Value>132</Value>
          </HeartRateBpm>
          <Cadence><Value>93</Value></Cadence>
          <SensorState>Absent</SensorState>
        </Trackpoint>
        <Trackpoint>
          <Time>2026-03-11T11:43:12Z</Time>
          <DistanceMeters>973.0</DistanceMeters>
          <HeartRateBpm>
            <Value>132</Value>
          </HeartRateBpm>
          <Cadence><Value>93</Value></Cadence>
          <SensorState>Absent</SensorState>
        </Trackpoint>
        <Trackpoint>
          <Time>2026-03-11T11:43:14Z</Time>
          <DistanceMeters>973.0</DistanceMeters>
          <HeartRateBpm>
            <Value>133</Value>
          </HeartRateBpm>
          <Cadence><Value>93</Value></Cadence>
          <SensorState>Absent</SensorState>
        </Trackpoint>
        <Trackpoint>
          <Time>2026-03-11T11:43:19Z</Time>
          <DistanceMeters>973.0</DistanceMeters>
          <HeartRateBpm>
            <Value>134</Value>
          </HeartRateBpm>
          <Cadence><Value>93</Value></Cadence>
          <SensorState>Absent</SensorState>
        </Trackpoint>
        <Trackpoint>
          <Time>2026-03-11T11:43:20Z</Time>
          <DistanceMeters>973.0</DistanceMeters>
          <HeartRateBpm>
            <Value>132</Value>
          </HeartRateBpm>
          <Cadence><Value>93</Value></Cadence>
          <SensorState>Absent</SensorState>
        </Trackpoint>
        <Trackpoint>
          <Time>2026-03-11T11:43:24Z</Time>
          <DistanceMeters>973.0</DistanceMeters>
          <HeartRateBpm>
            <Value>136</Value>
          </HeartRateBpm>
          <Cadence><Value>93</Value></Cadence>
          <SensorState>Absent</SensorState>
        </Trackpoint>
        <Trackpoint>
          <Time>2026-03-11T11:43:25Z</Time>
          <DistanceMeters>973.0</DistanceMeters>
          <HeartRateBpm>
            <Value>139</Value>
          </HeartRateBpm>
          <Cadence><Value>93</Value></Cadence>
          <SensorState>Absent</SensorState>
        </Trackpoint>
        <Trackpoint>
          <Time>2026-03-11T11:43:26Z</Time>
          <DistanceMeters>973.0</DistanceMeters>
          <HeartRateBpm>
            <Value>139</Value>
          </HeartRateBpm>
          <Cadence><Value>93</Value></Cadence>
          <SensorState>Absent</SensorState>
        </Trackpoint>
        <Trackpoint>
          <Time>2026-03-11T11:43:27Z</Time>
          <DistanceMeters>973.0</DistanceMeters>
          <HeartRateBpm>
            <Value>141</Value>
          </HeartRateBpm>
          <Cadence><Value>93</Value></Cadence>
          <SensorState>Absent</SensorState>
        </Trackpoint>
        <Trackpoint>
          <Time>2026-03-11T11:43:28Z</Time>
          <DistanceMeters>973.0</DistanceMeters>
          <HeartRateBpm>
            <Value>143</Value>
          </HeartRateBpm>
          <Cadence><Value>93</Value></Cadence>
          <SensorState>Absent</SensorState>
        </Trackpoint>
        <Trackpoint>
          <Time>2026-03-11T11:43:29Z</Time>
          <DistanceMeters>973.0</DistanceMeters>
          <HeartRateBpm>
            <Value>147</Value>
          </HeartRateBpm>
          <Cadence><Value>93</Value></Cadence>
          <SensorState>Absent</SensorState>
        </Trackpoint>
        <Trackpoint>
          <Time>2026-03-11T11:43:30Z</Time>
          <DistanceMeters>1009.0</DistanceMeters>
          <HeartRateBpm>
            <Value>147</Value>
          </HeartRateBpm>
          <Cadence><Value>93</Value></Cadence>
          <SensorState>Absent</SensorState>
        </Trackpoint>
        <Trackpoint>
          <Time>2026-03-11T11:43:31Z</Time>
          <DistanceMeters>1009.0</DistanceMeters>
          <HeartRateBpm>
            <Value>150</Value>
          </HeartRateBpm>
          <Cadence><Value>93</Value></Cadence>
          <SensorState>Absent</SensorState>
        </Trackpoint>
        <Trackpoint>
          <Time>2026-03-11T11:43:32Z</Time>
          <DistanceMeters>1009.0</DistanceMeters>
          <HeartRateBpm>
            <Value>153</Value>
          </HeartRateBpm>
          <Cadence><Value>93</Value></Cadence>
          <SensorState>Absent</SensorState>
        </Trackpoint>
        <Trackpoint>
          <Time>2026-03-11T11:43:32Z</Time>
          <DistanceMeters>1009.0</DistanceMeters>
          <HeartRateBpm>
            <Value>153</Value>
          </HeartRateBpm>
          <Cadence><Value>93</Value></Cadence>
          <SensorState>Absent</SensorState>
        </Trackpoint>
        <Trackpoint>
          <Time>2026-03-11T11:43:33Z</Time>
          <DistanceMeters>1009.0</DistanceMeters>
          <HeartRateBpm>
            <Value>156</Value>
          </HeartRateBpm>
          <Cadence><Value>93</Value></Cadence>
          <SensorState>Absent</SensorState>
        </Trackpoint>
        <Trackpoint>
          <Time>2026-03-11T11:43:35Z</Time>
          <DistanceMeters>1009.0</DistanceMeters>
          <HeartRateBpm>
            <Value>157</Value>
          </HeartRateBpm>
          <Cadence><Value>93</Value></Cadence>
          <SensorState>Absent</SensorState>
        </Trackpoint>
        <Trackpoint>
          <Time>2026-03-11T11:43:36Z</Time>
          <DistanceMeters>1009.0</DistanceMeters>
          <HeartRateBpm>
            <Value>158</Value>
          </HeartRateBpm>
          <Cadence><Value>93</Value></Cadence>
          <SensorState>Absent</SensorState>
        </Trackpoint>
        <Trackpoint>
          <Time>2026-03-11T11:43:38Z</Time>
          <DistanceMeters>1009.0</DistanceMeters>
          <HeartRateBpm>
            <Value>162</Value>
          </HeartRateBpm>
          <Cadence><Value>93</Value></Cadence>
          <SensorState>Absent</SensorState>
        </Trackpoint>
        <Trackpoint>
          <Time>2026-03-11T11:43:38Z</Time>
          <DistanceMeters>1009.0</DistanceMeters>
          <HeartRateBpm>
            <Value>162</Value>
          </HeartRateBpm>
          <Cadence><Value>93</Value></Cadence>
          <SensorState>Absent</SensorState>
        </Trackpoint>
        <Trackpoint>
          <Time>2026-03-11T11:43:40Z</Time>
          <DistanceMeters>1009.0</DistanceMeters>
          <HeartRateBpm>
            <Value>164</Value>
          </HeartRateBpm>
          <Cadence><Value>93</Value></Cadence>
          <SensorState>Absent</SensorState>
        </Trackpoint>
        <Trackpoint>
          <Time>2026-03-11T11:43:42Z</Time>
          <DistanceMeters>1009.0</DistanceMeters>
          <HeartRateBpm>
            <Value>162</Value>
          </HeartRateBpm>
          <Cadence><Value>93</Value></Cadence>
          <SensorState>Absent</SensorState>
        </Trackpoint>
        <Trackpoint>
          <Time>2026-03-11T11:43:43Z</Time>
          <DistanceMeters>1009.0</DistanceMeters>
          <HeartRateBpm>
            <Value>163</Value>
          </HeartRateBpm>
          <Cadence><Value>93</Value></Cadence>
          <SensorState>Absent</SensorState>
        </Trackpoint>
        <Trackpoint>
          <Time>2026-03-11T11:43:46Z</Time>
          <DistanceMeters>1009.0</DistanceMeters>
          <HeartRateBpm>
            <Value>164</Value>
          </HeartRateBpm>
          <Cadence><Value>93</Value></Cadence>
          <SensorState>Absent</SensorState>
        </Trackpoint>
        <Trackpoint>
          <Time>2026-03-11T11:43:47Z</Time>
          <DistanceMeters>1009.0</DistanceMeters>
          <HeartRateBpm>
            <Value>165</Value>
          </HeartRateBpm>
          <Cadence><Value>93</Value></Cadence>
          <SensorState>Absent</SensorState>
        </Trackpoint>
        <Trackpoint>
          <Time>2026-03-11T11:43:50Z</Time>
          <DistanceMeters>1009.0</DistanceMeters>
          <HeartRateBpm>
            <Value>166</Value>
          </HeartRateBpm>
          <Cadence><Value>93</Value></Cadence>
          <SensorState>Absent</SensorState>
        </Trackpoint>
        <Trackpoint>
          <Time>2026-03-11T11:43:51Z</Time>
          <DistanceMeters>1009.0</DistanceMeters>
          <HeartRateBpm>
            <Value>165</Value>
          </HeartRateBpm>
          <Cadence><Value>93</Value></Cadence>
          <SensorState>Absent</SensorState>
        </Trackpoint>
        <Trackpoint>
          <Time>2026-03-11T11:43:55Z</Time>
          <DistanceMeters>1009.0</DistanceMeters>
          <HeartRateBpm>
            <Value>166</Value>
          </HeartRateBpm>
          <Cadence><Value>93</Value></Cadence>
          <SensorState>Absent</SensorState>
        </Trackpoint>
        <Trackpoint>
          <Time>2026-03-11T11:43:59Z</Time>
          <DistanceMeters>1009.0</DistanceMeters>
          <HeartRateBpm>
            <Value>164</Value>
          </HeartRateBpm>
          <Cadence><Value>93</Value></Cadence>
          <SensorState>Absent</SensorState>
        </Trackpoint>
        <Trackpoint>
          <Time>2026-03-11T11:44:00Z</Time>
          <DistanceMeters>1009.0</DistanceMeters>
          <HeartRateBpm>
            <Value>164</Value>
          </HeartRateBpm>
          <Cadence><Value>109</Value></Cadence>
          <SensorState>Absent</SensorState>
        </Trackpoint>
        <Trackpoint>
          <Time>2026-03-11T11:44:03Z</Time>
          <DistanceMeters>1009.0</DistanceMeters>
          <HeartRateBpm>
            <Value>165</Value>
          </HeartRateBpm>
          <Cadence><Value>109</Value></Cadence>
          <SensorState>Absent</SensorState>
        </Trackpoint>
        <Trackpoint>
          <Time>2026-03-11T11:44:04Z</Time>
          <DistanceMeters>1009.0</DistanceMeters>
          <HeartRateBpm>
            <Value>166</Value>
          </HeartRateBpm>
          <Cadence><Value>109</Value></Cadence>
          <SensorState>Absent</SensorState>
        </Trackpoint>
        <Trackpoint>
          <Time>2026-03-11T11:44:07Z</Time>
          <DistanceMeters>1009.0</DistanceMeters>
          <HeartRateBpm>
            <Value>167</Value>
          </HeartRateBpm>
          <Cadence><Value>109</Value></Cadence>
          <SensorState>Absent</SensorState>
        </Trackpoint>
        <Trackpoint>
          <Time>2026-03-11T11:44:11Z</Time>
          <DistanceMeters>1009.0</DistanceMeters>
          <HeartRateBpm>
            <Value>168</Value>
          </HeartRateBpm>
          <Cadence><Value>109</Value></Cadence>
          <SensorState>Absent</SensorState>
        </Trackpoint>
        <Trackpoint>
          <Time>2026-03-11T11:44:12Z</Time>
          <DistanceMeters>1009.0</DistanceMeters>
          <HeartRateBpm>
            <Value>168</Value>
          </HeartRateBpm>
          <Cadence><Value>109</Value></Cadence>
          <SensorState>Absent</SensorState>
        </Trackpoint>
        <Trackpoint>
          <Time>2026-03-11T11:44:12Z</Time>
          <DistanceMeters>1009.0</DistanceMeters>
          <HeartRateBpm>
            <Value>170</Value>
          </HeartRateBpm>
          <Cadence><Value>109</Value></Cadence>
          <SensorState>Absent</SensorState>
        </Trackpoint>
        <Trackpoint>
          <Time>2026-03-11T11:44:13Z</Time>
          <DistanceMeters>1009.0</DistanceMeters>
          <HeartRateBpm>
            <Value>171</Value>
          </HeartRateBpm>
          <Cadence><Value>109</Value></Cadence>
          <SensorState>Absent</SensorState>
        </Trackpoint>
        <Trackpoint>
          <Time>2026-03-11T11:44:16Z</Time>
          <DistanceMeters>1009.0</DistanceMeters>
          <HeartRateBpm>
            <Value>174</Value>
          </HeartRateBpm>
          <Cadence><Value>109</Value></Cadence>
          <SensorState>Absent</SensorState>
        </Trackpoint>
        <Trackpoint>
          <Time>2026-03-11T11:44:16Z</Time>
          <DistanceMeters>1009.0</DistanceMeters>
          <HeartRateBpm>
            <Value>174</Value>
          </HeartRateBpm>
          <Cadence><Value>109</Value></Cadence>
          <SensorState>Absent</SensorState>
        </Trackpoint>
        <Trackpoint>
          <Time>2026-03-11T11:44:17Z</Time>
          <DistanceMeters>1009.0</DistanceMeters>
          <HeartRateBpm>
            <Value>180</Value>
          </HeartRateBpm>
          <Cadence><Value>109</Value></Cadence>
          <SensorState>Absent</SensorState>
        </Trackpoint>
        <Trackpoint>
          <Time>2026-03-11T11:44:17Z</Time>
          <DistanceMeters>1009.0</DistanceMeters>
          <HeartRateBpm>
            <Value>180</Value>
          </HeartRateBpm>
          <Cadence><Value>109</Value></Cadence>
          <SensorState>Absent</SensorState>
        </Trackpoint>
        <Trackpoint>
          <Time>2026-03-11T11:44:19Z</Time>
          <DistanceMeters>1009.0</DistanceMeters>
          <HeartRateBpm>
            <Value>181</Value>
          </HeartRateBpm>
          <Cadence><Value>109</Value></Cadence>
          <SensorState>Absent</SensorState>
        </Trackpoint>
        <Trackpoint>
          <Time>2026-03-11T11:44:21Z</Time>
          <DistanceMeters>1009.0</DistanceMeters>
          <HeartRateBpm>
            <Value>179</Value>
          </HeartRateBpm>
          <Cadence><Value>109</Value></Cadence>
          <SensorState>Absent</SensorState>
        </Trackpoint>
        <Trackpoint>
          <Time>2026-03-11T11:44:23Z</Time>
          <DistanceMeters>1009.0</DistanceMeters>
          <HeartRateBpm>
            <Value>178</Value>
          </HeartRateBpm>
          <Cadence><Value>109</Value></Cadence>
          <SensorState>Absent</SensorState>
        </Trackpoint>
        <Trackpoint>
          <Time>2026-03-11T11:44:24Z</Time>
          <DistanceMeters>1009.0</DistanceMeters>
          <HeartRateBpm>
            <Value>176</Value>
          </HeartRateBpm>
          <Cadence><Value>109</Value></Cadence>
          <SensorState>Absent</SensorState>
        </Trackpoint>
        <Trackpoint>
          <Time>2026-03-11T11:44:29Z</Time>
          <DistanceMeters>1009.0</DistanceMeters>
          <HeartRateBpm>
            <Value>176</Value>
          </HeartRateBpm>
          <Cadence><Value>109</Value></Cadence>
          <SensorState>Absent</SensorState>
        </Trackpoint>
        <Trackpoint>
          <Time>2026-03-11T11:44:30Z</Time>
          <DistanceMeters>1045.0</DistanceMeters>
          <HeartRateBpm>
            <Value>174</Value>
          </HeartRateBpm>
          <Cadence><Value>109</Value></Cadence>
          <SensorState>Absent</SensorState>
        </Trackpoint>
        <Trackpoint>
          <Time>2026-03-11T11:44:30Z</Time>
          <DistanceMeters>1045.0</DistanceMeters>
          <HeartRateBpm>
            <Value>174</Value>
          </HeartRateBpm>
          <Cadence><Value>109</Value></Cadence>
          <SensorState>Absent</SensorState>
        </Trackpoint>
        <Trackpoint>
          <Time>2026-03-11T11:44:31Z</Time>
          <DistanceMeters>1045.0</DistanceMeters>
          <HeartRateBpm>
            <Value>173</Value>
          </HeartRateBpm>
          <Cadence><Value>109</Value></Cadence>
          <SensorState>Absent</SensorState>
        </Trackpoint>
        <Trackpoint>
          <Time>2026-03-11T11:44:33Z</Time>
          <DistanceMeters>1045.0</DistanceMeters>
          <HeartRateBpm>
            <Value>172</Value>
          </HeartRateBpm>
          <Cadence><Value>109</Value></Cadence>
          <SensorState>Absent</SensorState>
        </Trackpoint>
        <Trackpoint>
          <Time>2026-03-11T11:44:38Z</Time>
          <DistanceMeters>1045.0</DistanceMeters>
          <HeartRateBpm>
            <Value>172</Value>
          </HeartRateBpm>
          <Cadence><Value>109</Value></Cadence>
          <SensorState>Absent</SensorState>
        </Trackpoint>
        <Trackpoint>
          <Time>2026-03-11T11:44:39Z</Time>
          <DistanceMeters>1045.0</DistanceMeters>
          <HeartRateBpm>
            <Value>171</Value>
          </HeartRateBpm>
          <Cadence><Value>109</Value></Cadence>
          <SensorState>Absent</SensorState>
        </Trackpoint>
        <Trackpoint>
          <Time>2026-03-11T11:44:43Z</Time>
          <DistanceMeters>1045.0</DistanceMeters>
          <HeartRateBpm>
            <Value>174</Value>
          </HeartRateBpm>
          <Cadence><Value>109</Value></Cadence>
          <SensorState>Absent</SensorState>
        </Trackpoint>
        <Trackpoint>
          <Time>2026-03-11T11:44:45Z</Time>
          <DistanceMeters>1045.0</DistanceMeters>
          <HeartRateBpm>
            <Value>175</Value>
          </HeartRateBpm>
          <Cadence><Value>109</Value></Cadence>
          <SensorState>Absent</SensorState>
        </Trackpoint>
        <Trackpoint>
          <Time>2026-03-11T11:44:46Z</Time>
          <DistanceMeters>1045.0</DistanceMeters>
          <HeartRateBpm>
            <Value>176</Value>
          </HeartRateBpm>
          <Cadence><Value>109</Value></Cadence>
          <SensorState>Absent</SensorState>
        </Trackpoint>
        <Trackpoint>
          <Time>2026-03-11T11:44:48Z</Time>
          <DistanceMeters>1045.0</DistanceMeters>
          <HeartRateBpm>
            <Value>175</Value>
          </HeartRateBpm>
          <Cadence><Value>109</Value></Cadence>
          <SensorState>Absent</SensorState>
        </Trackpoint>
        <Trackpoint>
          <Time>2026-03-11T11:44:52Z</Time>
          <DistanceMeters>1045.0</DistanceMeters>
          <HeartRateBpm>
            <Value>173</Value>
          </HeartRateBpm>
          <Cadence><Value>109</Value></Cadence>
          <SensorState>Absent</SensorState>
        </Trackpoint>
        <Trackpoint>
          <Time>2026-03-11T11:44:53Z</Time>
          <DistanceMeters>1045.0</DistanceMeters>
          <HeartRateBpm>
            <Value>172</Value>
          </HeartRateBpm>
          <Cadence><Value>109</Value></Cadence>
          <SensorState>Absent</SensorState>
        </Trackpoint>
        <Trackpoint>
          <Time>2026-03-11T11:44:56Z</Time>
          <DistanceMeters>1045.0</DistanceMeters>
          <HeartRateBpm>
            <Value>171</Value>
          </HeartRateBpm>
          <Cadence><Value>109</Value></Cadence>
          <SensorState>Absent</SensorState>
        </Trackpoint>
        <Trackpoint>
          <Time>2026-03-11T11:44:57Z</Time>
          <DistanceMeters>1045.0</DistanceMeters>
          <HeartRateBpm>
            <Value>170</Value>
          </HeartRateBpm>
          <Cadence><Value>109</Value></Cadence>
          <SensorState>Absent</SensorState>
        </Trackpoint>
        <Trackpoint>
          <Time>2026-03-11T11:45:00Z</Time>
          <DistanceMeters>1045.0</DistanceMeters>
          <HeartRateBpm>
            <Value>165</Value>
          </HeartRateBpm>
          <Cadence><Value>118</Value></Cadence>
          <SensorState>Absent</SensorState>
        </Trackpoint>
        <Trackpoint>
          <Time>2026-03-11T11:45:01Z</Time>
          <DistanceMeters>1045.0</DistanceMeters>
          <HeartRateBpm>
            <Value>172</Value>
          </HeartRateBpm>
          <Cadence><Value>118</Value></Cadence>
          <SensorState>Absent</SensorState>
        </Trackpoint>
        <Trackpoint>
          <Time>2026-03-11T11:45:07Z</Time>
          <DistanceMeters>1045.0</DistanceMeters>
          <HeartRateBpm>
            <Value>172</Value>
          </HeartRateBpm>
          <Cadence><Value>118</Value></Cadence>
          <SensorState>Absent</SensorState>
        </Trackpoint>
        <Trackpoint>
          <Time>2026-03-11T11:45:12Z</Time>
          <DistanceMeters>1045.0</DistanceMeters>
          <HeartRateBpm>
            <Value>170</Value>
          </HeartRateBpm>
          <Cadence><Value>118</Value></Cadence>
          <SensorState>Absent</SensorState>
        </Trackpoint>
        <Trackpoint>
          <Time>2026-03-11T11:45:13Z</Time>
          <DistanceMeters>1045.0</DistanceMeters>
          <HeartRateBpm>
            <Value>169</Value>
          </HeartRateBpm>
          <Cadence><Value>118</Value></Cadence>
          <SensorState>Absent</SensorState>
        </Trackpoint>
        <Trackpoint>
          <Time>2026-03-11T11:45:14Z</Time>
          <DistanceMeters>1045.0</DistanceMeters>
          <HeartRateBpm>
            <Value>166</Value>
          </HeartRateBpm>
          <Cadence><Value>118</Value></Cadence>
          <SensorState>Absent</SensorState>
        </Trackpoint>
        <Trackpoint>
          <Time>2026-03-11T11:45:14Z</Time>
          <DistanceMeters>1045.0</DistanceMeters>
          <HeartRateBpm>
            <Value>166</Value>
          </HeartRateBpm>
          <Cadence><Value>118</Value></Cadence>
          <SensorState>Absent</SensorState>
        </Trackpoint>
        <Trackpoint>
          <Time>2026-03-11T11:45:16Z</Time>
          <DistanceMeters>1045.0</DistanceMeters>
          <HeartRateBpm>
            <Value>165</Value>
          </HeartRateBpm>
          <Cadence><Value>118</Value></Cadence>
          <SensorState>Absent</SensorState>
        </Trackpoint>
        <Trackpoint>
          <Time>2026-03-11T11:45:18Z</Time>
          <DistanceMeters>1045.0</DistanceMeters>
          <HeartRateBpm>
            <Value>163</Value>
          </HeartRateBpm>
          <Cadence><Value>118</Value></Cadence>
          <SensorState>Absent</SensorState>
        </Trackpoint>
        <Trackpoint>
          <Time>2026-03-11T11:45:22Z</Time>
          <DistanceMeters>1045.0</DistanceMeters>
          <HeartRateBpm>
            <Value>163</Value>
          </HeartRateBpm>
          <Cadence><Value>118</Value></Cadence>
          <SensorState>Absent</SensorState>
        </Trackpoint>
        <Trackpoint>
          <Time>2026-03-11T11:45:26Z</Time>
          <DistanceMeters>1045.0</DistanceMeters>
          <HeartRateBpm>
            <Value>168</Value>
          </HeartRateBpm>
          <Cadence><Value>118</Value></Cadence>
          <SensorState>Absent</SensorState>
        </Trackpoint>
        <Trackpoint>
          <Time>2026-03-11T11:45:28Z</Time>
          <DistanceMeters>1045.0</DistanceMeters>
          <HeartRateBpm>
            <Value>170</Value>
          </HeartRateBpm>
          <Cadence><Value>118</Value></Cadence>
          <SensorState>Absent</SensorState>
        </Trackpoint>
        <Trackpoint>
          <Time>2026-03-11T11:45:29Z</Time>
          <DistanceMeters>1045.0</DistanceMeters>
          <HeartRateBpm>
            <Value>171</Value>
          </HeartRateBpm>
          <Cadence><Value>118</Value></Cadence>
          <SensorState>Absent</SensorState>
        </Trackpoint>
        <Trackpoint>
          <Time>2026-03-11T11:45:30Z</Time>
          <DistanceMeters>1081.0</DistanceMeters>
          <HeartRateBpm>
            <Value>170</Value>
          </HeartRateBpm>
          <Cadence><Value>118</Value></Cadence>
          <SensorState>Absent</SensorState>
        </Trackpoint>
        <Trackpoint>
          <Time>2026-03-11T11:45:34Z</Time>
          <DistanceMeters>1081.0</DistanceMeters>
          <HeartRateBpm>
            <Value>168</Value>
          </HeartRateBpm>
          <Cadence><Value>118</Value></Cadence>
          <SensorState>Absent</SensorState>
        </Trackpoint>
        <Trackpoint>
          <Time>2026-03-11T11:45:35Z</Time>
          <DistanceMeters>1081.0</DistanceMeters>
          <HeartRateBpm>
            <Value>166</Value>
          </HeartRateBpm>
          <Cadence><Value>118</Value></Cadence>
          <SensorState>Absent</SensorState>
        </Trackpoint>
        <Trackpoint>
          <Time>2026-03-11T11:45:37Z</Time>
          <DistanceMeters>1081.0</DistanceMeters>
          <HeartRateBpm>
            <Value>164</Value>
          </HeartRateBpm>
          <Cadence><Value>118</Value></Cadence>
          <SensorState>Absent</SensorState>
        </Trackpoint>
        <Trackpoint>
          <Time>2026-03-11T11:45:38Z</Time>
          <DistanceMeters>1081.0</DistanceMeters>
          <HeartRateBpm>
            <Value>162</Value>
          </HeartRateBpm>
          <Cadence><Value>118</Value></Cadence>
          <SensorState>Absent</SensorState>
        </Trackpoint>
        <Trackpoint>
          <Time>2026-03-11T11:45:39Z</Time>
          <DistanceMeters>1081.0</DistanceMeters>
          <HeartRateBpm>
            <Value>161</Value>
          </HeartRateBpm>
          <Cadence><Value>118</Value></Cadence>
          <SensorState>Absent</SensorState>
        </Trackpoint>
        <Trackpoint>
          <Time>2026-03-11T11:45:45Z</Time>
          <DistanceMeters>1081.0</DistanceMeters>
          <HeartRateBpm>
            <Value>161</Value>
          </HeartRateBpm>
          <Cadence><Value>118</Value></Cadence>
          <SensorState>Absent</SensorState>
        </Trackpoint>
        <Trackpoint>
          <Time>2026-03-11T11:45:49Z</Time>
          <DistanceMeters>1081.0</DistanceMeters>
          <HeartRateBpm>
            <Value>162</Value>
          </HeartRateBpm>
          <Cadence><Value>118</Value></Cadence>
          <SensorState>Absent</SensorState>
        </Trackpoint>
        <Trackpoint>
          <Time>2026-03-11T11:45:51Z</Time>
          <DistanceMeters>1081.0</DistanceMeters>
          <HeartRateBpm>
            <Value>161</Value>
          </HeartRateBpm>
          <Cadence><Value>118</Value></Cadence>
          <SensorState>Absent</SensorState>
        </Trackpoint>
        <Trackpoint>
          <Time>2026-03-11T11:45:55Z</Time>
          <DistanceMeters>1081.0</DistanceMeters>
          <HeartRateBpm>
            <Value>162</Value>
          </HeartRateBpm>
          <Cadence><Value>118</Value></Cadence>
          <SensorState>Absent</SensorState>
        </Trackpoint>
        <Trackpoint>
          <Time>2026-03-11T11:45:58Z</Time>
          <DistanceMeters>1081.0</DistanceMeters>
          <HeartRateBpm>
            <Value>165</Value>
          </HeartRateBpm>
          <Cadence><Value>118</Value></Cadence>
          <SensorState>Absent</SensorState>
        </Trackpoint>
        <Trackpoint>
          <Time>2026-03-11T11:45:59Z</Time>
          <DistanceMeters>1081.0</DistanceMeters>
          <HeartRateBpm>
            <Value>166</Value>
          </HeartRateBpm>
          <Cadence><Value>118</Value></Cadence>
          <SensorState>Absent</SensorState>
        </Trackpoint>
        <Trackpoint>
          <Time>2026-03-11T11:46:00Z</Time>
          <DistanceMeters>1081.0</DistanceMeters>
          <HeartRateBpm>
            <Value>163</Value>
          </HeartRateBpm>
          <SensorState>Absent</SensorState>
        </Trackpoint>
        <Trackpoint>
          <Time>2026-03-11T11:46:04Z</Time>
          <DistanceMeters>1081.0</DistanceMeters>
          <HeartRateBpm>
            <Value>166</Value>
          </HeartRateBpm>
          <SensorState>Absent</SensorState>
        </Trackpoint>
        <Trackpoint>
          <Time>2026-03-11T11:46:07Z</Time>
          <DistanceMeters>1081.0</DistanceMeters>
          <HeartRateBpm>
            <Value>167</Value>
          </HeartRateBpm>
          <SensorState>Absent</SensorState>
        </Trackpoint>
        <Trackpoint>
          <Time>2026-03-11T11:46:08Z</Time>
          <DistanceMeters>1081.0</DistanceMeters>
          <HeartRateBpm>
            <Value>168</Value>
          </HeartRateBpm>
          <SensorState>Absent</SensorState>
        </Trackpoint>
        <Trackpoint>
          <Time>2026-03-11T11:46:09Z</Time>
          <DistanceMeters>1081.0</DistanceMeters>
          <HeartRateBpm>
            <Value>167</Value>
          </HeartRateBpm>
          <SensorState>Absent</SensorState>
        </Trackpoint>
        <Trackpoint>
          <Time>2026-03-11T11:46:15Z</Time>
          <DistanceMeters>1081.0</DistanceMeters>
          <HeartRateBpm>
            <Value>168</Value>
          </HeartRateBpm>
          <SensorState>Absent</SensorState>
        </Trackpoint>
        <Trackpoint>
          <Time>2026-03-11T11:46:15Z</Time>
          <DistanceMeters>1081.0</DistanceMeters>
          <HeartRateBpm>
            <Value>168</Value>
          </HeartRateBpm>
          <SensorState>Absent</SensorState>
        </Trackpoint>
        <Trackpoint>
          <Time>2026-03-11T11:46:16Z</Time>
          <DistanceMeters>1081.0</DistanceMeters>
          <HeartRateBpm>
            <Value>169</Value>
          </HeartRateBpm>
          <SensorState>Absent</SensorState>
        </Trackpoint>
        <Trackpoint>
          <Time>2026-03-11T11:46:17Z</Time>
          <DistanceMeters>1081.0</DistanceMeters>
          <HeartRateBpm>
            <Value>167</Value>
          </HeartRateBpm>
          <SensorState>Absent</SensorState>
        </Trackpoint>
        <Trackpoint>
          <Time>2026-03-11T11:46:19Z</Time>
          <DistanceMeters>1081.0</DistanceMeters>
          <HeartRateBpm>
            <Value>164</Value>
          </HeartRateBpm>
          <SensorState>Absent</SensorState>
        </Trackpoint>
        <Trackpoint>
          <Time>2026-03-11T11:46:20Z</Time>
          <DistanceMeters>1081.0</DistanceMeters>
          <HeartRateBpm>
            <Value>163</Value>
          </HeartRateBpm>
          <SensorState>Absent</SensorState>
        </Trackpoint>
        <Trackpoint>
          <Time>2026-03-11T11:46:24Z</Time>
          <DistanceMeters>1081.0</DistanceMeters>
          <HeartRateBpm>
            <Value>164</Value>
          </HeartRateBpm>
          <SensorState>Absent</SensorState>
        </Trackpoint>
        <Trackpoint>
          <Time>2026-03-11T11:46:25Z</Time>
          <DistanceMeters>1081.0</DistanceMeters>
          <HeartRateBpm>
            <Value>160</Value>
          </HeartRateBpm>
          <SensorState>Absent</SensorState>
        </Trackpoint>
        <Trackpoint>
          <Time>2026-03-11T11:46:25Z</Time>
          <DistanceMeters>1081.0</DistanceMeters>
          <HeartRateBpm>
            <Value>160</Value>
          </HeartRateBpm>
          <SensorState>Absent</SensorState>
        </Trackpoint>
        <Trackpoint>
          <Time>2026-03-11T11:46:30Z</Time>
          <DistanceMeters>1117.0</DistanceMeters>
          <HeartRateBpm>
            <Value>161</Value>
          </HeartRateBpm>
          <SensorState>Absent</SensorState>
        </Trackpoint>
        <Trackpoint>
          <Time>2026-03-11T11:46:33Z</Time>
          <DistanceMeters>1117.0</DistanceMeters>
          <HeartRateBpm>
            <Value>162</Value>
          </HeartRateBpm>
          <SensorState>Absent</SensorState>
        </Trackpoint>
        <Trackpoint>
          <Time>2026-03-11T11:46:34Z</Time>
          <DistanceMeters>1117.0</DistanceMeters>
          <HeartRateBpm>
            <Value>161</Value>
          </HeartRateBpm>
          <SensorState>Absent</SensorState>
        </Trackpoint>
        <Trackpoint>
          <Time>2026-03-11T11:46:38Z</Time>
          <DistanceMeters>1117.0</DistanceMeters>
          <HeartRateBpm>
            <Value>160</Value>
          </HeartRateBpm>
          <SensorState>Absent</SensorState>
        </Trackpoint>
        <Trackpoint>
          <Time>2026-03-11T11:46:41Z</Time>
          <DistanceMeters>1117.0</DistanceMeters>
          <HeartRateBpm>
            <Value>158</Value>
          </HeartRateBpm>
          <SensorState>Absent</SensorState>
        </Trackpoint>
        <Trackpoint>
          <Time>2026-03-11T11:46:46Z</Time>
          <DistanceMeters>1117.0</DistanceMeters>
          <HeartRateBpm>
            <Value>159</Value>
          </HeartRateBpm>
          <SensorState>Absent</SensorState>
        </Trackpoint>
        <Trackpoint>
          <Time>2026-03-11T11:46:50Z</Time>
          <DistanceMeters>1117.0</DistanceMeters>
          <HeartRateBpm>
            <Value>160</Value>
          </HeartRateBpm>
          <SensorState>Absent</SensorState>
        </Trackpoint>
        <Trackpoint>
          <Time>2026-03-11T11:46:51Z</Time>
          <DistanceMeters>1117.0</DistanceMeters>
          <HeartRateBpm>
            <Value>161</Value>
          </HeartRateBpm>
          <SensorState>Absent</SensorState>
        </Trackpoint>
        <Trackpoint>
          <Time>2026-03-11T11:46:52Z</Time>
          <DistanceMeters>1117.0</DistanceMeters>
          <HeartRateBpm>
            <Value>162</Value>
          </HeartRateBpm>
          <SensorState>Absent</SensorState>
        </Trackpoint>
        <Trackpoint>
          <Time>2026-03-11T11:46:55Z</Time>
          <DistanceMeters>1117.0</DistanceMeters>
          <HeartRateBpm>
            <Value>161</Value>
          </HeartRateBpm>
          <SensorState>Absent</SensorState>
        </Trackpoint>
        <Trackpoint>
          <Time>2026-03-11T11:46:56Z</Time>
          <DistanceMeters>1117.0</DistanceMeters>
          <HeartRateBpm>
            <Value>160</Value>
          </HeartRateBpm>
          <SensorState>Absent</SensorState>
        </Trackpoint>
        <Trackpoint>
          <Time>2026-03-11T11:46:59Z</Time>
          <DistanceMeters>1117.0</DistanceMeters>
          <HeartRateBpm>
            <Value>159</Value>
          </HeartRateBpm>
          <SensorState>Absent</SensorState>
        </Trackpoint>
        <Trackpoint>
          <Time>2026-03-11T11:47:00Z</Time>
          <DistanceMeters>1117.0</DistanceMeters>
          <HeartRateBpm>
            <Value>164</Value>
          </HeartRateBpm>
          <Cadence><Value>60</Value></Cadence>
          <SensorState>Absent</SensorState>
        </Trackpoint>
        <Trackpoint>
          <Time>2026-03-11T11:47:04Z</Time>
          <DistanceMeters>1117.0</DistanceMeters>
          <HeartRateBpm>
            <Value>159</Value>
          </HeartRateBpm>
          <Cadence><Value>60</Value></Cadence>
          <SensorState>Absent</SensorState>
        </Trackpoint>
        <Trackpoint>
          <Time>2026-03-11T11:47:09Z</Time>
          <DistanceMeters>1117.0</DistanceMeters>
          <HeartRateBpm>
            <Value>159</Value>
          </HeartRateBpm>
          <Cadence><Value>60</Value></Cadence>
          <SensorState>Absent</SensorState>
        </Trackpoint>
        <Trackpoint>
          <Time>2026-03-11T11:47:13Z</Time>
          <DistanceMeters>1117.0</DistanceMeters>
          <HeartRateBpm>
            <Value>160</Value>
          </HeartRateBpm>
          <Cadence><Value>60</Value></Cadence>
          <SensorState>Absent</SensorState>
        </Trackpoint>
        <Trackpoint>
          <Time>2026-03-11T11:47:15Z</Time>
          <DistanceMeters>1117.0</DistanceMeters>
          <HeartRateBpm>
            <Value>161</Value>
          </HeartRateBpm>
          <Cadence><Value>60</Value></Cadence>
          <SensorState>Absent</SensorState>
        </Trackpoint>
        <Trackpoint>
          <Time>2026-03-11T11:47:19Z</Time>
          <DistanceMeters>1117.0</DistanceMeters>
          <HeartRateBpm>
            <Value>159</Value>
          </HeartRateBpm>
          <Cadence><Value>60</Value></Cadence>
          <SensorState>Absent</SensorState>
        </Trackpoint>
        <Trackpoint>
          <Time>2026-03-11T11:47:21Z</Time>
          <DistanceMeters>1117.0</DistanceMeters>
          <HeartRateBpm>
            <Value>160</Value>
          </HeartRateBpm>
          <Cadence><Value>60</Value></Cadence>
          <SensorState>Absent</SensorState>
        </Trackpoint>
        <Trackpoint>
          <Time>2026-03-11T11:47:22Z</Time>
          <DistanceMeters>1117.0</DistanceMeters>
          <HeartRateBpm>
            <Value>162</Value>
          </HeartRateBpm>
          <Cadence><Value>60</Value></Cadence>
          <SensorState>Absent</SensorState>
        </Trackpoint>
        <Trackpoint>
          <Time>2026-03-11T11:47:25Z</Time>
          <DistanceMeters>1117.0</DistanceMeters>
          <HeartRateBpm>
            <Value>163</Value>
          </HeartRateBpm>
          <Cadence><Value>60</Value></Cadence>
          <SensorState>Absent</SensorState>
        </Trackpoint>
        <Trackpoint>
          <Time>2026-03-11T11:47:26Z</Time>
          <DistanceMeters>1117.0</DistanceMeters>
          <HeartRateBpm>
            <Value>164</Value>
          </HeartRateBpm>
          <Cadence><Value>60</Value></Cadence>
          <SensorState>Absent</SensorState>
        </Trackpoint>
        <Trackpoint>
          <Time>2026-03-11T11:47:26Z</Time>
          <DistanceMeters>1117.0</DistanceMeters>
          <HeartRateBpm>
            <Value>164</Value>
          </HeartRateBpm>
          <Cadence><Value>60</Value></Cadence>
          <SensorState>Absent</SensorState>
        </Trackpoint>
        <Trackpoint>
          <Time>2026-03-11T11:47:29Z</Time>
          <DistanceMeters>1117.0</DistanceMeters>
          <HeartRateBpm>
            <Value>165</Value>
          </HeartRateBpm>
          <Cadence><Value>60</Value></Cadence>
          <SensorState>Absent</SensorState>
        </Trackpoint>
        <Trackpoint>
          <Time>2026-03-11T11:47:30Z</Time>
          <DistanceMeters>1153.0</DistanceMeters>
          <HeartRateBpm>
            <Value>169</Value>
          </HeartRateBpm>
          <Cadence><Value>60</Value></Cadence>
          <SensorState>Absent</SensorState>
        </Trackpoint>
        <Trackpoint>
          <Time>2026-03-11T11:47:31Z</Time>
          <DistanceMeters>1153.0</DistanceMeters>
          <HeartRateBpm>
            <Value>171</Value>
          </HeartRateBpm>
          <Cadence><Value>60</Value></Cadence>
          <SensorState>Absent</SensorState>
        </Trackpoint>
        <Trackpoint>
          <Time>2026-03-11T11:47:32Z</Time>
          <DistanceMeters>1153.0</DistanceMeters>
          <HeartRateBpm>
            <Value>171</Value>
          </HeartRateBpm>
          <Cadence><Value>60</Value></Cadence>
          <SensorState>Absent</SensorState>
        </Trackpoint>
        <Trackpoint>
          <Time>2026-03-11T11:47:33Z</Time>
          <DistanceMeters>1153.0</DistanceMeters>
          <HeartRateBpm>
            <Value>172</Value>
          </HeartRateBpm>
          <Cadence><Value>60</Value></Cadence>
          <SensorState>Absent</SensorState>
        </Trackpoint>
        <Trackpoint>
          <Time>2026-03-11T11:47:34Z</Time>
          <DistanceMeters>1153.0</DistanceMeters>
          <HeartRateBpm>
            <Value>173</Value>
          </HeartRateBpm>
          <Cadence><Value>60</Value></Cadence>
          <SensorState>Absent</SensorState>
        </Trackpoint>
        <Trackpoint>
          <Time>2026-03-11T11:47:35Z</Time>
          <DistanceMeters>1153.0</DistanceMeters>
          <HeartRateBpm>
            <Value>172</Value>
          </HeartRateBpm>
          <Cadence><Value>60</Value></Cadence>
          <SensorState>Absent</SensorState>
        </Trackpoint>
        <Trackpoint>
          <Time>2026-03-11T11:47:37Z</Time>
          <DistanceMeters>1153.0</DistanceMeters>
          <HeartRateBpm>
            <Value>173</Value>
          </HeartRateBpm>
          <Cadence><Value>60</Value></Cadence>
          <SensorState>Absent</SensorState>
        </Trackpoint>
        <Trackpoint>
          <Time>2026-03-11T11:47:38Z</Time>
          <DistanceMeters>1153.0</DistanceMeters>
          <HeartRateBpm>
            <Value>175</Value>
          </HeartRateBpm>
          <Cadence><Value>60</Value></Cadence>
          <SensorState>Absent</SensorState>
        </Trackpoint>
        <Trackpoint>
          <Time>2026-03-11T11:47:39Z</Time>
          <DistanceMeters>1153.0</DistanceMeters>
          <HeartRateBpm>
            <Value>174</Value>
          </HeartRateBpm>
          <Cadence><Value>60</Value></Cadence>
          <SensorState>Absent</SensorState>
        </Trackpoint>
        <Trackpoint>
          <Time>2026-03-11T11:47:41Z</Time>
          <DistanceMeters>1153.0</DistanceMeters>
          <HeartRateBpm>
            <Value>173</Value>
          </HeartRateBpm>
          <Cadence><Value>60</Value></Cadence>
          <SensorState>Absent</SensorState>
        </Trackpoint>
        <Trackpoint>
          <Time>2026-03-11T11:47:43Z</Time>
          <DistanceMeters>1153.0</DistanceMeters>
          <HeartRateBpm>
            <Value>175</Value>
          </HeartRateBpm>
          <Cadence><Value>60</Value></Cadence>
          <SensorState>Absent</SensorState>
        </Trackpoint>
        <Trackpoint>
          <Time>2026-03-11T11:47:44Z</Time>
          <DistanceMeters>1153.0</DistanceMeters>
          <HeartRateBpm>
            <Value>172</Value>
          </HeartRateBpm>
          <Cadence><Value>60</Value></Cadence>
          <SensorState>Absent</SensorState>
        </Trackpoint>
        <Trackpoint>
          <Time>2026-03-11T11:47:47Z</Time>
          <DistanceMeters>1153.0</DistanceMeters>
          <HeartRateBpm>
            <Value>170</Value>
          </HeartRateBpm>
          <Cadence><Value>60</Value></Cadence>
          <SensorState>Absent</SensorState>
        </Trackpoint>
        <Trackpoint>
          <Time>2026-03-11T11:47:48Z</Time>
          <DistanceMeters>1153.0</DistanceMeters>
          <HeartRateBpm>
            <Value>168</Value>
          </HeartRateBpm>
          <Cadence><Value>60</Value></Cadence>
          <SensorState>Absent</SensorState>
        </Trackpoint>
        <Trackpoint>
          <Time>2026-03-11T11:47:51Z</Time>
          <DistanceMeters>1153.0</DistanceMeters>
          <HeartRateBpm>
            <Value>167</Value>
          </HeartRateBpm>
          <Cadence><Value>60</Value></Cadence>
          <SensorState>Absent</SensorState>
        </Trackpoint>
        <Trackpoint>
          <Time>2026-03-11T11:47:52Z</Time>
          <DistanceMeters>1153.0</DistanceMeters>
          <HeartRateBpm>
            <Value>166</Value>
          </HeartRateBpm>
          <Cadence><Value>60</Value></Cadence>
          <SensorState>Absent</SensorState>
        </Trackpoint>
        <Trackpoint>
          <Time>2026-03-11T11:47:55Z</Time>
          <DistanceMeters>1153.0</DistanceMeters>
          <HeartRateBpm>
            <Value>167</Value>
          </HeartRateBpm>
          <Cadence><Value>60</Value></Cadence>
          <SensorState>Absent</SensorState>
        </Trackpoint>
        <Trackpoint>
          <Time>2026-03-11T11:47:57Z</Time>
          <DistanceMeters>1153.0</DistanceMeters>
          <HeartRateBpm>
            <Value>166</Value>
          </HeartRateBpm>
          <Cadence><Value>60</Value></Cadence>
          <SensorState>Absent</SensorState>
        </Trackpoint>
        <Trackpoint>
          <Time>2026-03-11T11:48:00Z</Time>
          <DistanceMeters>1153.0</DistanceMeters>
          <HeartRateBpm>
            <Value>165</Value>
          </HeartRateBpm>
          <SensorState>Absent</SensorState>
        </Trackpoint>
        <Trackpoint>
          <Time>2026-03-11T11:48:01Z</Time>
          <DistanceMeters>1153.0</DistanceMeters>
          <HeartRateBpm>
            <Value>167</Value>
          </HeartRateBpm>
          <SensorState>Absent</SensorState>
        </Trackpoint>
        <Trackpoint>
          <Time>2026-03-11T11:48:03Z</Time>
          <DistanceMeters>1153.0</DistanceMeters>
          <HeartRateBpm>
            <Value>166</Value>
          </HeartRateBpm>
          <SensorState>Absent</SensorState>
        </Trackpoint>
        <Trackpoint>
          <Time>2026-03-11T11:48:04Z</Time>
          <DistanceMeters>1153.0</DistanceMeters>
          <HeartRateBpm>
            <Value>165</Value>
          </HeartRateBpm>
          <SensorState>Absent</SensorState>
        </Trackpoint>
        <Trackpoint>
          <Time>2026-03-11T11:48:04Z</Time>
          <DistanceMeters>1153.0</DistanceMeters>
          <HeartRateBpm>
            <Value>165</Value>
          </HeartRateBpm>
          <SensorState>Absent</SensorState>
        </Trackpoint>
        <Trackpoint>
          <Time>2026-03-11T11:48:06Z</Time>
          <DistanceMeters>1153.0</DistanceMeters>
          <HeartRateBpm>
            <Value>166</Value>
          </HeartRateBpm>
          <SensorState>Absent</SensorState>
        </Trackpoint>
        <Trackpoint>
          <Time>2026-03-11T11:48:09Z</Time>
          <DistanceMeters>1153.0</DistanceMeters>
          <HeartRateBpm>
            <Value>165</Value>
          </HeartRateBpm>
          <SensorState>Absent</SensorState>
        </Trackpoint>
        <Trackpoint>
          <Time>2026-03-11T11:48:14Z</Time>
          <DistanceMeters>1153.0</DistanceMeters>
          <HeartRateBpm>
            <Value>165</Value>
          </HeartRateBpm>
          <SensorState>Absent</SensorState>
        </Trackpoint>
        <Trackpoint>
          <Time>2026-03-11T11:48:17Z</Time>
          <DistanceMeters>1153.0</DistanceMeters>
          <HeartRateBpm>
            <Value>166</Value>
          </HeartRateBpm>
          <SensorState>Absent</SensorState>
        </Trackpoint>
        <Trackpoint>
          <Time>2026-03-11T11:48:19Z</Time>
          <DistanceMeters>1153.0</DistanceMeters>
          <HeartRateBpm>
            <Value>167</Value>
          </HeartRateBpm>
          <SensorState>Absent</SensorState>
        </Trackpoint>
        <Trackpoint>
          <Time>2026-03-11T11:48:24Z</Time>
          <DistanceMeters>1153.0</DistanceMeters>
          <HeartRateBpm>
            <Value>166</Value>
          </HeartRateBpm>
          <SensorState>Absent</SensorState>
        </Trackpoint>
        <Trackpoint>
          <Time>2026-03-11T11:48:27Z</Time>
          <DistanceMeters>1153.0</DistanceMeters>
          <HeartRateBpm>
            <Value>167</Value>
          </HeartRateBpm>
          <SensorState>Absent</SensorState>
        </Trackpoint>
        <Trackpoint>
          <Time>2026-03-11T11:48:29Z</Time>
          <DistanceMeters>1153.0</DistanceMeters>
          <HeartRateBpm>
            <Value>168</Value>
          </HeartRateBpm>
          <SensorState>Absent</SensorState>
        </Trackpoint>
        <Trackpoint>
          <Time>2026-03-11T11:48:33Z</Time>
          <DistanceMeters>1189.0</DistanceMeters>
          <HeartRateBpm>
            <Value>167</Value>
          </HeartRateBpm>
          <SensorState>Absent</SensorState>
        </Trackpoint>
        <Trackpoint>
          <Time>2026-03-11T11:48:35Z</Time>
          <DistanceMeters>1189.0</DistanceMeters>
          <HeartRateBpm>
            <Value>168</Value>
          </HeartRateBpm>
          <SensorState>Absent</SensorState>
        </Trackpoint>
        <Trackpoint>
          <Time>2026-03-11T11:48:37Z</Time>
          <DistanceMeters>1189.0</DistanceMeters>
          <HeartRateBpm>
            <Value>169</Value>
          </HeartRateBpm>
          <SensorState>Absent</SensorState>
        </Trackpoint>
        <Trackpoint>
          <Time>2026-03-11T11:48:38Z</Time>
          <DistanceMeters>1189.0</DistanceMeters>
          <HeartRateBpm>
            <Value>172</Value>
          </HeartRateBpm>
          <SensorState>Absent</SensorState>
        </Trackpoint>
        <Trackpoint>
          <Time>2026-03-11T11:48:38Z</Time>
          <DistanceMeters>1189.0</DistanceMeters>
          <HeartRateBpm>
            <Value>172</Value>
          </HeartRateBpm>
          <SensorState>Absent</SensorState>
        </Trackpoint>
        <Trackpoint>
          <Time>2026-03-11T11:48:39Z</Time>
          <DistanceMeters>1189.0</DistanceMeters>
          <HeartRateBpm>
            <Value>173</Value>
          </HeartRateBpm>
          <SensorState>Absent</SensorState>
        </Trackpoint>
        <Trackpoint>
          <Time>2026-03-11T11:48:42Z</Time>
          <DistanceMeters>1189.0</DistanceMeters>
          <HeartRateBpm>
            <Value>170</Value>
          </HeartRateBpm>
          <SensorState>Absent</SensorState>
        </Trackpoint>
        <Trackpoint>
          <Time>2026-03-11T11:48:43Z</Time>
          <DistanceMeters>1189.0</DistanceMeters>
          <HeartRateBpm>
            <Value>164</Value>
          </HeartRateBpm>
          <SensorState>Absent</SensorState>
        </Trackpoint>
        <Trackpoint>
          <Time>2026-03-11T11:48:43Z</Time>
          <DistanceMeters>1189.0</DistanceMeters>
          <HeartRateBpm>
            <Value>164</Value>
          </HeartRateBpm>
          <SensorState>Absent</SensorState>
        </Trackpoint>
        <Trackpoint>
          <Time>2026-03-11T11:48:45Z</Time>
          <DistanceMeters>1189.0</DistanceMeters>
          <HeartRateBpm>
            <Value>163</Value>
          </HeartRateBpm>
          <SensorState>Absent</SensorState>
        </Trackpoint>
        <Trackpoint>
          <Time>2026-03-11T11:48:50Z</Time>
          <DistanceMeters>1189.0</DistanceMeters>
          <HeartRateBpm>
            <Value>163</Value>
          </HeartRateBpm>
          <SensorState>Absent</SensorState>
        </Trackpoint>
        <Trackpoint>
          <Time>2026-03-11T11:48:53Z</Time>
          <DistanceMeters>1189.0</DistanceMeters>
          <HeartRateBpm>
            <Value>162</Value>
          </HeartRateBpm>
          <SensorState>Absent</SensorState>
        </Trackpoint>
        <Trackpoint>
          <Time>2026-03-11T11:48:58Z</Time>
          <DistanceMeters>1189.0</DistanceMeters>
          <HeartRateBpm>
            <Value>161</Value>
          </HeartRateBpm>
          <SensorState>Absent</SensorState>
        </Trackpoint>
        <Trackpoint>
          <Time>2026-03-11T11:48:59Z</Time>
          <DistanceMeters>1189.0</DistanceMeters>
          <HeartRateBpm>
            <Value>159</Value>
          </HeartRateBpm>
          <SensorState>Absent</SensorState>
        </Trackpoint>
        <Trackpoint>
          <Time>2026-03-11T11:49:00Z</Time>
          <DistanceMeters>1189.0</DistanceMeters>
          <HeartRateBpm>
            <Value>157</Value>
          </HeartRateBpm>
          <Cadence><Value>80</Value></Cadence>
          <SensorState>Absent</SensorState>
        </Trackpoint>
        <Trackpoint>
          <Time>2026-03-11T11:49:01Z</Time>
          <DistanceMeters>1189.0</DistanceMeters>
          <HeartRateBpm>
            <Value>158</Value>
          </HeartRateBpm>
          <Cadence><Value>80</Value></Cadence>
          <SensorState>Absent</SensorState>
        </Trackpoint>
        <Trackpoint>
          <Time>2026-03-11T11:49:02Z</Time>
          <DistanceMeters>1189.0</DistanceMeters>
          <HeartRateBpm>
            <Value>158</Value>
          </HeartRateBpm>
          <Cadence><Value>80</Value></Cadence>
          <SensorState>Absent</SensorState>
        </Trackpoint>
        <Trackpoint>
          <Time>2026-03-11T11:49:03Z</Time>
          <DistanceMeters>1189.0</DistanceMeters>
          <HeartRateBpm>
            <Value>157</Value>
          </HeartRateBpm>
          <Cadence><Value>80</Value></Cadence>
          <SensorState>Absent</SensorState>
        </Trackpoint>
        <Trackpoint>
          <Time>2026-03-11T11:49:04Z</Time>
          <DistanceMeters>1189.0</DistanceMeters>
          <HeartRateBpm>
            <Value>156</Value>
          </HeartRateBpm>
          <Cadence><Value>80</Value></Cadence>
          <SensorState>Absent</SensorState>
        </Trackpoint>
        <Trackpoint>
          <Time>2026-03-11T11:49:05Z</Time>
          <DistanceMeters>1189.0</DistanceMeters>
          <HeartRateBpm>
            <Value>155</Value>
          </HeartRateBpm>
          <Cadence><Value>80</Value></Cadence>
          <SensorState>Absent</SensorState>
        </Trackpoint>
        <Trackpoint>
          <Time>2026-03-11T11:49:07Z</Time>
          <DistanceMeters>1189.0</DistanceMeters>
          <HeartRateBpm>
            <Value>153</Value>
          </HeartRateBpm>
          <Cadence><Value>80</Value></Cadence>
          <SensorState>Absent</SensorState>
        </Trackpoint>
        <Trackpoint>
          <Time>2026-03-11T11:49:12Z</Time>
          <DistanceMeters>1189.0</DistanceMeters>
          <HeartRateBpm>
            <Value>154</Value>
          </HeartRateBpm>
          <Cadence><Value>80</Value></Cadence>
          <SensorState>Absent</SensorState>
        </Trackpoint>
        <Trackpoint>
          <Time>2026-03-11T11:49:13Z</Time>
          <DistanceMeters>1189.0</DistanceMeters>
          <HeartRateBpm>
            <Value>153</Value>
          </HeartRateBpm>
          <Cadence><Value>80</Value></Cadence>
          <SensorState>Absent</SensorState>
        </Trackpoint>
        <Trackpoint>
          <Time>2026-03-11T11:49:15Z</Time>
          <DistanceMeters>1189.0</DistanceMeters>
          <HeartRateBpm>
            <Value>152</Value>
          </HeartRateBpm>
          <Cadence><Value>80</Value></Cadence>
          <SensorState>Absent</SensorState>
        </Trackpoint>
        <Trackpoint>
          <Time>2026-03-11T11:49:17Z</Time>
          <DistanceMeters>1189.0</DistanceMeters>
          <HeartRateBpm>
            <Value>152</Value>
          </HeartRateBpm>
          <Cadence><Value>80</Value></Cadence>
          <SensorState>Absent</SensorState>
        </Trackpoint>
        <Trackpoint>
          <Time>2026-03-11T11:49:18Z</Time>
          <DistanceMeters>1189.0</DistanceMeters>
          <HeartRateBpm>
            <Value>153</Value>
          </HeartRateBpm>
          <Cadence><Value>80</Value></Cadence>
          <SensorState>Absent</SensorState>
        </Trackpoint>
        <Trackpoint>
          <Time>2026-03-11T11:49:20Z</Time>
          <DistanceMeters>1189.0</DistanceMeters>
          <HeartRateBpm>
            <Value>155</Value>
          </HeartRateBpm>
          <Cadence><Value>80</Value></Cadence>
          <SensorState>Absent</SensorState>
        </Trackpoint>
        <Trackpoint>
          <Time>2026-03-11T11:49:21Z</Time>
          <DistanceMeters>1189.0</DistanceMeters>
          <HeartRateBpm>
            <Value>156</Value>
          </HeartRateBpm>
          <Cadence><Value>80</Value></Cadence>
          <SensorState>Absent</SensorState>
        </Trackpoint>
        <Trackpoint>
          <Time>2026-03-11T11:49:26Z</Time>
          <DistanceMeters>1189.0</DistanceMeters>
          <HeartRateBpm>
            <Value>156</Value>
          </HeartRateBpm>
          <Cadence><Value>80</Value></Cadence>
          <SensorState>Absent</SensorState>
        </Trackpoint>
        <Trackpoint>
          <Time>2026-03-11T11:49:29Z</Time>
          <DistanceMeters>1189.0</DistanceMeters>
          <HeartRateBpm>
            <Value>155</Value>
          </HeartRateBpm>
          <Cadence><Value>80</Value></Cadence>
          <SensorState>Absent</SensorState>
        </Trackpoint>
        <Trackpoint>
          <Time>2026-03-11T11:49:31Z</Time>
          <DistanceMeters>1225.0</DistanceMeters>
          <HeartRateBpm>
            <Value>156</Value>
          </HeartRateBpm>
          <Cadence><Value>80</Value></Cadence>
          <SensorState>Absent</SensorState>
        </Trackpoint>
        <Trackpoint>
          <Time>2026-03-11T11:49:33Z</Time>
          <DistanceMeters>1225.0</DistanceMeters>
          <HeartRateBpm>
            <Value>158</Value>
          </HeartRateBpm>
          <Cadence><Value>80</Value></Cadence>
          <SensorState>Absent</SensorState>
        </Trackpoint>
        <Trackpoint>
          <Time>2026-03-11T11:49:33Z</Time>
          <DistanceMeters>1225.0</DistanceMeters>
          <HeartRateBpm>
            <Value>158</Value>
          </HeartRateBpm>
          <Cadence><Value>80</Value></Cadence>
          <SensorState>Absent</SensorState>
        </Trackpoint>
        <Trackpoint>
          <Time>2026-03-11T11:49:36Z</Time>
          <DistanceMeters>1225.0</DistanceMeters>
          <HeartRateBpm>
            <Value>159</Value>
          </HeartRateBpm>
          <Cadence><Value>80</Value></Cadence>
          <SensorState>Absent</SensorState>
        </Trackpoint>
        <Trackpoint>
          <Time>2026-03-11T11:49:37Z</Time>
          <DistanceMeters>1225.0</DistanceMeters>
          <HeartRateBpm>
            <Value>160</Value>
          </HeartRateBpm>
          <Cadence><Value>80</Value></Cadence>
          <SensorState>Absent</SensorState>
        </Trackpoint>
        <Trackpoint>
          <Time>2026-03-11T11:49:38Z</Time>
          <DistanceMeters>1225.0</DistanceMeters>
          <HeartRateBpm>
            <Value>159</Value>
          </HeartRateBpm>
          <Cadence><Value>80</Value></Cadence>
          <SensorState>Absent</SensorState>
        </Trackpoint>
        <Trackpoint>
          <Time>2026-03-11T11:49:39Z</Time>
          <DistanceMeters>1225.0</DistanceMeters>
          <HeartRateBpm>
            <Value>158</Value>
          </HeartRateBpm>
          <Cadence><Value>80</Value></Cadence>
          <SensorState>Absent</SensorState>
        </Trackpoint>
        <Trackpoint>
          <Time>2026-03-11T11:49:40Z</Time>
          <DistanceMeters>1225.0</DistanceMeters>
          <HeartRateBpm>
            <Value>159</Value>
          </HeartRateBpm>
          <Cadence><Value>80</Value></Cadence>
          <SensorState>Absent</SensorState>
        </Trackpoint>
        <Trackpoint>
          <Time>2026-03-11T11:49:43Z</Time>
          <DistanceMeters>1225.0</DistanceMeters>
          <HeartRateBpm>
            <Value>157</Value>
          </HeartRateBpm>
          <Cadence><Value>80</Value></Cadence>
          <SensorState>Absent</SensorState>
        </Trackpoint>
        <Trackpoint>
          <Time>2026-03-11T11:49:44Z</Time>
          <DistanceMeters>1225.0</DistanceMeters>
          <HeartRateBpm>
            <Value>154</Value>
          </HeartRateBpm>
          <Cadence><Value>80</Value></Cadence>
          <SensorState>Absent</SensorState>
        </Trackpoint>
        <Trackpoint>
          <Time>2026-03-11T11:49:45Z</Time>
          <DistanceMeters>1225.0</DistanceMeters>
          <HeartRateBpm>
            <Value>152</Value>
          </HeartRateBpm>
          <Cadence><Value>80</Value></Cadence>
          <SensorState>Absent</SensorState>
        </Trackpoint>
        <Trackpoint>
          <Time>2026-03-11T11:49:46Z</Time>
          <DistanceMeters>1225.0</DistanceMeters>
          <HeartRateBpm>
            <Value>152</Value>
          </HeartRateBpm>
          <Cadence><Value>80</Value></Cadence>
          <SensorState>Absent</SensorState>
        </Trackpoint>
        <Trackpoint>
          <Time>2026-03-11T11:49:48Z</Time>
          <DistanceMeters>1225.0</DistanceMeters>
          <HeartRateBpm>
            <Value>151</Value>
          </HeartRateBpm>
          <Cadence><Value>80</Value></Cadence>
          <SensorState>Absent</SensorState>
        </Trackpoint>
        <Trackpoint>
          <Time>2026-03-11T11:49:50Z</Time>
          <DistanceMeters>1225.0</DistanceMeters>
          <HeartRateBpm>
            <Value>150</Value>
          </HeartRateBpm>
          <Cadence><Value>80</Value></Cadence>
          <SensorState>Absent</SensorState>
        </Trackpoint>
        <Trackpoint>
          <Time>2026-03-11T11:49:54Z</Time>
          <DistanceMeters>1225.0</DistanceMeters>
          <HeartRateBpm>
            <Value>149</Value>
          </HeartRateBpm>
          <Cadence><Value>80</Value></Cadence>
          <SensorState>Absent</SensorState>
        </Trackpoint>
        <Trackpoint>
          <Time>2026-03-11T11:49:56Z</Time>
          <DistanceMeters>1225.0</DistanceMeters>
          <HeartRateBpm>
            <Value>150</Value>
          </HeartRateBpm>
          <Cadence><Value>80</Value></Cadence>
          <SensorState>Absent</SensorState>
        </Trackpoint>
        <Trackpoint>
          <Time>2026-03-11T11:50:00Z</Time>
          <DistanceMeters>1225.0</DistanceMeters>
          <HeartRateBpm>
            <Value>161</Value>
          </HeartRateBpm>
          <Cadence><Value>122</Value></Cadence>
          <SensorState>Absent</SensorState>
        </Trackpoint>
        <Trackpoint>
          <Time>2026-03-11T11:50:02Z</Time>
          <DistanceMeters>1225.0</DistanceMeters>
          <HeartRateBpm>
            <Value>150</Value>
          </HeartRateBpm>
          <Cadence><Value>122</Value></Cadence>
          <SensorState>Absent</SensorState>
        </Trackpoint>
        <Trackpoint>
          <Time>2026-03-11T11:50:03Z</Time>
          <DistanceMeters>1225.0</DistanceMeters>
          <HeartRateBpm>
            <Value>151</Value>
          </HeartRateBpm>
          <Cadence><Value>122</Value></Cadence>
          <SensorState>Absent</SensorState>
        </Trackpoint>
        <Trackpoint>
          <Time>2026-03-11T11:50:08Z</Time>
          <DistanceMeters>1225.0</DistanceMeters>
          <HeartRateBpm>
            <Value>151</Value>
          </HeartRateBpm>
          <Cadence><Value>122</Value></Cadence>
          <SensorState>Absent</SensorState>
        </Trackpoint>
        <Trackpoint>
          <Time>2026-03-11T11:50:13Z</Time>
          <DistanceMeters>1225.0</DistanceMeters>
          <HeartRateBpm>
            <Value>152</Value>
          </HeartRateBpm>
          <Cadence><Value>122</Value></Cadence>
          <SensorState>Absent</SensorState>
        </Trackpoint>
        <Trackpoint>
          <Time>2026-03-11T11:50:17Z</Time>
          <DistanceMeters>1225.0</DistanceMeters>
          <HeartRateBpm>
            <Value>153</Value>
          </HeartRateBpm>
          <Cadence><Value>122</Value></Cadence>
          <SensorState>Absent</SensorState>
        </Trackpoint>
        <Trackpoint>
          <Time>2026-03-11T11:50:20Z</Time>
          <DistanceMeters>1225.0</DistanceMeters>
          <HeartRateBpm>
            <Value>154</Value>
          </HeartRateBpm>
          <Cadence><Value>122</Value></Cadence>
          <SensorState>Absent</SensorState>
        </Trackpoint>
        <Trackpoint>
          <Time>2026-03-11T11:50:25Z</Time>
          <DistanceMeters>1225.0</DistanceMeters>
          <HeartRateBpm>
            <Value>156</Value>
          </HeartRateBpm>
          <Cadence><Value>122</Value></Cadence>
          <SensorState>Absent</SensorState>
        </Trackpoint>
        <Trackpoint>
          <Time>2026-03-11T11:50:27Z</Time>
          <DistanceMeters>1225.0</DistanceMeters>
          <HeartRateBpm>
            <Value>157</Value>
          </HeartRateBpm>
          <Cadence><Value>122</Value></Cadence>
          <SensorState>Absent</SensorState>
        </Trackpoint>
        <Trackpoint>
          <Time>2026-03-11T11:50:29Z</Time>
          <DistanceMeters>1225.0</DistanceMeters>
          <HeartRateBpm>
            <Value>159</Value>
          </HeartRateBpm>
          <Cadence><Value>122</Value></Cadence>
          <SensorState>Absent</SensorState>
        </Trackpoint>
        <Trackpoint>
          <Time>2026-03-11T11:50:30Z</Time>
          <DistanceMeters>1261.0</DistanceMeters>
          <HeartRateBpm>
            <Value>159</Value>
          </HeartRateBpm>
          <Cadence><Value>122</Value></Cadence>
          <SensorState>Absent</SensorState>
        </Trackpoint>
        <Trackpoint>
          <Time>2026-03-11T11:50:30Z</Time>
          <DistanceMeters>1261.0</DistanceMeters>
          <HeartRateBpm>
            <Value>158</Value>
          </HeartRateBpm>
          <Cadence><Value>122</Value></Cadence>
          <SensorState>Absent</SensorState>
        </Trackpoint>
        <Trackpoint>
          <Time>2026-03-11T11:50:32Z</Time>
          <DistanceMeters>1261.0</DistanceMeters>
          <HeartRateBpm>
            <Value>160</Value>
          </HeartRateBpm>
          <Cadence><Value>122</Value></Cadence>
          <SensorState>Absent</SensorState>
        </Trackpoint>
        <Trackpoint>
          <Time>2026-03-11T11:50:34Z</Time>
          <DistanceMeters>1261.0</DistanceMeters>
          <HeartRateBpm>
            <Value>161</Value>
          </HeartRateBpm>
          <Cadence><Value>122</Value></Cadence>
          <SensorState>Absent</SensorState>
        </Trackpoint>
        <Trackpoint>
          <Time>2026-03-11T11:50:35Z</Time>
          <DistanceMeters>1261.0</DistanceMeters>
          <HeartRateBpm>
            <Value>164</Value>
          </HeartRateBpm>
          <Cadence><Value>122</Value></Cadence>
          <SensorState>Absent</SensorState>
        </Trackpoint>
        <Trackpoint>
          <Time>2026-03-11T11:50:37Z</Time>
          <DistanceMeters>1261.0</DistanceMeters>
          <HeartRateBpm>
            <Value>167</Value>
          </HeartRateBpm>
          <Cadence><Value>122</Value></Cadence>
          <SensorState>Absent</SensorState>
        </Trackpoint>
        <Trackpoint>
          <Time>2026-03-11T11:50:37Z</Time>
          <DistanceMeters>1261.0</DistanceMeters>
          <HeartRateBpm>
            <Value>167</Value>
          </HeartRateBpm>
          <Cadence><Value>122</Value></Cadence>
          <SensorState>Absent</SensorState>
        </Trackpoint>
        <Trackpoint>
          <Time>2026-03-11T11:50:38Z</Time>
          <DistanceMeters>1261.0</DistanceMeters>
          <HeartRateBpm>
            <Value>172</Value>
          </HeartRateBpm>
          <Cadence><Value>122</Value></Cadence>
          <SensorState>Absent</SensorState>
        </Trackpoint>
        <Trackpoint>
          <Time>2026-03-11T11:50:39Z</Time>
          <DistanceMeters>1261.0</DistanceMeters>
          <HeartRateBpm>
            <Value>174</Value>
          </HeartRateBpm>
          <Cadence><Value>122</Value></Cadence>
          <SensorState>Absent</SensorState>
        </Trackpoint>
        <Trackpoint>
          <Time>2026-03-11T11:50:39Z</Time>
          <DistanceMeters>1261.0</DistanceMeters>
          <HeartRateBpm>
            <Value>174</Value>
          </HeartRateBpm>
          <Cadence><Value>122</Value></Cadence>
          <SensorState>Absent</SensorState>
        </Trackpoint>
        <Trackpoint>
          <Time>2026-03-11T11:50:41Z</Time>
          <DistanceMeters>1261.0</DistanceMeters>
          <HeartRateBpm>
            <Value>176</Value>
          </HeartRateBpm>
          <Cadence><Value>122</Value></Cadence>
          <SensorState>Absent</SensorState>
        </Trackpoint>
        <Trackpoint>
          <Time>2026-03-11T11:50:42Z</Time>
          <DistanceMeters>1261.0</DistanceMeters>
          <HeartRateBpm>
            <Value>177</Value>
          </HeartRateBpm>
          <Cadence><Value>122</Value></Cadence>
          <SensorState>Absent</SensorState>
        </Trackpoint>
        <Trackpoint>
          <Time>2026-03-11T11:50:43Z</Time>
          <DistanceMeters>1261.0</DistanceMeters>
          <HeartRateBpm>
            <Value>180</Value>
          </HeartRateBpm>
          <Cadence><Value>122</Value></Cadence>
          <SensorState>Absent</SensorState>
        </Trackpoint>
        <Trackpoint>
          <Time>2026-03-11T11:50:43Z</Time>
          <DistanceMeters>1261.0</DistanceMeters>
          <HeartRateBpm>
            <Value>180</Value>
          </HeartRateBpm>
          <Cadence><Value>122</Value></Cadence>
          <SensorState>Absent</SensorState>
        </Trackpoint>
        <Trackpoint>
          <Time>2026-03-11T11:50:48Z</Time>
          <DistanceMeters>1261.0</DistanceMeters>
          <HeartRateBpm>
            <Value>180</Value>
          </HeartRateBpm>
          <Cadence><Value>122</Value></Cadence>
          <SensorState>Absent</SensorState>
        </Trackpoint>
        <Trackpoint>
          <Time>2026-03-11T11:50:49Z</Time>
          <DistanceMeters>1261.0</DistanceMeters>
          <HeartRateBpm>
            <Value>181</Value>
          </HeartRateBpm>
          <Cadence><Value>122</Value></Cadence>
          <SensorState>Absent</SensorState>
        </Trackpoint>
        <Trackpoint>
          <Time>2026-03-11T11:50:51Z</Time>
          <DistanceMeters>1261.0</DistanceMeters>
          <HeartRateBpm>
            <Value>183</Value>
          </HeartRateBpm>
          <Cadence><Value>122</Value></Cadence>
          <SensorState>Absent</SensorState>
        </Trackpoint>
        <Trackpoint>
          <Time>2026-03-11T11:50:52Z</Time>
          <DistanceMeters>1261.0</DistanceMeters>
          <HeartRateBpm>
            <Value>184</Value>
          </HeartRateBpm>
          <Cadence><Value>122</Value></Cadence>
          <SensorState>Absent</SensorState>
        </Trackpoint>
        <Trackpoint>
          <Time>2026-03-11T11:50:54Z</Time>
          <DistanceMeters>1261.0</DistanceMeters>
          <HeartRateBpm>
            <Value>182</Value>
          </HeartRateBpm>
          <Cadence><Value>122</Value></Cadence>
          <SensorState>Absent</SensorState>
        </Trackpoint>
        <Trackpoint>
          <Time>2026-03-11T11:50:56Z</Time>
          <DistanceMeters>1261.0</DistanceMeters>
          <HeartRateBpm>
            <Value>180</Value>
          </HeartRateBpm>
          <Cadence><Value>122</Value></Cadence>
          <SensorState>Absent</SensorState>
        </Trackpoint>
        <Trackpoint>
          <Time>2026-03-11T11:50:57Z</Time>
          <DistanceMeters>1261.0</DistanceMeters>
          <HeartRateBpm>
            <Value>179</Value>
          </HeartRateBpm>
          <Cadence><Value>122</Value></Cadence>
          <SensorState>Absent</SensorState>
        </Trackpoint>
        <Trackpoint>
          <Time>2026-03-11T11:50:58Z</Time>
          <DistanceMeters>1261.0</DistanceMeters>
          <HeartRateBpm>
            <Value>176</Value>
          </HeartRateBpm>
          <Cadence><Value>122</Value></Cadence>
          <SensorState>Absent</SensorState>
        </Trackpoint>
        <Trackpoint>
          <Time>2026-03-11T11:51:00Z</Time>
          <DistanceMeters>1261.0</DistanceMeters>
          <HeartRateBpm>
            <Value>165</Value>
          </HeartRateBpm>
          <Cadence><Value>45</Value></Cadence>
          <SensorState>Absent</SensorState>
        </Trackpoint>
        <Trackpoint>
          <Time>2026-03-11T11:51:02Z</Time>
          <DistanceMeters>1261.0</DistanceMeters>
          <HeartRateBpm>
            <Value>175</Value>
          </HeartRateBpm>
          <Cadence><Value>45</Value></Cadence>
          <SensorState>Absent</SensorState>
        </Trackpoint>
        <Trackpoint>
          <Time>2026-03-11T11:51:03Z</Time>
          <DistanceMeters>1261.0</DistanceMeters>
          <HeartRateBpm>
            <Value>174</Value>
          </HeartRateBpm>
          <Cadence><Value>45</Value></Cadence>
          <SensorState>Absent</SensorState>
        </Trackpoint>
        <Trackpoint>
          <Time>2026-03-11T11:51:03Z</Time>
          <DistanceMeters>1261.0</DistanceMeters>
          <HeartRateBpm>
            <Value>174</Value>
          </HeartRateBpm>
          <Cadence><Value>45</Value></Cadence>
          <SensorState>Absent</SensorState>
        </Trackpoint>
        <Trackpoint>
          <Time>2026-03-11T11:51:05Z</Time>
          <DistanceMeters>1261.0</DistanceMeters>
          <HeartRateBpm>
            <Value>173</Value>
          </HeartRateBpm>
          <Cadence><Value>45</Value></Cadence>
          <SensorState>Absent</SensorState>
        </Trackpoint>
        <Trackpoint>
          <Time>2026-03-11T11:51:06Z</Time>
          <DistanceMeters>1261.0</DistanceMeters>
          <HeartRateBpm>
            <Value>172</Value>
          </HeartRateBpm>
          <Cadence><Value>45</Value></Cadence>
          <SensorState>Absent</SensorState>
        </Trackpoint>
        <Trackpoint>
          <Time>2026-03-11T11:51:10Z</Time>
          <DistanceMeters>1261.0</DistanceMeters>
          <HeartRateBpm>
            <Value>171</Value>
          </HeartRateBpm>
          <Cadence><Value>45</Value></Cadence>
          <SensorState>Absent</SensorState>
        </Trackpoint>
        <Trackpoint>
          <Time>2026-03-11T11:51:11Z</Time>
          <DistanceMeters>1261.0</DistanceMeters>
          <HeartRateBpm>
            <Value>169</Value>
          </HeartRateBpm>
          <Cadence><Value>45</Value></Cadence>
          <SensorState>Absent</SensorState>
        </Trackpoint>
        <Trackpoint>
          <Time>2026-03-11T11:51:14Z</Time>
          <DistanceMeters>1261.0</DistanceMeters>
          <HeartRateBpm>
            <Value>168</Value>
          </HeartRateBpm>
          <Cadence><Value>45</Value></Cadence>
          <SensorState>Absent</SensorState>
        </Trackpoint>
        <Trackpoint>
          <Time>2026-03-11T11:51:14Z</Time>
          <DistanceMeters>1261.0</DistanceMeters>
          <HeartRateBpm>
            <Value>168</Value>
          </HeartRateBpm>
          <Cadence><Value>45</Value></Cadence>
          <SensorState>Absent</SensorState>
        </Trackpoint>
        <Trackpoint>
          <Time>2026-03-11T11:51:19Z</Time>
          <DistanceMeters>1261.0</DistanceMeters>
          <HeartRateBpm>
            <Value>168</Value>
          </HeartRateBpm>
          <Cadence><Value>45</Value></Cadence>
          <SensorState>Absent</SensorState>
        </Trackpoint>
        <Trackpoint>
          <Time>2026-03-11T11:51:20Z</Time>
          <DistanceMeters>1261.0</DistanceMeters>
          <HeartRateBpm>
            <Value>167</Value>
          </HeartRateBpm>
          <Cadence><Value>45</Value></Cadence>
          <SensorState>Absent</SensorState>
        </Trackpoint>
        <Trackpoint>
          <Time>2026-03-11T11:51:24Z</Time>
          <DistanceMeters>1261.0</DistanceMeters>
          <HeartRateBpm>
            <Value>164</Value>
          </HeartRateBpm>
          <Cadence><Value>45</Value></Cadence>
          <SensorState>Absent</SensorState>
        </Trackpoint>
        <Trackpoint>
          <Time>2026-03-11T11:51:25Z</Time>
          <DistanceMeters>1261.0</DistanceMeters>
          <HeartRateBpm>
            <Value>165</Value>
          </HeartRateBpm>
          <Cadence><Value>45</Value></Cadence>
          <SensorState>Absent</SensorState>
        </Trackpoint>
        <Trackpoint>
          <Time>2026-03-11T11:51:28Z</Time>
          <DistanceMeters>1261.0</DistanceMeters>
          <HeartRateBpm>
            <Value>164</Value>
          </HeartRateBpm>
          <Cadence><Value>45</Value></Cadence>
          <SensorState>Absent</SensorState>
        </Trackpoint>
        <Trackpoint>
          <Time>2026-03-11T11:51:29Z</Time>
          <DistanceMeters>1261.0</DistanceMeters>
          <HeartRateBpm>
            <Value>163</Value>
          </HeartRateBpm>
          <Cadence><Value>45</Value></Cadence>
          <SensorState>Absent</SensorState>
        </Trackpoint>
        <Trackpoint>
          <Time>2026-03-11T11:51:32Z</Time>
          <DistanceMeters>1297.0</DistanceMeters>
          <HeartRateBpm>
            <Value>162</Value>
          </HeartRateBpm>
          <Cadence><Value>45</Value></Cadence>
          <SensorState>Absent</SensorState>
        </Trackpoint>
        <Trackpoint>
          <Time>2026-03-11T11:51:32Z</Time>
          <DistanceMeters>1297.0</DistanceMeters>
          <HeartRateBpm>
            <Value>162</Value>
          </HeartRateBpm>
          <Cadence><Value>45</Value></Cadence>
          <SensorState>Absent</SensorState>
        </Trackpoint>
        <Trackpoint>
          <Time>2026-03-11T11:51:33Z</Time>
          <DistanceMeters>1297.0</DistanceMeters>
          <HeartRateBpm>
            <Value>163</Value>
          </HeartRateBpm>
          <Cadence><Value>45</Value></Cadence>
          <SensorState>Absent</SensorState>
        </Trackpoint>
        <Trackpoint>
          <Time>2026-03-11T11:51:36Z</Time>
          <DistanceMeters>1297.0</DistanceMeters>
          <HeartRateBpm>
            <Value>162</Value>
          </HeartRateBpm>
          <Cadence><Value>45</Value></Cadence>
          <SensorState>Absent</SensorState>
        </Trackpoint>
        <Trackpoint>
          <Time>2026-03-11T11:51:40Z</Time>
          <DistanceMeters>1297.0</DistanceMeters>
          <HeartRateBpm>
            <Value>163</Value>
          </HeartRateBpm>
          <Cadence><Value>45</Value></Cadence>
          <SensorState>Absent</SensorState>
        </Trackpoint>
        <Trackpoint>
          <Time>2026-03-11T11:51:41Z</Time>
          <DistanceMeters>1297.0</DistanceMeters>
          <HeartRateBpm>
            <Value>164</Value>
          </HeartRateBpm>
          <Cadence><Value>45</Value></Cadence>
          <SensorState>Absent</SensorState>
        </Trackpoint>
        <Trackpoint>
          <Time>2026-03-11T11:51:46Z</Time>
          <DistanceMeters>1297.0</DistanceMeters>
          <HeartRateBpm>
            <Value>164</Value>
          </HeartRateBpm>
          <Cadence><Value>45</Value></Cadence>
          <SensorState>Absent</SensorState>
        </Trackpoint>
        <Trackpoint>
          <Time>2026-03-11T11:51:50Z</Time>
          <DistanceMeters>1297.0</DistanceMeters>
          <HeartRateBpm>
            <Value>161</Value>
          </HeartRateBpm>
          <Cadence><Value>45</Value></Cadence>
          <SensorState>Absent</SensorState>
        </Trackpoint>
        <Trackpoint>
          <Time>2026-03-11T11:51:54Z</Time>
          <DistanceMeters>1297.0</DistanceMeters>
          <HeartRateBpm>
            <Value>160</Value>
          </HeartRateBpm>
          <Cadence><Value>45</Value></Cadence>
          <SensorState>Absent</SensorState>
        </Trackpoint>
        <Trackpoint>
          <Time>2026-03-11T11:51:59Z</Time>
          <DistanceMeters>1297.0</DistanceMeters>
          <HeartRateBpm>
            <Value>160</Value>
          </HeartRateBpm>
          <Cadence><Value>45</Value></Cadence>
          <SensorState>Absent</SensorState>
        </Trackpoint>
        <Trackpoint>
          <Time>2026-03-11T11:52:00Z</Time>
          <DistanceMeters>1297.0</DistanceMeters>
          <HeartRateBpm>
            <Value>161</Value>
          </HeartRateBpm>
          <SensorState>Absent</SensorState>
        </Trackpoint>
        <Trackpoint>
          <Time>2026-03-11T11:52:00Z</Time>
          <DistanceMeters>1297.0</DistanceMeters>
          <HeartRateBpm>
            <Value>158</Value>
          </HeartRateBpm>
          <SensorState>Absent</SensorState>
        </Trackpoint>
        <Trackpoint>
          <Time>2026-03-11T11:52:01Z</Time>
          <DistanceMeters>1297.0</DistanceMeters>
          <HeartRateBpm>
            <Value>151</Value>
          </HeartRateBpm>
          <SensorState>Absent</SensorState>
        </Trackpoint>
        <Trackpoint>
          <Time>2026-03-11T11:52:01Z</Time>
          <DistanceMeters>1297.0</DistanceMeters>
          <HeartRateBpm>
            <Value>151</Value>
          </HeartRateBpm>
          <SensorState>Absent</SensorState>
        </Trackpoint>
        <Trackpoint>
          <Time>2026-03-11T11:52:03Z</Time>
          <DistanceMeters>1297.0</DistanceMeters>
          <HeartRateBpm>
            <Value>148</Value>
          </HeartRateBpm>
          <SensorState>Absent</SensorState>
        </Trackpoint>
        <Trackpoint>
          <Time>2026-03-11T11:52:04Z</Time>
          <DistanceMeters>1297.0</DistanceMeters>
          <HeartRateBpm>
            <Value>147</Value>
          </HeartRateBpm>
          <SensorState>Absent</SensorState>
        </Trackpoint>
        <Trackpoint>
          <Time>2026-03-11T11:52:05Z</Time>
          <DistanceMeters>1297.0</DistanceMeters>
          <HeartRateBpm>
            <Value>146</Value>
          </HeartRateBpm>
          <SensorState>Absent</SensorState>
        </Trackpoint>
        <Trackpoint>
          <Time>2026-03-11T11:52:09Z</Time>
          <DistanceMeters>1297.0</DistanceMeters>
          <HeartRateBpm>
            <Value>147</Value>
          </HeartRateBpm>
          <SensorState>Absent</SensorState>
        </Trackpoint>
        <Trackpoint>
          <Time>2026-03-11T11:52:14Z</Time>
          <DistanceMeters>1297.0</DistanceMeters>
          <HeartRateBpm>
            <Value>146</Value>
          </HeartRateBpm>
          <SensorState>Absent</SensorState>
        </Trackpoint>
        <Trackpoint>
          <Time>2026-03-11T11:52:15Z</Time>
          <DistanceMeters>1297.0</DistanceMeters>
          <HeartRateBpm>
            <Value>144</Value>
          </HeartRateBpm>
          <SensorState>Absent</SensorState>
        </Trackpoint>
        <Trackpoint>
          <Time>2026-03-11T11:52:15Z</Time>
          <DistanceMeters>1297.0</DistanceMeters>
          <HeartRateBpm>
            <Value>144</Value>
          </HeartRateBpm>
          <SensorState>Absent</SensorState>
        </Trackpoint>
        <Trackpoint>
          <Time>2026-03-11T11:52:17Z</Time>
          <DistanceMeters>1297.0</DistanceMeters>
          <HeartRateBpm>
            <Value>143</Value>
          </HeartRateBpm>
          <SensorState>Absent</SensorState>
        </Trackpoint>
        <Trackpoint>
          <Time>2026-03-11T11:52:18Z</Time>
          <DistanceMeters>1297.0</DistanceMeters>
          <HeartRateBpm>
            <Value>142</Value>
          </HeartRateBpm>
          <SensorState>Absent</SensorState>
        </Trackpoint>
        <Trackpoint>
          <Time>2026-03-11T11:52:19Z</Time>
          <DistanceMeters>1297.0</DistanceMeters>
          <HeartRateBpm>
            <Value>141</Value>
          </HeartRateBpm>
          <SensorState>Absent</SensorState>
        </Trackpoint>
        <Trackpoint>
          <Time>2026-03-11T11:52:23Z</Time>
          <DistanceMeters>1297.0</DistanceMeters>
          <HeartRateBpm>
            <Value>142</Value>
          </HeartRateBpm>
          <SensorState>Absent</SensorState>
        </Trackpoint>
        <Trackpoint>
          <Time>2026-03-11T11:52:27Z</Time>
          <DistanceMeters>1297.0</DistanceMeters>
          <HeartRateBpm>
            <Value>143</Value>
          </HeartRateBpm>
          <SensorState>Absent</SensorState>
        </Trackpoint>
        <Trackpoint>
          <Time>2026-03-11T11:52:32Z</Time>
          <DistanceMeters>1333.0</DistanceMeters>
          <HeartRateBpm>
            <Value>143</Value>
          </HeartRateBpm>
          <SensorState>Absent</SensorState>
        </Trackpoint>
        <Trackpoint>
          <Time>2026-03-11T11:52:34Z</Time>
          <DistanceMeters>1333.0</DistanceMeters>
          <HeartRateBpm>
            <Value>142</Value>
          </HeartRateBpm>
          <SensorState>Absent</SensorState>
        </Trackpoint>
        <Trackpoint>
          <Time>2026-03-11T11:52:36Z</Time>
          <DistanceMeters>1333.0</DistanceMeters>
          <HeartRateBpm>
            <Value>139</Value>
          </HeartRateBpm>
          <SensorState>Absent</SensorState>
        </Trackpoint>
        <Trackpoint>
          <Time>2026-03-11T11:52:39Z</Time>
          <DistanceMeters>1333.0</DistanceMeters>
          <HeartRateBpm>
            <Value>138</Value>
          </HeartRateBpm>
          <SensorState>Absent</SensorState>
        </Trackpoint>
        <Trackpoint>
          <Time>2026-03-11T11:52:39Z</Time>
          <DistanceMeters>1333.0</DistanceMeters>
          <HeartRateBpm>
            <Value>138</Value>
          </HeartRateBpm>
          <SensorState>Absent</SensorState>
        </Trackpoint>
        <Trackpoint>
          <Time>2026-03-11T11:52:44Z</Time>
          <DistanceMeters>1333.0</DistanceMeters>
          <HeartRateBpm>
            <Value>138</Value>
          </HeartRateBpm>
          <SensorState>Absent</SensorState>
        </Trackpoint>
        <Trackpoint>
          <Time>2026-03-11T11:52:45Z</Time>
          <DistanceMeters>1333.0</DistanceMeters>
          <HeartRateBpm>
            <Value>137</Value>
          </HeartRateBpm>
          <SensorState>Absent</SensorState>
        </Trackpoint>
        <Trackpoint>
          <Time>2026-03-11T11:52:51Z</Time>
          <DistanceMeters>1333.0</DistanceMeters>
          <HeartRateBpm>
            <Value>137</Value>
          </HeartRateBpm>
          <SensorState>Absent</SensorState>
        </Trackpoint>
        <Trackpoint>
          <Time>2026-03-11T11:52:53Z</Time>
          <DistanceMeters>1333.0</DistanceMeters>
          <HeartRateBpm>
            <Value>136</Value>
          </HeartRateBpm>
          <SensorState>Absent</SensorState>
        </Trackpoint>
        <Trackpoint>
          <Time>2026-03-11T11:52:56Z</Time>
          <DistanceMeters>1333.0</DistanceMeters>
          <HeartRateBpm>
            <Value>137</Value>
          </HeartRateBpm>
          <SensorState>Absent</SensorState>
        </Trackpoint>
        <Trackpoint>
          <Time>2026-03-11T11:53:00Z</Time>
          <DistanceMeters>1333.0</DistanceMeters>
          <HeartRateBpm>
            <Value>155</Value>
          </HeartRateBpm>
          <SensorState>Absent</SensorState>
        </Trackpoint>
        <Trackpoint>
          <Time>2026-03-11T11:53:01Z</Time>
          <DistanceMeters>1333.0</DistanceMeters>
          <HeartRateBpm>
            <Value>137</Value>
          </HeartRateBpm>
          <SensorState>Absent</SensorState>
        </Trackpoint>
        <Trackpoint>
          <Time>2026-03-11T11:53:03Z</Time>
          <DistanceMeters>1333.0</DistanceMeters>
          <HeartRateBpm>
            <Value>136</Value>
          </HeartRateBpm>
          <SensorState>Absent</SensorState>
        </Trackpoint>
        <Trackpoint>
          <Time>2026-03-11T11:53:07Z</Time>
          <DistanceMeters>1333.0</DistanceMeters>
          <HeartRateBpm>
            <Value>135</Value>
          </HeartRateBpm>
          <SensorState>Absent</SensorState>
        </Trackpoint>
        <Trackpoint>
          <Time>2026-03-11T11:53:11Z</Time>
          <DistanceMeters>1333.0</DistanceMeters>
          <HeartRateBpm>
            <Value>133</Value>
          </HeartRateBpm>
          <SensorState>Absent</SensorState>
        </Trackpoint>
        <Trackpoint>
          <Time>2026-03-11T11:53:13Z</Time>
          <DistanceMeters>1333.0</DistanceMeters>
          <HeartRateBpm>
            <Value>132</Value>
          </HeartRateBpm>
          <SensorState>Absent</SensorState>
        </Trackpoint>
        <Trackpoint>
          <Time>2026-03-11T11:53:13Z</Time>
          <DistanceMeters>1333.0</DistanceMeters>
          <HeartRateBpm>
            <Value>132</Value>
          </HeartRateBpm>
          <SensorState>Absent</SensorState>
        </Trackpoint>
        <Trackpoint>
          <Time>2026-03-11T11:53:15Z</Time>
          <DistanceMeters>1333.0</DistanceMeters>
          <HeartRateBpm>
            <Value>131</Value>
          </HeartRateBpm>
          <SensorState>Absent</SensorState>
        </Trackpoint>
        <Trackpoint>
          <Time>2026-03-11T11:53:20Z</Time>
          <DistanceMeters>1333.0</DistanceMeters>
          <HeartRateBpm>
            <Value>131</Value>
          </HeartRateBpm>
          <SensorState>Absent</SensorState>
        </Trackpoint>
        <Trackpoint>
          <Time>2026-03-11T11:53:24Z</Time>
          <DistanceMeters>1333.0</DistanceMeters>
          <HeartRateBpm>
            <Value>130</Value>
          </HeartRateBpm>
          <SensorState>Absent</SensorState>
        </Trackpoint>
        <Trackpoint>
          <Time>2026-03-11T11:53:29Z</Time>
          <DistanceMeters>1333.0</DistanceMeters>
          <HeartRateBpm>
            <Value>130</Value>
          </HeartRateBpm>
          <SensorState>Absent</SensorState>
        </Trackpoint>
        <Trackpoint>
          <Time>2026-03-11T11:53:33Z</Time>
          <DistanceMeters>1369.0</DistanceMeters>
          <HeartRateBpm>
            <Value>128</Value>
          </HeartRateBpm>
          <SensorState>Absent</SensorState>
        </Trackpoint>
        <Trackpoint>
          <Time>2026-03-11T11:53:39Z</Time>
          <DistanceMeters>1369.0</DistanceMeters>
          <HeartRateBpm>
            <Value>128</Value>
          </HeartRateBpm>
          <SensorState>Absent</SensorState>
        </Trackpoint>
        <Trackpoint>
          <Time>2026-03-11T11:53:44Z</Time>
          <DistanceMeters>1369.0</DistanceMeters>
          <HeartRateBpm>
            <Value>128</Value>
          </HeartRateBpm>
          <SensorState>Absent</SensorState>
        </Trackpoint>
        <Trackpoint>
          <Time>2026-03-11T11:53:46Z</Time>
          <DistanceMeters>1369.0</DistanceMeters>
          <HeartRateBpm>
            <Value>127</Value>
          </HeartRateBpm>
          <SensorState>Absent</SensorState>
        </Trackpoint>
        <Trackpoint>
          <Time>2026-03-11T11:53:50Z</Time>
          <DistanceMeters>1369.0</DistanceMeters>
          <HeartRateBpm>
            <Value>128</Value>
          </HeartRateBpm>
          <SensorState>Absent</SensorState>
        </Trackpoint>
        <Trackpoint>
          <Time>2026-03-11T11:53:53Z</Time>
          <DistanceMeters>1369.0</DistanceMeters>
          <HeartRateBpm>
            <Value>127</Value>
          </HeartRateBpm>
          <SensorState>Absent</SensorState>
        </Trackpoint>
        <Trackpoint>
          <Time>2026-03-11T11:53:57Z</Time>
          <DistanceMeters>1369.0</DistanceMeters>
          <HeartRateBpm>
            <Value>128</Value>
          </HeartRateBpm>
          <SensorState>Absent</SensorState>
        </Trackpoint>
        <Trackpoint>
          <Time>2026-03-11T11:54:00Z</Time>
          <DistanceMeters>1369.0</DistanceMeters>
          <HeartRateBpm>
            <Value>127</Value>
          </HeartRateBpm>
          <SensorState>Absent</SensorState>
        </Trackpoint>
        <Trackpoint>
          <Time>2026-03-11T11:54:02Z</Time>
          <DistanceMeters>1369.0</DistanceMeters>
          <HeartRateBpm>
            <Value>128</Value>
          </HeartRateBpm>
          <SensorState>Absent</SensorState>
        </Trackpoint>
        <Trackpoint>
          <Time>2026-03-11T11:54:04Z</Time>
          <DistanceMeters>1369.0</DistanceMeters>
          <HeartRateBpm>
            <Value>126</Value>
          </HeartRateBpm>
          <SensorState>Absent</SensorState>
        </Trackpoint>
        <Trackpoint>
          <Time>2026-03-11T11:54:05Z</Time>
          <DistanceMeters>1369.0</DistanceMeters>
          <HeartRateBpm>
            <Value>125</Value>
          </HeartRateBpm>
          <SensorState>Absent</SensorState>
        </Trackpoint>
        <Trackpoint>
          <Time>2026-03-11T11:54:05Z</Time>
          <DistanceMeters>1369.0</DistanceMeters>
          <HeartRateBpm>
            <Value>126</Value>
          </HeartRateBpm>
          <SensorState>Absent</SensorState>
        </Trackpoint>
        <Trackpoint>
          <Time>2026-03-11T11:54:07Z</Time>
          <DistanceMeters>1369.0</DistanceMeters>
          <HeartRateBpm>
            <Value>124</Value>
          </HeartRateBpm>
          <SensorState>Absent</SensorState>
        </Trackpoint>
        <Trackpoint>
          <Time>2026-03-11T11:54:12Z</Time>
          <DistanceMeters>1369.0</DistanceMeters>
          <HeartRateBpm>
            <Value>125</Value>
          </HeartRateBpm>
          <SensorState>Absent</SensorState>
        </Trackpoint>
        <Trackpoint>
          <Time>2026-03-11T11:54:18Z</Time>
          <DistanceMeters>1369.0</DistanceMeters>
          <HeartRateBpm>
            <Value>125</Value>
          </HeartRateBpm>
          <SensorState>Absent</SensorState>
        </Trackpoint>
        <Trackpoint>
          <Time>2026-03-11T11:54:19Z</Time>
          <DistanceMeters>1369.0</DistanceMeters>
          <HeartRateBpm>
            <Value>126</Value>
          </HeartRateBpm>
          <SensorState>Absent</SensorState>
        </Trackpoint>
        <Trackpoint>
          <Time>2026-03-11T11:54:23Z</Time>
          <DistanceMeters>1369.0</DistanceMeters>
          <HeartRateBpm>
            <Value>125</Value>
          </HeartRateBpm>
          <SensorState>Absent</SensorState>
        </Trackpoint>
        <Trackpoint>
          <Time>2026-03-11T11:54:25Z</Time>
          <DistanceMeters>1369.0</DistanceMeters>
          <HeartRateBpm>
            <Value>126</Value>
          </HeartRateBpm>
          <SensorState>Absent</SensorState>
        </Trackpoint>
        <Trackpoint>
          <Time>2026-03-11T11:54:30Z</Time>
          <DistanceMeters>1405.0</DistanceMeters>
          <HeartRateBpm>
            <Value>125</Value>
          </HeartRateBpm>
          <SensorState>Absent</SensorState>
        </Trackpoint>
        <Trackpoint>
          <Time>2026-03-11T11:54:32Z</Time>
          <DistanceMeters>1405.0</DistanceMeters>
          <HeartRateBpm>
            <Value>124</Value>
          </HeartRateBpm>
          <SensorState>Absent</SensorState>
        </Trackpoint>
        <Trackpoint>
          <Time>2026-03-11T11:54:37Z</Time>
          <DistanceMeters>1405.0</DistanceMeters>
          <HeartRateBpm>
            <Value>124</Value>
          </HeartRateBpm>
          <SensorState>Absent</SensorState>
        </Trackpoint>
        <Trackpoint>
          <Time>2026-03-11T11:54:38Z</Time>
          <DistanceMeters>1405.0</DistanceMeters>
          <HeartRateBpm>
            <Value>123</Value>
          </HeartRateBpm>
          <SensorState>Absent</SensorState>
        </Trackpoint>
        <Trackpoint>
          <Time>2026-03-11T11:54:42Z</Time>
          <DistanceMeters>1405.0</DistanceMeters>
          <HeartRateBpm>
            <Value>124</Value>
          </HeartRateBpm>
          <SensorState>Absent</SensorState>
        </Trackpoint>
        <Trackpoint>
          <Time>2026-03-11T11:54:47Z</Time>
          <DistanceMeters>1405.0</DistanceMeters>
          <HeartRateBpm>
            <Value>124</Value>
          </HeartRateBpm>
          <SensorState>Absent</SensorState>
        </Trackpoint>
        <Trackpoint>
          <Time>2026-03-11T11:54:51Z</Time>
          <DistanceMeters>1405.0</DistanceMeters>
          <HeartRateBpm>
            <Value>123</Value>
          </HeartRateBpm>
          <SensorState>Absent</SensorState>
        </Trackpoint>
        <Trackpoint>
          <Time>2026-03-11T11:54:56Z</Time>
          <DistanceMeters>1405.0</DistanceMeters>
          <HeartRateBpm>
            <Value>124</Value>
          </HeartRateBpm>
          <SensorState>Absent</SensorState>
        </Trackpoint>
        <Trackpoint>
          <Time>2026-03-11T11:55:00Z</Time>
          <DistanceMeters>1405.0</DistanceMeters>
          <HeartRateBpm>
            <Value>124</Value>
          </HeartRateBpm>
          <SensorState>Absent</SensorState>
        </Trackpoint>
        <Trackpoint>
          <Time>2026-03-11T11:55:01Z</Time>
          <DistanceMeters>1405.0</DistanceMeters>
          <HeartRateBpm>
            <Value>125</Value>
          </HeartRateBpm>
          <SensorState>Absent</SensorState>
        </Trackpoint>
        <Trackpoint>
          <Time>2026-03-11T11:55:07Z</Time>
          <DistanceMeters>1405.0</DistanceMeters>
          <HeartRateBpm>
            <Value>125</Value>
          </HeartRateBpm>
          <SensorState>Absent</SensorState>
        </Trackpoint>
        <Trackpoint>
          <Time>2026-03-11T11:55:07Z</Time>
          <DistanceMeters>1405.0</DistanceMeters>
          <HeartRateBpm>
            <Value>125</Value>
          </HeartRateBpm>
          <SensorState>Absent</SensorState>
        </Trackpoint>
        <Trackpoint>
          <Time>2026-03-11T11:55:09Z</Time>
          <DistanceMeters>1405.0</DistanceMeters>
          <HeartRateBpm>
            <Value>126</Value>
          </HeartRateBpm>
          <SensorState>Absent</SensorState>
        </Trackpoint>
        <Trackpoint>
          <Time>2026-03-11T11:55:11Z</Time>
          <DistanceMeters>1405.0</DistanceMeters>
          <HeartRateBpm>
            <Value>125</Value>
          </HeartRateBpm>
          <SensorState>Absent</SensorState>
        </Trackpoint>
        <Trackpoint>
          <Time>2026-03-11T11:55:12Z</Time>
          <DistanceMeters>1405.0</DistanceMeters>
          <HeartRateBpm>
            <Value>124</Value>
          </HeartRateBpm>
          <SensorState>Absent</SensorState>
        </Trackpoint>
        <Trackpoint>
          <Time>2026-03-11T11:55:13Z</Time>
          <DistanceMeters>1405.0</DistanceMeters>
          <HeartRateBpm>
            <Value>122</Value>
          </HeartRateBpm>
          <SensorState>Absent</SensorState>
        </Trackpoint>
        <Trackpoint>
          <Time>2026-03-11T11:55:15Z</Time>
          <DistanceMeters>1405.0</DistanceMeters>
          <HeartRateBpm>
            <Value>121</Value>
          </HeartRateBpm>
          <SensorState>Absent</SensorState>
        </Trackpoint>
        <Trackpoint>
          <Time>2026-03-11T11:55:18Z</Time>
          <DistanceMeters>1405.0</DistanceMeters>
          <HeartRateBpm>
            <Value>120</Value>
          </HeartRateBpm>
          <SensorState>Absent</SensorState>
        </Trackpoint>
        <Trackpoint>
          <Time>2026-03-11T11:55:20Z</Time>
          <DistanceMeters>1405.0</DistanceMeters>
          <HeartRateBpm>
            <Value>121</Value>
          </HeartRateBpm>
          <SensorState>Absent</SensorState>
        </Trackpoint>
        <Trackpoint>
          <Time>2026-03-11T11:55:21Z</Time>
          <DistanceMeters>1405.0</DistanceMeters>
          <HeartRateBpm>
            <Value>122</Value>
          </HeartRateBpm>
          <SensorState>Absent</SensorState>
        </Trackpoint>
        <Trackpoint>
          <Time>2026-03-11T11:55:22Z</Time>
          <DistanceMeters>1405.0</DistanceMeters>
          <HeartRateBpm>
            <Value>124</Value>
          </HeartRateBpm>
          <SensorState>Absent</SensorState>
        </Trackpoint>
        <Trackpoint>
          <Time>2026-03-11T11:55:25Z</Time>
          <DistanceMeters>1405.0</DistanceMeters>
          <HeartRateBpm>
            <Value>125</Value>
          </HeartRateBpm>
          <SensorState>Absent</SensorState>
        </Trackpoint>
        <Trackpoint>
          <Time>2026-03-11T11:55:30Z</Time>
          <DistanceMeters>1441.0</DistanceMeters>
          <HeartRateBpm>
            <Value>125</Value>
          </HeartRateBpm>
          <SensorState>Absent</SensorState>
        </Trackpoint>
        <Trackpoint>
          <Time>2026-03-11T11:55:31Z</Time>
          <DistanceMeters>1441.0</DistanceMeters>
          <HeartRateBpm>
            <Value>124</Value>
          </HeartRateBpm>
          <SensorState>Absent</SensorState>
        </Trackpoint>
        <Trackpoint>
          <Time>2026-03-11T11:55:37Z</Time>
          <DistanceMeters>1441.0</DistanceMeters>
          <HeartRateBpm>
            <Value>124</Value>
          </HeartRateBpm>
          <SensorState>Absent</SensorState>
        </Trackpoint>
        <Trackpoint>
          <Time>2026-03-11T11:55:39Z</Time>
          <DistanceMeters>1441.0</DistanceMeters>
          <HeartRateBpm>
            <Value>125</Value>
          </HeartRateBpm>
          <SensorState>Absent</SensorState>
        </Trackpoint>
        <Trackpoint>
          <Time>2026-03-11T11:55:42Z</Time>
          <DistanceMeters>1441.0</DistanceMeters>
          <HeartRateBpm>
            <Value>124</Value>
          </HeartRateBpm>
          <SensorState>Absent</SensorState>
        </Trackpoint>
        <Trackpoint>
          <Time>2026-03-11T11:55:47Z</Time>
          <DistanceMeters>1441.0</DistanceMeters>
          <HeartRateBpm>
            <Value>124</Value>
          </HeartRateBpm>
          <SensorState>Absent</SensorState>
        </Trackpoint>
        <Trackpoint>
          <Time>2026-03-11T11:55:49Z</Time>
          <DistanceMeters>1441.0</DistanceMeters>
          <HeartRateBpm>
            <Value>123</Value>
          </HeartRateBpm>
          <SensorState>Absent</SensorState>
        </Trackpoint>
        <Trackpoint>
          <Time>2026-03-11T11:55:53Z</Time>
          <DistanceMeters>1441.0</DistanceMeters>
          <HeartRateBpm>
            <Value>122</Value>
          </HeartRateBpm>
          <SensorState>Absent</SensorState>
        </Trackpoint>
        <Trackpoint>
          <Time>2026-03-11T11:55:59Z</Time>
          <DistanceMeters>1441.0</DistanceMeters>
          <HeartRateBpm>
            <Value>122</Value>
          </HeartRateBpm>
          <SensorState>Absent</SensorState>
        </Trackpoint>
        <Trackpoint>
          <Time>2026-03-11T11:56:00Z</Time>
          <DistanceMeters>1441.0</DistanceMeters>
          <HeartRateBpm>
            <Value>123</Value>
          </HeartRateBpm>
          <SensorState>Absent</SensorState>
        </Trackpoint>
        <Trackpoint>
          <Time>2026-03-11T11:56:04Z</Time>
          <DistanceMeters>1441.0</DistanceMeters>
          <HeartRateBpm>
            <Value>122</Value>
          </HeartRateBpm>
          <SensorState>Absent</SensorState>
        </Trackpoint>
        <Trackpoint>
          <Time>2026-03-11T11:56:09Z</Time>
          <DistanceMeters>1441.0</DistanceMeters>
          <HeartRateBpm>
            <Value>123</Value>
          </HeartRateBpm>
          <SensorState>Absent</SensorState>
        </Trackpoint>
        <Trackpoint>
          <Time>2026-03-11T11:56:09Z</Time>
          <DistanceMeters>1441.0</DistanceMeters>
          <HeartRateBpm>
            <Value>123</Value>
          </HeartRateBpm>
          <SensorState>Absent</SensorState>
        </Trackpoint>
        <Trackpoint>
          <Time>2026-03-11T11:56:11Z</Time>
          <DistanceMeters>1441.0</DistanceMeters>
          <HeartRateBpm>
            <Value>122</Value>
          </HeartRateBpm>
          <SensorState>Absent</SensorState>
        </Trackpoint>
        <Trackpoint>
          <Time>2026-03-11T11:56:17Z</Time>
          <DistanceMeters>1441.0</DistanceMeters>
          <HeartRateBpm>
            <Value>122</Value>
          </HeartRateBpm>
          <SensorState>Absent</SensorState>
        </Trackpoint>
        <Trackpoint>
          <Time>2026-03-11T11:56:22Z</Time>
          <DistanceMeters>1441.0</DistanceMeters>
          <HeartRateBpm>
            <Value>122</Value>
          </HeartRateBpm>
          <SensorState>Absent</SensorState>
        </Trackpoint>
        <Trackpoint>
          <Time>2026-03-11T11:56:23Z</Time>
          <DistanceMeters>1441.0</DistanceMeters>
          <HeartRateBpm>
            <Value>123</Value>
          </HeartRateBpm>
          <SensorState>Absent</SensorState>
        </Trackpoint>
        <Trackpoint>
          <Time>2026-03-11T11:56:28Z</Time>
          <DistanceMeters>1441.0</DistanceMeters>
          <HeartRateBpm>
            <Value>123</Value>
          </HeartRateBpm>
          <SensorState>Absent</SensorState>
        </Trackpoint>
        <Trackpoint>
          <Time>2026-03-11T11:56:33Z</Time>
          <DistanceMeters>1477.0</DistanceMeters>
          <HeartRateBpm>
            <Value>124</Value>
          </HeartRateBpm>
          <SensorState>Absent</SensorState>
        </Trackpoint>
        <Trackpoint>
          <Time>2026-03-11T11:56:35Z</Time>
          <DistanceMeters>1477.0</DistanceMeters>
          <HeartRateBpm>
            <Value>125</Value>
          </HeartRateBpm>
          <SensorState>Absent</SensorState>
        </Trackpoint>
        <Trackpoint>
          <Time>2026-03-11T11:56:40Z</Time>
          <DistanceMeters>1477.0</DistanceMeters>
          <HeartRateBpm>
            <Value>125</Value>
          </HeartRateBpm>
          <SensorState>Absent</SensorState>
        </Trackpoint>
        <Trackpoint>
          <Time>2026-03-11T11:56:41Z</Time>
          <DistanceMeters>1477.0</DistanceMeters>
          <HeartRateBpm>
            <Value>126</Value>
          </HeartRateBpm>
          <SensorState>Absent</SensorState>
        </Trackpoint>
        <Trackpoint>
          <Time>2026-03-11T11:56:44Z</Time>
          <DistanceMeters>1477.0</DistanceMeters>
          <HeartRateBpm>
            <Value>125</Value>
          </HeartRateBpm>
          <SensorState>Absent</SensorState>
        </Trackpoint>
        <Trackpoint>
          <Time>2026-03-11T11:56:45Z</Time>
          <DistanceMeters>1477.0</DistanceMeters>
          <HeartRateBpm>
            <Value>124</Value>
          </HeartRateBpm>
          <SensorState>Absent</SensorState>
        </Trackpoint>
        <Trackpoint>
          <Time>2026-03-11T11:56:49Z</Time>
          <DistanceMeters>1477.0</DistanceMeters>
          <HeartRateBpm>
            <Value>123</Value>
          </HeartRateBpm>
          <SensorState>Absent</SensorState>
        </Trackpoint>
        <Trackpoint>
          <Time>2026-03-11T11:56:54Z</Time>
          <DistanceMeters>1477.0</DistanceMeters>
          <HeartRateBpm>
            <Value>123</Value>
          </HeartRateBpm>
          <SensorState>Absent</SensorState>
        </Trackpoint>
        <Trackpoint>
          <Time>2026-03-11T11:56:56Z</Time>
          <DistanceMeters>1477.0</DistanceMeters>
          <HeartRateBpm>
            <Value>122</Value>
          </HeartRateBpm>
          <SensorState>Absent</SensorState>
        </Trackpoint>
        <Trackpoint>
          <Time>2026-03-11T11:56:59Z</Time>
          <DistanceMeters>1477.0</DistanceMeters>
          <HeartRateBpm>
            <Value>121</Value>
          </HeartRateBpm>
          <SensorState>Absent</SensorState>
        </Trackpoint>
        <Trackpoint>
          <Time>2026-03-11T11:57:00Z</Time>
          <DistanceMeters>1477.0</DistanceMeters>
          <HeartRateBpm>
            <Value>121</Value>
          </HeartRateBpm>
          <SensorState>Absent</SensorState>
        </Trackpoint>
        <Trackpoint>
          <Time>2026-03-11T11:57:01Z</Time>
          <DistanceMeters>1477.0</DistanceMeters>
          <HeartRateBpm>
            <Value>122</Value>
          </HeartRateBpm>
          <SensorState>Absent</SensorState>
        </Trackpoint>
        <Trackpoint>
          <Time>2026-03-11T11:57:06Z</Time>
          <DistanceMeters>1477.0</DistanceMeters>
          <HeartRateBpm>
            <Value>122</Value>
          </HeartRateBpm>
          <SensorState>Absent</SensorState>
        </Trackpoint>
        <Trackpoint>
          <Time>2026-03-11T11:57:10Z</Time>
          <DistanceMeters>1477.0</DistanceMeters>
          <HeartRateBpm>
            <Value>121</Value>
          </HeartRateBpm>
          <SensorState>Absent</SensorState>
        </Trackpoint>
        <Trackpoint>
          <Time>2026-03-11T11:57:10Z</Time>
          <DistanceMeters>1477.0</DistanceMeters>
          <HeartRateBpm>
            <Value>121</Value>
          </HeartRateBpm>
          <SensorState>Absent</SensorState>
        </Trackpoint>
        <Trackpoint>
          <Time>2026-03-11T11:57:15Z</Time>
          <DistanceMeters>1477.0</DistanceMeters>
          <HeartRateBpm>
            <Value>121</Value>
          </HeartRateBpm>
          <SensorState>Absent</SensorState>
        </Trackpoint>
        <Trackpoint>
          <Time>2026-03-11T11:57:16Z</Time>
          <DistanceMeters>1477.0</DistanceMeters>
          <HeartRateBpm>
            <Value>120</Value>
          </HeartRateBpm>
          <SensorState>Absent</SensorState>
        </Trackpoint>
        <Trackpoint>
          <Time>2026-03-11T11:57:21Z</Time>
          <DistanceMeters>1477.0</DistanceMeters>
          <HeartRateBpm>
            <Value>120</Value>
          </HeartRateBpm>
          <SensorState>Absent</SensorState>
        </Trackpoint>
        <Trackpoint>
          <Time>2026-03-11T11:57:23Z</Time>
          <DistanceMeters>1477.0</DistanceMeters>
          <HeartRateBpm>
            <Value>119</Value>
          </HeartRateBpm>
          <SensorState>Absent</SensorState>
        </Trackpoint>
        <Trackpoint>
          <Time>2026-03-11T11:57:28Z</Time>
          <DistanceMeters>1477.0</DistanceMeters>
          <HeartRateBpm>
            <Value>119</Value>
          </HeartRateBpm>
          <SensorState>Absent</SensorState>
        </Trackpoint>
        <Trackpoint>
          <Time>2026-03-11T11:57:33Z</Time>
          <DistanceMeters>1513.0</DistanceMeters>
          <HeartRateBpm>
            <Value>118</Value>
          </HeartRateBpm>
          <SensorState>Absent</SensorState>
        </Trackpoint>
        <Trackpoint>
          <Time>2026-03-11T11:57:39Z</Time>
          <DistanceMeters>1513.0</DistanceMeters>
          <HeartRateBpm>
            <Value>118</Value>
          </HeartRateBpm>
          <SensorState>Absent</SensorState>
        </Trackpoint>
        <Trackpoint>
          <Time>2026-03-11T11:57:40Z</Time>
          <DistanceMeters>1513.0</DistanceMeters>
          <HeartRateBpm>
            <Value>119</Value>
          </HeartRateBpm>
          <SensorState>Absent</SensorState>
        </Trackpoint>
        <Trackpoint>
          <Time>2026-03-11T11:57:44Z</Time>
          <DistanceMeters>1513.0</DistanceMeters>
          <HeartRateBpm>
            <Value>120</Value>
          </HeartRateBpm>
          <SensorState>Absent</SensorState>
        </Trackpoint>
        <Trackpoint>
          <Time>2026-03-11T11:57:46Z</Time>
          <DistanceMeters>1513.0</DistanceMeters>
          <HeartRateBpm>
            <Value>121</Value>
          </HeartRateBpm>
          <SensorState>Absent</SensorState>
        </Trackpoint>
        <Trackpoint>
          <Time>2026-03-11T11:57:49Z</Time>
          <DistanceMeters>1513.0</DistanceMeters>
          <HeartRateBpm>
            <Value>122</Value>
          </HeartRateBpm>
          <SensorState>Absent</SensorState>
        </Trackpoint>
        <Trackpoint>
          <Time>2026-03-11T11:57:54Z</Time>
          <DistanceMeters>1513.0</DistanceMeters>
          <HeartRateBpm>
            <Value>122</Value>
          </HeartRateBpm>
          <SensorState>Absent</SensorState>
        </Trackpoint>
        <Trackpoint>
          <Time>2026-03-11T11:57:59Z</Time>
          <DistanceMeters>1513.0</DistanceMeters>
          <HeartRateBpm>
            <Value>122</Value>
          </HeartRateBpm>
          <SensorState>Absent</SensorState>
        </Trackpoint>
        <Trackpoint>
          <Time>2026-03-11T11:58:00Z</Time>
          <DistanceMeters>1513.0</DistanceMeters>
          <HeartRateBpm>
            <Value>121</Value>
          </HeartRateBpm>
          <SensorState>Absent</SensorState>
        </Trackpoint>
        <Trackpoint>
          <Time>2026-03-11T11:58:01Z</Time>
          <DistanceMeters>1513.0</DistanceMeters>
          <HeartRateBpm>
            <Value>123</Value>
          </HeartRateBpm>
          <SensorState>Absent</SensorState>
        </Trackpoint>
        <Trackpoint>
          <Time>2026-03-11T11:58:03Z</Time>
          <DistanceMeters>1513.0</DistanceMeters>
          <HeartRateBpm>
            <Value>122</Value>
          </HeartRateBpm>
          <SensorState>Absent</SensorState>
        </Trackpoint>
        <Trackpoint>
          <Time>2026-03-11T11:58:07Z</Time>
          <DistanceMeters>1513.0</DistanceMeters>
          <HeartRateBpm>
            <Value>121</Value>
          </HeartRateBpm>
          <SensorState>Absent</SensorState>
        </Trackpoint>
        <Trackpoint>
          <Time>2026-03-11T11:58:11Z</Time>
          <DistanceMeters>1513.0</DistanceMeters>
          <HeartRateBpm>
            <Value>121</Value>
          </HeartRateBpm>
          <SensorState>Absent</SensorState>
        </Trackpoint>
        <Trackpoint>
          <Time>2026-03-11T11:58:12Z</Time>
          <DistanceMeters>1513.0</DistanceMeters>
          <HeartRateBpm>
            <Value>121</Value>
          </HeartRateBpm>
          <SensorState>Absent</SensorState>
        </Trackpoint>
        <Trackpoint>
          <Time>2026-03-11T11:58:16Z</Time>
          <DistanceMeters>1513.0</DistanceMeters>
          <HeartRateBpm>
            <Value>120</Value>
          </HeartRateBpm>
          <SensorState>Absent</SensorState>
        </Trackpoint>
        <Trackpoint>
          <Time>2026-03-11T11:58:21Z</Time>
          <DistanceMeters>1513.0</DistanceMeters>
          <HeartRateBpm>
            <Value>119</Value>
          </HeartRateBpm>
          <SensorState>Absent</SensorState>
        </Trackpoint>
        <Trackpoint>
          <Time>2026-03-11T11:58:22Z</Time>
          <DistanceMeters>1513.0</DistanceMeters>
          <HeartRateBpm>
            <Value>120</Value>
          </HeartRateBpm>
          <SensorState>Absent</SensorState>
        </Trackpoint>
        <Trackpoint>
          <Time>2026-03-11T11:58:24Z</Time>
          <DistanceMeters>1513.0</DistanceMeters>
          <HeartRateBpm>
            <Value>121</Value>
          </HeartRateBpm>
          <SensorState>Absent</SensorState>
        </Trackpoint>
        <Trackpoint>
          <Time>2026-03-11T11:58:26Z</Time>
          <DistanceMeters>1513.0</DistanceMeters>
          <HeartRateBpm>
            <Value>120</Value>
          </HeartRateBpm>
          <SensorState>Absent</SensorState>
        </Trackpoint>
        <Trackpoint>
          <Time>2026-03-11T11:58:28Z</Time>
          <DistanceMeters>1513.0</DistanceMeters>
          <HeartRateBpm>
            <Value>121</Value>
          </HeartRateBpm>
          <SensorState>Absent</SensorState>
        </Trackpoint>
        <Trackpoint>
          <Time>2026-03-11T11:58:33Z</Time>
          <DistanceMeters>1549.0</DistanceMeters>
          <HeartRateBpm>
            <Value>121</Value>
          </HeartRateBpm>
          <SensorState>Absent</SensorState>
        </Trackpoint>
        <Trackpoint>
          <Time>2026-03-11T11:58:37Z</Time>
          <DistanceMeters>1549.0</DistanceMeters>
          <HeartRateBpm>
            <Value>120</Value>
          </HeartRateBpm>
          <SensorState>Absent</SensorState>
        </Trackpoint>
        <Trackpoint>
          <Time>2026-03-11T11:58:40Z</Time>
          <DistanceMeters>1549.0</DistanceMeters>
          <HeartRateBpm>
            <Value>119</Value>
          </HeartRateBpm>
          <SensorState>Absent</SensorState>
        </Trackpoint>
        <Trackpoint>
          <Time>2026-03-11T11:58:41Z</Time>
          <DistanceMeters>1549.0</DistanceMeters>
          <HeartRateBpm>
            <Value>120</Value>
          </HeartRateBpm>
          <SensorState>Absent</SensorState>
        </Trackpoint>
        <Trackpoint>
          <Time>2026-03-11T11:58:43Z</Time>
          <DistanceMeters>1549.0</DistanceMeters>
          <HeartRateBpm>
            <Value>121</Value>
          </HeartRateBpm>
          <SensorState>Absent</SensorState>
        </Trackpoint>
        <Trackpoint>
          <Time>2026-03-11T11:58:48Z</Time>
          <DistanceMeters>1549.0</DistanceMeters>
          <HeartRateBpm>
            <Value>121</Value>
          </HeartRateBpm>
          <SensorState>Absent</SensorState>
        </Trackpoint>
        <Trackpoint>
          <Time>2026-03-11T11:58:51Z</Time>
          <DistanceMeters>1549.0</DistanceMeters>
          <HeartRateBpm>
            <Value>122</Value>
          </HeartRateBpm>
          <SensorState>Absent</SensorState>
        </Trackpoint>
        <Trackpoint>
          <Time>2026-03-11T11:58:55Z</Time>
          <DistanceMeters>1549.0</DistanceMeters>
          <HeartRateBpm>
            <Value>123</Value>
          </HeartRateBpm>
          <SensorState>Absent</SensorState>
        </Trackpoint>
        <Trackpoint>
          <Time>2026-03-11T11:58:57Z</Time>
          <DistanceMeters>1549.0</DistanceMeters>
          <HeartRateBpm>
            <Value>124</Value>
          </HeartRateBpm>
          <SensorState>Absent</SensorState>
        </Trackpoint>
        <Trackpoint>
          <Time>2026-03-11T11:59:00Z</Time>
          <DistanceMeters>1549.0</DistanceMeters>
          <HeartRateBpm>
            <Value>124</Value>
          </HeartRateBpm>
          <SensorState>Absent</SensorState>
        </Trackpoint>
        <Trackpoint>
          <Time>2026-03-11T11:59:01Z</Time>
          <DistanceMeters>1549.0</DistanceMeters>
          <HeartRateBpm>
            <Value>125</Value>
          </HeartRateBpm>
          <SensorState>Absent</SensorState>
        </Trackpoint>
        <Trackpoint>
          <Time>2026-03-11T11:59:06Z</Time>
          <DistanceMeters>1549.0</DistanceMeters>
          <HeartRateBpm>
            <Value>125</Value>
          </HeartRateBpm>
          <SensorState>Absent</SensorState>
        </Trackpoint>
        <Trackpoint>
          <Time>2026-03-11T11:59:07Z</Time>
          <DistanceMeters>1549.0</DistanceMeters>
          <HeartRateBpm>
            <Value>126</Value>
          </HeartRateBpm>
          <SensorState>Absent</SensorState>
        </Trackpoint>
        <Trackpoint>
          <Time>2026-03-11T11:59:09Z</Time>
          <DistanceMeters>1549.0</DistanceMeters>
          <HeartRateBpm>
            <Value>125</Value>
          </HeartRateBpm>
          <SensorState>Absent</SensorState>
        </Trackpoint>
        <Trackpoint>
          <Time>2026-03-11T11:59:14Z</Time>
          <DistanceMeters>1549.0</DistanceMeters>
          <HeartRateBpm>
            <Value>126</Value>
          </HeartRateBpm>
          <SensorState>Absent</SensorState>
        </Trackpoint>
        <Trackpoint>
          <Time>2026-03-11T11:59:14Z</Time>
          <DistanceMeters>1549.0</DistanceMeters>
          <HeartRateBpm>
            <Value>126</Value>
          </HeartRateBpm>
          <SensorState>Absent</SensorState>
        </Trackpoint>
        <Trackpoint>
          <Time>2026-03-11T11:59:15Z</Time>
          <DistanceMeters>1549.0</DistanceMeters>
          <HeartRateBpm>
            <Value>129</Value>
          </HeartRateBpm>
          <SensorState>Absent</SensorState>
        </Trackpoint>
        <Trackpoint>
          <Time>2026-03-11T11:59:17Z</Time>
          <DistanceMeters>1549.0</DistanceMeters>
          <HeartRateBpm>
            <Value>130</Value>
          </HeartRateBpm>
          <SensorState>Absent</SensorState>
        </Trackpoint>
        <Trackpoint>
          <Time>2026-03-11T11:59:18Z</Time>
          <DistanceMeters>1549.0</DistanceMeters>
          <HeartRateBpm>
            <Value>132</Value>
          </HeartRateBpm>
          <SensorState>Absent</SensorState>
        </Trackpoint>
        <Trackpoint>
          <Time>2026-03-11T11:59:18Z</Time>
          <DistanceMeters>1549.0</DistanceMeters>
          <HeartRateBpm>
            <Value>132</Value>
          </HeartRateBpm>
          <SensorState>Absent</SensorState>
        </Trackpoint>
        <Trackpoint>
          <Time>2026-03-11T11:59:19Z</Time>
          <DistanceMeters>1549.0</DistanceMeters>
          <HeartRateBpm>
            <Value>131</Value>
          </HeartRateBpm>
          <SensorState>Absent</SensorState>
        </Trackpoint>
        <Trackpoint>
          <Time>2026-03-11T11:59:22Z</Time>
          <DistanceMeters>1549.0</DistanceMeters>
          <HeartRateBpm>
            <Value>130</Value>
          </HeartRateBpm>
          <SensorState>Absent</SensorState>
        </Trackpoint>
        <Trackpoint>
          <Time>2026-03-11T11:59:23Z</Time>
          <DistanceMeters>1549.0</DistanceMeters>
          <HeartRateBpm>
            <Value>129</Value>
          </HeartRateBpm>
          <SensorState>Absent</SensorState>
        </Trackpoint>
        <Trackpoint>
          <Time>2026-03-11T11:59:24Z</Time>
          <DistanceMeters>1549.0</DistanceMeters>
          <HeartRateBpm>
            <Value>128</Value>
          </HeartRateBpm>
          <SensorState>Absent</SensorState>
        </Trackpoint>
        <Trackpoint>
          <Time>2026-03-11T11:59:26Z</Time>
          <DistanceMeters>1549.0</DistanceMeters>
          <HeartRateBpm>
            <Value>127</Value>
          </HeartRateBpm>
          <SensorState>Absent</SensorState>
        </Trackpoint>
        <Trackpoint>
          <Time>2026-03-11T11:59:27Z</Time>
          <DistanceMeters>1549.0</DistanceMeters>
          <HeartRateBpm>
            <Value>126</Value>
          </HeartRateBpm>
          <SensorState>Absent</SensorState>
        </Trackpoint>
        <Trackpoint>
          <Time>2026-03-11T11:59:27Z</Time>
          <DistanceMeters>1549.0</DistanceMeters>
          <HeartRateBpm>
            <Value>126</Value>
          </HeartRateBpm>
          <SensorState>Absent</SensorState>
        </Trackpoint>
        <Trackpoint>
          <Time>2026-03-11T11:59:28Z</Time>
          <DistanceMeters>1549.0</DistanceMeters>
          <HeartRateBpm>
            <Value>125</Value>
          </HeartRateBpm>
          <SensorState>Absent</SensorState>
        </Trackpoint>
        <Trackpoint>
          <Time>2026-03-11T11:59:29Z</Time>
          <DistanceMeters>1549.0</DistanceMeters>
          <HeartRateBpm>
            <Value>124</Value>
          </HeartRateBpm>
          <SensorState>Absent</SensorState>
        </Trackpoint>
        <Trackpoint>
          <Time>2026-03-11T11:59:31Z</Time>
          <DistanceMeters>1585.0</DistanceMeters>
          <HeartRateBpm>
            <Value>123</Value>
          </HeartRateBpm>
          <SensorState>Absent</SensorState>
        </Trackpoint>
        <Trackpoint>
          <Time>2026-03-11T11:59:36Z</Time>
          <DistanceMeters>1585.0</DistanceMeters>
          <HeartRateBpm>
            <Value>123</Value>
          </HeartRateBpm>
          <SensorState>Absent</SensorState>
        </Trackpoint>
        <Trackpoint>
          <Time>2026-03-11T11:59:41Z</Time>
          <DistanceMeters>1585.0</DistanceMeters>
          <HeartRateBpm>
            <Value>123</Value>
          </HeartRateBpm>
          <SensorState>Absent</SensorState>
        </Trackpoint>
        <Trackpoint>
          <Time>2026-03-11T11:59:47Z</Time>
          <DistanceMeters>1585.0</DistanceMeters>
          <HeartRateBpm>
            <Value>123</Value>
          </HeartRateBpm>
          <SensorState>Absent</SensorState>
        </Trackpoint>
        <Trackpoint>
          <Time>2026-03-11T11:59:49Z</Time>
          <DistanceMeters>1585.0</DistanceMeters>
          <HeartRateBpm>
            <Value>124</Value>
          </HeartRateBpm>
          <SensorState>Absent</SensorState>
        </Trackpoint>
        <Trackpoint>
          <Time>2026-03-11T11:59:54Z</Time>
          <DistanceMeters>1585.0</DistanceMeters>
          <HeartRateBpm>
            <Value>124</Value>
          </HeartRateBpm>
          <SensorState>Absent</SensorState>
        </Trackpoint>
        <Trackpoint>
          <Time>2026-03-11T11:59:58Z</Time>
          <DistanceMeters>1585.0</DistanceMeters>
          <HeartRateBpm>
            <Value>125</Value>
          </HeartRateBpm>
          <SensorState>Absent</SensorState>
        </Trackpoint>
        <Trackpoint>
          <Time>2026-03-11T12:00:00Z</Time>
          <DistanceMeters>1585.0</DistanceMeters>
          <HeartRateBpm>
            <Value>126</Value>
          </HeartRateBpm>
          <SensorState>Absent</SensorState>
        </Trackpoint>
        <Trackpoint>
          <Time>2026-03-11T12:00:03Z</Time>
          <DistanceMeters>1585.0</DistanceMeters>
          <HeartRateBpm>
            <Value>125</Value>
          </HeartRateBpm>
          <SensorState>Absent</SensorState>
        </Trackpoint>
        <Trackpoint>
          <Time>2026-03-11T12:00:07Z</Time>
          <DistanceMeters>1585.0</DistanceMeters>
          <HeartRateBpm>
            <Value>124</Value>
          </HeartRateBpm>
          <SensorState>Absent</SensorState>
        </Trackpoint>
        <Trackpoint>
          <Time>2026-03-11T12:00:13Z</Time>
          <DistanceMeters>1585.0</DistanceMeters>
          <HeartRateBpm>
            <Value>125</Value>
          </HeartRateBpm>
          <SensorState>Absent</SensorState>
        </Trackpoint>
        <Trackpoint>
          <Time>2026-03-11T12:00:18Z</Time>
          <DistanceMeters>1585.0</DistanceMeters>
          <HeartRateBpm>
            <Value>125</Value>
          </HeartRateBpm>
          <SensorState>Absent</SensorState>
        </Trackpoint>
        <Trackpoint>
          <Time>2026-03-11T12:00:20Z</Time>
          <DistanceMeters>1585.0</DistanceMeters>
          <HeartRateBpm>
            <Value>126</Value>
          </HeartRateBpm>
          <SensorState>Absent</SensorState>
        </Trackpoint>
        <Trackpoint>
          <Time>2026-03-11T12:00:24Z</Time>
          <DistanceMeters>1585.0</DistanceMeters>
          <HeartRateBpm>
            <Value>127</Value>
          </HeartRateBpm>
          <SensorState>Absent</SensorState>
        </Trackpoint>
        <Trackpoint>
          <Time>2026-03-11T12:00:29Z</Time>
          <DistanceMeters>1585.0</DistanceMeters>
          <HeartRateBpm>
            <Value>127</Value>
          </HeartRateBpm>
          <SensorState>Absent</SensorState>
        </Trackpoint>
        <Trackpoint>
          <Time>2026-03-11T12:00:29Z</Time>
          <DistanceMeters>1585.0</DistanceMeters>
          <HeartRateBpm>
            <Value>127</Value>
          </HeartRateBpm>
          <SensorState>Absent</SensorState>
        </Trackpoint>
        <Trackpoint>
          <Time>2026-03-11T12:00:31Z</Time>
          <DistanceMeters>1622.0</DistanceMeters>
          <HeartRateBpm>
            <Value>129</Value>
          </HeartRateBpm>
          <SensorState>Absent</SensorState>
        </Trackpoint>
        <Trackpoint>
          <Time>2026-03-11T12:00:32Z</Time>
          <DistanceMeters>1622.0</DistanceMeters>
          <HeartRateBpm>
            <Value>128</Value>
          </HeartRateBpm>
          <SensorState>Absent</SensorState>
        </Trackpoint>
        <Trackpoint>
          <Time>2026-03-11T12:00:37Z</Time>
          <DistanceMeters>1622.0</DistanceMeters>
          <HeartRateBpm>
            <Value>130</Value>
          </HeartRateBpm>
          <SensorState>Absent</SensorState>
        </Trackpoint>
        <Trackpoint>
          <Time>2026-03-11T12:00:38Z</Time>
          <DistanceMeters>1622.0</DistanceMeters>
          <HeartRateBpm>
            <Value>129</Value>
          </HeartRateBpm>
          <SensorState>Absent</SensorState>
        </Trackpoint>
        <Trackpoint>
          <Time>2026-03-11T12:00:42Z</Time>
          <DistanceMeters>1622.0</DistanceMeters>
          <HeartRateBpm>
            <Value>128</Value>
          </HeartRateBpm>
          <SensorState>Absent</SensorState>
        </Trackpoint>
        <Trackpoint>
          <Time>2026-03-11T12:00:43Z</Time>
          <DistanceMeters>1622.0</DistanceMeters>
          <HeartRateBpm>
            <Value>129</Value>
          </HeartRateBpm>
          <SensorState>Absent</SensorState>
        </Trackpoint>
        <Trackpoint>
          <Time>2026-03-11T12:00:45Z</Time>
          <DistanceMeters>1622.0</DistanceMeters>
          <HeartRateBpm>
            <Value>130</Value>
          </HeartRateBpm>
          <SensorState>Absent</SensorState>
        </Trackpoint>
        <Trackpoint>
          <Time>2026-03-11T12:00:46Z</Time>
          <DistanceMeters>1622.0</DistanceMeters>
          <HeartRateBpm>
            <Value>132</Value>
          </HeartRateBpm>
          <SensorState>Absent</SensorState>
        </Trackpoint>
        <Trackpoint>
          <Time>2026-03-11T12:00:47Z</Time>
          <DistanceMeters>1622.0</DistanceMeters>
          <HeartRateBpm>
            <Value>133</Value>
          </HeartRateBpm>
          <SensorState>Absent</SensorState>
        </Trackpoint>
        <Trackpoint>
          <Time>2026-03-11T12:00:47Z</Time>
          <DistanceMeters>1622.0</DistanceMeters>
          <HeartRateBpm>
            <Value>133</Value>
          </HeartRateBpm>
          <SensorState>Absent</SensorState>
        </Trackpoint>
        <Trackpoint>
          <Time>2026-03-11T12:00:49Z</Time>
          <DistanceMeters>1622.0</DistanceMeters>
          <HeartRateBpm>
            <Value>132</Value>
          </HeartRateBpm>
          <SensorState>Absent</SensorState>
        </Trackpoint>
        <Trackpoint>
          <Time>2026-03-11T12:00:50Z</Time>
          <DistanceMeters>1622.0</DistanceMeters>
          <HeartRateBpm>
            <Value>131</Value>
          </HeartRateBpm>
          <SensorState>Absent</SensorState>
        </Trackpoint>
        <Trackpoint>
          <Time>2026-03-11T12:00:55Z</Time>
          <DistanceMeters>1622.0</DistanceMeters>
          <HeartRateBpm>
            <Value>131</Value>
          </HeartRateBpm>
          <SensorState>Absent</SensorState>
        </Trackpoint>
        <Trackpoint>
          <Time>2026-03-11T12:00:57Z</Time>
          <DistanceMeters>1622.0</DistanceMeters>
          <HeartRateBpm>
            <Value>132</Value>
          </HeartRateBpm>
          <SensorState>Absent</SensorState>
        </Trackpoint>
        <Trackpoint>
          <Time>2026-03-11T12:00:58Z</Time>
          <DistanceMeters>1622.0</DistanceMeters>
          <HeartRateBpm>
            <Value>131</Value>
          </HeartRateBpm>
          <SensorState>Absent</SensorState>
        </Trackpoint>
        <Trackpoint>
          <Time>2026-03-11T12:01:00Z</Time>
          <DistanceMeters>1622.0</DistanceMeters>
          <HeartRateBpm>
            <Value>128</Value>
          </HeartRateBpm>
          <SensorState>Absent</SensorState>
        </Trackpoint>
        <Trackpoint>
          <Time>2026-03-11T12:01:02Z</Time>
          <DistanceMeters>1622.0</DistanceMeters>
          <HeartRateBpm>
            <Value>132</Value>
          </HeartRateBpm>
          <SensorState>Absent</SensorState>
        </Trackpoint>
        <Trackpoint>
          <Time>2026-03-11T12:01:04Z</Time>
          <DistanceMeters>1622.0</DistanceMeters>
          <HeartRateBpm>
            <Value>131</Value>
          </HeartRateBpm>
          <SensorState>Absent</SensorState>
        </Trackpoint>
        <Trackpoint>
          <Time>2026-03-11T12:01:06Z</Time>
          <DistanceMeters>1622.0</DistanceMeters>
          <HeartRateBpm>
            <Value>130</Value>
          </HeartRateBpm>
          <SensorState>Absent</SensorState>
        </Trackpoint>
        <Trackpoint>
          <Time>2026-03-11T12:01:08Z</Time>
          <DistanceMeters>1622.0</DistanceMeters>
          <HeartRateBpm>
            <Value>129</Value>
          </HeartRateBpm>
          <SensorState>Absent</SensorState>
        </Trackpoint>
        <Trackpoint>
          <Time>2026-03-11T12:01:13Z</Time>
          <DistanceMeters>1622.0</DistanceMeters>
          <HeartRateBpm>
            <Value>130</Value>
          </HeartRateBpm>
          <SensorState>Absent</SensorState>
        </Trackpoint>
        <Trackpoint>
          <Time>2026-03-11T12:01:16Z</Time>
          <DistanceMeters>1622.0</DistanceMeters>
          <HeartRateBpm>
            <Value>131</Value>
          </HeartRateBpm>
          <SensorState>Absent</SensorState>
        </Trackpoint>
        <Trackpoint>
          <Time>2026-03-11T12:01:21Z</Time>
          <DistanceMeters>1622.0</DistanceMeters>
          <HeartRateBpm>
            <Value>131</Value>
          </HeartRateBpm>
          <SensorState>Absent</SensorState>
        </Trackpoint>
        <Trackpoint>
          <Time>2026-03-11T12:01:23Z</Time>
          <DistanceMeters>1622.0</DistanceMeters>
          <HeartRateBpm>
            <Value>132</Value>
          </HeartRateBpm>
          <SensorState>Absent</SensorState>
        </Trackpoint>
        <Trackpoint>
          <Time>2026-03-11T12:01:25Z</Time>
          <DistanceMeters>1622.0</DistanceMeters>
          <HeartRateBpm>
            <Value>131</Value>
          </HeartRateBpm>
          <SensorState>Absent</SensorState>
        </Trackpoint>
        <Trackpoint>
          <Time>2026-03-11T12:01:27Z</Time>
          <DistanceMeters>1622.0</DistanceMeters>
          <HeartRateBpm>
            <Value>129</Value>
          </HeartRateBpm>
          <SensorState>Absent</SensorState>
        </Trackpoint>
        <Trackpoint>
          <Time>2026-03-11T12:01:28Z</Time>
          <DistanceMeters>1622.0</DistanceMeters>
          <HeartRateBpm>
            <Value>128</Value>
          </HeartRateBpm>
          <SensorState>Absent</SensorState>
        </Trackpoint>
        <Trackpoint>
          <Time>2026-03-11T12:01:33Z</Time>
          <DistanceMeters>1657.0</DistanceMeters>
          <HeartRateBpm>
            <Value>128</Value>
          </HeartRateBpm>
          <SensorState>Absent</SensorState>
        </Trackpoint>
        <Trackpoint>
          <Time>2026-03-11T12:01:34Z</Time>
          <DistanceMeters>1657.0</DistanceMeters>
          <HeartRateBpm>
            <Value>127</Value>
          </HeartRateBpm>
          <SensorState>Absent</SensorState>
        </Trackpoint>
        <Trackpoint>
          <Time>2026-03-11T12:01:34Z</Time>
          <DistanceMeters>1657.0</DistanceMeters>
          <HeartRateBpm>
            <Value>127</Value>
          </HeartRateBpm>
          <SensorState>Absent</SensorState>
        </Trackpoint>
        <Trackpoint>
          <Time>2026-03-11T12:01:38Z</Time>
          <DistanceMeters>1657.0</DistanceMeters>
          <HeartRateBpm>
            <Value>126</Value>
          </HeartRateBpm>
          <SensorState>Absent</SensorState>
        </Trackpoint>
        <Trackpoint>
          <Time>2026-03-11T12:01:42Z</Time>
          <DistanceMeters>1657.0</DistanceMeters>
          <HeartRateBpm>
            <Value>125</Value>
          </HeartRateBpm>
          <SensorState>Absent</SensorState>
        </Trackpoint>
        <Trackpoint>
          <Time>2026-03-11T12:01:45Z</Time>
          <DistanceMeters>1657.0</DistanceMeters>
          <HeartRateBpm>
            <Value>124</Value>
          </HeartRateBpm>
          <SensorState>Absent</SensorState>
        </Trackpoint>
        <Trackpoint>
          <Time>2026-03-11T12:01:50Z</Time>
          <DistanceMeters>1657.0</DistanceMeters>
          <HeartRateBpm>
            <Value>124</Value>
          </HeartRateBpm>
          <SensorState>Absent</SensorState>
        </Trackpoint>
        <Trackpoint>
          <Time>2026-03-11T12:01:52Z</Time>
          <DistanceMeters>1657.0</DistanceMeters>
          <HeartRateBpm>
            <Value>125</Value>
          </HeartRateBpm>
          <SensorState>Absent</SensorState>
        </Trackpoint>
        <Trackpoint>
          <Time>2026-03-11T12:01:57Z</Time>
          <DistanceMeters>1657.0</DistanceMeters>
          <HeartRateBpm>
            <Value>125</Value>
          </HeartRateBpm>
          <SensorState>Absent</SensorState>
        </Trackpoint>
        <Trackpoint>
          <Time>2026-03-11T12:02:00Z</Time>
          <DistanceMeters>1657.0</DistanceMeters>
          <HeartRateBpm>
            <Value>126</Value>
          </HeartRateBpm>
          <SensorState>Absent</SensorState>
        </Trackpoint>
        <Trackpoint>
          <Time>2026-03-11T12:02:00Z</Time>
          <DistanceMeters>1657.0</DistanceMeters>
          <HeartRateBpm>
            <Value>126</Value>
          </HeartRateBpm>
          <SensorState>Absent</SensorState>
        </Trackpoint>
        <Trackpoint>
          <Time>2026-03-11T12:02:05Z</Time>
          <DistanceMeters>1657.0</DistanceMeters>
          <HeartRateBpm>
            <Value>126</Value>
          </HeartRateBpm>
          <SensorState>Absent</SensorState>
        </Trackpoint>
        <Trackpoint>
          <Time>2026-03-11T12:02:07Z</Time>
          <DistanceMeters>1657.0</DistanceMeters>
          <HeartRateBpm>
            <Value>125</Value>
          </HeartRateBpm>
          <SensorState>Absent</SensorState>
        </Trackpoint>
        <Trackpoint>
          <Time>2026-03-11T12:02:12Z</Time>
          <DistanceMeters>1657.0</DistanceMeters>
          <HeartRateBpm>
            <Value>126</Value>
          </HeartRateBpm>
          <SensorState>Absent</SensorState>
        </Trackpoint>
        <Trackpoint>
          <Time>2026-03-11T12:02:15Z</Time>
          <DistanceMeters>1657.0</DistanceMeters>
          <HeartRateBpm>
            <Value>127</Value>
          </HeartRateBpm>
          <SensorState>Absent</SensorState>
        </Trackpoint>
        <Trackpoint>
          <Time>2026-03-11T12:02:18Z</Time>
          <DistanceMeters>1657.0</DistanceMeters>
          <HeartRateBpm>
            <Value>125</Value>
          </HeartRateBpm>
          <SensorState>Absent</SensorState>
        </Trackpoint>
        <Trackpoint>
          <Time>2026-03-11T12:02:23Z</Time>
          <DistanceMeters>1657.0</DistanceMeters>
          <HeartRateBpm>
            <Value>125</Value>
          </HeartRateBpm>
          <SensorState>Absent</SensorState>
        </Trackpoint>
        <Trackpoint>
          <Time>2026-03-11T12:02:28Z</Time>
          <DistanceMeters>1657.0</DistanceMeters>
          <HeartRateBpm>
            <Value>125</Value>
          </HeartRateBpm>
          <SensorState>Absent</SensorState>
        </Trackpoint>
        <Trackpoint>
          <Time>2026-03-11T12:02:33Z</Time>
          <DistanceMeters>1694.0</DistanceMeters>
          <HeartRateBpm>
            <Value>125</Value>
          </HeartRateBpm>
          <SensorState>Absent</SensorState>
        </Trackpoint>
        <Trackpoint>
          <Time>2026-03-11T12:02:34Z</Time>
          <DistanceMeters>1694.0</DistanceMeters>
          <HeartRateBpm>
            <Value>125</Value>
          </HeartRateBpm>
          <SensorState>Absent</SensorState>
        </Trackpoint>
        <Trackpoint>
          <Time>2026-03-11T12:02:34Z</Time>
          <DistanceMeters>1694.0</DistanceMeters>
          <HeartRateBpm>
            <Value>126</Value>
          </HeartRateBpm>
          <SensorState>Absent</SensorState>
        </Trackpoint>
        <Trackpoint>
          <Time>2026-03-11T12:02:39Z</Time>
          <DistanceMeters>1694.0</DistanceMeters>
          <HeartRateBpm>
            <Value>126</Value>
          </HeartRateBpm>
          <SensorState>Absent</SensorState>
        </Trackpoint>
        <Trackpoint>
          <Time>2026-03-11T12:02:43Z</Time>
          <DistanceMeters>1694.0</DistanceMeters>
          <HeartRateBpm>
            <Value>127</Value>
          </HeartRateBpm>
          <SensorState>Absent</SensorState>
        </Trackpoint>
        <Trackpoint>
          <Time>2026-03-11T12:02:48Z</Time>
          <DistanceMeters>1694.0</DistanceMeters>
          <HeartRateBpm>
            <Value>127</Value>
          </HeartRateBpm>
          <SensorState>Absent</SensorState>
        </Trackpoint>
        <Trackpoint>
          <Time>2026-03-11T12:02:54Z</Time>
          <DistanceMeters>1694.0</DistanceMeters>
          <HeartRateBpm>
            <Value>126</Value>
          </HeartRateBpm>
          <SensorState>Absent</SensorState>
        </Trackpoint>
        <Trackpoint>
          <Time>2026-03-11T12:02:55Z</Time>
          <DistanceMeters>1694.0</DistanceMeters>
          <HeartRateBpm>
            <Value>125</Value>
          </HeartRateBpm>
          <SensorState>Absent</SensorState>
        </Trackpoint>
        <Trackpoint>
          <Time>2026-03-11T12:02:56Z</Time>
          <DistanceMeters>1694.0</DistanceMeters>
          <HeartRateBpm>
            <Value>124</Value>
          </HeartRateBpm>
          <SensorState>Absent</SensorState>
        </Trackpoint>
        <Trackpoint>
          <Time>2026-03-11T12:02:59Z</Time>
          <DistanceMeters>1694.0</DistanceMeters>
          <HeartRateBpm>
            <Value>123</Value>
          </HeartRateBpm>
          <SensorState>Absent</SensorState>
        </Trackpoint>
        <Trackpoint>
          <Time>2026-03-11T12:03:00Z</Time>
          <DistanceMeters>1694.0</DistanceMeters>
          <HeartRateBpm>
            <Value>130</Value>
          </HeartRateBpm>
          <Cadence><Value>54</Value></Cadence>
          <SensorState>Absent</SensorState>
        </Trackpoint>
        <Trackpoint>
          <Time>2026-03-11T12:03:04Z</Time>
          <DistanceMeters>1694.0</DistanceMeters>
          <HeartRateBpm>
            <Value>123</Value>
          </HeartRateBpm>
          <Cadence><Value>54</Value></Cadence>
          <SensorState>Absent</SensorState>
        </Trackpoint>
        <Trackpoint>
          <Time>2026-03-11T12:03:06Z</Time>
          <DistanceMeters>1694.0</DistanceMeters>
          <HeartRateBpm>
            <Value>122</Value>
          </HeartRateBpm>
          <Cadence><Value>54</Value></Cadence>
          <SensorState>Absent</SensorState>
        </Trackpoint>
        <Trackpoint>
          <Time>2026-03-11T12:03:10Z</Time>
          <DistanceMeters>1694.0</DistanceMeters>
          <HeartRateBpm>
            <Value>120</Value>
          </HeartRateBpm>
          <Cadence><Value>54</Value></Cadence>
          <SensorState>Absent</SensorState>
        </Trackpoint>
        <Trackpoint>
          <Time>2026-03-11T12:03:13Z</Time>
          <DistanceMeters>1694.0</DistanceMeters>
          <HeartRateBpm>
            <Value>121</Value>
          </HeartRateBpm>
          <Cadence><Value>54</Value></Cadence>
          <SensorState>Absent</SensorState>
        </Trackpoint>
        <Trackpoint>
          <Time>2026-03-11T12:03:14Z</Time>
          <DistanceMeters>1694.0</DistanceMeters>
          <HeartRateBpm>
            <Value>122</Value>
          </HeartRateBpm>
          <Cadence><Value>54</Value></Cadence>
          <SensorState>Absent</SensorState>
        </Trackpoint>
        <Trackpoint>
          <Time>2026-03-11T12:03:15Z</Time>
          <DistanceMeters>1694.0</DistanceMeters>
          <HeartRateBpm>
            <Value>121</Value>
          </HeartRateBpm>
          <Cadence><Value>54</Value></Cadence>
          <SensorState>Absent</SensorState>
        </Trackpoint>
        <Trackpoint>
          <Time>2026-03-11T12:03:17Z</Time>
          <DistanceMeters>1694.0</DistanceMeters>
          <HeartRateBpm>
            <Value>120</Value>
          </HeartRateBpm>
          <Cadence><Value>54</Value></Cadence>
          <SensorState>Absent</SensorState>
        </Trackpoint>
        <Trackpoint>
          <Time>2026-03-11T12:03:18Z</Time>
          <DistanceMeters>1694.0</DistanceMeters>
          <HeartRateBpm>
            <Value>119</Value>
          </HeartRateBpm>
          <Cadence><Value>54</Value></Cadence>
          <SensorState>Absent</SensorState>
        </Trackpoint>
        <Trackpoint>
          <Time>2026-03-11T12:03:18Z</Time>
          <DistanceMeters>1694.0</DistanceMeters>
          <HeartRateBpm>
            <Value>119</Value>
          </HeartRateBpm>
          <Cadence><Value>54</Value></Cadence>
          <SensorState>Absent</SensorState>
        </Trackpoint>
        <Trackpoint>
          <Time>2026-03-11T12:03:19Z</Time>
          <DistanceMeters>1694.0</DistanceMeters>
          <HeartRateBpm>
            <Value>118</Value>
          </HeartRateBpm>
          <Cadence><Value>54</Value></Cadence>
          <SensorState>Absent</SensorState>
        </Trackpoint>
        <Trackpoint>
          <Time>2026-03-11T12:03:22Z</Time>
          <DistanceMeters>1694.0</DistanceMeters>
          <HeartRateBpm>
            <Value>121</Value>
          </HeartRateBpm>
          <Cadence><Value>54</Value></Cadence>
          <SensorState>Absent</SensorState>
        </Trackpoint>
        <Trackpoint>
          <Time>2026-03-11T12:03:23Z</Time>
          <DistanceMeters>1694.0</DistanceMeters>
          <HeartRateBpm>
            <Value>125</Value>
          </HeartRateBpm>
          <Cadence><Value>54</Value></Cadence>
          <SensorState>Absent</SensorState>
        </Trackpoint>
        <Trackpoint>
          <Time>2026-03-11T12:03:24Z</Time>
          <DistanceMeters>1694.0</DistanceMeters>
          <HeartRateBpm>
            <Value>125</Value>
          </HeartRateBpm>
          <Cadence><Value>54</Value></Cadence>
          <SensorState>Absent</SensorState>
        </Trackpoint>
        <Trackpoint>
          <Time>2026-03-11T12:03:26Z</Time>
          <DistanceMeters>1694.0</DistanceMeters>
          <HeartRateBpm>
            <Value>126</Value>
          </HeartRateBpm>
          <Cadence><Value>54</Value></Cadence>
          <SensorState>Absent</SensorState>
        </Trackpoint>
        <Trackpoint>
          <Time>2026-03-11T12:03:27Z</Time>
          <DistanceMeters>1694.0</DistanceMeters>
          <HeartRateBpm>
            <Value>127</Value>
          </HeartRateBpm>
          <Cadence><Value>54</Value></Cadence>
          <SensorState>Absent</SensorState>
        </Trackpoint>
        <Trackpoint>
          <Time>2026-03-11T12:03:28Z</Time>
          <DistanceMeters>1694.0</DistanceMeters>
          <HeartRateBpm>
            <Value>129</Value>
          </HeartRateBpm>
          <Cadence><Value>54</Value></Cadence>
          <SensorState>Absent</SensorState>
        </Trackpoint>
        <Trackpoint>
          <Time>2026-03-11T12:03:30Z</Time>
          <DistanceMeters>1729.0</DistanceMeters>
          <HeartRateBpm>
            <Value>130</Value>
          </HeartRateBpm>
          <Cadence><Value>54</Value></Cadence>
          <SensorState>Absent</SensorState>
        </Trackpoint>
        <Trackpoint>
          <Time>2026-03-11T12:03:31Z</Time>
          <DistanceMeters>1729.0</DistanceMeters>
          <HeartRateBpm>
            <Value>131</Value>
          </HeartRateBpm>
          <Cadence><Value>54</Value></Cadence>
          <SensorState>Absent</SensorState>
        </Trackpoint>
        <Trackpoint>
          <Time>2026-03-11T12:03:31Z</Time>
          <DistanceMeters>1729.0</DistanceMeters>
          <HeartRateBpm>
            <Value>131</Value>
          </HeartRateBpm>
          <Cadence><Value>54</Value></Cadence>
          <SensorState>Absent</SensorState>
        </Trackpoint>
        <Trackpoint>
          <Time>2026-03-11T12:03:32Z</Time>
          <DistanceMeters>1729.0</DistanceMeters>
          <HeartRateBpm>
            <Value>132</Value>
          </HeartRateBpm>
          <Cadence><Value>54</Value></Cadence>
          <SensorState>Absent</SensorState>
        </Trackpoint>
        <Trackpoint>
          <Time>2026-03-11T12:03:33Z</Time>
          <DistanceMeters>1729.0</DistanceMeters>
          <HeartRateBpm>
            <Value>134</Value>
          </HeartRateBpm>
          <Cadence><Value>54</Value></Cadence>
          <SensorState>Absent</SensorState>
        </Trackpoint>
        <Trackpoint>
          <Time>2026-03-11T12:03:35Z</Time>
          <DistanceMeters>1729.0</DistanceMeters>
          <HeartRateBpm>
            <Value>138</Value>
          </HeartRateBpm>
          <Cadence><Value>54</Value></Cadence>
          <SensorState>Absent</SensorState>
        </Trackpoint>
        <Trackpoint>
          <Time>2026-03-11T12:03:36Z</Time>
          <DistanceMeters>1729.0</DistanceMeters>
          <HeartRateBpm>
            <Value>141</Value>
          </HeartRateBpm>
          <Cadence><Value>54</Value></Cadence>
          <SensorState>Absent</SensorState>
        </Trackpoint>
        <Trackpoint>
          <Time>2026-03-11T12:03:36Z</Time>
          <DistanceMeters>1729.0</DistanceMeters>
          <HeartRateBpm>
            <Value>138</Value>
          </HeartRateBpm>
          <Cadence><Value>54</Value></Cadence>
          <SensorState>Absent</SensorState>
        </Trackpoint>
        <Trackpoint>
          <Time>2026-03-11T12:03:39Z</Time>
          <DistanceMeters>1729.0</DistanceMeters>
          <HeartRateBpm>
            <Value>142</Value>
          </HeartRateBpm>
          <Cadence><Value>54</Value></Cadence>
          <SensorState>Absent</SensorState>
        </Trackpoint>
        <Trackpoint>
          <Time>2026-03-11T12:03:40Z</Time>
          <DistanceMeters>1729.0</DistanceMeters>
          <HeartRateBpm>
            <Value>143</Value>
          </HeartRateBpm>
          <Cadence><Value>54</Value></Cadence>
          <SensorState>Absent</SensorState>
        </Trackpoint>
        <Trackpoint>
          <Time>2026-03-11T12:03:41Z</Time>
          <DistanceMeters>1729.0</DistanceMeters>
          <HeartRateBpm>
            <Value>145</Value>
          </HeartRateBpm>
          <Cadence><Value>54</Value></Cadence>
          <SensorState>Absent</SensorState>
        </Trackpoint>
        <Trackpoint>
          <Time>2026-03-11T12:03:42Z</Time>
          <DistanceMeters>1729.0</DistanceMeters>
          <HeartRateBpm>
            <Value>145</Value>
          </HeartRateBpm>
          <Cadence><Value>54</Value></Cadence>
          <SensorState>Absent</SensorState>
        </Trackpoint>
        <Trackpoint>
          <Time>2026-03-11T12:03:43Z</Time>
          <DistanceMeters>1729.0</DistanceMeters>
          <HeartRateBpm>
            <Value>146</Value>
          </HeartRateBpm>
          <Cadence><Value>54</Value></Cadence>
          <SensorState>Absent</SensorState>
        </Trackpoint>
        <Trackpoint>
          <Time>2026-03-11T12:03:44Z</Time>
          <DistanceMeters>1729.0</DistanceMeters>
          <HeartRateBpm>
            <Value>147</Value>
          </HeartRateBpm>
          <Cadence><Value>54</Value></Cadence>
          <SensorState>Absent</SensorState>
        </Trackpoint>
        <Trackpoint>
          <Time>2026-03-11T12:03:45Z</Time>
          <DistanceMeters>1729.0</DistanceMeters>
          <HeartRateBpm>
            <Value>148</Value>
          </HeartRateBpm>
          <Cadence><Value>54</Value></Cadence>
          <SensorState>Absent</SensorState>
        </Trackpoint>
        <Trackpoint>
          <Time>2026-03-11T12:03:47Z</Time>
          <DistanceMeters>1729.0</DistanceMeters>
          <HeartRateBpm>
            <Value>147</Value>
          </HeartRateBpm>
          <Cadence><Value>54</Value></Cadence>
          <SensorState>Absent</SensorState>
        </Trackpoint>
        <Trackpoint>
          <Time>2026-03-11T12:03:49Z</Time>
          <DistanceMeters>1729.0</DistanceMeters>
          <HeartRateBpm>
            <Value>146</Value>
          </HeartRateBpm>
          <Cadence><Value>54</Value></Cadence>
          <SensorState>Absent</SensorState>
        </Trackpoint>
        <Trackpoint>
          <Time>2026-03-11T12:03:52Z</Time>
          <DistanceMeters>1729.0</DistanceMeters>
          <HeartRateBpm>
            <Value>148</Value>
          </HeartRateBpm>
          <Cadence><Value>54</Value></Cadence>
          <SensorState>Absent</SensorState>
        </Trackpoint>
        <Trackpoint>
          <Time>2026-03-11T12:03:57Z</Time>
          <DistanceMeters>1729.0</DistanceMeters>
          <HeartRateBpm>
            <Value>147</Value>
          </HeartRateBpm>
          <Cadence><Value>54</Value></Cadence>
          <SensorState>Absent</SensorState>
        </Trackpoint>
        <Trackpoint>
          <Time>2026-03-11T12:04:00Z</Time>
          <DistanceMeters>1729.0</DistanceMeters>
          <HeartRateBpm>
            <Value>145</Value>
          </HeartRateBpm>
          <Cadence><Value>68</Value></Cadence>
          <SensorState>Absent</SensorState>
        </Trackpoint>
        <Trackpoint>
          <Time>2026-03-11T12:04:02Z</Time>
          <DistanceMeters>1729.0</DistanceMeters>
          <HeartRateBpm>
            <Value>147</Value>
          </HeartRateBpm>
          <Cadence><Value>68</Value></Cadence>
          <SensorState>Absent</SensorState>
        </Trackpoint>
        <Trackpoint>
          <Time>2026-03-11T12:04:03Z</Time>
          <DistanceMeters>1729.0</DistanceMeters>
          <HeartRateBpm>
            <Value>149</Value>
          </HeartRateBpm>
          <Cadence><Value>68</Value></Cadence>
          <SensorState>Absent</SensorState>
        </Trackpoint>
        <Trackpoint>
          <Time>2026-03-11T12:04:05Z</Time>
          <DistanceMeters>1729.0</DistanceMeters>
          <HeartRateBpm>
            <Value>150</Value>
          </HeartRateBpm>
          <Cadence><Value>68</Value></Cadence>
          <SensorState>Absent</SensorState>
        </Trackpoint>
        <Trackpoint>
          <Time>2026-03-11T12:04:06Z</Time>
          <DistanceMeters>1729.0</DistanceMeters>
          <HeartRateBpm>
            <Value>151</Value>
          </HeartRateBpm>
          <Cadence><Value>68</Value></Cadence>
          <SensorState>Absent</SensorState>
        </Trackpoint>
        <Trackpoint>
          <Time>2026-03-11T12:04:06Z</Time>
          <DistanceMeters>1729.0</DistanceMeters>
          <HeartRateBpm>
            <Value>151</Value>
          </HeartRateBpm>
          <Cadence><Value>68</Value></Cadence>
          <SensorState>Absent</SensorState>
        </Trackpoint>
        <Trackpoint>
          <Time>2026-03-11T12:04:07Z</Time>
          <DistanceMeters>1729.0</DistanceMeters>
          <HeartRateBpm>
            <Value>154</Value>
          </HeartRateBpm>
          <Cadence><Value>68</Value></Cadence>
          <SensorState>Absent</SensorState>
        </Trackpoint>
        <Trackpoint>
          <Time>2026-03-11T12:04:09Z</Time>
          <DistanceMeters>1729.0</DistanceMeters>
          <HeartRateBpm>
            <Value>155</Value>
          </HeartRateBpm>
          <Cadence><Value>68</Value></Cadence>
          <SensorState>Absent</SensorState>
        </Trackpoint>
        <Trackpoint>
          <Time>2026-03-11T12:04:10Z</Time>
          <DistanceMeters>1729.0</DistanceMeters>
          <HeartRateBpm>
            <Value>154</Value>
          </HeartRateBpm>
          <Cadence><Value>68</Value></Cadence>
          <SensorState>Absent</SensorState>
        </Trackpoint>
        <Trackpoint>
          <Time>2026-03-11T12:04:11Z</Time>
          <DistanceMeters>1729.0</DistanceMeters>
          <HeartRateBpm>
            <Value>153</Value>
          </HeartRateBpm>
          <Cadence><Value>68</Value></Cadence>
          <SensorState>Absent</SensorState>
        </Trackpoint>
        <Trackpoint>
          <Time>2026-03-11T12:04:13Z</Time>
          <DistanceMeters>1729.0</DistanceMeters>
          <HeartRateBpm>
            <Value>154</Value>
          </HeartRateBpm>
          <Cadence><Value>68</Value></Cadence>
          <SensorState>Absent</SensorState>
        </Trackpoint>
        <Trackpoint>
          <Time>2026-03-11T12:04:16Z</Time>
          <DistanceMeters>1729.0</DistanceMeters>
          <HeartRateBpm>
            <Value>156</Value>
          </HeartRateBpm>
          <Cadence><Value>68</Value></Cadence>
          <SensorState>Absent</SensorState>
        </Trackpoint>
        <Trackpoint>
          <Time>2026-03-11T12:04:18Z</Time>
          <DistanceMeters>1729.0</DistanceMeters>
          <HeartRateBpm>
            <Value>157</Value>
          </HeartRateBpm>
          <Cadence><Value>68</Value></Cadence>
          <SensorState>Absent</SensorState>
        </Trackpoint>
        <Trackpoint>
          <Time>2026-03-11T12:04:18Z</Time>
          <DistanceMeters>1729.0</DistanceMeters>
          <HeartRateBpm>
            <Value>157</Value>
          </HeartRateBpm>
          <Cadence><Value>68</Value></Cadence>
          <SensorState>Absent</SensorState>
        </Trackpoint>
        <Trackpoint>
          <Time>2026-03-11T12:04:20Z</Time>
          <DistanceMeters>1729.0</DistanceMeters>
          <HeartRateBpm>
            <Value>158</Value>
          </HeartRateBpm>
          <Cadence><Value>68</Value></Cadence>
          <SensorState>Absent</SensorState>
        </Trackpoint>
        <Trackpoint>
          <Time>2026-03-11T12:04:23Z</Time>
          <DistanceMeters>1729.0</DistanceMeters>
          <HeartRateBpm>
            <Value>157</Value>
          </HeartRateBpm>
          <Cadence><Value>68</Value></Cadence>
          <SensorState>Absent</SensorState>
        </Trackpoint>
        <Trackpoint>
          <Time>2026-03-11T12:04:24Z</Time>
          <DistanceMeters>1729.0</DistanceMeters>
          <HeartRateBpm>
            <Value>153</Value>
          </HeartRateBpm>
          <Cadence><Value>68</Value></Cadence>
          <SensorState>Absent</SensorState>
        </Trackpoint>
        <Trackpoint>
          <Time>2026-03-11T12:04:25Z</Time>
          <DistanceMeters>1729.0</DistanceMeters>
          <HeartRateBpm>
            <Value>150</Value>
          </HeartRateBpm>
          <Cadence><Value>68</Value></Cadence>
          <SensorState>Absent</SensorState>
        </Trackpoint>
        <Trackpoint>
          <Time>2026-03-11T12:04:25Z</Time>
          <DistanceMeters>1729.0</DistanceMeters>
          <HeartRateBpm>
            <Value>150</Value>
          </HeartRateBpm>
          <Cadence><Value>68</Value></Cadence>
          <SensorState>Absent</SensorState>
        </Trackpoint>
        <Trackpoint>
          <Time>2026-03-11T12:04:27Z</Time>
          <DistanceMeters>1729.0</DistanceMeters>
          <HeartRateBpm>
            <Value>148</Value>
          </HeartRateBpm>
          <Cadence><Value>68</Value></Cadence>
          <SensorState>Absent</SensorState>
        </Trackpoint>
        <Trackpoint>
          <Time>2026-03-11T12:04:28Z</Time>
          <DistanceMeters>1729.0</DistanceMeters>
          <HeartRateBpm>
            <Value>147</Value>
          </HeartRateBpm>
          <Cadence><Value>68</Value></Cadence>
          <SensorState>Absent</SensorState>
        </Trackpoint>
        <Trackpoint>
          <Time>2026-03-11T12:04:29Z</Time>
          <DistanceMeters>1729.0</DistanceMeters>
          <HeartRateBpm>
            <Value>148</Value>
          </HeartRateBpm>
          <Cadence><Value>68</Value></Cadence>
          <SensorState>Absent</SensorState>
        </Trackpoint>
        <Trackpoint>
          <Time>2026-03-11T12:04:32Z</Time>
          <DistanceMeters>1766.0</DistanceMeters>
          <HeartRateBpm>
            <Value>149</Value>
          </HeartRateBpm>
          <Cadence><Value>68</Value></Cadence>
          <SensorState>Absent</SensorState>
        </Trackpoint>
        <Trackpoint>
          <Time>2026-03-11T12:04:33Z</Time>
          <DistanceMeters>1766.0</DistanceMeters>
          <HeartRateBpm>
            <Value>150</Value>
          </HeartRateBpm>
          <Cadence><Value>68</Value></Cadence>
          <SensorState>Absent</SensorState>
        </Trackpoint>
        <Trackpoint>
          <Time>2026-03-11T12:04:35Z</Time>
          <DistanceMeters>1766.0</DistanceMeters>
          <HeartRateBpm>
            <Value>149</Value>
          </HeartRateBpm>
          <Cadence><Value>68</Value></Cadence>
          <SensorState>Absent</SensorState>
        </Trackpoint>
        <Trackpoint>
          <Time>2026-03-11T12:04:39Z</Time>
          <DistanceMeters>1766.0</DistanceMeters>
          <HeartRateBpm>
            <Value>151</Value>
          </HeartRateBpm>
          <Cadence><Value>68</Value></Cadence>
          <SensorState>Absent</SensorState>
        </Trackpoint>
        <Trackpoint>
          <Time>2026-03-11T12:04:41Z</Time>
          <DistanceMeters>1766.0</DistanceMeters>
          <HeartRateBpm>
            <Value>150</Value>
          </HeartRateBpm>
          <Cadence><Value>68</Value></Cadence>
          <SensorState>Absent</SensorState>
        </Trackpoint>
        <Trackpoint>
          <Time>2026-03-11T12:04:42Z</Time>
          <DistanceMeters>1766.0</DistanceMeters>
          <HeartRateBpm>
            <Value>149</Value>
          </HeartRateBpm>
          <Cadence><Value>68</Value></Cadence>
          <SensorState>Absent</SensorState>
        </Trackpoint>
        <Trackpoint>
          <Time>2026-03-11T12:04:46Z</Time>
          <DistanceMeters>1766.0</DistanceMeters>
          <HeartRateBpm>
            <Value>148</Value>
          </HeartRateBpm>
          <Cadence><Value>68</Value></Cadence>
          <SensorState>Absent</SensorState>
        </Trackpoint>
        <Trackpoint>
          <Time>2026-03-11T12:04:50Z</Time>
          <DistanceMeters>1766.0</DistanceMeters>
          <HeartRateBpm>
            <Value>146</Value>
          </HeartRateBpm>
          <Cadence><Value>68</Value></Cadence>
          <SensorState>Absent</SensorState>
        </Trackpoint>
        <Trackpoint>
          <Time>2026-03-11T12:04:51Z</Time>
          <DistanceMeters>1766.0</DistanceMeters>
          <HeartRateBpm>
            <Value>145</Value>
          </HeartRateBpm>
          <Cadence><Value>68</Value></Cadence>
          <SensorState>Absent</SensorState>
        </Trackpoint>
        <Trackpoint>
          <Time>2026-03-11T12:04:55Z</Time>
          <DistanceMeters>1766.0</DistanceMeters>
          <HeartRateBpm>
            <Value>146</Value>
          </HeartRateBpm>
          <Cadence><Value>68</Value></Cadence>
          <SensorState>Absent</SensorState>
        </Trackpoint>
        <Trackpoint>
          <Time>2026-03-11T12:04:59Z</Time>
          <DistanceMeters>1766.0</DistanceMeters>
          <HeartRateBpm>
            <Value>148</Value>
          </HeartRateBpm>
          <Cadence><Value>68</Value></Cadence>
          <SensorState>Absent</SensorState>
        </Trackpoint>
        <Trackpoint>
          <Time>2026-03-11T12:05:00Z</Time>
          <DistanceMeters>1766.0</DistanceMeters>
          <HeartRateBpm>
            <Value>155</Value>
          </HeartRateBpm>
          <Cadence><Value>42</Value></Cadence>
          <SensorState>Absent</SensorState>
        </Trackpoint>
        <Trackpoint>
          <Time>2026-03-11T12:05:01Z</Time>
          <DistanceMeters>1766.0</DistanceMeters>
          <HeartRateBpm>
            <Value>150</Value>
          </HeartRateBpm>
          <Cadence><Value>42</Value></Cadence>
          <SensorState>Absent</SensorState>
        </Trackpoint>
        <Trackpoint>
          <Time>2026-03-11T12:05:02Z</Time>
          <DistanceMeters>1766.0</DistanceMeters>
          <HeartRateBpm>
            <Value>153</Value>
          </HeartRateBpm>
          <Cadence><Value>42</Value></Cadence>
          <SensorState>Absent</SensorState>
        </Trackpoint>
        <Trackpoint>
          <Time>2026-03-11T12:05:03Z</Time>
          <DistanceMeters>1766.0</DistanceMeters>
          <HeartRateBpm>
            <Value>151</Value>
          </HeartRateBpm>
          <Cadence><Value>42</Value></Cadence>
          <SensorState>Absent</SensorState>
        </Trackpoint>
        <Trackpoint>
          <Time>2026-03-11T12:05:04Z</Time>
          <DistanceMeters>1766.0</DistanceMeters>
          <HeartRateBpm>
            <Value>150</Value>
          </HeartRateBpm>
          <Cadence><Value>42</Value></Cadence>
          <SensorState>Absent</SensorState>
        </Trackpoint>
        <Trackpoint>
          <Time>2026-03-11T12:05:07Z</Time>
          <DistanceMeters>1766.0</DistanceMeters>
          <HeartRateBpm>
            <Value>151</Value>
          </HeartRateBpm>
          <Cadence><Value>42</Value></Cadence>
          <SensorState>Absent</SensorState>
        </Trackpoint>
        <Trackpoint>
          <Time>2026-03-11T12:05:08Z</Time>
          <DistanceMeters>1766.0</DistanceMeters>
          <HeartRateBpm>
            <Value>150</Value>
          </HeartRateBpm>
          <Cadence><Value>42</Value></Cadence>
          <SensorState>Absent</SensorState>
        </Trackpoint>
        <Trackpoint>
          <Time>2026-03-11T12:05:09Z</Time>
          <DistanceMeters>1766.0</DistanceMeters>
          <HeartRateBpm>
            <Value>151</Value>
          </HeartRateBpm>
          <Cadence><Value>42</Value></Cadence>
          <SensorState>Absent</SensorState>
        </Trackpoint>
        <Trackpoint>
          <Time>2026-03-11T12:05:12Z</Time>
          <DistanceMeters>1766.0</DistanceMeters>
          <HeartRateBpm>
            <Value>150</Value>
          </HeartRateBpm>
          <Cadence><Value>42</Value></Cadence>
          <SensorState>Absent</SensorState>
        </Trackpoint>
        <Trackpoint>
          <Time>2026-03-11T12:05:15Z</Time>
          <DistanceMeters>1766.0</DistanceMeters>
          <HeartRateBpm>
            <Value>151</Value>
          </HeartRateBpm>
          <Cadence><Value>42</Value></Cadence>
          <SensorState>Absent</SensorState>
        </Trackpoint>
        <Trackpoint>
          <Time>2026-03-11T12:05:17Z</Time>
          <DistanceMeters>1766.0</DistanceMeters>
          <HeartRateBpm>
            <Value>152</Value>
          </HeartRateBpm>
          <Cadence><Value>42</Value></Cadence>
          <SensorState>Absent</SensorState>
        </Trackpoint>
        <Trackpoint>
          <Time>2026-03-11T12:05:19Z</Time>
          <DistanceMeters>1766.0</DistanceMeters>
          <HeartRateBpm>
            <Value>153</Value>
          </HeartRateBpm>
          <Cadence><Value>42</Value></Cadence>
          <SensorState>Absent</SensorState>
        </Trackpoint>
        <Trackpoint>
          <Time>2026-03-11T12:05:21Z</Time>
          <DistanceMeters>1766.0</DistanceMeters>
          <HeartRateBpm>
            <Value>154</Value>
          </HeartRateBpm>
          <Cadence><Value>42</Value></Cadence>
          <SensorState>Absent</SensorState>
        </Trackpoint>
        <Trackpoint>
          <Time>2026-03-11T12:05:24Z</Time>
          <DistanceMeters>1766.0</DistanceMeters>
          <HeartRateBpm>
            <Value>156</Value>
          </HeartRateBpm>
          <Cadence><Value>42</Value></Cadence>
          <SensorState>Absent</SensorState>
        </Trackpoint>
        <Trackpoint>
          <Time>2026-03-11T12:05:24Z</Time>
          <DistanceMeters>1766.0</DistanceMeters>
          <HeartRateBpm>
            <Value>156</Value>
          </HeartRateBpm>
          <Cadence><Value>42</Value></Cadence>
          <SensorState>Absent</SensorState>
        </Trackpoint>
        <Trackpoint>
          <Time>2026-03-11T12:05:25Z</Time>
          <DistanceMeters>1766.0</DistanceMeters>
          <HeartRateBpm>
            <Value>155</Value>
          </HeartRateBpm>
          <Cadence><Value>42</Value></Cadence>
          <SensorState>Absent</SensorState>
        </Trackpoint>
        <Trackpoint>
          <Time>2026-03-11T12:05:28Z</Time>
          <DistanceMeters>1766.0</DistanceMeters>
          <HeartRateBpm>
            <Value>154</Value>
          </HeartRateBpm>
          <Cadence><Value>42</Value></Cadence>
          <SensorState>Absent</SensorState>
        </Trackpoint>
        <Trackpoint>
          <Time>2026-03-11T12:05:29Z</Time>
          <DistanceMeters>1766.0</DistanceMeters>
          <HeartRateBpm>
            <Value>152</Value>
          </HeartRateBpm>
          <Cadence><Value>42</Value></Cadence>
          <SensorState>Absent</SensorState>
        </Trackpoint>
        <Trackpoint>
          <Time>2026-03-11T12:05:30Z</Time>
          <DistanceMeters>1801.0</DistanceMeters>
          <HeartRateBpm>
            <Value>151</Value>
          </HeartRateBpm>
          <Cadence><Value>42</Value></Cadence>
          <SensorState>Absent</SensorState>
        </Trackpoint>
        <Trackpoint>
          <Time>2026-03-11T12:05:32Z</Time>
          <DistanceMeters>1801.0</DistanceMeters>
          <HeartRateBpm>
            <Value>155</Value>
          </HeartRateBpm>
          <Cadence><Value>42</Value></Cadence>
          <SensorState>Absent</SensorState>
        </Trackpoint>
        <Trackpoint>
          <Time>2026-03-11T12:05:33Z</Time>
          <DistanceMeters>1801.0</DistanceMeters>
          <HeartRateBpm>
            <Value>159</Value>
          </HeartRateBpm>
          <Cadence><Value>42</Value></Cadence>
          <SensorState>Absent</SensorState>
        </Trackpoint>
        <Trackpoint>
          <Time>2026-03-11T12:05:34Z</Time>
          <DistanceMeters>1801.0</DistanceMeters>
          <HeartRateBpm>
            <Value>162</Value>
          </HeartRateBpm>
          <Cadence><Value>42</Value></Cadence>
          <SensorState>Absent</SensorState>
        </Trackpoint>
        <Trackpoint>
          <Time>2026-03-11T12:05:34Z</Time>
          <DistanceMeters>1801.0</DistanceMeters>
          <HeartRateBpm>
            <Value>162</Value>
          </HeartRateBpm>
          <Cadence><Value>42</Value></Cadence>
          <SensorState>Absent</SensorState>
        </Trackpoint>
        <Trackpoint>
          <Time>2026-03-11T12:05:35Z</Time>
          <DistanceMeters>1801.0</DistanceMeters>
          <HeartRateBpm>
            <Value>164</Value>
          </HeartRateBpm>
          <Cadence><Value>42</Value></Cadence>
          <SensorState>Absent</SensorState>
        </Trackpoint>
        <Trackpoint>
          <Time>2026-03-11T12:05:37Z</Time>
          <DistanceMeters>1801.0</DistanceMeters>
          <HeartRateBpm>
            <Value>165</Value>
          </HeartRateBpm>
          <Cadence><Value>42</Value></Cadence>
          <SensorState>Absent</SensorState>
        </Trackpoint>
        <Trackpoint>
          <Time>2026-03-11T12:05:38Z</Time>
          <DistanceMeters>1801.0</DistanceMeters>
          <HeartRateBpm>
            <Value>166</Value>
          </HeartRateBpm>
          <Cadence><Value>42</Value></Cadence>
          <SensorState>Absent</SensorState>
        </Trackpoint>
        <Trackpoint>
          <Time>2026-03-11T12:05:39Z</Time>
          <DistanceMeters>1801.0</DistanceMeters>
          <HeartRateBpm>
            <Value>167</Value>
          </HeartRateBpm>
          <Cadence><Value>42</Value></Cadence>
          <SensorState>Absent</SensorState>
        </Trackpoint>
        <Trackpoint>
          <Time>2026-03-11T12:05:41Z</Time>
          <DistanceMeters>1801.0</DistanceMeters>
          <HeartRateBpm>
            <Value>168</Value>
          </HeartRateBpm>
          <Cadence><Value>42</Value></Cadence>
          <SensorState>Absent</SensorState>
        </Trackpoint>
        <Trackpoint>
          <Time>2026-03-11T12:05:42Z</Time>
          <DistanceMeters>1801.0</DistanceMeters>
          <HeartRateBpm>
            <Value>168</Value>
          </HeartRateBpm>
          <Cadence><Value>42</Value></Cadence>
          <SensorState>Absent</SensorState>
        </Trackpoint>
        <Trackpoint>
          <Time>2026-03-11T12:05:46Z</Time>
          <DistanceMeters>1801.0</DistanceMeters>
          <HeartRateBpm>
            <Value>170</Value>
          </HeartRateBpm>
          <Cadence><Value>42</Value></Cadence>
          <SensorState>Absent</SensorState>
        </Trackpoint>
        <Trackpoint>
          <Time>2026-03-11T12:05:47Z</Time>
          <DistanceMeters>1801.0</DistanceMeters>
          <HeartRateBpm>
            <Value>173</Value>
          </HeartRateBpm>
          <Cadence><Value>42</Value></Cadence>
          <SensorState>Absent</SensorState>
        </Trackpoint>
        <Trackpoint>
          <Time>2026-03-11T12:05:49Z</Time>
          <DistanceMeters>1801.0</DistanceMeters>
          <HeartRateBpm>
            <Value>172</Value>
          </HeartRateBpm>
          <Cadence><Value>42</Value></Cadence>
          <SensorState>Absent</SensorState>
        </Trackpoint>
        <Trackpoint>
          <Time>2026-03-11T12:05:51Z</Time>
          <DistanceMeters>1801.0</DistanceMeters>
          <HeartRateBpm>
            <Value>174</Value>
          </HeartRateBpm>
          <Cadence><Value>42</Value></Cadence>
          <SensorState>Absent</SensorState>
        </Trackpoint>
        <Trackpoint>
          <Time>2026-03-11T12:05:51Z</Time>
          <DistanceMeters>1801.0</DistanceMeters>
          <HeartRateBpm>
            <Value>174</Value>
          </HeartRateBpm>
          <Cadence><Value>42</Value></Cadence>
          <SensorState>Absent</SensorState>
        </Trackpoint>
        <Trackpoint>
          <Time>2026-03-11T12:05:52Z</Time>
          <DistanceMeters>1801.0</DistanceMeters>
          <HeartRateBpm>
            <Value>175</Value>
          </HeartRateBpm>
          <Cadence><Value>42</Value></Cadence>
          <SensorState>Absent</SensorState>
        </Trackpoint>
        <Trackpoint>
          <Time>2026-03-11T12:05:54Z</Time>
          <DistanceMeters>1801.0</DistanceMeters>
          <HeartRateBpm>
            <Value>174</Value>
          </HeartRateBpm>
          <Cadence><Value>42</Value></Cadence>
          <SensorState>Absent</SensorState>
        </Trackpoint>
        <Trackpoint>
          <Time>2026-03-11T12:05:55Z</Time>
          <DistanceMeters>1801.0</DistanceMeters>
          <HeartRateBpm>
            <Value>173</Value>
          </HeartRateBpm>
          <Cadence><Value>42</Value></Cadence>
          <SensorState>Absent</SensorState>
        </Trackpoint>
        <Trackpoint>
          <Time>2026-03-11T12:05:56Z</Time>
          <DistanceMeters>1801.0</DistanceMeters>
          <HeartRateBpm>
            <Value>172</Value>
          </HeartRateBpm>
          <Cadence><Value>42</Value></Cadence>
          <SensorState>Absent</SensorState>
        </Trackpoint>
        <Trackpoint>
          <Time>2026-03-11T12:05:57Z</Time>
          <DistanceMeters>1801.0</DistanceMeters>
          <HeartRateBpm>
            <Value>171</Value>
          </HeartRateBpm>
          <Cadence><Value>42</Value></Cadence>
          <SensorState>Absent</SensorState>
        </Trackpoint>
        <Trackpoint>
          <Time>2026-03-11T12:05:59Z</Time>
          <DistanceMeters>1801.0</DistanceMeters>
          <HeartRateBpm>
            <Value>170</Value>
          </HeartRateBpm>
          <Cadence><Value>42</Value></Cadence>
          <SensorState>Absent</SensorState>
        </Trackpoint>
        <Trackpoint>
          <Time>2026-03-11T12:06:00Z</Time>
          <DistanceMeters>1801.0</DistanceMeters>
          <HeartRateBpm>
            <Value>156</Value>
          </HeartRateBpm>
          <Cadence><Value>52</Value></Cadence>
          <SensorState>Absent</SensorState>
        </Trackpoint>
        <Trackpoint>
          <Time>2026-03-11T12:06:03Z</Time>
          <DistanceMeters>1801.0</DistanceMeters>
          <HeartRateBpm>
            <Value>169</Value>
          </HeartRateBpm>
          <Cadence><Value>52</Value></Cadence>
          <SensorState>Absent</SensorState>
        </Trackpoint>
        <Trackpoint>
          <Time>2026-03-11T12:06:04Z</Time>
          <DistanceMeters>1801.0</DistanceMeters>
          <HeartRateBpm>
            <Value>166</Value>
          </HeartRateBpm>
          <Cadence><Value>52</Value></Cadence>
          <SensorState>Absent</SensorState>
        </Trackpoint>
        <Trackpoint>
          <Time>2026-03-11T12:06:04Z</Time>
          <DistanceMeters>1801.0</DistanceMeters>
          <HeartRateBpm>
            <Value>166</Value>
          </HeartRateBpm>
          <Cadence><Value>52</Value></Cadence>
          <SensorState>Absent</SensorState>
        </Trackpoint>
        <Trackpoint>
          <Time>2026-03-11T12:06:05Z</Time>
          <DistanceMeters>1801.0</DistanceMeters>
          <HeartRateBpm>
            <Value>160</Value>
          </HeartRateBpm>
          <Cadence><Value>52</Value></Cadence>
          <SensorState>Absent</SensorState>
        </Trackpoint>
        <Trackpoint>
          <Time>2026-03-11T12:06:05Z</Time>
          <DistanceMeters>1801.0</DistanceMeters>
          <HeartRateBpm>
            <Value>160</Value>
          </HeartRateBpm>
          <Cadence><Value>52</Value></Cadence>
          <SensorState>Absent</SensorState>
        </Trackpoint>
        <Trackpoint>
          <Time>2026-03-11T12:06:11Z</Time>
          <DistanceMeters>1801.0</DistanceMeters>
          <HeartRateBpm>
            <Value>160</Value>
          </HeartRateBpm>
          <Cadence><Value>52</Value></Cadence>
          <SensorState>Absent</SensorState>
        </Trackpoint>
        <Trackpoint>
          <Time>2026-03-11T12:06:15Z</Time>
          <DistanceMeters>1801.0</DistanceMeters>
          <HeartRateBpm>
            <Value>159</Value>
          </HeartRateBpm>
          <Cadence><Value>52</Value></Cadence>
          <SensorState>Absent</SensorState>
        </Trackpoint>
        <Trackpoint>
          <Time>2026-03-11T12:06:18Z</Time>
          <DistanceMeters>1801.0</DistanceMeters>
          <HeartRateBpm>
            <Value>156</Value>
          </HeartRateBpm>
          <Cadence><Value>52</Value></Cadence>
          <SensorState>Absent</SensorState>
        </Trackpoint>
        <Trackpoint>
          <Time>2026-03-11T12:06:22Z</Time>
          <DistanceMeters>1801.0</DistanceMeters>
          <HeartRateBpm>
            <Value>157</Value>
          </HeartRateBpm>
          <Cadence><Value>52</Value></Cadence>
          <SensorState>Absent</SensorState>
        </Trackpoint>
        <Trackpoint>
          <Time>2026-03-11T12:06:23Z</Time>
          <DistanceMeters>1801.0</DistanceMeters>
          <HeartRateBpm>
            <Value>158</Value>
          </HeartRateBpm>
          <Cadence><Value>52</Value></Cadence>
          <SensorState>Absent</SensorState>
        </Trackpoint>
        <Trackpoint>
          <Time>2026-03-11T12:06:26Z</Time>
          <DistanceMeters>1801.0</DistanceMeters>
          <HeartRateBpm>
            <Value>154</Value>
          </HeartRateBpm>
          <Cadence><Value>52</Value></Cadence>
          <SensorState>Absent</SensorState>
        </Trackpoint>
        <Trackpoint>
          <Time>2026-03-11T12:06:26Z</Time>
          <DistanceMeters>1801.0</DistanceMeters>
          <HeartRateBpm>
            <Value>154</Value>
          </HeartRateBpm>
          <Cadence><Value>52</Value></Cadence>
          <SensorState>Absent</SensorState>
        </Trackpoint>
        <Trackpoint>
          <Time>2026-03-11T12:06:27Z</Time>
          <DistanceMeters>1801.0</DistanceMeters>
          <HeartRateBpm>
            <Value>152</Value>
          </HeartRateBpm>
          <Cadence><Value>52</Value></Cadence>
          <SensorState>Absent</SensorState>
        </Trackpoint>
        <Trackpoint>
          <Time>2026-03-11T12:06:31Z</Time>
          <DistanceMeters>1838.0</DistanceMeters>
          <HeartRateBpm>
            <Value>149</Value>
          </HeartRateBpm>
          <Cadence><Value>52</Value></Cadence>
          <SensorState>Absent</SensorState>
        </Trackpoint>
        <Trackpoint>
          <Time>2026-03-11T12:06:34Z</Time>
          <DistanceMeters>1838.0</DistanceMeters>
          <HeartRateBpm>
            <Value>148</Value>
          </HeartRateBpm>
          <Cadence><Value>52</Value></Cadence>
          <SensorState>Absent</SensorState>
        </Trackpoint>
        <Trackpoint>
          <Time>2026-03-11T12:06:35Z</Time>
          <DistanceMeters>1838.0</DistanceMeters>
          <HeartRateBpm>
            <Value>148</Value>
          </HeartRateBpm>
          <Cadence><Value>52</Value></Cadence>
          <SensorState>Absent</SensorState>
        </Trackpoint>
        <Trackpoint>
          <Time>2026-03-11T12:06:35Z</Time>
          <DistanceMeters>1838.0</DistanceMeters>
          <HeartRateBpm>
            <Value>149</Value>
          </HeartRateBpm>
          <Cadence><Value>52</Value></Cadence>
          <SensorState>Absent</SensorState>
        </Trackpoint>
        <Trackpoint>
          <Time>2026-03-11T12:06:39Z</Time>
          <DistanceMeters>1838.0</DistanceMeters>
          <HeartRateBpm>
            <Value>150</Value>
          </HeartRateBpm>
          <Cadence><Value>52</Value></Cadence>
          <SensorState>Absent</SensorState>
        </Trackpoint>
        <Trackpoint>
          <Time>2026-03-11T12:06:40Z</Time>
          <DistanceMeters>1838.0</DistanceMeters>
          <HeartRateBpm>
            <Value>151</Value>
          </HeartRateBpm>
          <Cadence><Value>52</Value></Cadence>
          <SensorState>Absent</SensorState>
        </Trackpoint>
        <Trackpoint>
          <Time>2026-03-11T12:06:42Z</Time>
          <DistanceMeters>1838.0</DistanceMeters>
          <HeartRateBpm>
            <Value>153</Value>
          </HeartRateBpm>
          <Cadence><Value>52</Value></Cadence>
          <SensorState>Absent</SensorState>
        </Trackpoint>
        <Trackpoint>
          <Time>2026-03-11T12:06:43Z</Time>
          <DistanceMeters>1838.0</DistanceMeters>
          <HeartRateBpm>
            <Value>155</Value>
          </HeartRateBpm>
          <Cadence><Value>52</Value></Cadence>
          <SensorState>Absent</SensorState>
        </Trackpoint>
        <Trackpoint>
          <Time>2026-03-11T12:06:44Z</Time>
          <DistanceMeters>1838.0</DistanceMeters>
          <HeartRateBpm>
            <Value>156</Value>
          </HeartRateBpm>
          <Cadence><Value>52</Value></Cadence>
          <SensorState>Absent</SensorState>
        </Trackpoint>
        <Trackpoint>
          <Time>2026-03-11T12:06:45Z</Time>
          <DistanceMeters>1838.0</DistanceMeters>
          <HeartRateBpm>
            <Value>155</Value>
          </HeartRateBpm>
          <Cadence><Value>52</Value></Cadence>
          <SensorState>Absent</SensorState>
        </Trackpoint>
        <Trackpoint>
          <Time>2026-03-11T12:06:47Z</Time>
          <DistanceMeters>1838.0</DistanceMeters>
          <HeartRateBpm>
            <Value>155</Value>
          </HeartRateBpm>
          <Cadence><Value>52</Value></Cadence>
          <SensorState>Absent</SensorState>
        </Trackpoint>
        <Trackpoint>
          <Time>2026-03-11T12:06:50Z</Time>
          <DistanceMeters>1838.0</DistanceMeters>
          <HeartRateBpm>
            <Value>153</Value>
          </HeartRateBpm>
          <Cadence><Value>52</Value></Cadence>
          <SensorState>Absent</SensorState>
        </Trackpoint>
        <Trackpoint>
          <Time>2026-03-11T12:06:52Z</Time>
          <DistanceMeters>1838.0</DistanceMeters>
          <HeartRateBpm>
            <Value>155</Value>
          </HeartRateBpm>
          <Cadence><Value>52</Value></Cadence>
          <SensorState>Absent</SensorState>
        </Trackpoint>
        <Trackpoint>
          <Time>2026-03-11T12:06:54Z</Time>
          <DistanceMeters>1838.0</DistanceMeters>
          <HeartRateBpm>
            <Value>157</Value>
          </HeartRateBpm>
          <Cadence><Value>52</Value></Cadence>
          <SensorState>Absent</SensorState>
        </Trackpoint>
        <Trackpoint>
          <Time>2026-03-11T12:06:56Z</Time>
          <DistanceMeters>1838.0</DistanceMeters>
          <HeartRateBpm>
            <Value>158</Value>
          </HeartRateBpm>
          <Cadence><Value>52</Value></Cadence>
          <SensorState>Absent</SensorState>
        </Trackpoint>
        <Trackpoint>
          <Time>2026-03-11T12:06:58Z</Time>
          <DistanceMeters>1838.0</DistanceMeters>
          <HeartRateBpm>
            <Value>159</Value>
          </HeartRateBpm>
          <Cadence><Value>52</Value></Cadence>
          <SensorState>Absent</SensorState>
        </Trackpoint>
        <Trackpoint>
          <Time>2026-03-11T12:07:00Z</Time>
          <DistanceMeters>1838.0</DistanceMeters>
          <HeartRateBpm>
            <Value>158</Value>
          </HeartRateBpm>
          <Cadence><Value>81</Value></Cadence>
          <SensorState>Absent</SensorState>
        </Trackpoint>
        <Trackpoint>
          <Time>2026-03-11T12:07:02Z</Time>
          <DistanceMeters>1838.0</DistanceMeters>
          <HeartRateBpm>
            <Value>160</Value>
          </HeartRateBpm>
          <Cadence><Value>81</Value></Cadence>
          <SensorState>Absent</SensorState>
        </Trackpoint>
        <Trackpoint>
          <Time>2026-03-11T12:07:04Z</Time>
          <DistanceMeters>1838.0</DistanceMeters>
          <HeartRateBpm>
            <Value>158</Value>
          </HeartRateBpm>
          <Cadence><Value>81</Value></Cadence>
          <SensorState>Absent</SensorState>
        </Trackpoint>
        <Trackpoint>
          <Time>2026-03-11T12:07:05Z</Time>
          <DistanceMeters>1838.0</DistanceMeters>
          <HeartRateBpm>
            <Value>156</Value>
          </HeartRateBpm>
          <Cadence><Value>81</Value></Cadence>
          <SensorState>Absent</SensorState>
        </Trackpoint>
        <Trackpoint>
          <Time>2026-03-11T12:07:07Z</Time>
          <DistanceMeters>1838.0</DistanceMeters>
          <HeartRateBpm>
            <Value>155</Value>
          </HeartRateBpm>
          <Cadence><Value>81</Value></Cadence>
          <SensorState>Absent</SensorState>
        </Trackpoint>
        <Trackpoint>
          <Time>2026-03-11T12:07:09Z</Time>
          <DistanceMeters>1838.0</DistanceMeters>
          <HeartRateBpm>
            <Value>156</Value>
          </HeartRateBpm>
          <Cadence><Value>81</Value></Cadence>
          <SensorState>Absent</SensorState>
        </Trackpoint>
        <Trackpoint>
          <Time>2026-03-11T12:07:12Z</Time>
          <DistanceMeters>1838.0</DistanceMeters>
          <HeartRateBpm>
            <Value>158</Value>
          </HeartRateBpm>
          <Cadence><Value>81</Value></Cadence>
          <SensorState>Absent</SensorState>
        </Trackpoint>
        <Trackpoint>
          <Time>2026-03-11T12:07:13Z</Time>
          <DistanceMeters>1838.0</DistanceMeters>
          <HeartRateBpm>
            <Value>162</Value>
          </HeartRateBpm>
          <Cadence><Value>81</Value></Cadence>
          <SensorState>Absent</SensorState>
        </Trackpoint>
        <Trackpoint>
          <Time>2026-03-11T12:07:14Z</Time>
          <DistanceMeters>1838.0</DistanceMeters>
          <HeartRateBpm>
            <Value>162</Value>
          </HeartRateBpm>
          <Cadence><Value>81</Value></Cadence>
          <SensorState>Absent</SensorState>
        </Trackpoint>
        <Trackpoint>
          <Time>2026-03-11T12:07:14Z</Time>
          <DistanceMeters>1838.0</DistanceMeters>
          <HeartRateBpm>
            <Value>163</Value>
          </HeartRateBpm>
          <Cadence><Value>81</Value></Cadence>
          <SensorState>Absent</SensorState>
        </Trackpoint>
        <Trackpoint>
          <Time>2026-03-11T12:07:19Z</Time>
          <DistanceMeters>1838.0</DistanceMeters>
          <HeartRateBpm>
            <Value>164</Value>
          </HeartRateBpm>
          <Cadence><Value>81</Value></Cadence>
          <SensorState>Absent</SensorState>
        </Trackpoint>
        <Trackpoint>
          <Time>2026-03-11T12:07:25Z</Time>
          <DistanceMeters>1838.0</DistanceMeters>
          <HeartRateBpm>
            <Value>163</Value>
          </HeartRateBpm>
          <Cadence><Value>81</Value></Cadence>
          <SensorState>Absent</SensorState>
        </Trackpoint>
        <Trackpoint>
          <Time>2026-03-11T12:07:26Z</Time>
          <DistanceMeters>1838.0</DistanceMeters>
          <HeartRateBpm>
            <Value>161</Value>
          </HeartRateBpm>
          <Cadence><Value>81</Value></Cadence>
          <SensorState>Absent</SensorState>
        </Trackpoint>
        <Trackpoint>
          <Time>2026-03-11T12:07:27Z</Time>
          <DistanceMeters>1838.0</DistanceMeters>
          <HeartRateBpm>
            <Value>160</Value>
          </HeartRateBpm>
          <Cadence><Value>81</Value></Cadence>
          <SensorState>Absent</SensorState>
        </Trackpoint>
        <Trackpoint>
          <Time>2026-03-11T12:07:32Z</Time>
          <DistanceMeters>1873.0</DistanceMeters>
          <HeartRateBpm>
            <Value>159</Value>
          </HeartRateBpm>
          <Cadence><Value>81</Value></Cadence>
          <SensorState>Absent</SensorState>
        </Trackpoint>
        <Trackpoint>
          <Time>2026-03-11T12:07:34Z</Time>
          <DistanceMeters>1873.0</DistanceMeters>
          <HeartRateBpm>
            <Value>158</Value>
          </HeartRateBpm>
          <Cadence><Value>81</Value></Cadence>
          <SensorState>Absent</SensorState>
        </Trackpoint>
        <Trackpoint>
          <Time>2026-03-11T12:07:36Z</Time>
          <DistanceMeters>1873.0</DistanceMeters>
          <HeartRateBpm>
            <Value>157</Value>
          </HeartRateBpm>
          <Cadence><Value>81</Value></Cadence>
          <SensorState>Absent</SensorState>
        </Trackpoint>
        <Trackpoint>
          <Time>2026-03-11T12:07:40Z</Time>
          <DistanceMeters>1873.0</DistanceMeters>
          <HeartRateBpm>
            <Value>156</Value>
          </HeartRateBpm>
          <Cadence><Value>81</Value></Cadence>
          <SensorState>Absent</SensorState>
        </Trackpoint>
        <Trackpoint>
          <Time>2026-03-11T12:07:40Z</Time>
          <DistanceMeters>1873.0</DistanceMeters>
          <HeartRateBpm>
            <Value>156</Value>
          </HeartRateBpm>
          <Cadence><Value>81</Value></Cadence>
          <SensorState>Absent</SensorState>
        </Trackpoint>
        <Trackpoint>
          <Time>2026-03-11T12:07:45Z</Time>
          <DistanceMeters>1873.0</DistanceMeters>
          <HeartRateBpm>
            <Value>158</Value>
          </HeartRateBpm>
          <Cadence><Value>81</Value></Cadence>
          <SensorState>Absent</SensorState>
        </Trackpoint>
        <Trackpoint>
          <Time>2026-03-11T12:07:48Z</Time>
          <DistanceMeters>1873.0</DistanceMeters>
          <HeartRateBpm>
            <Value>159</Value>
          </HeartRateBpm>
          <Cadence><Value>81</Value></Cadence>
          <SensorState>Absent</SensorState>
        </Trackpoint>
        <Trackpoint>
          <Time>2026-03-11T12:07:51Z</Time>
          <DistanceMeters>1873.0</DistanceMeters>
          <HeartRateBpm>
            <Value>160</Value>
          </HeartRateBpm>
          <Cadence><Value>81</Value></Cadence>
          <SensorState>Absent</SensorState>
        </Trackpoint>
        <Trackpoint>
          <Time>2026-03-11T12:07:52Z</Time>
          <DistanceMeters>1873.0</DistanceMeters>
          <HeartRateBpm>
            <Value>161</Value>
          </HeartRateBpm>
          <Cadence><Value>81</Value></Cadence>
          <SensorState>Absent</SensorState>
        </Trackpoint>
        <Trackpoint>
          <Time>2026-03-11T12:07:57Z</Time>
          <DistanceMeters>1873.0</DistanceMeters>
          <HeartRateBpm>
            <Value>161</Value>
          </HeartRateBpm>
          <Cadence><Value>81</Value></Cadence>
          <SensorState>Absent</SensorState>
        </Trackpoint>
        <Trackpoint>
          <Time>2026-03-11T12:07:59Z</Time>
          <DistanceMeters>1873.0</DistanceMeters>
          <HeartRateBpm>
            <Value>163</Value>
          </HeartRateBpm>
          <Cadence><Value>81</Value></Cadence>
          <SensorState>Absent</SensorState>
        </Trackpoint>
        <Trackpoint>
          <Time>2026-03-11T12:08:00Z</Time>
          <DistanceMeters>1873.0</DistanceMeters>
          <HeartRateBpm>
            <Value>162</Value>
          </HeartRateBpm>
          <Cadence><Value>84</Value></Cadence>
          <SensorState>Absent</SensorState>
        </Trackpoint>
        <Trackpoint>
          <Time>2026-03-11T12:08:00Z</Time>
          <DistanceMeters>1873.0</DistanceMeters>
          <HeartRateBpm>
            <Value>163</Value>
          </HeartRateBpm>
          <Cadence><Value>84</Value></Cadence>
          <SensorState>Absent</SensorState>
        </Trackpoint>
        <Trackpoint>
          <Time>2026-03-11T12:08:01Z</Time>
          <DistanceMeters>1873.0</DistanceMeters>
          <HeartRateBpm>
            <Value>162</Value>
          </HeartRateBpm>
          <Cadence><Value>84</Value></Cadence>
          <SensorState>Absent</SensorState>
        </Trackpoint>
        <Trackpoint>
          <Time>2026-03-11T12:08:02Z</Time>
          <DistanceMeters>1873.0</DistanceMeters>
          <HeartRateBpm>
            <Value>161</Value>
          </HeartRateBpm>
          <Cadence><Value>84</Value></Cadence>
          <SensorState>Absent</SensorState>
        </Trackpoint>
        <Trackpoint>
          <Time>2026-03-11T12:08:03Z</Time>
          <DistanceMeters>1873.0</DistanceMeters>
          <HeartRateBpm>
            <Value>160</Value>
          </HeartRateBpm>
          <Cadence><Value>84</Value></Cadence>
          <SensorState>Absent</SensorState>
        </Trackpoint>
        <Trackpoint>
          <Time>2026-03-11T12:08:05Z</Time>
          <DistanceMeters>1873.0</DistanceMeters>
          <HeartRateBpm>
            <Value>159</Value>
          </HeartRateBpm>
          <Cadence><Value>84</Value></Cadence>
          <SensorState>Absent</SensorState>
        </Trackpoint>
        <Trackpoint>
          <Time>2026-03-11T12:08:06Z</Time>
          <DistanceMeters>1873.0</DistanceMeters>
          <HeartRateBpm>
            <Value>158</Value>
          </HeartRateBpm>
          <Cadence><Value>84</Value></Cadence>
          <SensorState>Absent</SensorState>
        </Trackpoint>
        <Trackpoint>
          <Time>2026-03-11T12:08:07Z</Time>
          <DistanceMeters>1873.0</DistanceMeters>
          <HeartRateBpm>
            <Value>157</Value>
          </HeartRateBpm>
          <Cadence><Value>84</Value></Cadence>
          <SensorState>Absent</SensorState>
        </Trackpoint>
        <Trackpoint>
          <Time>2026-03-11T12:08:07Z</Time>
          <DistanceMeters>1873.0</DistanceMeters>
          <HeartRateBpm>
            <Value>157</Value>
          </HeartRateBpm>
          <Cadence><Value>84</Value></Cadence>
          <SensorState>Absent</SensorState>
        </Trackpoint>
        <Trackpoint>
          <Time>2026-03-11T12:08:09Z</Time>
          <DistanceMeters>1873.0</DistanceMeters>
          <HeartRateBpm>
            <Value>156</Value>
          </HeartRateBpm>
          <Cadence><Value>84</Value></Cadence>
          <SensorState>Absent</SensorState>
        </Trackpoint>
        <Trackpoint>
          <Time>2026-03-11T12:08:10Z</Time>
          <DistanceMeters>1873.0</DistanceMeters>
          <HeartRateBpm>
            <Value>155</Value>
          </HeartRateBpm>
          <Cadence><Value>84</Value></Cadence>
          <SensorState>Absent</SensorState>
        </Trackpoint>
        <Trackpoint>
          <Time>2026-03-11T12:08:15Z</Time>
          <DistanceMeters>1873.0</DistanceMeters>
          <HeartRateBpm>
            <Value>156</Value>
          </HeartRateBpm>
          <Cadence><Value>84</Value></Cadence>
          <SensorState>Absent</SensorState>
        </Trackpoint>
        <Trackpoint>
          <Time>2026-03-11T12:08:20Z</Time>
          <DistanceMeters>1873.0</DistanceMeters>
          <HeartRateBpm>
            <Value>157</Value>
          </HeartRateBpm>
          <Cadence><Value>84</Value></Cadence>
          <SensorState>Absent</SensorState>
        </Trackpoint>
        <Trackpoint>
          <Time>2026-03-11T12:08:24Z</Time>
          <DistanceMeters>1873.0</DistanceMeters>
          <HeartRateBpm>
            <Value>156</Value>
          </HeartRateBpm>
          <Cadence><Value>84</Value></Cadence>
          <SensorState>Absent</SensorState>
        </Trackpoint>
        <Trackpoint>
          <Time>2026-03-11T12:08:28Z</Time>
          <DistanceMeters>1873.0</DistanceMeters>
          <HeartRateBpm>
            <Value>162</Value>
          </HeartRateBpm>
          <Cadence><Value>84</Value></Cadence>
          <SensorState>Absent</SensorState>
        </Trackpoint>
        <Trackpoint>
          <Time>2026-03-11T12:08:29Z</Time>
          <DistanceMeters>1873.0</DistanceMeters>
          <HeartRateBpm>
            <Value>163</Value>
          </HeartRateBpm>
          <Cadence><Value>84</Value></Cadence>
          <SensorState>Absent</SensorState>
        </Trackpoint>
        <Trackpoint>
          <Time>2026-03-11T12:08:29Z</Time>
          <DistanceMeters>1873.0</DistanceMeters>
          <HeartRateBpm>
            <Value>163</Value>
          </HeartRateBpm>
          <Cadence><Value>84</Value></Cadence>
          <SensorState>Absent</SensorState>
        </Trackpoint>
        <Trackpoint>
          <Time>2026-03-11T12:08:31Z</Time>
          <DistanceMeters>1910.0</DistanceMeters>
          <HeartRateBpm>
            <Value>164</Value>
          </HeartRateBpm>
          <Cadence><Value>84</Value></Cadence>
          <SensorState>Absent</SensorState>
        </Trackpoint>
        <Trackpoint>
          <Time>2026-03-11T12:08:32Z</Time>
          <DistanceMeters>1910.0</DistanceMeters>
          <HeartRateBpm>
            <Value>165</Value>
          </HeartRateBpm>
          <Cadence><Value>84</Value></Cadence>
          <SensorState>Absent</SensorState>
        </Trackpoint>
        <Trackpoint>
          <Time>2026-03-11T12:08:35Z</Time>
          <DistanceMeters>1910.0</DistanceMeters>
          <HeartRateBpm>
            <Value>166</Value>
          </HeartRateBpm>
          <Cadence><Value>84</Value></Cadence>
          <SensorState>Absent</SensorState>
        </Trackpoint>
        <Trackpoint>
          <Time>2026-03-11T12:08:36Z</Time>
          <DistanceMeters>1910.0</DistanceMeters>
          <HeartRateBpm>
            <Value>165</Value>
          </HeartRateBpm>
          <Cadence><Value>84</Value></Cadence>
          <SensorState>Absent</SensorState>
        </Trackpoint>
        <Trackpoint>
          <Time>2026-03-11T12:08:37Z</Time>
          <DistanceMeters>1910.0</DistanceMeters>
          <HeartRateBpm>
            <Value>167</Value>
          </HeartRateBpm>
          <Cadence><Value>84</Value></Cadence>
          <SensorState>Absent</SensorState>
        </Trackpoint>
        <Trackpoint>
          <Time>2026-03-11T12:08:39Z</Time>
          <DistanceMeters>1910.0</DistanceMeters>
          <HeartRateBpm>
            <Value>168</Value>
          </HeartRateBpm>
          <Cadence><Value>84</Value></Cadence>
          <SensorState>Absent</SensorState>
        </Trackpoint>
        <Trackpoint>
          <Time>2026-03-11T12:08:41Z</Time>
          <DistanceMeters>1910.0</DistanceMeters>
          <HeartRateBpm>
            <Value>171</Value>
          </HeartRateBpm>
          <Cadence><Value>84</Value></Cadence>
          <SensorState>Absent</SensorState>
        </Trackpoint>
        <Trackpoint>
          <Time>2026-03-11T12:08:42Z</Time>
          <DistanceMeters>1910.0</DistanceMeters>
          <HeartRateBpm>
            <Value>171</Value>
          </HeartRateBpm>
          <Cadence><Value>84</Value></Cadence>
          <SensorState>Absent</SensorState>
        </Trackpoint>
        <Trackpoint>
          <Time>2026-03-11T12:08:42Z</Time>
          <DistanceMeters>1910.0</DistanceMeters>
          <HeartRateBpm>
            <Value>174</Value>
          </HeartRateBpm>
          <Cadence><Value>84</Value></Cadence>
          <SensorState>Absent</SensorState>
        </Trackpoint>
        <Trackpoint>
          <Time>2026-03-11T12:08:45Z</Time>
          <DistanceMeters>1910.0</DistanceMeters>
          <HeartRateBpm>
            <Value>173</Value>
          </HeartRateBpm>
          <Cadence><Value>84</Value></Cadence>
          <SensorState>Absent</SensorState>
        </Trackpoint>
        <Trackpoint>
          <Time>2026-03-11T12:08:47Z</Time>
          <DistanceMeters>1910.0</DistanceMeters>
          <HeartRateBpm>
            <Value>172</Value>
          </HeartRateBpm>
          <Cadence><Value>84</Value></Cadence>
          <SensorState>Absent</SensorState>
        </Trackpoint>
        <Trackpoint>
          <Time>2026-03-11T12:08:51Z</Time>
          <DistanceMeters>1910.0</DistanceMeters>
          <HeartRateBpm>
            <Value>171</Value>
          </HeartRateBpm>
          <Cadence><Value>84</Value></Cadence>
          <SensorState>Absent</SensorState>
        </Trackpoint>
        <Trackpoint>
          <Time>2026-03-11T12:08:53Z</Time>
          <DistanceMeters>1910.0</DistanceMeters>
          <HeartRateBpm>
            <Value>172</Value>
          </HeartRateBpm>
          <Cadence><Value>84</Value></Cadence>
          <SensorState>Absent</SensorState>
        </Trackpoint>
        <Trackpoint>
          <Time>2026-03-11T12:08:55Z</Time>
          <DistanceMeters>1910.0</DistanceMeters>
          <HeartRateBpm>
            <Value>171</Value>
          </HeartRateBpm>
          <Cadence><Value>84</Value></Cadence>
          <SensorState>Absent</SensorState>
        </Trackpoint>
        <Trackpoint>
          <Time>2026-03-11T12:08:58Z</Time>
          <DistanceMeters>1910.0</DistanceMeters>
          <HeartRateBpm>
            <Value>172</Value>
          </HeartRateBpm>
          <Cadence><Value>84</Value></Cadence>
          <SensorState>Absent</SensorState>
        </Trackpoint>
        <Trackpoint>
          <Time>2026-03-11T12:09:00Z</Time>
          <DistanceMeters>1910.0</DistanceMeters>
          <HeartRateBpm>
            <Value>160</Value>
          </HeartRateBpm>
          <Cadence><Value>109</Value></Cadence>
          <SensorState>Absent</SensorState>
        </Trackpoint>
        <Trackpoint>
          <Time>2026-03-11T12:09:01Z</Time>
          <DistanceMeters>1910.0</DistanceMeters>
          <HeartRateBpm>
            <Value>171</Value>
          </HeartRateBpm>
          <Cadence><Value>109</Value></Cadence>
          <SensorState>Absent</SensorState>
        </Trackpoint>
        <Trackpoint>
          <Time>2026-03-11T12:09:02Z</Time>
          <DistanceMeters>1910.0</DistanceMeters>
          <HeartRateBpm>
            <Value>169</Value>
          </HeartRateBpm>
          <Cadence><Value>109</Value></Cadence>
          <SensorState>Absent</SensorState>
        </Trackpoint>
        <Trackpoint>
          <Time>2026-03-11T12:09:03Z</Time>
          <DistanceMeters>1910.0</DistanceMeters>
          <HeartRateBpm>
            <Value>164</Value>
          </HeartRateBpm>
          <Cadence><Value>109</Value></Cadence>
          <SensorState>Absent</SensorState>
        </Trackpoint>
        <Trackpoint>
          <Time>2026-03-11T12:09:04Z</Time>
          <DistanceMeters>1910.0</DistanceMeters>
          <HeartRateBpm>
            <Value>164</Value>
          </HeartRateBpm>
          <Cadence><Value>109</Value></Cadence>
          <SensorState>Absent</SensorState>
        </Trackpoint>
        <Trackpoint>
          <Time>2026-03-11T12:09:07Z</Time>
          <DistanceMeters>1910.0</DistanceMeters>
          <HeartRateBpm>
            <Value>163</Value>
          </HeartRateBpm>
          <Cadence><Value>109</Value></Cadence>
          <SensorState>Absent</SensorState>
        </Trackpoint>
        <Trackpoint>
          <Time>2026-03-11T12:09:10Z</Time>
          <DistanceMeters>1910.0</DistanceMeters>
          <HeartRateBpm>
            <Value>162</Value>
          </HeartRateBpm>
          <Cadence><Value>109</Value></Cadence>
          <SensorState>Absent</SensorState>
        </Trackpoint>
        <Trackpoint>
          <Time>2026-03-11T12:09:15Z</Time>
          <DistanceMeters>1910.0</DistanceMeters>
          <HeartRateBpm>
            <Value>160</Value>
          </HeartRateBpm>
          <Cadence><Value>109</Value></Cadence>
          <SensorState>Absent</SensorState>
        </Trackpoint>
        <Trackpoint>
          <Time>2026-03-11T12:09:16Z</Time>
          <DistanceMeters>1910.0</DistanceMeters>
          <HeartRateBpm>
            <Value>157</Value>
          </HeartRateBpm>
          <Cadence><Value>109</Value></Cadence>
          <SensorState>Absent</SensorState>
        </Trackpoint>
        <Trackpoint>
          <Time>2026-03-11T12:09:16Z</Time>
          <DistanceMeters>1910.0</DistanceMeters>
          <HeartRateBpm>
            <Value>157</Value>
          </HeartRateBpm>
          <Cadence><Value>109</Value></Cadence>
          <SensorState>Absent</SensorState>
        </Trackpoint>
        <Trackpoint>
          <Time>2026-03-11T12:09:17Z</Time>
          <DistanceMeters>1910.0</DistanceMeters>
          <HeartRateBpm>
            <Value>154</Value>
          </HeartRateBpm>
          <Cadence><Value>109</Value></Cadence>
          <SensorState>Absent</SensorState>
        </Trackpoint>
        <Trackpoint>
          <Time>2026-03-11T12:09:20Z</Time>
          <DistanceMeters>1910.0</DistanceMeters>
          <HeartRateBpm>
            <Value>155</Value>
          </HeartRateBpm>
          <Cadence><Value>109</Value></Cadence>
          <SensorState>Absent</SensorState>
        </Trackpoint>
        <Trackpoint>
          <Time>2026-03-11T12:09:23Z</Time>
          <DistanceMeters>1910.0</DistanceMeters>
          <HeartRateBpm>
            <Value>154</Value>
          </HeartRateBpm>
          <Cadence><Value>109</Value></Cadence>
          <SensorState>Absent</SensorState>
        </Trackpoint>
        <Trackpoint>
          <Time>2026-03-11T12:09:25Z</Time>
          <DistanceMeters>1910.0</DistanceMeters>
          <HeartRateBpm>
            <Value>155</Value>
          </HeartRateBpm>
          <Cadence><Value>109</Value></Cadence>
          <SensorState>Absent</SensorState>
        </Trackpoint>
        <Trackpoint>
          <Time>2026-03-11T12:09:29Z</Time>
          <DistanceMeters>1910.0</DistanceMeters>
          <HeartRateBpm>
            <Value>156</Value>
          </HeartRateBpm>
          <Cadence><Value>109</Value></Cadence>
          <SensorState>Absent</SensorState>
        </Trackpoint>
        <Trackpoint>
          <Time>2026-03-11T12:09:30Z</Time>
          <DistanceMeters>1945.0</DistanceMeters>
          <HeartRateBpm>
            <Value>157</Value>
          </HeartRateBpm>
          <Cadence><Value>109</Value></Cadence>
          <SensorState>Absent</SensorState>
        </Trackpoint>
        <Trackpoint>
          <Time>2026-03-11T12:09:32Z</Time>
          <DistanceMeters>1945.0</DistanceMeters>
          <HeartRateBpm>
            <Value>155</Value>
          </HeartRateBpm>
          <Cadence><Value>109</Value></Cadence>
          <SensorState>Absent</SensorState>
        </Trackpoint>
        <Trackpoint>
          <Time>2026-03-11T12:09:37Z</Time>
          <DistanceMeters>1945.0</DistanceMeters>
          <HeartRateBpm>
            <Value>155</Value>
          </HeartRateBpm>
          <Cadence><Value>109</Value></Cadence>
          <SensorState>Absent</SensorState>
        </Trackpoint>
        <Trackpoint>
          <Time>2026-03-11T12:09:41Z</Time>
          <DistanceMeters>1945.0</DistanceMeters>
          <HeartRateBpm>
            <Value>158</Value>
          </HeartRateBpm>
          <Cadence><Value>109</Value></Cadence>
          <SensorState>Absent</SensorState>
        </Trackpoint>
        <Trackpoint>
          <Time>2026-03-11T12:09:42Z</Time>
          <DistanceMeters>1945.0</DistanceMeters>
          <HeartRateBpm>
            <Value>162</Value>
          </HeartRateBpm>
          <Cadence><Value>109</Value></Cadence>
          <SensorState>Absent</SensorState>
        </Trackpoint>
        <Trackpoint>
          <Time>2026-03-11T12:09:43Z</Time>
          <DistanceMeters>1945.0</DistanceMeters>
          <HeartRateBpm>
            <Value>165</Value>
          </HeartRateBpm>
          <Cadence><Value>109</Value></Cadence>
          <SensorState>Absent</SensorState>
        </Trackpoint>
        <Trackpoint>
          <Time>2026-03-11T12:09:43Z</Time>
          <DistanceMeters>1945.0</DistanceMeters>
          <HeartRateBpm>
            <Value>165</Value>
          </HeartRateBpm>
          <Cadence><Value>109</Value></Cadence>
          <SensorState>Absent</SensorState>
        </Trackpoint>
        <Trackpoint>
          <Time>2026-03-11T12:09:46Z</Time>
          <DistanceMeters>1945.0</DistanceMeters>
          <HeartRateBpm>
            <Value>166</Value>
          </HeartRateBpm>
          <Cadence><Value>109</Value></Cadence>
          <SensorState>Absent</SensorState>
        </Trackpoint>
        <Trackpoint>
          <Time>2026-03-11T12:09:47Z</Time>
          <DistanceMeters>1945.0</DistanceMeters>
          <HeartRateBpm>
            <Value>167</Value>
          </HeartRateBpm>
          <Cadence><Value>109</Value></Cadence>
          <SensorState>Absent</SensorState>
        </Trackpoint>
        <Trackpoint>
          <Time>2026-03-11T12:09:50Z</Time>
          <DistanceMeters>1945.0</DistanceMeters>
          <HeartRateBpm>
            <Value>166</Value>
          </HeartRateBpm>
          <Cadence><Value>109</Value></Cadence>
          <SensorState>Absent</SensorState>
        </Trackpoint>
        <Trackpoint>
          <Time>2026-03-11T12:09:54Z</Time>
          <DistanceMeters>1945.0</DistanceMeters>
          <HeartRateBpm>
            <Value>167</Value>
          </HeartRateBpm>
          <Cadence><Value>109</Value></Cadence>
          <SensorState>Absent</SensorState>
        </Trackpoint>
        <Trackpoint>
          <Time>2026-03-11T12:09:56Z</Time>
          <DistanceMeters>1945.0</DistanceMeters>
          <HeartRateBpm>
            <Value>168</Value>
          </HeartRateBpm>
          <Cadence><Value>109</Value></Cadence>
          <SensorState>Absent</SensorState>
        </Trackpoint>
        <Trackpoint>
          <Time>2026-03-11T12:09:57Z</Time>
          <DistanceMeters>1945.0</DistanceMeters>
          <HeartRateBpm>
            <Value>167</Value>
          </HeartRateBpm>
          <Cadence><Value>109</Value></Cadence>
          <SensorState>Absent</SensorState>
        </Trackpoint>
        <Trackpoint>
          <Time>2026-03-11T12:09:59Z</Time>
          <DistanceMeters>1945.0</DistanceMeters>
          <HeartRateBpm>
            <Value>166</Value>
          </HeartRateBpm>
          <Cadence><Value>109</Value></Cadence>
          <SensorState>Absent</SensorState>
        </Trackpoint>
        <Trackpoint>
          <Time>2026-03-11T12:10:00Z</Time>
          <DistanceMeters>1945.0</DistanceMeters>
          <HeartRateBpm>
            <Value>159</Value>
          </HeartRateBpm>
          <Cadence><Value>115</Value></Cadence>
          <SensorState>Absent</SensorState>
        </Trackpoint>
        <Trackpoint>
          <Time>2026-03-11T12:10:00Z</Time>
          <DistanceMeters>1945.0</DistanceMeters>
          <HeartRateBpm>
            <Value>165</Value>
          </HeartRateBpm>
          <Cadence><Value>115</Value></Cadence>
          <SensorState>Absent</SensorState>
        </Trackpoint>
        <Trackpoint>
          <Time>2026-03-11T12:10:05Z</Time>
          <DistanceMeters>1945.0</DistanceMeters>
          <HeartRateBpm>
            <Value>165</Value>
          </HeartRateBpm>
          <Cadence><Value>115</Value></Cadence>
          <SensorState>Absent</SensorState>
        </Trackpoint>
        <Trackpoint>
          <Time>2026-03-11T12:10:11Z</Time>
          <DistanceMeters>1945.0</DistanceMeters>
          <HeartRateBpm>
            <Value>164</Value>
          </HeartRateBpm>
          <Cadence><Value>115</Value></Cadence>
          <SensorState>Absent</SensorState>
        </Trackpoint>
        <Trackpoint>
          <Time>2026-03-11T12:10:12Z</Time>
          <DistanceMeters>1945.0</DistanceMeters>
          <HeartRateBpm>
            <Value>165</Value>
          </HeartRateBpm>
          <Cadence><Value>115</Value></Cadence>
          <SensorState>Absent</SensorState>
        </Trackpoint>
        <Trackpoint>
          <Time>2026-03-11T12:10:13Z</Time>
          <DistanceMeters>1945.0</DistanceMeters>
          <HeartRateBpm>
            <Value>164</Value>
          </HeartRateBpm>
          <Cadence><Value>115</Value></Cadence>
          <SensorState>Absent</SensorState>
        </Trackpoint>
        <Trackpoint>
          <Time>2026-03-11T12:10:15Z</Time>
          <DistanceMeters>1945.0</DistanceMeters>
          <HeartRateBpm>
            <Value>163</Value>
          </HeartRateBpm>
          <Cadence><Value>115</Value></Cadence>
          <SensorState>Absent</SensorState>
        </Trackpoint>
        <Trackpoint>
          <Time>2026-03-11T12:10:16Z</Time>
          <DistanceMeters>1945.0</DistanceMeters>
          <HeartRateBpm>
            <Value>162</Value>
          </HeartRateBpm>
          <Cadence><Value>115</Value></Cadence>
          <SensorState>Absent</SensorState>
        </Trackpoint>
        <Trackpoint>
          <Time>2026-03-11T12:10:17Z</Time>
          <DistanceMeters>1945.0</DistanceMeters>
          <HeartRateBpm>
            <Value>160</Value>
          </HeartRateBpm>
          <Cadence><Value>115</Value></Cadence>
          <SensorState>Absent</SensorState>
        </Trackpoint>
        <Trackpoint>
          <Time>2026-03-11T12:10:23Z</Time>
          <DistanceMeters>1945.0</DistanceMeters>
          <HeartRateBpm>
            <Value>160</Value>
          </HeartRateBpm>
          <Cadence><Value>115</Value></Cadence>
          <SensorState>Absent</SensorState>
        </Trackpoint>
        <Trackpoint>
          <Time>2026-03-11T12:10:26Z</Time>
          <DistanceMeters>1945.0</DistanceMeters>
          <HeartRateBpm>
            <Value>157</Value>
          </HeartRateBpm>
          <Cadence><Value>115</Value></Cadence>
          <SensorState>Absent</SensorState>
        </Trackpoint>
        <Trackpoint>
          <Time>2026-03-11T12:10:26Z</Time>
          <DistanceMeters>1945.0</DistanceMeters>
          <HeartRateBpm>
            <Value>157</Value>
          </HeartRateBpm>
          <Cadence><Value>115</Value></Cadence>
          <SensorState>Absent</SensorState>
        </Trackpoint>
        <Trackpoint>
          <Time>2026-03-11T12:10:28Z</Time>
          <DistanceMeters>1945.0</DistanceMeters>
          <HeartRateBpm>
            <Value>156</Value>
          </HeartRateBpm>
          <Cadence><Value>115</Value></Cadence>
          <SensorState>Absent</SensorState>
        </Trackpoint>
        <Trackpoint>
          <Time>2026-03-11T12:10:30Z</Time>
          <DistanceMeters>1982.0</DistanceMeters>
          <HeartRateBpm>
            <Value>154</Value>
          </HeartRateBpm>
          <Cadence><Value>115</Value></Cadence>
          <SensorState>Absent</SensorState>
        </Trackpoint>
        <Trackpoint>
          <Time>2026-03-11T12:10:33Z</Time>
          <DistanceMeters>1982.0</DistanceMeters>
          <HeartRateBpm>
            <Value>153</Value>
          </HeartRateBpm>
          <Cadence><Value>115</Value></Cadence>
          <SensorState>Absent</SensorState>
        </Trackpoint>
        <Trackpoint>
          <Time>2026-03-11T12:10:34Z</Time>
          <DistanceMeters>1982.0</DistanceMeters>
          <HeartRateBpm>
            <Value>152</Value>
          </HeartRateBpm>
          <Cadence><Value>115</Value></Cadence>
          <SensorState>Absent</SensorState>
        </Trackpoint>
        <Trackpoint>
          <Time>2026-03-11T12:10:35Z</Time>
          <DistanceMeters>1982.0</DistanceMeters>
          <HeartRateBpm>
            <Value>153</Value>
          </HeartRateBpm>
          <Cadence><Value>115</Value></Cadence>
          <SensorState>Absent</SensorState>
        </Trackpoint>
        <Trackpoint>
          <Time>2026-03-11T12:10:38Z</Time>
          <DistanceMeters>1982.0</DistanceMeters>
          <HeartRateBpm>
            <Value>154</Value>
          </HeartRateBpm>
          <Cadence><Value>115</Value></Cadence>
          <SensorState>Absent</SensorState>
        </Trackpoint>
        <Trackpoint>
          <Time>2026-03-11T12:10:39Z</Time>
          <DistanceMeters>1982.0</DistanceMeters>
          <HeartRateBpm>
            <Value>155</Value>
          </HeartRateBpm>
          <Cadence><Value>115</Value></Cadence>
          <SensorState>Absent</SensorState>
        </Trackpoint>
        <Trackpoint>
          <Time>2026-03-11T12:10:43Z</Time>
          <DistanceMeters>1982.0</DistanceMeters>
          <HeartRateBpm>
            <Value>154</Value>
          </HeartRateBpm>
          <Cadence><Value>115</Value></Cadence>
          <SensorState>Absent</SensorState>
        </Trackpoint>
        <Trackpoint>
          <Time>2026-03-11T12:10:48Z</Time>
          <DistanceMeters>1982.0</DistanceMeters>
          <HeartRateBpm>
            <Value>154</Value>
          </HeartRateBpm>
          <Cadence><Value>115</Value></Cadence>
          <SensorState>Absent</SensorState>
        </Trackpoint>
        <Trackpoint>
          <Time>2026-03-11T12:10:51Z</Time>
          <DistanceMeters>1982.0</DistanceMeters>
          <HeartRateBpm>
            <Value>155</Value>
          </HeartRateBpm>
          <Cadence><Value>115</Value></Cadence>
          <SensorState>Absent</SensorState>
        </Trackpoint>
        <Trackpoint>
          <Time>2026-03-11T12:10:52Z</Time>
          <DistanceMeters>1982.0</DistanceMeters>
          <HeartRateBpm>
            <Value>158</Value>
          </HeartRateBpm>
          <Cadence><Value>115</Value></Cadence>
          <SensorState>Absent</SensorState>
        </Trackpoint>
        <Trackpoint>
          <Time>2026-03-11T12:10:53Z</Time>
          <DistanceMeters>1982.0</DistanceMeters>
          <HeartRateBpm>
            <Value>160</Value>
          </HeartRateBpm>
          <Cadence><Value>115</Value></Cadence>
          <SensorState>Absent</SensorState>
        </Trackpoint>
        <Trackpoint>
          <Time>2026-03-11T12:10:56Z</Time>
          <DistanceMeters>1982.0</DistanceMeters>
          <HeartRateBpm>
            <Value>157</Value>
          </HeartRateBpm>
          <Cadence><Value>115</Value></Cadence>
          <SensorState>Absent</SensorState>
        </Trackpoint>
        <Trackpoint>
          <Time>2026-03-11T12:10:57Z</Time>
          <DistanceMeters>1982.0</DistanceMeters>
          <HeartRateBpm>
            <Value>156</Value>
          </HeartRateBpm>
          <Cadence><Value>115</Value></Cadence>
          <SensorState>Absent</SensorState>
        </Trackpoint>
        <Trackpoint>
          <Time>2026-03-11T12:10:58Z</Time>
          <DistanceMeters>1982.0</DistanceMeters>
          <HeartRateBpm>
            <Value>157</Value>
          </HeartRateBpm>
          <Cadence><Value>115</Value></Cadence>
          <SensorState>Absent</SensorState>
        </Trackpoint>
        <Trackpoint>
          <Time>2026-03-11T12:10:59Z</Time>
          <DistanceMeters>1982.0</DistanceMeters>
          <HeartRateBpm>
            <Value>158</Value>
          </HeartRateBpm>
          <Cadence><Value>115</Value></Cadence>
          <SensorState>Absent</SensorState>
        </Trackpoint>
        <Trackpoint>
          <Time>2026-03-11T12:11:00Z</Time>
          <DistanceMeters>1982.0</DistanceMeters>
          <HeartRateBpm>
            <Value>159</Value>
          </HeartRateBpm>
          <Cadence><Value>117</Value></Cadence>
          <SensorState>Absent</SensorState>
        </Trackpoint>
        <Trackpoint>
          <Time>2026-03-11T12:11:00Z</Time>
          <DistanceMeters>1982.0</DistanceMeters>
          <HeartRateBpm>
            <Value>160</Value>
          </HeartRateBpm>
          <Cadence><Value>117</Value></Cadence>
          <SensorState>Absent</SensorState>
        </Trackpoint>
        <Trackpoint>
          <Time>2026-03-11T12:11:03Z</Time>
          <DistanceMeters>1982.0</DistanceMeters>
          <HeartRateBpm>
            <Value>161</Value>
          </HeartRateBpm>
          <Cadence><Value>117</Value></Cadence>
          <SensorState>Absent</SensorState>
        </Trackpoint>
        <Trackpoint>
          <Time>2026-03-11T12:11:06Z</Time>
          <DistanceMeters>1982.0</DistanceMeters>
          <HeartRateBpm>
            <Value>162</Value>
          </HeartRateBpm>
          <Cadence><Value>117</Value></Cadence>
          <SensorState>Absent</SensorState>
        </Trackpoint>
        <Trackpoint>
          <Time>2026-03-11T12:11:07Z</Time>
          <DistanceMeters>1982.0</DistanceMeters>
          <HeartRateBpm>
            <Value>163</Value>
          </HeartRateBpm>
          <Cadence><Value>117</Value></Cadence>
          <SensorState>Absent</SensorState>
        </Trackpoint>
        <Trackpoint>
          <Time>2026-03-11T12:11:08Z</Time>
          <DistanceMeters>1982.0</DistanceMeters>
          <HeartRateBpm>
            <Value>163</Value>
          </HeartRateBpm>
          <Cadence><Value>117</Value></Cadence>
          <SensorState>Absent</SensorState>
        </Trackpoint>
        <Trackpoint>
          <Time>2026-03-11T12:11:08Z</Time>
          <DistanceMeters>1982.0</DistanceMeters>
          <HeartRateBpm>
            <Value>166</Value>
          </HeartRateBpm>
          <Cadence><Value>117</Value></Cadence>
          <SensorState>Absent</SensorState>
        </Trackpoint>
        <Trackpoint>
          <Time>2026-03-11T12:11:11Z</Time>
          <DistanceMeters>1982.0</DistanceMeters>
          <HeartRateBpm>
            <Value>168</Value>
          </HeartRateBpm>
          <Cadence><Value>117</Value></Cadence>
          <SensorState>Absent</SensorState>
        </Trackpoint>
        <Trackpoint>
          <Time>2026-03-11T12:11:12Z</Time>
          <DistanceMeters>1982.0</DistanceMeters>
          <HeartRateBpm>
            <Value>170</Value>
          </HeartRateBpm>
          <Cadence><Value>117</Value></Cadence>
          <SensorState>Absent</SensorState>
        </Trackpoint>
        <Trackpoint>
          <Time>2026-03-11T12:11:13Z</Time>
          <DistanceMeters>1982.0</DistanceMeters>
          <HeartRateBpm>
            <Value>168</Value>
          </HeartRateBpm>
          <Cadence><Value>117</Value></Cadence>
          <SensorState>Absent</SensorState>
        </Trackpoint>
        <Trackpoint>
          <Time>2026-03-11T12:11:13Z</Time>
          <DistanceMeters>1982.0</DistanceMeters>
          <HeartRateBpm>
            <Value>170</Value>
          </HeartRateBpm>
          <Cadence><Value>117</Value></Cadence>
          <SensorState>Absent</SensorState>
        </Trackpoint>
        <Trackpoint>
          <Time>2026-03-11T12:11:15Z</Time>
          <DistanceMeters>1982.0</DistanceMeters>
          <HeartRateBpm>
            <Value>166</Value>
          </HeartRateBpm>
          <Cadence><Value>117</Value></Cadence>
          <SensorState>Absent</SensorState>
        </Trackpoint>
        <Trackpoint>
          <Time>2026-03-11T12:11:16Z</Time>
          <DistanceMeters>1982.0</DistanceMeters>
          <HeartRateBpm>
            <Value>164</Value>
          </HeartRateBpm>
          <Cadence><Value>117</Value></Cadence>
          <SensorState>Absent</SensorState>
        </Trackpoint>
        <Trackpoint>
          <Time>2026-03-11T12:11:17Z</Time>
          <DistanceMeters>1982.0</DistanceMeters>
          <HeartRateBpm>
            <Value>162</Value>
          </HeartRateBpm>
          <Cadence><Value>117</Value></Cadence>
          <SensorState>Absent</SensorState>
        </Trackpoint>
        <Trackpoint>
          <Time>2026-03-11T12:11:18Z</Time>
          <DistanceMeters>1982.0</DistanceMeters>
          <HeartRateBpm>
            <Value>161</Value>
          </HeartRateBpm>
          <Cadence><Value>117</Value></Cadence>
          <SensorState>Absent</SensorState>
        </Trackpoint>
        <Trackpoint>
          <Time>2026-03-11T12:11:18Z</Time>
          <DistanceMeters>1982.0</DistanceMeters>
          <HeartRateBpm>
            <Value>164</Value>
          </HeartRateBpm>
          <Cadence><Value>117</Value></Cadence>
          <SensorState>Absent</SensorState>
        </Trackpoint>
        <Trackpoint>
          <Time>2026-03-11T12:11:20Z</Time>
          <DistanceMeters>1982.0</DistanceMeters>
          <HeartRateBpm>
            <Value>162</Value>
          </HeartRateBpm>
          <Cadence><Value>117</Value></Cadence>
          <SensorState>Absent</SensorState>
        </Trackpoint>
        <Trackpoint>
          <Time>2026-03-11T12:11:21Z</Time>
          <DistanceMeters>1982.0</DistanceMeters>
          <HeartRateBpm>
            <Value>159</Value>
          </HeartRateBpm>
          <Cadence><Value>117</Value></Cadence>
          <SensorState>Absent</SensorState>
        </Trackpoint>
        <Trackpoint>
          <Time>2026-03-11T12:11:24Z</Time>
          <DistanceMeters>1982.0</DistanceMeters>
          <HeartRateBpm>
            <Value>161</Value>
          </HeartRateBpm>
          <Cadence><Value>117</Value></Cadence>
          <SensorState>Absent</SensorState>
        </Trackpoint>
        <Trackpoint>
          <Time>2026-03-11T12:11:25Z</Time>
          <DistanceMeters>1982.0</DistanceMeters>
          <HeartRateBpm>
            <Value>162</Value>
          </HeartRateBpm>
          <Cadence><Value>117</Value></Cadence>
          <SensorState>Absent</SensorState>
        </Trackpoint>
        <Trackpoint>
          <Time>2026-03-11T12:11:28Z</Time>
          <DistanceMeters>1982.0</DistanceMeters>
          <HeartRateBpm>
            <Value>161</Value>
          </HeartRateBpm>
          <Cadence><Value>117</Value></Cadence>
          <SensorState>Absent</SensorState>
        </Trackpoint>
        <Trackpoint>
          <Time>2026-03-11T12:11:33Z</Time>
          <DistanceMeters>2017.0</DistanceMeters>
          <HeartRateBpm>
            <Value>161</Value>
          </HeartRateBpm>
          <Cadence><Value>117</Value></Cadence>
          <SensorState>Absent</SensorState>
        </Trackpoint>
        <Trackpoint>
          <Time>2026-03-11T12:11:38Z</Time>
          <DistanceMeters>2017.0</DistanceMeters>
          <HeartRateBpm>
            <Value>160</Value>
          </HeartRateBpm>
          <Cadence><Value>117</Value></Cadence>
          <SensorState>Absent</SensorState>
        </Trackpoint>
        <Trackpoint>
          <Time>2026-03-11T12:11:39Z</Time>
          <DistanceMeters>2017.0</DistanceMeters>
          <HeartRateBpm>
            <Value>158</Value>
          </HeartRateBpm>
          <Cadence><Value>117</Value></Cadence>
          <SensorState>Absent</SensorState>
        </Trackpoint>
        <Trackpoint>
          <Time>2026-03-11T12:11:39Z</Time>
          <DistanceMeters>2017.0</DistanceMeters>
          <HeartRateBpm>
            <Value>158</Value>
          </HeartRateBpm>
          <Cadence><Value>117</Value></Cadence>
          <SensorState>Absent</SensorState>
        </Trackpoint>
        <Trackpoint>
          <Time>2026-03-11T12:11:43Z</Time>
          <DistanceMeters>2017.0</DistanceMeters>
          <HeartRateBpm>
            <Value>157</Value>
          </HeartRateBpm>
          <Cadence><Value>117</Value></Cadence>
          <SensorState>Absent</SensorState>
        </Trackpoint>
        <Trackpoint>
          <Time>2026-03-11T12:11:44Z</Time>
          <DistanceMeters>2017.0</DistanceMeters>
          <HeartRateBpm>
            <Value>154</Value>
          </HeartRateBpm>
          <Cadence><Value>117</Value></Cadence>
          <SensorState>Absent</SensorState>
        </Trackpoint>
        <Trackpoint>
          <Time>2026-03-11T12:11:49Z</Time>
          <DistanceMeters>2017.0</DistanceMeters>
          <HeartRateBpm>
            <Value>153</Value>
          </HeartRateBpm>
          <Cadence><Value>117</Value></Cadence>
          <SensorState>Absent</SensorState>
        </Trackpoint>
        <Trackpoint>
          <Time>2026-03-11T12:11:51Z</Time>
          <DistanceMeters>2017.0</DistanceMeters>
          <HeartRateBpm>
            <Value>151</Value>
          </HeartRateBpm>
          <Cadence><Value>117</Value></Cadence>
          <SensorState>Absent</SensorState>
        </Trackpoint>
        <Trackpoint>
          <Time>2026-03-11T12:11:51Z</Time>
          <DistanceMeters>2017.0</DistanceMeters>
          <HeartRateBpm>
            <Value>151</Value>
          </HeartRateBpm>
          <Cadence><Value>117</Value></Cadence>
          <SensorState>Absent</SensorState>
        </Trackpoint>
        <Trackpoint>
          <Time>2026-03-11T12:11:53Z</Time>
          <DistanceMeters>2017.0</DistanceMeters>
          <HeartRateBpm>
            <Value>154</Value>
          </HeartRateBpm>
          <Cadence><Value>117</Value></Cadence>
          <SensorState>Absent</SensorState>
        </Trackpoint>
        <Trackpoint>
          <Time>2026-03-11T12:11:55Z</Time>
          <DistanceMeters>2017.0</DistanceMeters>
          <HeartRateBpm>
            <Value>155</Value>
          </HeartRateBpm>
          <Cadence><Value>117</Value></Cadence>
          <SensorState>Absent</SensorState>
        </Trackpoint>
        <Trackpoint>
          <Time>2026-03-11T12:11:56Z</Time>
          <DistanceMeters>2017.0</DistanceMeters>
          <HeartRateBpm>
            <Value>156</Value>
          </HeartRateBpm>
          <Cadence><Value>117</Value></Cadence>
          <SensorState>Absent</SensorState>
        </Trackpoint>
        <Trackpoint>
          <Time>2026-03-11T12:11:57Z</Time>
          <DistanceMeters>2017.0</DistanceMeters>
          <HeartRateBpm>
            <Value>160</Value>
          </HeartRateBpm>
          <Cadence><Value>117</Value></Cadence>
          <SensorState>Absent</SensorState>
        </Trackpoint>
        <Trackpoint>
          <Time>2026-03-11T12:11:57Z</Time>
          <DistanceMeters>2017.0</DistanceMeters>
          <HeartRateBpm>
            <Value>160</Value>
          </HeartRateBpm>
          <Cadence><Value>117</Value></Cadence>
          <SensorState>Absent</SensorState>
        </Trackpoint>
        <Trackpoint>
          <Time>2026-03-11T12:11:59Z</Time>
          <DistanceMeters>2017.0</DistanceMeters>
          <HeartRateBpm>
            <Value>161</Value>
          </HeartRateBpm>
          <Cadence><Value>117</Value></Cadence>
          <SensorState>Absent</SensorState>
        </Trackpoint>
        <Trackpoint>
          <Time>2026-03-11T12:12:00Z</Time>
          <DistanceMeters>2017.0</DistanceMeters>
          <HeartRateBpm>
            <Value>162</Value>
          </HeartRateBpm>
          <Cadence><Value>112</Value></Cadence>
          <SensorState>Absent</SensorState>
        </Trackpoint>
        <Trackpoint>
          <Time>2026-03-11T12:12:01Z</Time>
          <DistanceMeters>2017.0</DistanceMeters>
          <HeartRateBpm>
            <Value>164</Value>
          </HeartRateBpm>
          <Cadence><Value>112</Value></Cadence>
          <SensorState>Absent</SensorState>
        </Trackpoint>
        <Trackpoint>
          <Time>2026-03-11T12:12:03Z</Time>
          <DistanceMeters>2017.0</DistanceMeters>
          <HeartRateBpm>
            <Value>165</Value>
          </HeartRateBpm>
          <Cadence><Value>112</Value></Cadence>
          <SensorState>Absent</SensorState>
        </Trackpoint>
        <Trackpoint>
          <Time>2026-03-11T12:12:04Z</Time>
          <DistanceMeters>2017.0</DistanceMeters>
          <HeartRateBpm>
            <Value>166</Value>
          </HeartRateBpm>
          <Cadence><Value>112</Value></Cadence>
          <SensorState>Absent</SensorState>
        </Trackpoint>
        <Trackpoint>
          <Time>2026-03-11T12:12:04Z</Time>
          <DistanceMeters>2017.0</DistanceMeters>
          <HeartRateBpm>
            <Value>166</Value>
          </HeartRateBpm>
          <Cadence><Value>112</Value></Cadence>
          <SensorState>Absent</SensorState>
        </Trackpoint>
        <Trackpoint>
          <Time>2026-03-11T12:12:05Z</Time>
          <DistanceMeters>2017.0</DistanceMeters>
          <HeartRateBpm>
            <Value>167</Value>
          </HeartRateBpm>
          <Cadence><Value>112</Value></Cadence>
          <SensorState>Absent</SensorState>
        </Trackpoint>
        <Trackpoint>
          <Time>2026-03-11T12:12:06Z</Time>
          <DistanceMeters>2017.0</DistanceMeters>
          <HeartRateBpm>
            <Value>166</Value>
          </HeartRateBpm>
          <Cadence><Value>112</Value></Cadence>
          <SensorState>Absent</SensorState>
        </Trackpoint>
        <Trackpoint>
          <Time>2026-03-11T12:12:08Z</Time>
          <DistanceMeters>2017.0</DistanceMeters>
          <HeartRateBpm>
            <Value>165</Value>
          </HeartRateBpm>
          <Cadence><Value>112</Value></Cadence>
          <SensorState>Absent</SensorState>
        </Trackpoint>
        <Trackpoint>
          <Time>2026-03-11T12:12:09Z</Time>
          <DistanceMeters>2017.0</DistanceMeters>
          <HeartRateBpm>
            <Value>164</Value>
          </HeartRateBpm>
          <Cadence><Value>112</Value></Cadence>
          <SensorState>Absent</SensorState>
        </Trackpoint>
        <Trackpoint>
          <Time>2026-03-11T12:12:10Z</Time>
          <DistanceMeters>2017.0</DistanceMeters>
          <HeartRateBpm>
            <Value>162</Value>
          </HeartRateBpm>
          <Cadence><Value>112</Value></Cadence>
          <SensorState>Absent</SensorState>
        </Trackpoint>
        <Trackpoint>
          <Time>2026-03-11T12:12:13Z</Time>
          <DistanceMeters>2017.0</DistanceMeters>
          <HeartRateBpm>
            <Value>161</Value>
          </HeartRateBpm>
          <Cadence><Value>112</Value></Cadence>
          <SensorState>Absent</SensorState>
        </Trackpoint>
        <Trackpoint>
          <Time>2026-03-11T12:12:14Z</Time>
          <DistanceMeters>2017.0</DistanceMeters>
          <HeartRateBpm>
            <Value>159</Value>
          </HeartRateBpm>
          <Cadence><Value>112</Value></Cadence>
          <SensorState>Absent</SensorState>
        </Trackpoint>
        <Trackpoint>
          <Time>2026-03-11T12:12:14Z</Time>
          <DistanceMeters>2017.0</DistanceMeters>
          <HeartRateBpm>
            <Value>159</Value>
          </HeartRateBpm>
          <Cadence><Value>112</Value></Cadence>
          <SensorState>Absent</SensorState>
        </Trackpoint>
        <Trackpoint>
          <Time>2026-03-11T12:12:15Z</Time>
          <DistanceMeters>2017.0</DistanceMeters>
          <HeartRateBpm>
            <Value>158</Value>
          </HeartRateBpm>
          <Cadence><Value>112</Value></Cadence>
          <SensorState>Absent</SensorState>
        </Trackpoint>
        <Trackpoint>
          <Time>2026-03-11T12:12:19Z</Time>
          <DistanceMeters>2017.0</DistanceMeters>
          <HeartRateBpm>
            <Value>159</Value>
          </HeartRateBpm>
          <Cadence><Value>112</Value></Cadence>
          <SensorState>Absent</SensorState>
        </Trackpoint>
        <Trackpoint>
          <Time>2026-03-11T12:12:25Z</Time>
          <DistanceMeters>2017.0</DistanceMeters>
          <HeartRateBpm>
            <Value>159</Value>
          </HeartRateBpm>
          <Cadence><Value>112</Value></Cadence>
          <SensorState>Absent</SensorState>
        </Trackpoint>
        <Trackpoint>
          <Time>2026-03-11T12:12:28Z</Time>
          <DistanceMeters>2017.0</DistanceMeters>
          <HeartRateBpm>
            <Value>160</Value>
          </HeartRateBpm>
          <Cadence><Value>112</Value></Cadence>
          <SensorState>Absent</SensorState>
        </Trackpoint>
        <Trackpoint>
          <Time>2026-03-11T12:12:32Z</Time>
          <DistanceMeters>2054.0</DistanceMeters>
          <HeartRateBpm>
            <Value>161</Value>
          </HeartRateBpm>
          <Cadence><Value>112</Value></Cadence>
          <SensorState>Absent</SensorState>
        </Trackpoint>
        <Trackpoint>
          <Time>2026-03-11T12:12:36Z</Time>
          <DistanceMeters>2054.0</DistanceMeters>
          <HeartRateBpm>
            <Value>158</Value>
          </HeartRateBpm>
          <Cadence><Value>112</Value></Cadence>
          <SensorState>Absent</SensorState>
        </Trackpoint>
        <Trackpoint>
          <Time>2026-03-11T12:12:39Z</Time>
          <DistanceMeters>2054.0</DistanceMeters>
          <HeartRateBpm>
            <Value>159</Value>
          </HeartRateBpm>
          <Cadence><Value>112</Value></Cadence>
          <SensorState>Absent</SensorState>
        </Trackpoint>
        <Trackpoint>
          <Time>2026-03-11T12:12:40Z</Time>
          <DistanceMeters>2054.0</DistanceMeters>
          <HeartRateBpm>
            <Value>160</Value>
          </HeartRateBpm>
          <Cadence><Value>112</Value></Cadence>
          <SensorState>Absent</SensorState>
        </Trackpoint>
        <Trackpoint>
          <Time>2026-03-11T12:12:41Z</Time>
          <DistanceMeters>2054.0</DistanceMeters>
          <HeartRateBpm>
            <Value>161</Value>
          </HeartRateBpm>
          <Cadence><Value>112</Value></Cadence>
          <SensorState>Absent</SensorState>
        </Trackpoint>
        <Trackpoint>
          <Time>2026-03-11T12:12:47Z</Time>
          <DistanceMeters>2054.0</DistanceMeters>
          <HeartRateBpm>
            <Value>162</Value>
          </HeartRateBpm>
          <Cadence><Value>112</Value></Cadence>
          <SensorState>Absent</SensorState>
        </Trackpoint>
        <Trackpoint>
          <Time>2026-03-11T12:12:48Z</Time>
          <DistanceMeters>2054.0</DistanceMeters>
          <HeartRateBpm>
            <Value>164</Value>
          </HeartRateBpm>
          <Cadence><Value>112</Value></Cadence>
          <SensorState>Absent</SensorState>
        </Trackpoint>
        <Trackpoint>
          <Time>2026-03-11T12:12:49Z</Time>
          <DistanceMeters>2054.0</DistanceMeters>
          <HeartRateBpm>
            <Value>170</Value>
          </HeartRateBpm>
          <Cadence><Value>112</Value></Cadence>
          <SensorState>Absent</SensorState>
        </Trackpoint>
        <Trackpoint>
          <Time>2026-03-11T12:12:50Z</Time>
          <DistanceMeters>2054.0</DistanceMeters>
          <HeartRateBpm>
            <Value>170</Value>
          </HeartRateBpm>
          <Cadence><Value>112</Value></Cadence>
          <SensorState>Absent</SensorState>
        </Trackpoint>
        <Trackpoint>
          <Time>2026-03-11T12:12:50Z</Time>
          <DistanceMeters>2054.0</DistanceMeters>
          <HeartRateBpm>
            <Value>175</Value>
          </HeartRateBpm>
          <Cadence><Value>112</Value></Cadence>
          <SensorState>Absent</SensorState>
        </Trackpoint>
        <Trackpoint>
          <Time>2026-03-11T12:12:52Z</Time>
          <DistanceMeters>2054.0</DistanceMeters>
          <HeartRateBpm>
            <Value>177</Value>
          </HeartRateBpm>
          <Cadence><Value>112</Value></Cadence>
          <SensorState>Absent</SensorState>
        </Trackpoint>
        <Trackpoint>
          <Time>2026-03-11T12:12:52Z</Time>
          <DistanceMeters>2054.0</DistanceMeters>
          <HeartRateBpm>
            <Value>177</Value>
          </HeartRateBpm>
          <Cadence><Value>112</Value></Cadence>
          <SensorState>Absent</SensorState>
        </Trackpoint>
        <Trackpoint>
          <Time>2026-03-11T12:12:53Z</Time>
          <DistanceMeters>2054.0</DistanceMeters>
          <HeartRateBpm>
            <Value>178</Value>
          </HeartRateBpm>
          <Cadence><Value>112</Value></Cadence>
          <SensorState>Absent</SensorState>
        </Trackpoint>
        <Trackpoint>
          <Time>2026-03-11T12:12:54Z</Time>
          <DistanceMeters>2054.0</DistanceMeters>
          <HeartRateBpm>
            <Value>176</Value>
          </HeartRateBpm>
          <Cadence><Value>112</Value></Cadence>
          <SensorState>Absent</SensorState>
        </Trackpoint>
        <Trackpoint>
          <Time>2026-03-11T12:12:58Z</Time>
          <DistanceMeters>2054.0</DistanceMeters>
          <HeartRateBpm>
            <Value>175</Value>
          </HeartRateBpm>
          <Cadence><Value>112</Value></Cadence>
          <SensorState>Absent</SensorState>
        </Trackpoint>
        <Trackpoint>
          <Time>2026-03-11T12:13:00Z</Time>
          <DistanceMeters>2054.0</DistanceMeters>
          <HeartRateBpm>
            <Value>169</Value>
          </HeartRateBpm>
          <Cadence><Value>54</Value></Cadence>
          <SensorState>Absent</SensorState>
        </Trackpoint>
        <Trackpoint>
          <Time>2026-03-11T12:13:03Z</Time>
          <DistanceMeters>2054.0</DistanceMeters>
          <HeartRateBpm>
            <Value>170</Value>
          </HeartRateBpm>
          <Cadence><Value>54</Value></Cadence>
          <SensorState>Absent</SensorState>
        </Trackpoint>
        <Trackpoint>
          <Time>2026-03-11T12:13:03Z</Time>
          <DistanceMeters>2054.0</DistanceMeters>
          <HeartRateBpm>
            <Value>170</Value>
          </HeartRateBpm>
          <Cadence><Value>54</Value></Cadence>
          <SensorState>Absent</SensorState>
        </Trackpoint>
        <Trackpoint>
          <Time>2026-03-11T12:13:07Z</Time>
          <DistanceMeters>2054.0</DistanceMeters>
          <HeartRateBpm>
            <Value>169</Value>
          </HeartRateBpm>
          <Cadence><Value>54</Value></Cadence>
          <SensorState>Absent</SensorState>
        </Trackpoint>
        <Trackpoint>
          <Time>2026-03-11T12:13:10Z</Time>
          <DistanceMeters>2054.0</DistanceMeters>
          <HeartRateBpm>
            <Value>170</Value>
          </HeartRateBpm>
          <Cadence><Value>54</Value></Cadence>
          <SensorState>Absent</SensorState>
        </Trackpoint>
        <Trackpoint>
          <Time>2026-03-11T12:13:13Z</Time>
          <DistanceMeters>2054.0</DistanceMeters>
          <HeartRateBpm>
            <Value>171</Value>
          </HeartRateBpm>
          <Cadence><Value>54</Value></Cadence>
          <SensorState>Absent</SensorState>
        </Trackpoint>
        <Trackpoint>
          <Time>2026-03-11T12:13:14Z</Time>
          <DistanceMeters>2054.0</DistanceMeters>
          <HeartRateBpm>
            <Value>172</Value>
          </HeartRateBpm>
          <Cadence><Value>54</Value></Cadence>
          <SensorState>Absent</SensorState>
        </Trackpoint>
        <Trackpoint>
          <Time>2026-03-11T12:13:16Z</Time>
          <DistanceMeters>2054.0</DistanceMeters>
          <HeartRateBpm>
            <Value>173</Value>
          </HeartRateBpm>
          <Cadence><Value>54</Value></Cadence>
          <SensorState>Absent</SensorState>
        </Trackpoint>
        <Trackpoint>
          <Time>2026-03-11T12:13:18Z</Time>
          <DistanceMeters>2054.0</DistanceMeters>
          <HeartRateBpm>
            <Value>174</Value>
          </HeartRateBpm>
          <Cadence><Value>54</Value></Cadence>
          <SensorState>Absent</SensorState>
        </Trackpoint>
        <Trackpoint>
          <Time>2026-03-11T12:13:19Z</Time>
          <DistanceMeters>2054.0</DistanceMeters>
          <HeartRateBpm>
            <Value>175</Value>
          </HeartRateBpm>
          <Cadence><Value>54</Value></Cadence>
          <SensorState>Absent</SensorState>
        </Trackpoint>
        <Trackpoint>
          <Time>2026-03-11T12:13:20Z</Time>
          <DistanceMeters>2054.0</DistanceMeters>
          <HeartRateBpm>
            <Value>173</Value>
          </HeartRateBpm>
          <Cadence><Value>54</Value></Cadence>
          <SensorState>Absent</SensorState>
        </Trackpoint>
        <Trackpoint>
          <Time>2026-03-11T12:13:21Z</Time>
          <DistanceMeters>2054.0</DistanceMeters>
          <HeartRateBpm>
            <Value>172</Value>
          </HeartRateBpm>
          <Cadence><Value>54</Value></Cadence>
          <SensorState>Absent</SensorState>
        </Trackpoint>
        <Trackpoint>
          <Time>2026-03-11T12:13:27Z</Time>
          <DistanceMeters>2054.0</DistanceMeters>
          <HeartRateBpm>
            <Value>172</Value>
          </HeartRateBpm>
          <Cadence><Value>54</Value></Cadence>
          <SensorState>Absent</SensorState>
        </Trackpoint>
        <Trackpoint>
          <Time>2026-03-11T12:13:29Z</Time>
          <DistanceMeters>2054.0</DistanceMeters>
          <HeartRateBpm>
            <Value>170</Value>
          </HeartRateBpm>
          <Cadence><Value>54</Value></Cadence>
          <SensorState>Absent</SensorState>
        </Trackpoint>
        <Trackpoint>
          <Time>2026-03-11T12:13:31Z</Time>
          <DistanceMeters>2089.0</DistanceMeters>
          <HeartRateBpm>
            <Value>169</Value>
          </HeartRateBpm>
          <Cadence><Value>54</Value></Cadence>
          <SensorState>Absent</SensorState>
        </Trackpoint>
        <Trackpoint>
          <Time>2026-03-11T12:13:33Z</Time>
          <DistanceMeters>2089.0</DistanceMeters>
          <HeartRateBpm>
            <Value>172</Value>
          </HeartRateBpm>
          <Cadence><Value>54</Value></Cadence>
          <SensorState>Absent</SensorState>
        </Trackpoint>
        <Trackpoint>
          <Time>2026-03-11T12:13:36Z</Time>
          <DistanceMeters>2089.0</DistanceMeters>
          <HeartRateBpm>
            <Value>171</Value>
          </HeartRateBpm>
          <Cadence><Value>54</Value></Cadence>
          <SensorState>Absent</SensorState>
        </Trackpoint>
        <Trackpoint>
          <Time>2026-03-11T12:13:39Z</Time>
          <DistanceMeters>2089.0</DistanceMeters>
          <HeartRateBpm>
            <Value>173</Value>
          </HeartRateBpm>
          <Cadence><Value>54</Value></Cadence>
          <SensorState>Absent</SensorState>
        </Trackpoint>
        <Trackpoint>
          <Time>2026-03-11T12:13:40Z</Time>
          <DistanceMeters>2089.0</DistanceMeters>
          <HeartRateBpm>
            <Value>174</Value>
          </HeartRateBpm>
          <Cadence><Value>54</Value></Cadence>
          <SensorState>Absent</SensorState>
        </Trackpoint>
        <Trackpoint>
          <Time>2026-03-11T12:13:42Z</Time>
          <DistanceMeters>2089.0</DistanceMeters>
          <HeartRateBpm>
            <Value>173</Value>
          </HeartRateBpm>
          <Cadence><Value>54</Value></Cadence>
          <SensorState>Absent</SensorState>
        </Trackpoint>
        <Trackpoint>
          <Time>2026-03-11T12:13:47Z</Time>
          <DistanceMeters>2089.0</DistanceMeters>
          <HeartRateBpm>
            <Value>173</Value>
          </HeartRateBpm>
          <Cadence><Value>54</Value></Cadence>
          <SensorState>Absent</SensorState>
        </Trackpoint>
        <Trackpoint>
          <Time>2026-03-11T12:13:49Z</Time>
          <DistanceMeters>2089.0</DistanceMeters>
          <HeartRateBpm>
            <Value>174</Value>
          </HeartRateBpm>
          <Cadence><Value>54</Value></Cadence>
          <SensorState>Absent</SensorState>
        </Trackpoint>
        <Trackpoint>
          <Time>2026-03-11T12:13:50Z</Time>
          <DistanceMeters>2089.0</DistanceMeters>
          <HeartRateBpm>
            <Value>173</Value>
          </HeartRateBpm>
          <Cadence><Value>54</Value></Cadence>
          <SensorState>Absent</SensorState>
        </Trackpoint>
        <Trackpoint>
          <Time>2026-03-11T12:13:51Z</Time>
          <DistanceMeters>2089.0</DistanceMeters>
          <HeartRateBpm>
            <Value>169</Value>
          </HeartRateBpm>
          <Cadence><Value>54</Value></Cadence>
          <SensorState>Absent</SensorState>
        </Trackpoint>
        <Trackpoint>
          <Time>2026-03-11T12:13:55Z</Time>
          <DistanceMeters>2089.0</DistanceMeters>
          <HeartRateBpm>
            <Value>168</Value>
          </HeartRateBpm>
          <Cadence><Value>54</Value></Cadence>
          <SensorState>Absent</SensorState>
        </Trackpoint>
        <Trackpoint>
          <Time>2026-03-11T12:13:57Z</Time>
          <DistanceMeters>2089.0</DistanceMeters>
          <HeartRateBpm>
            <Value>167</Value>
          </HeartRateBpm>
          <Cadence><Value>54</Value></Cadence>
          <SensorState>Absent</SensorState>
        </Trackpoint>
        <Trackpoint>
          <Time>2026-03-11T12:13:58Z</Time>
          <DistanceMeters>2089.0</DistanceMeters>
          <HeartRateBpm>
            <Value>166</Value>
          </HeartRateBpm>
          <Cadence><Value>54</Value></Cadence>
          <SensorState>Absent</SensorState>
        </Trackpoint>
        <Trackpoint>
          <Time>2026-03-11T12:13:59Z</Time>
          <DistanceMeters>2089.0</DistanceMeters>
          <HeartRateBpm>
            <Value>163</Value>
          </HeartRateBpm>
          <Cadence><Value>54</Value></Cadence>
          <SensorState>Absent</SensorState>
        </Trackpoint>
        <Trackpoint>
          <Time>2026-03-11T12:14:00Z</Time>
          <DistanceMeters>2089.0</DistanceMeters>
          <HeartRateBpm>
            <Value>167</Value>
          </HeartRateBpm>
          <Cadence><Value>102</Value></Cadence>
          <SensorState>Absent</SensorState>
        </Trackpoint>
        <Trackpoint>
          <Time>2026-03-11T12:14:00Z</Time>
          <DistanceMeters>2089.0</DistanceMeters>
          <HeartRateBpm>
            <Value>163</Value>
          </HeartRateBpm>
          <Cadence><Value>102</Value></Cadence>
          <SensorState>Absent</SensorState>
        </Trackpoint>
        <Trackpoint>
          <Time>2026-03-11T12:14:02Z</Time>
          <DistanceMeters>2089.0</DistanceMeters>
          <HeartRateBpm>
            <Value>164</Value>
          </HeartRateBpm>
          <Cadence><Value>102</Value></Cadence>
          <SensorState>Absent</SensorState>
        </Trackpoint>
        <Trackpoint>
          <Time>2026-03-11T12:14:04Z</Time>
          <DistanceMeters>2089.0</DistanceMeters>
          <HeartRateBpm>
            <Value>165</Value>
          </HeartRateBpm>
          <Cadence><Value>102</Value></Cadence>
          <SensorState>Absent</SensorState>
        </Trackpoint>
        <Trackpoint>
          <Time>2026-03-11T12:14:07Z</Time>
          <DistanceMeters>2089.0</DistanceMeters>
          <HeartRateBpm>
            <Value>164</Value>
          </HeartRateBpm>
          <Cadence><Value>102</Value></Cadence>
          <SensorState>Absent</SensorState>
        </Trackpoint>
        <Trackpoint>
          <Time>2026-03-11T12:14:11Z</Time>
          <DistanceMeters>2089.0</DistanceMeters>
          <HeartRateBpm>
            <Value>165</Value>
          </HeartRateBpm>
          <Cadence><Value>102</Value></Cadence>
          <SensorState>Absent</SensorState>
        </Trackpoint>
        <Trackpoint>
          <Time>2026-03-11T12:14:12Z</Time>
          <DistanceMeters>2089.0</DistanceMeters>
          <HeartRateBpm>
            <Value>167</Value>
          </HeartRateBpm>
          <Cadence><Value>102</Value></Cadence>
          <SensorState>Absent</SensorState>
        </Trackpoint>
        <Trackpoint>
          <Time>2026-03-11T12:14:13Z</Time>
          <DistanceMeters>2089.0</DistanceMeters>
          <HeartRateBpm>
            <Value>168</Value>
          </HeartRateBpm>
          <Cadence><Value>102</Value></Cadence>
          <SensorState>Absent</SensorState>
        </Trackpoint>
        <Trackpoint>
          <Time>2026-03-11T12:14:15Z</Time>
          <DistanceMeters>2089.0</DistanceMeters>
          <HeartRateBpm>
            <Value>169</Value>
          </HeartRateBpm>
          <Cadence><Value>102</Value></Cadence>
          <SensorState>Absent</SensorState>
        </Trackpoint>
        <Trackpoint>
          <Time>2026-03-11T12:14:16Z</Time>
          <DistanceMeters>2089.0</DistanceMeters>
          <HeartRateBpm>
            <Value>169</Value>
          </HeartRateBpm>
          <Cadence><Value>102</Value></Cadence>
          <SensorState>Absent</SensorState>
        </Trackpoint>
        <Trackpoint>
          <Time>2026-03-11T12:14:20Z</Time>
          <DistanceMeters>2089.0</DistanceMeters>
          <HeartRateBpm>
            <Value>169</Value>
          </HeartRateBpm>
          <Cadence><Value>102</Value></Cadence>
          <SensorState>Absent</SensorState>
        </Trackpoint>
        <Trackpoint>
          <Time>2026-03-11T12:14:23Z</Time>
          <DistanceMeters>2089.0</DistanceMeters>
          <HeartRateBpm>
            <Value>168</Value>
          </HeartRateBpm>
          <Cadence><Value>102</Value></Cadence>
          <SensorState>Absent</SensorState>
        </Trackpoint>
        <Trackpoint>
          <Time>2026-03-11T12:14:26Z</Time>
          <DistanceMeters>2089.0</DistanceMeters>
          <HeartRateBpm>
            <Value>170</Value>
          </HeartRateBpm>
          <Cadence><Value>102</Value></Cadence>
          <SensorState>Absent</SensorState>
        </Trackpoint>
        <Trackpoint>
          <Time>2026-03-11T12:14:29Z</Time>
          <DistanceMeters>2089.0</DistanceMeters>
          <HeartRateBpm>
            <Value>168</Value>
          </HeartRateBpm>
          <Cadence><Value>102</Value></Cadence>
          <SensorState>Absent</SensorState>
        </Trackpoint>
        <Trackpoint>
          <Time>2026-03-11T12:14:30Z</Time>
          <DistanceMeters>2126.0</DistanceMeters>
          <HeartRateBpm>
            <Value>162</Value>
          </HeartRateBpm>
          <Cadence><Value>102</Value></Cadence>
          <SensorState>Absent</SensorState>
        </Trackpoint>
        <Trackpoint>
          <Time>2026-03-11T12:14:30Z</Time>
          <DistanceMeters>2126.0</DistanceMeters>
          <HeartRateBpm>
            <Value>162</Value>
          </HeartRateBpm>
          <Cadence><Value>102</Value></Cadence>
          <SensorState>Absent</SensorState>
        </Trackpoint>
        <Trackpoint>
          <Time>2026-03-11T12:14:31Z</Time>
          <DistanceMeters>2126.0</DistanceMeters>
          <HeartRateBpm>
            <Value>161</Value>
          </HeartRateBpm>
          <Cadence><Value>102</Value></Cadence>
          <SensorState>Absent</SensorState>
        </Trackpoint>
        <Trackpoint>
          <Time>2026-03-11T12:14:34Z</Time>
          <DistanceMeters>2126.0</DistanceMeters>
          <HeartRateBpm>
            <Value>164</Value>
          </HeartRateBpm>
          <Cadence><Value>102</Value></Cadence>
          <SensorState>Absent</SensorState>
        </Trackpoint>
        <Trackpoint>
          <Time>2026-03-11T12:14:35Z</Time>
          <DistanceMeters>2126.0</DistanceMeters>
          <HeartRateBpm>
            <Value>166</Value>
          </HeartRateBpm>
          <Cadence><Value>102</Value></Cadence>
          <SensorState>Absent</SensorState>
        </Trackpoint>
        <Trackpoint>
          <Time>2026-03-11T12:14:37Z</Time>
          <DistanceMeters>2126.0</DistanceMeters>
          <HeartRateBpm>
            <Value>167</Value>
          </HeartRateBpm>
          <Cadence><Value>102</Value></Cadence>
          <SensorState>Absent</SensorState>
        </Trackpoint>
        <Trackpoint>
          <Time>2026-03-11T12:14:38Z</Time>
          <DistanceMeters>2126.0</DistanceMeters>
          <HeartRateBpm>
            <Value>168</Value>
          </HeartRateBpm>
          <Cadence><Value>102</Value></Cadence>
          <SensorState>Absent</SensorState>
        </Trackpoint>
        <Trackpoint>
          <Time>2026-03-11T12:14:38Z</Time>
          <DistanceMeters>2126.0</DistanceMeters>
          <HeartRateBpm>
            <Value>168</Value>
          </HeartRateBpm>
          <Cadence><Value>102</Value></Cadence>
          <SensorState>Absent</SensorState>
        </Trackpoint>
        <Trackpoint>
          <Time>2026-03-11T12:14:43Z</Time>
          <DistanceMeters>2126.0</DistanceMeters>
          <HeartRateBpm>
            <Value>168</Value>
          </HeartRateBpm>
          <Cadence><Value>102</Value></Cadence>
          <SensorState>Absent</SensorState>
        </Trackpoint>
        <Trackpoint>
          <Time>2026-03-11T12:14:45Z</Time>
          <DistanceMeters>2126.0</DistanceMeters>
          <HeartRateBpm>
            <Value>167</Value>
          </HeartRateBpm>
          <Cadence><Value>102</Value></Cadence>
          <SensorState>Absent</SensorState>
        </Trackpoint>
        <Trackpoint>
          <Time>2026-03-11T12:14:46Z</Time>
          <DistanceMeters>2126.0</DistanceMeters>
          <HeartRateBpm>
            <Value>168</Value>
          </HeartRateBpm>
          <Cadence><Value>102</Value></Cadence>
          <SensorState>Absent</SensorState>
        </Trackpoint>
        <Trackpoint>
          <Time>2026-03-11T12:14:47Z</Time>
          <DistanceMeters>2126.0</DistanceMeters>
          <HeartRateBpm>
            <Value>167</Value>
          </HeartRateBpm>
          <Cadence><Value>102</Value></Cadence>
          <SensorState>Absent</SensorState>
        </Trackpoint>
        <Trackpoint>
          <Time>2026-03-11T12:14:50Z</Time>
          <DistanceMeters>2126.0</DistanceMeters>
          <HeartRateBpm>
            <Value>166</Value>
          </HeartRateBpm>
          <Cadence><Value>102</Value></Cadence>
          <SensorState>Absent</SensorState>
        </Trackpoint>
        <Trackpoint>
          <Time>2026-03-11T12:14:55Z</Time>
          <DistanceMeters>2126.0</DistanceMeters>
          <HeartRateBpm>
            <Value>166</Value>
          </HeartRateBpm>
          <Cadence><Value>102</Value></Cadence>
          <SensorState>Absent</SensorState>
        </Trackpoint>
        <Trackpoint>
          <Time>2026-03-11T12:14:57Z</Time>
          <DistanceMeters>2126.0</DistanceMeters>
          <HeartRateBpm>
            <Value>165</Value>
          </HeartRateBpm>
          <Cadence><Value>102</Value></Cadence>
          <SensorState>Absent</SensorState>
        </Trackpoint>
        <Trackpoint>
          <Time>2026-03-11T12:14:59Z</Time>
          <DistanceMeters>2126.0</DistanceMeters>
          <HeartRateBpm>
            <Value>164</Value>
          </HeartRateBpm>
          <Cadence><Value>102</Value></Cadence>
          <SensorState>Absent</SensorState>
        </Trackpoint>
        <Trackpoint>
          <Time>2026-03-11T12:15:00Z</Time>
          <DistanceMeters>2126.0</DistanceMeters>
          <HeartRateBpm>
            <Value>163</Value>
          </HeartRateBpm>
          <Cadence><Value>98</Value></Cadence>
          <SensorState>Absent</SensorState>
        </Trackpoint>
        <Trackpoint>
          <Time>2026-03-11T12:15:00Z</Time>
          <DistanceMeters>2126.0</DistanceMeters>
          <HeartRateBpm>
            <Value>165</Value>
          </HeartRateBpm>
          <Cadence><Value>98</Value></Cadence>
          <SensorState>Absent</SensorState>
        </Trackpoint>
        <Trackpoint>
          <Time>2026-03-11T12:15:05Z</Time>
          <DistanceMeters>2126.0</DistanceMeters>
          <HeartRateBpm>
            <Value>165</Value>
          </HeartRateBpm>
          <Cadence><Value>98</Value></Cadence>
          <SensorState>Absent</SensorState>
        </Trackpoint>
        <Trackpoint>
          <Time>2026-03-11T12:15:07Z</Time>
          <DistanceMeters>2126.0</DistanceMeters>
          <HeartRateBpm>
            <Value>163</Value>
          </HeartRateBpm>
          <Cadence><Value>98</Value></Cadence>
          <SensorState>Absent</SensorState>
        </Trackpoint>
        <Trackpoint>
          <Time>2026-03-11T12:15:08Z</Time>
          <DistanceMeters>2126.0</DistanceMeters>
          <HeartRateBpm>
            <Value>162</Value>
          </HeartRateBpm>
          <Cadence><Value>98</Value></Cadence>
          <SensorState>Absent</SensorState>
        </Trackpoint>
        <Trackpoint>
          <Time>2026-03-11T12:15:08Z</Time>
          <DistanceMeters>2126.0</DistanceMeters>
          <HeartRateBpm>
            <Value>162</Value>
          </HeartRateBpm>
          <Cadence><Value>98</Value></Cadence>
          <SensorState>Absent</SensorState>
        </Trackpoint>
        <Trackpoint>
          <Time>2026-03-11T12:15:09Z</Time>
          <DistanceMeters>2126.0</DistanceMeters>
          <HeartRateBpm>
            <Value>160</Value>
          </HeartRateBpm>
          <Cadence><Value>98</Value></Cadence>
          <SensorState>Absent</SensorState>
        </Trackpoint>
        <Trackpoint>
          <Time>2026-03-11T12:15:12Z</Time>
          <DistanceMeters>2126.0</DistanceMeters>
          <HeartRateBpm>
            <Value>159</Value>
          </HeartRateBpm>
          <Cadence><Value>98</Value></Cadence>
          <SensorState>Absent</SensorState>
        </Trackpoint>
        <Trackpoint>
          <Time>2026-03-11T12:15:13Z</Time>
          <DistanceMeters>2126.0</DistanceMeters>
          <HeartRateBpm>
            <Value>158</Value>
          </HeartRateBpm>
          <Cadence><Value>98</Value></Cadence>
          <SensorState>Absent</SensorState>
        </Trackpoint>
        <Trackpoint>
          <Time>2026-03-11T12:15:18Z</Time>
          <DistanceMeters>2126.0</DistanceMeters>
          <HeartRateBpm>
            <Value>158</Value>
          </HeartRateBpm>
          <Cadence><Value>98</Value></Cadence>
          <SensorState>Absent</SensorState>
        </Trackpoint>
        <Trackpoint>
          <Time>2026-03-11T12:15:21Z</Time>
          <DistanceMeters>2126.0</DistanceMeters>
          <HeartRateBpm>
            <Value>160</Value>
          </HeartRateBpm>
          <Cadence><Value>98</Value></Cadence>
          <SensorState>Absent</SensorState>
        </Trackpoint>
        <Trackpoint>
          <Time>2026-03-11T12:15:24Z</Time>
          <DistanceMeters>2126.0</DistanceMeters>
          <HeartRateBpm>
            <Value>161</Value>
          </HeartRateBpm>
          <Cadence><Value>98</Value></Cadence>
          <SensorState>Absent</SensorState>
        </Trackpoint>
        <Trackpoint>
          <Time>2026-03-11T12:15:25Z</Time>
          <DistanceMeters>2126.0</DistanceMeters>
          <HeartRateBpm>
            <Value>162</Value>
          </HeartRateBpm>
          <Cadence><Value>98</Value></Cadence>
          <SensorState>Absent</SensorState>
        </Trackpoint>
        <Trackpoint>
          <Time>2026-03-11T12:15:26Z</Time>
          <DistanceMeters>2126.0</DistanceMeters>
          <HeartRateBpm>
            <Value>163</Value>
          </HeartRateBpm>
          <Cadence><Value>98</Value></Cadence>
          <SensorState>Absent</SensorState>
        </Trackpoint>
        <Trackpoint>
          <Time>2026-03-11T12:15:28Z</Time>
          <DistanceMeters>2126.0</DistanceMeters>
          <HeartRateBpm>
            <Value>164</Value>
          </HeartRateBpm>
          <Cadence><Value>98</Value></Cadence>
          <SensorState>Absent</SensorState>
        </Trackpoint>
        <Trackpoint>
          <Time>2026-03-11T12:15:29Z</Time>
          <DistanceMeters>2126.0</DistanceMeters>
          <HeartRateBpm>
            <Value>163</Value>
          </HeartRateBpm>
          <Cadence><Value>98</Value></Cadence>
          <SensorState>Absent</SensorState>
        </Trackpoint>
        <Trackpoint>
          <Time>2026-03-11T12:15:32Z</Time>
          <DistanceMeters>2162.0</DistanceMeters>
          <HeartRateBpm>
            <Value>162</Value>
          </HeartRateBpm>
          <Cadence><Value>98</Value></Cadence>
          <SensorState>Absent</SensorState>
        </Trackpoint>
        <Trackpoint>
          <Time>2026-03-11T12:15:33Z</Time>
          <DistanceMeters>2162.0</DistanceMeters>
          <HeartRateBpm>
            <Value>161</Value>
          </HeartRateBpm>
          <Cadence><Value>98</Value></Cadence>
          <SensorState>Absent</SensorState>
        </Trackpoint>
        <Trackpoint>
          <Time>2026-03-11T12:15:34Z</Time>
          <DistanceMeters>2162.0</DistanceMeters>
          <HeartRateBpm>
            <Value>162</Value>
          </HeartRateBpm>
          <Cadence><Value>98</Value></Cadence>
          <SensorState>Absent</SensorState>
        </Trackpoint>
        <Trackpoint>
          <Time>2026-03-11T12:15:39Z</Time>
          <DistanceMeters>2162.0</DistanceMeters>
          <HeartRateBpm>
            <Value>159</Value>
          </HeartRateBpm>
          <Cadence><Value>98</Value></Cadence>
          <SensorState>Absent</SensorState>
        </Trackpoint>
        <Trackpoint>
          <Time>2026-03-11T12:15:41Z</Time>
          <DistanceMeters>2162.0</DistanceMeters>
          <HeartRateBpm>
            <Value>158</Value>
          </HeartRateBpm>
          <Cadence><Value>98</Value></Cadence>
          <SensorState>Absent</SensorState>
        </Trackpoint>
        <Trackpoint>
          <Time>2026-03-11T12:15:43Z</Time>
          <DistanceMeters>2162.0</DistanceMeters>
          <HeartRateBpm>
            <Value>157</Value>
          </HeartRateBpm>
          <Cadence><Value>98</Value></Cadence>
          <SensorState>Absent</SensorState>
        </Trackpoint>
        <Trackpoint>
          <Time>2026-03-11T12:15:47Z</Time>
          <DistanceMeters>2162.0</DistanceMeters>
          <HeartRateBpm>
            <Value>158</Value>
          </HeartRateBpm>
          <Cadence><Value>98</Value></Cadence>
          <SensorState>Absent</SensorState>
        </Trackpoint>
        <Trackpoint>
          <Time>2026-03-11T12:15:48Z</Time>
          <DistanceMeters>2162.0</DistanceMeters>
          <HeartRateBpm>
            <Value>161</Value>
          </HeartRateBpm>
          <Cadence><Value>98</Value></Cadence>
          <SensorState>Absent</SensorState>
        </Trackpoint>
        <Trackpoint>
          <Time>2026-03-11T12:15:50Z</Time>
          <DistanceMeters>2162.0</DistanceMeters>
          <HeartRateBpm>
            <Value>162</Value>
          </HeartRateBpm>
          <Cadence><Value>98</Value></Cadence>
          <SensorState>Absent</SensorState>
        </Trackpoint>
        <Trackpoint>
          <Time>2026-03-11T12:15:51Z</Time>
          <DistanceMeters>2162.0</DistanceMeters>
          <HeartRateBpm>
            <Value>163</Value>
          </HeartRateBpm>
          <Cadence><Value>98</Value></Cadence>
          <SensorState>Absent</SensorState>
        </Trackpoint>
        <Trackpoint>
          <Time>2026-03-11T12:15:55Z</Time>
          <DistanceMeters>2162.0</DistanceMeters>
          <HeartRateBpm>
            <Value>165</Value>
          </HeartRateBpm>
          <Cadence><Value>98</Value></Cadence>
          <SensorState>Absent</SensorState>
        </Trackpoint>
        <Trackpoint>
          <Time>2026-03-11T12:15:56Z</Time>
          <DistanceMeters>2162.0</DistanceMeters>
          <HeartRateBpm>
            <Value>168</Value>
          </HeartRateBpm>
          <Cadence><Value>98</Value></Cadence>
          <SensorState>Absent</SensorState>
        </Trackpoint>
        <Trackpoint>
          <Time>2026-03-11T12:15:56Z</Time>
          <DistanceMeters>2162.0</DistanceMeters>
          <HeartRateBpm>
            <Value>168</Value>
          </HeartRateBpm>
          <Cadence><Value>98</Value></Cadence>
          <SensorState>Absent</SensorState>
        </Trackpoint>
        <Trackpoint>
          <Time>2026-03-11T12:15:57Z</Time>
          <DistanceMeters>2162.0</DistanceMeters>
          <HeartRateBpm>
            <Value>170</Value>
          </HeartRateBpm>
          <Cadence><Value>98</Value></Cadence>
          <SensorState>Absent</SensorState>
        </Trackpoint>
        <Trackpoint>
          <Time>2026-03-11T12:15:59Z</Time>
          <DistanceMeters>2162.0</DistanceMeters>
          <HeartRateBpm>
            <Value>171</Value>
          </HeartRateBpm>
          <Cadence><Value>98</Value></Cadence>
          <SensorState>Absent</SensorState>
        </Trackpoint>
        <Trackpoint>
          <Time>2026-03-11T12:16:00Z</Time>
          <DistanceMeters>2162.0</DistanceMeters>
          <HeartRateBpm>
            <Value>165</Value>
          </HeartRateBpm>
          <Cadence><Value>106</Value></Cadence>
          <SensorState>Absent</SensorState>
        </Trackpoint>
        <Trackpoint>
          <Time>2026-03-11T12:16:00Z</Time>
          <DistanceMeters>2162.0</DistanceMeters>
          <HeartRateBpm>
            <Value>173</Value>
          </HeartRateBpm>
          <Cadence><Value>106</Value></Cadence>
          <SensorState>Absent</SensorState>
        </Trackpoint>
        <Trackpoint>
          <Time>2026-03-11T12:16:01Z</Time>
          <DistanceMeters>2162.0</DistanceMeters>
          <HeartRateBpm>
            <Value>170</Value>
          </HeartRateBpm>
          <Cadence><Value>106</Value></Cadence>
          <SensorState>Absent</SensorState>
        </Trackpoint>
        <Trackpoint>
          <Time>2026-03-11T12:16:03Z</Time>
          <DistanceMeters>2162.0</DistanceMeters>
          <HeartRateBpm>
            <Value>168</Value>
          </HeartRateBpm>
          <Cadence><Value>106</Value></Cadence>
          <SensorState>Absent</SensorState>
        </Trackpoint>
        <Trackpoint>
          <Time>2026-03-11T12:16:04Z</Time>
          <DistanceMeters>2162.0</DistanceMeters>
          <HeartRateBpm>
            <Value>166</Value>
          </HeartRateBpm>
          <Cadence><Value>106</Value></Cadence>
          <SensorState>Absent</SensorState>
        </Trackpoint>
        <Trackpoint>
          <Time>2026-03-11T12:16:05Z</Time>
          <DistanceMeters>2162.0</DistanceMeters>
          <HeartRateBpm>
            <Value>165</Value>
          </HeartRateBpm>
          <Cadence><Value>106</Value></Cadence>
          <SensorState>Absent</SensorState>
        </Trackpoint>
        <Trackpoint>
          <Time>2026-03-11T12:16:06Z</Time>
          <DistanceMeters>2162.0</DistanceMeters>
          <HeartRateBpm>
            <Value>164</Value>
          </HeartRateBpm>
          <Cadence><Value>106</Value></Cadence>
          <SensorState>Absent</SensorState>
        </Trackpoint>
        <Trackpoint>
          <Time>2026-03-11T12:16:11Z</Time>
          <DistanceMeters>2162.0</DistanceMeters>
          <HeartRateBpm>
            <Value>163</Value>
          </HeartRateBpm>
          <Cadence><Value>106</Value></Cadence>
          <SensorState>Absent</SensorState>
        </Trackpoint>
        <Trackpoint>
          <Time>2026-03-11T12:16:13Z</Time>
          <DistanceMeters>2162.0</DistanceMeters>
          <HeartRateBpm>
            <Value>162</Value>
          </HeartRateBpm>
          <Cadence><Value>106</Value></Cadence>
          <SensorState>Absent</SensorState>
        </Trackpoint>
        <Trackpoint>
          <Time>2026-03-11T12:16:14Z</Time>
          <DistanceMeters>2162.0</DistanceMeters>
          <HeartRateBpm>
            <Value>161</Value>
          </HeartRateBpm>
          <Cadence><Value>106</Value></Cadence>
          <SensorState>Absent</SensorState>
        </Trackpoint>
        <Trackpoint>
          <Time>2026-03-11T12:16:14Z</Time>
          <DistanceMeters>2162.0</DistanceMeters>
          <HeartRateBpm>
            <Value>162</Value>
          </HeartRateBpm>
          <Cadence><Value>106</Value></Cadence>
          <SensorState>Absent</SensorState>
        </Trackpoint>
        <Trackpoint>
          <Time>2026-03-11T12:16:18Z</Time>
          <DistanceMeters>2162.0</DistanceMeters>
          <HeartRateBpm>
            <Value>160</Value>
          </HeartRateBpm>
          <Cadence><Value>106</Value></Cadence>
          <SensorState>Absent</SensorState>
        </Trackpoint>
        <Trackpoint>
          <Time>2026-03-11T12:16:22Z</Time>
          <DistanceMeters>2162.0</DistanceMeters>
          <HeartRateBpm>
            <Value>161</Value>
          </HeartRateBpm>
          <Cadence><Value>106</Value></Cadence>
          <SensorState>Absent</SensorState>
        </Trackpoint>
        <Trackpoint>
          <Time>2026-03-11T12:16:23Z</Time>
          <DistanceMeters>2162.0</DistanceMeters>
          <HeartRateBpm>
            <Value>163</Value>
          </HeartRateBpm>
          <Cadence><Value>106</Value></Cadence>
          <SensorState>Absent</SensorState>
        </Trackpoint>
        <Trackpoint>
          <Time>2026-03-11T12:16:27Z</Time>
          <DistanceMeters>2162.0</DistanceMeters>
          <HeartRateBpm>
            <Value>164</Value>
          </HeartRateBpm>
          <Cadence><Value>106</Value></Cadence>
          <SensorState>Absent</SensorState>
        </Trackpoint>
        <Trackpoint>
          <Time>2026-03-11T12:16:28Z</Time>
          <DistanceMeters>2162.0</DistanceMeters>
          <HeartRateBpm>
            <Value>163</Value>
          </HeartRateBpm>
          <Cadence><Value>106</Value></Cadence>
          <SensorState>Absent</SensorState>
        </Trackpoint>
        <Trackpoint>
          <Time>2026-03-11T12:16:32Z</Time>
          <DistanceMeters>2198.0</DistanceMeters>
          <HeartRateBpm>
            <Value>166</Value>
          </HeartRateBpm>
          <Cadence><Value>106</Value></Cadence>
          <SensorState>Absent</SensorState>
        </Trackpoint>
        <Trackpoint>
          <Time>2026-03-11T12:16:33Z</Time>
          <DistanceMeters>2198.0</DistanceMeters>
          <HeartRateBpm>
            <Value>169</Value>
          </HeartRateBpm>
          <Cadence><Value>106</Value></Cadence>
          <SensorState>Absent</SensorState>
        </Trackpoint>
        <Trackpoint>
          <Time>2026-03-11T12:16:33Z</Time>
          <DistanceMeters>2198.0</DistanceMeters>
          <HeartRateBpm>
            <Value>169</Value>
          </HeartRateBpm>
          <Cadence><Value>106</Value></Cadence>
          <SensorState>Absent</SensorState>
        </Trackpoint>
        <Trackpoint>
          <Time>2026-03-11T12:16:35Z</Time>
          <DistanceMeters>2198.0</DistanceMeters>
          <HeartRateBpm>
            <Value>171</Value>
          </HeartRateBpm>
          <Cadence><Value>106</Value></Cadence>
          <SensorState>Absent</SensorState>
        </Trackpoint>
        <Trackpoint>
          <Time>2026-03-11T12:16:36Z</Time>
          <DistanceMeters>2198.0</DistanceMeters>
          <HeartRateBpm>
            <Value>169</Value>
          </HeartRateBpm>
          <Cadence><Value>106</Value></Cadence>
          <SensorState>Absent</SensorState>
        </Trackpoint>
        <Trackpoint>
          <Time>2026-03-11T12:16:40Z</Time>
          <DistanceMeters>2198.0</DistanceMeters>
          <HeartRateBpm>
            <Value>168</Value>
          </HeartRateBpm>
          <Cadence><Value>106</Value></Cadence>
          <SensorState>Absent</SensorState>
        </Trackpoint>
        <Trackpoint>
          <Time>2026-03-11T12:16:41Z</Time>
          <DistanceMeters>2198.0</DistanceMeters>
          <HeartRateBpm>
            <Value>167</Value>
          </HeartRateBpm>
          <Cadence><Value>106</Value></Cadence>
          <SensorState>Absent</SensorState>
        </Trackpoint>
        <Trackpoint>
          <Time>2026-03-11T12:16:43Z</Time>
          <DistanceMeters>2198.0</DistanceMeters>
          <HeartRateBpm>
            <Value>168</Value>
          </HeartRateBpm>
          <Cadence><Value>106</Value></Cadence>
          <SensorState>Absent</SensorState>
        </Trackpoint>
        <Trackpoint>
          <Time>2026-03-11T12:16:44Z</Time>
          <DistanceMeters>2198.0</DistanceMeters>
          <HeartRateBpm>
            <Value>169</Value>
          </HeartRateBpm>
          <Cadence><Value>106</Value></Cadence>
          <SensorState>Absent</SensorState>
        </Trackpoint>
        <Trackpoint>
          <Time>2026-03-11T12:16:45Z</Time>
          <DistanceMeters>2198.0</DistanceMeters>
          <HeartRateBpm>
            <Value>168</Value>
          </HeartRateBpm>
          <Cadence><Value>106</Value></Cadence>
          <SensorState>Absent</SensorState>
        </Trackpoint>
        <Trackpoint>
          <Time>2026-03-11T12:16:47Z</Time>
          <DistanceMeters>2198.0</DistanceMeters>
          <HeartRateBpm>
            <Value>169</Value>
          </HeartRateBpm>
          <Cadence><Value>106</Value></Cadence>
          <SensorState>Absent</SensorState>
        </Trackpoint>
        <Trackpoint>
          <Time>2026-03-11T12:16:48Z</Time>
          <DistanceMeters>2198.0</DistanceMeters>
          <HeartRateBpm>
            <Value>171</Value>
          </HeartRateBpm>
          <Cadence><Value>106</Value></Cadence>
          <SensorState>Absent</SensorState>
        </Trackpoint>
        <Trackpoint>
          <Time>2026-03-11T12:16:53Z</Time>
          <DistanceMeters>2198.0</DistanceMeters>
          <HeartRateBpm>
            <Value>171</Value>
          </HeartRateBpm>
          <Cadence><Value>106</Value></Cadence>
          <SensorState>Absent</SensorState>
        </Trackpoint>
        <Trackpoint>
          <Time>2026-03-11T12:16:54Z</Time>
          <DistanceMeters>2198.0</DistanceMeters>
          <HeartRateBpm>
            <Value>172</Value>
          </HeartRateBpm>
          <Cadence><Value>106</Value></Cadence>
          <SensorState>Absent</SensorState>
        </Trackpoint>
        <Trackpoint>
          <Time>2026-03-11T12:16:56Z</Time>
          <DistanceMeters>2198.0</DistanceMeters>
          <HeartRateBpm>
            <Value>174</Value>
          </HeartRateBpm>
          <Cadence><Value>106</Value></Cadence>
          <SensorState>Absent</SensorState>
        </Trackpoint>
        <Trackpoint>
          <Time>2026-03-11T12:16:57Z</Time>
          <DistanceMeters>2198.0</DistanceMeters>
          <HeartRateBpm>
            <Value>176</Value>
          </HeartRateBpm>
          <Cadence><Value>106</Value></Cadence>
          <SensorState>Absent</SensorState>
        </Trackpoint>
        <Trackpoint>
          <Time>2026-03-11T12:16:57Z</Time>
          <DistanceMeters>2198.0</DistanceMeters>
          <HeartRateBpm>
            <Value>176</Value>
          </HeartRateBpm>
          <Cadence><Value>106</Value></Cadence>
          <SensorState>Absent</SensorState>
        </Trackpoint>
        <Trackpoint>
          <Time>2026-03-11T12:16:59Z</Time>
          <DistanceMeters>2198.0</DistanceMeters>
          <HeartRateBpm>
            <Value>175</Value>
          </HeartRateBpm>
          <Cadence><Value>106</Value></Cadence>
          <SensorState>Absent</SensorState>
        </Trackpoint>
        <Trackpoint>
          <Time>2026-03-11T12:17:00Z</Time>
          <DistanceMeters>2198.0</DistanceMeters>
          <HeartRateBpm>
            <Value>160</Value>
          </HeartRateBpm>
          <SensorState>Absent</SensorState>
        </Trackpoint>
        <Trackpoint>
          <Time>2026-03-11T12:17:01Z</Time>
          <DistanceMeters>2198.0</DistanceMeters>
          <HeartRateBpm>
            <Value>173</Value>
          </HeartRateBpm>
          <SensorState>Absent</SensorState>
        </Trackpoint>
        <Trackpoint>
          <Time>2026-03-11T12:17:02Z</Time>
          <DistanceMeters>2198.0</DistanceMeters>
          <HeartRateBpm>
            <Value>171</Value>
          </HeartRateBpm>
          <SensorState>Absent</SensorState>
        </Trackpoint>
        <Trackpoint>
          <Time>2026-03-11T12:17:03Z</Time>
          <DistanceMeters>2198.0</DistanceMeters>
          <HeartRateBpm>
            <Value>165</Value>
          </HeartRateBpm>
          <SensorState>Absent</SensorState>
        </Trackpoint>
        <Trackpoint>
          <Time>2026-03-11T12:17:04Z</Time>
          <DistanceMeters>2198.0</DistanceMeters>
          <HeartRateBpm>
            <Value>165</Value>
          </HeartRateBpm>
          <SensorState>Absent</SensorState>
        </Trackpoint>
        <Trackpoint>
          <Time>2026-03-11T12:17:05Z</Time>
          <DistanceMeters>2198.0</DistanceMeters>
          <HeartRateBpm>
            <Value>163</Value>
          </HeartRateBpm>
          <SensorState>Absent</SensorState>
        </Trackpoint>
        <Trackpoint>
          <Time>2026-03-11T12:17:06Z</Time>
          <DistanceMeters>2198.0</DistanceMeters>
          <HeartRateBpm>
            <Value>162</Value>
          </HeartRateBpm>
          <SensorState>Absent</SensorState>
        </Trackpoint>
        <Trackpoint>
          <Time>2026-03-11T12:17:09Z</Time>
          <DistanceMeters>2198.0</DistanceMeters>
          <HeartRateBpm>
            <Value>161</Value>
          </HeartRateBpm>
          <SensorState>Absent</SensorState>
        </Trackpoint>
        <Trackpoint>
          <Time>2026-03-11T12:17:11Z</Time>
          <DistanceMeters>2198.0</DistanceMeters>
          <HeartRateBpm>
            <Value>158</Value>
          </HeartRateBpm>
          <SensorState>Absent</SensorState>
        </Trackpoint>
        <Trackpoint>
          <Time>2026-03-11T12:17:11Z</Time>
          <DistanceMeters>2198.0</DistanceMeters>
          <HeartRateBpm>
            <Value>158</Value>
          </HeartRateBpm>
          <SensorState>Absent</SensorState>
        </Trackpoint>
        <Trackpoint>
          <Time>2026-03-11T12:17:13Z</Time>
          <DistanceMeters>2198.0</DistanceMeters>
          <HeartRateBpm>
            <Value>156</Value>
          </HeartRateBpm>
          <SensorState>Absent</SensorState>
        </Trackpoint>
        <Trackpoint>
          <Time>2026-03-11T12:17:14Z</Time>
          <DistanceMeters>2198.0</DistanceMeters>
          <HeartRateBpm>
            <Value>154</Value>
          </HeartRateBpm>
          <SensorState>Absent</SensorState>
        </Trackpoint>
        <Trackpoint>
          <Time>2026-03-11T12:17:15Z</Time>
          <DistanceMeters>2198.0</DistanceMeters>
          <HeartRateBpm>
            <Value>153</Value>
          </HeartRateBpm>
          <SensorState>Absent</SensorState>
        </Trackpoint>
        <Trackpoint>
          <Time>2026-03-11T12:17:18Z</Time>
          <DistanceMeters>2198.0</DistanceMeters>
          <HeartRateBpm>
            <Value>152</Value>
          </HeartRateBpm>
          <SensorState>Absent</SensorState>
        </Trackpoint>
        <Trackpoint>
          <Time>2026-03-11T12:17:18Z</Time>
          <DistanceMeters>2198.0</DistanceMeters>
          <HeartRateBpm>
            <Value>152</Value>
          </HeartRateBpm>
          <SensorState>Absent</SensorState>
        </Trackpoint>
        <Trackpoint>
          <Time>2026-03-11T12:17:21Z</Time>
          <DistanceMeters>2198.0</DistanceMeters>
          <HeartRateBpm>
            <Value>153</Value>
          </HeartRateBpm>
          <SensorState>Absent</SensorState>
        </Trackpoint>
        <Trackpoint>
          <Time>2026-03-11T12:17:25Z</Time>
          <DistanceMeters>2198.0</DistanceMeters>
          <HeartRateBpm>
            <Value>152</Value>
          </HeartRateBpm>
          <SensorState>Absent</SensorState>
        </Trackpoint>
        <Trackpoint>
          <Time>2026-03-11T12:17:30Z</Time>
          <DistanceMeters>2234.0</DistanceMeters>
          <HeartRateBpm>
            <Value>153</Value>
          </HeartRateBpm>
          <SensorState>Absent</SensorState>
        </Trackpoint>
        <Trackpoint>
          <Time>2026-03-11T12:17:31Z</Time>
          <DistanceMeters>2234.0</DistanceMeters>
          <HeartRateBpm>
            <Value>155</Value>
          </HeartRateBpm>
          <SensorState>Absent</SensorState>
        </Trackpoint>
        <Trackpoint>
          <Time>2026-03-11T12:17:33Z</Time>
          <DistanceMeters>2234.0</DistanceMeters>
          <HeartRateBpm>
            <Value>156</Value>
          </HeartRateBpm>
          <SensorState>Absent</SensorState>
        </Trackpoint>
        <Trackpoint>
          <Time>2026-03-11T12:17:34Z</Time>
          <DistanceMeters>2234.0</DistanceMeters>
          <HeartRateBpm>
            <Value>155</Value>
          </HeartRateBpm>
          <SensorState>Absent</SensorState>
        </Trackpoint>
        <Trackpoint>
          <Time>2026-03-11T12:17:37Z</Time>
          <DistanceMeters>2234.0</DistanceMeters>
          <HeartRateBpm>
            <Value>157</Value>
          </HeartRateBpm>
          <SensorState>Absent</SensorState>
        </Trackpoint>
        <Trackpoint>
          <Time>2026-03-11T12:17:38Z</Time>
          <DistanceMeters>2234.0</DistanceMeters>
          <HeartRateBpm>
            <Value>158</Value>
          </HeartRateBpm>
          <SensorState>Absent</SensorState>
        </Trackpoint>
        <Trackpoint>
          <Time>2026-03-11T12:17:39Z</Time>
          <DistanceMeters>2234.0</DistanceMeters>
          <HeartRateBpm>
            <Value>158</Value>
          </HeartRateBpm>
          <SensorState>Absent</SensorState>
        </Trackpoint>
        <Trackpoint>
          <Time>2026-03-11T12:17:40Z</Time>
          <DistanceMeters>2234.0</DistanceMeters>
          <HeartRateBpm>
            <Value>157</Value>
          </HeartRateBpm>
          <SensorState>Absent</SensorState>
        </Trackpoint>
        <Trackpoint>
          <Time>2026-03-11T12:17:42Z</Time>
          <DistanceMeters>2234.0</DistanceMeters>
          <HeartRateBpm>
            <Value>158</Value>
          </HeartRateBpm>
          <SensorState>Absent</SensorState>
        </Trackpoint>
        <Trackpoint>
          <Time>2026-03-11T12:17:45Z</Time>
          <DistanceMeters>2234.0</DistanceMeters>
          <HeartRateBpm>
            <Value>157</Value>
          </HeartRateBpm>
          <SensorState>Absent</SensorState>
        </Trackpoint>
        <Trackpoint>
          <Time>2026-03-11T12:17:48Z</Time>
          <DistanceMeters>2234.0</DistanceMeters>
          <HeartRateBpm>
            <Value>156</Value>
          </HeartRateBpm>
          <SensorState>Absent</SensorState>
        </Trackpoint>
        <Trackpoint>
          <Time>2026-03-11T12:17:51Z</Time>
          <DistanceMeters>2234.0</DistanceMeters>
          <HeartRateBpm>
            <Value>157</Value>
          </HeartRateBpm>
          <SensorState>Absent</SensorState>
        </Trackpoint>
        <Trackpoint>
          <Time>2026-03-11T12:17:52Z</Time>
          <DistanceMeters>2234.0</DistanceMeters>
          <HeartRateBpm>
            <Value>158</Value>
          </HeartRateBpm>
          <SensorState>Absent</SensorState>
        </Trackpoint>
        <Trackpoint>
          <Time>2026-03-11T12:17:53Z</Time>
          <DistanceMeters>2234.0</DistanceMeters>
          <HeartRateBpm>
            <Value>161</Value>
          </HeartRateBpm>
          <SensorState>Absent</SensorState>
        </Trackpoint>
        <Trackpoint>
          <Time>2026-03-11T12:17:55Z</Time>
          <DistanceMeters>2234.0</DistanceMeters>
          <HeartRateBpm>
            <Value>163</Value>
          </HeartRateBpm>
          <SensorState>Absent</SensorState>
        </Trackpoint>
        <Trackpoint>
          <Time>2026-03-11T12:17:56Z</Time>
          <DistanceMeters>2234.0</DistanceMeters>
          <HeartRateBpm>
            <Value>164</Value>
          </HeartRateBpm>
          <SensorState>Absent</SensorState>
        </Trackpoint>
        <Trackpoint>
          <Time>2026-03-11T12:17:56Z</Time>
          <DistanceMeters>2234.0</DistanceMeters>
          <HeartRateBpm>
            <Value>164</Value>
          </HeartRateBpm>
          <SensorState>Absent</SensorState>
        </Trackpoint>
        <Trackpoint>
          <Time>2026-03-11T12:17:57Z</Time>
          <DistanceMeters>2234.0</DistanceMeters>
          <HeartRateBpm>
            <Value>166</Value>
          </HeartRateBpm>
          <SensorState>Absent</SensorState>
        </Trackpoint>
        <Trackpoint>
          <Time>2026-03-11T12:17:59Z</Time>
          <DistanceMeters>2234.0</DistanceMeters>
          <HeartRateBpm>
            <Value>167</Value>
          </HeartRateBpm>
          <SensorState>Absent</SensorState>
        </Trackpoint>
        <Trackpoint>
          <Time>2026-03-11T12:18:00Z</Time>
          <DistanceMeters>2234.0</DistanceMeters>
          <HeartRateBpm>
            <Value>162</Value>
          </HeartRateBpm>
          <Cadence><Value>75</Value></Cadence>
          <SensorState>Absent</SensorState>
        </Trackpoint>
        <Trackpoint>
          <Time>2026-03-11T12:18:00Z</Time>
          <DistanceMeters>2234.0</DistanceMeters>
          <HeartRateBpm>
            <Value>168</Value>
          </HeartRateBpm>
          <Cadence><Value>75</Value></Cadence>
          <SensorState>Absent</SensorState>
        </Trackpoint>
        <Trackpoint>
          <Time>2026-03-11T12:18:05Z</Time>
          <DistanceMeters>2234.0</DistanceMeters>
          <HeartRateBpm>
            <Value>168</Value>
          </HeartRateBpm>
          <Cadence><Value>75</Value></Cadence>
          <SensorState>Absent</SensorState>
        </Trackpoint>
        <Trackpoint>
          <Time>2026-03-11T12:18:06Z</Time>
          <DistanceMeters>2234.0</DistanceMeters>
          <HeartRateBpm>
            <Value>169</Value>
          </HeartRateBpm>
          <Cadence><Value>75</Value></Cadence>
          <SensorState>Absent</SensorState>
        </Trackpoint>
        <Trackpoint>
          <Time>2026-03-11T12:18:07Z</Time>
          <DistanceMeters>2234.0</DistanceMeters>
          <HeartRateBpm>
            <Value>165</Value>
          </HeartRateBpm>
          <Cadence><Value>75</Value></Cadence>
          <SensorState>Absent</SensorState>
        </Trackpoint>
        <Trackpoint>
          <Time>2026-03-11T12:18:09Z</Time>
          <DistanceMeters>2234.0</DistanceMeters>
          <HeartRateBpm>
            <Value>163</Value>
          </HeartRateBpm>
          <Cadence><Value>75</Value></Cadence>
          <SensorState>Absent</SensorState>
        </Trackpoint>
        <Trackpoint>
          <Time>2026-03-11T12:18:10Z</Time>
          <DistanceMeters>2234.0</DistanceMeters>
          <HeartRateBpm>
            <Value>161</Value>
          </HeartRateBpm>
          <Cadence><Value>75</Value></Cadence>
          <SensorState>Absent</SensorState>
        </Trackpoint>
        <Trackpoint>
          <Time>2026-03-11T12:18:14Z</Time>
          <DistanceMeters>2234.0</DistanceMeters>
          <HeartRateBpm>
            <Value>162</Value>
          </HeartRateBpm>
          <Cadence><Value>75</Value></Cadence>
          <SensorState>Absent</SensorState>
        </Trackpoint>
        <Trackpoint>
          <Time>2026-03-11T12:18:15Z</Time>
          <DistanceMeters>2234.0</DistanceMeters>
          <HeartRateBpm>
            <Value>161</Value>
          </HeartRateBpm>
          <Cadence><Value>75</Value></Cadence>
          <SensorState>Absent</SensorState>
        </Trackpoint>
        <Trackpoint>
          <Time>2026-03-11T12:18:18Z</Time>
          <DistanceMeters>2234.0</DistanceMeters>
          <HeartRateBpm>
            <Value>160</Value>
          </HeartRateBpm>
          <Cadence><Value>75</Value></Cadence>
          <SensorState>Absent</SensorState>
        </Trackpoint>
        <Trackpoint>
          <Time>2026-03-11T12:18:19Z</Time>
          <DistanceMeters>2234.0</DistanceMeters>
          <HeartRateBpm>
            <Value>162</Value>
          </HeartRateBpm>
          <Cadence><Value>75</Value></Cadence>
          <SensorState>Absent</SensorState>
        </Trackpoint>
        <Trackpoint>
          <Time>2026-03-11T12:18:23Z</Time>
          <DistanceMeters>2234.0</DistanceMeters>
          <HeartRateBpm>
            <Value>163</Value>
          </HeartRateBpm>
          <Cadence><Value>75</Value></Cadence>
          <SensorState>Absent</SensorState>
        </Trackpoint>
        <Trackpoint>
          <Time>2026-03-11T12:18:28Z</Time>
          <DistanceMeters>2234.0</DistanceMeters>
          <HeartRateBpm>
            <Value>163</Value>
          </HeartRateBpm>
          <Cadence><Value>75</Value></Cadence>
          <SensorState>Absent</SensorState>
        </Trackpoint>
        <Trackpoint>
          <Time>2026-03-11T12:18:30Z</Time>
          <DistanceMeters>2270.0</DistanceMeters>
          <HeartRateBpm>
            <Value>164</Value>
          </HeartRateBpm>
          <Cadence><Value>75</Value></Cadence>
          <SensorState>Absent</SensorState>
        </Trackpoint>
        <Trackpoint>
          <Time>2026-03-11T12:18:35Z</Time>
          <DistanceMeters>2270.0</DistanceMeters>
          <HeartRateBpm>
            <Value>165</Value>
          </HeartRateBpm>
          <Cadence><Value>75</Value></Cadence>
          <SensorState>Absent</SensorState>
        </Trackpoint>
        <Trackpoint>
          <Time>2026-03-11T12:18:36Z</Time>
          <DistanceMeters>2270.0</DistanceMeters>
          <HeartRateBpm>
            <Value>164</Value>
          </HeartRateBpm>
          <Cadence><Value>75</Value></Cadence>
          <SensorState>Absent</SensorState>
        </Trackpoint>
        <Trackpoint>
          <Time>2026-03-11T12:18:37Z</Time>
          <DistanceMeters>2270.0</DistanceMeters>
          <HeartRateBpm>
            <Value>162</Value>
          </HeartRateBpm>
          <Cadence><Value>75</Value></Cadence>
          <SensorState>Absent</SensorState>
        </Trackpoint>
        <Trackpoint>
          <Time>2026-03-11T12:18:39Z</Time>
          <DistanceMeters>2270.0</DistanceMeters>
          <HeartRateBpm>
            <Value>161</Value>
          </HeartRateBpm>
          <Cadence><Value>75</Value></Cadence>
          <SensorState>Absent</SensorState>
        </Trackpoint>
        <Trackpoint>
          <Time>2026-03-11T12:18:44Z</Time>
          <DistanceMeters>2270.0</DistanceMeters>
          <HeartRateBpm>
            <Value>161</Value>
          </HeartRateBpm>
          <Cadence><Value>75</Value></Cadence>
          <SensorState>Absent</SensorState>
        </Trackpoint>
        <Trackpoint>
          <Time>2026-03-11T12:18:45Z</Time>
          <DistanceMeters>2270.0</DistanceMeters>
          <HeartRateBpm>
            <Value>162</Value>
          </HeartRateBpm>
          <Cadence><Value>75</Value></Cadence>
          <SensorState>Absent</SensorState>
        </Trackpoint>
        <Trackpoint>
          <Time>2026-03-11T12:18:48Z</Time>
          <DistanceMeters>2270.0</DistanceMeters>
          <HeartRateBpm>
            <Value>163</Value>
          </HeartRateBpm>
          <Cadence><Value>75</Value></Cadence>
          <SensorState>Absent</SensorState>
        </Trackpoint>
        <Trackpoint>
          <Time>2026-03-11T12:18:49Z</Time>
          <DistanceMeters>2270.0</DistanceMeters>
          <HeartRateBpm>
            <Value>165</Value>
          </HeartRateBpm>
          <Cadence><Value>75</Value></Cadence>
          <SensorState>Absent</SensorState>
        </Trackpoint>
        <Trackpoint>
          <Time>2026-03-11T12:18:50Z</Time>
          <DistanceMeters>2270.0</DistanceMeters>
          <HeartRateBpm>
            <Value>166</Value>
          </HeartRateBpm>
          <Cadence><Value>75</Value></Cadence>
          <SensorState>Absent</SensorState>
        </Trackpoint>
        <Trackpoint>
          <Time>2026-03-11T12:18:52Z</Time>
          <DistanceMeters>2270.0</DistanceMeters>
          <HeartRateBpm>
            <Value>167</Value>
          </HeartRateBpm>
          <Cadence><Value>75</Value></Cadence>
          <SensorState>Absent</SensorState>
        </Trackpoint>
        <Trackpoint>
          <Time>2026-03-11T12:18:53Z</Time>
          <DistanceMeters>2270.0</DistanceMeters>
          <HeartRateBpm>
            <Value>166</Value>
          </HeartRateBpm>
          <Cadence><Value>75</Value></Cadence>
          <SensorState>Absent</SensorState>
        </Trackpoint>
        <Trackpoint>
          <Time>2026-03-11T12:18:54Z</Time>
          <DistanceMeters>2270.0</DistanceMeters>
          <HeartRateBpm>
            <Value>164</Value>
          </HeartRateBpm>
          <Cadence><Value>75</Value></Cadence>
          <SensorState>Absent</SensorState>
        </Trackpoint>
        <Trackpoint>
          <Time>2026-03-11T12:18:55Z</Time>
          <DistanceMeters>2270.0</DistanceMeters>
          <HeartRateBpm>
            <Value>163</Value>
          </HeartRateBpm>
          <Cadence><Value>75</Value></Cadence>
          <SensorState>Absent</SensorState>
        </Trackpoint>
        <Trackpoint>
          <Time>2026-03-11T12:18:58Z</Time>
          <DistanceMeters>2270.0</DistanceMeters>
          <HeartRateBpm>
            <Value>162</Value>
          </HeartRateBpm>
          <Cadence><Value>75</Value></Cadence>
          <SensorState>Absent</SensorState>
        </Trackpoint>
        <Trackpoint>
          <Time>2026-03-11T12:18:58Z</Time>
          <DistanceMeters>2270.0</DistanceMeters>
          <HeartRateBpm>
            <Value>162</Value>
          </HeartRateBpm>
          <Cadence><Value>75</Value></Cadence>
          <SensorState>Absent</SensorState>
        </Trackpoint>
        <Trackpoint>
          <Time>2026-03-11T12:19:00Z</Time>
          <DistanceMeters>2270.0</DistanceMeters>
          <HeartRateBpm>
            <Value>156</Value>
          </HeartRateBpm>
          <SensorState>Absent</SensorState>
        </Trackpoint>
        <Trackpoint>
          <Time>2026-03-11T12:19:02Z</Time>
          <DistanceMeters>2270.0</DistanceMeters>
          <HeartRateBpm>
            <Value>161</Value>
          </HeartRateBpm>
          <SensorState>Absent</SensorState>
        </Trackpoint>
        <Trackpoint>
          <Time>2026-03-11T12:19:03Z</Time>
          <DistanceMeters>2270.0</DistanceMeters>
          <HeartRateBpm>
            <Value>160</Value>
          </HeartRateBpm>
          <SensorState>Absent</SensorState>
        </Trackpoint>
        <Trackpoint>
          <Time>2026-03-11T12:19:07Z</Time>
          <DistanceMeters>2270.0</DistanceMeters>
          <HeartRateBpm>
            <Value>159</Value>
          </HeartRateBpm>
          <SensorState>Absent</SensorState>
        </Trackpoint>
        <Trackpoint>
          <Time>2026-03-11T12:19:13Z</Time>
          <DistanceMeters>2270.0</DistanceMeters>
          <HeartRateBpm>
            <Value>159</Value>
          </HeartRateBpm>
          <SensorState>Absent</SensorState>
        </Trackpoint>
        <Trackpoint>
          <Time>2026-03-11T12:19:18Z</Time>
          <DistanceMeters>2270.0</DistanceMeters>
          <HeartRateBpm>
            <Value>159</Value>
          </HeartRateBpm>
          <SensorState>Absent</SensorState>
        </Trackpoint>
        <Trackpoint>
          <Time>2026-03-11T12:19:20Z</Time>
          <DistanceMeters>2270.0</DistanceMeters>
          <HeartRateBpm>
            <Value>158</Value>
          </HeartRateBpm>
          <SensorState>Absent</SensorState>
        </Trackpoint>
        <Trackpoint>
          <Time>2026-03-11T12:19:21Z</Time>
          <DistanceMeters>2270.0</DistanceMeters>
          <HeartRateBpm>
            <Value>157</Value>
          </HeartRateBpm>
          <SensorState>Absent</SensorState>
        </Trackpoint>
        <Trackpoint>
          <Time>2026-03-11T12:19:23Z</Time>
          <DistanceMeters>2270.0</DistanceMeters>
          <HeartRateBpm>
            <Value>155</Value>
          </HeartRateBpm>
          <SensorState>Absent</SensorState>
        </Trackpoint>
        <Trackpoint>
          <Time>2026-03-11T12:19:23Z</Time>
          <DistanceMeters>2270.0</DistanceMeters>
          <HeartRateBpm>
            <Value>155</Value>
          </HeartRateBpm>
          <SensorState>Absent</SensorState>
        </Trackpoint>
        <Trackpoint>
          <Time>2026-03-11T12:19:27Z</Time>
          <DistanceMeters>2270.0</DistanceMeters>
          <HeartRateBpm>
            <Value>156</Value>
          </HeartRateBpm>
          <SensorState>Absent</SensorState>
        </Trackpoint>
        <Trackpoint>
          <Time>2026-03-11T12:19:29Z</Time>
          <DistanceMeters>2270.0</DistanceMeters>
          <HeartRateBpm>
            <Value>155</Value>
          </HeartRateBpm>
          <SensorState>Absent</SensorState>
        </Trackpoint>
        <Trackpoint>
          <Time>2026-03-11T12:19:30Z</Time>
          <DistanceMeters>2306.0</DistanceMeters>
          <HeartRateBpm>
            <Value>154</Value>
          </HeartRateBpm>
          <SensorState>Absent</SensorState>
        </Trackpoint>
        <Trackpoint>
          <Time>2026-03-11T12:19:32Z</Time>
          <DistanceMeters>2306.0</DistanceMeters>
          <HeartRateBpm>
            <Value>153</Value>
          </HeartRateBpm>
          <SensorState>Absent</SensorState>
        </Trackpoint>
        <Trackpoint>
          <Time>2026-03-11T12:19:35Z</Time>
          <DistanceMeters>2306.0</DistanceMeters>
          <HeartRateBpm>
            <Value>152</Value>
          </HeartRateBpm>
          <SensorState>Absent</SensorState>
        </Trackpoint>
        <Trackpoint>
          <Time>2026-03-11T12:19:37Z</Time>
          <DistanceMeters>2306.0</DistanceMeters>
          <HeartRateBpm>
            <Value>150</Value>
          </HeartRateBpm>
          <SensorState>Absent</SensorState>
        </Trackpoint>
        <Trackpoint>
          <Time>2026-03-11T12:19:39Z</Time>
          <DistanceMeters>2306.0</DistanceMeters>
          <HeartRateBpm>
            <Value>149</Value>
          </HeartRateBpm>
          <SensorState>Absent</SensorState>
        </Trackpoint>
        <Trackpoint>
          <Time>2026-03-11T12:19:40Z</Time>
          <DistanceMeters>2306.0</DistanceMeters>
          <HeartRateBpm>
            <Value>149</Value>
          </HeartRateBpm>
          <SensorState>Absent</SensorState>
        </Trackpoint>
        <Trackpoint>
          <Time>2026-03-11T12:19:42Z</Time>
          <DistanceMeters>2306.0</DistanceMeters>
          <HeartRateBpm>
            <Value>148</Value>
          </HeartRateBpm>
          <SensorState>Absent</SensorState>
        </Trackpoint>
        <Trackpoint>
          <Time>2026-03-11T12:19:43Z</Time>
          <DistanceMeters>2306.0</DistanceMeters>
          <HeartRateBpm>
            <Value>146</Value>
          </HeartRateBpm>
          <SensorState>Absent</SensorState>
        </Trackpoint>
        <Trackpoint>
          <Time>2026-03-11T12:19:44Z</Time>
          <DistanceMeters>2306.0</DistanceMeters>
          <HeartRateBpm>
            <Value>147</Value>
          </HeartRateBpm>
          <SensorState>Absent</SensorState>
        </Trackpoint>
        <Trackpoint>
          <Time>2026-03-11T12:19:47Z</Time>
          <DistanceMeters>2306.0</DistanceMeters>
          <HeartRateBpm>
            <Value>148</Value>
          </HeartRateBpm>
          <SensorState>Absent</SensorState>
        </Trackpoint>
        <Trackpoint>
          <Time>2026-03-11T12:19:50Z</Time>
          <DistanceMeters>2306.0</DistanceMeters>
          <HeartRateBpm>
            <Value>149</Value>
          </HeartRateBpm>
          <SensorState>Absent</SensorState>
        </Trackpoint>
        <Trackpoint>
          <Time>2026-03-11T12:19:51Z</Time>
          <DistanceMeters>2306.0</DistanceMeters>
          <HeartRateBpm>
            <Value>148</Value>
          </HeartRateBpm>
          <SensorState>Absent</SensorState>
        </Trackpoint>
        <Trackpoint>
          <Time>2026-03-11T12:19:52Z</Time>
          <DistanceMeters>2306.0</DistanceMeters>
          <HeartRateBpm>
            <Value>147</Value>
          </HeartRateBpm>
          <SensorState>Absent</SensorState>
        </Trackpoint>
        <Trackpoint>
          <Time>2026-03-11T12:19:55Z</Time>
          <DistanceMeters>2306.0</DistanceMeters>
          <HeartRateBpm>
            <Value>148</Value>
          </HeartRateBpm>
          <SensorState>Absent</SensorState>
        </Trackpoint>
        <Trackpoint>
          <Time>2026-03-11T12:19:56Z</Time>
          <DistanceMeters>2306.0</DistanceMeters>
          <HeartRateBpm>
            <Value>149</Value>
          </HeartRateBpm>
          <SensorState>Absent</SensorState>
        </Trackpoint>
        <Trackpoint>
          <Time>2026-03-11T12:20:00Z</Time>
          <DistanceMeters>2306.0</DistanceMeters>
          <HeartRateBpm>
            <Value>149</Value>
          </HeartRateBpm>
          <Cadence><Value>86</Value></Cadence>
          <SensorState>Absent</SensorState>
        </Trackpoint>
        <Trackpoint>
          <Time>2026-03-11T12:20:02Z</Time>
          <DistanceMeters>2306.0</DistanceMeters>
          <HeartRateBpm>
            <Value>149</Value>
          </HeartRateBpm>
          <Cadence><Value>86</Value></Cadence>
          <SensorState>Absent</SensorState>
        </Trackpoint>
        <Trackpoint>
          <Time>2026-03-11T12:20:07Z</Time>
          <DistanceMeters>2306.0</DistanceMeters>
          <HeartRateBpm>
            <Value>148</Value>
          </HeartRateBpm>
          <Cadence><Value>86</Value></Cadence>
          <SensorState>Absent</SensorState>
        </Trackpoint>
        <Trackpoint>
          <Time>2026-03-11T12:20:09Z</Time>
          <DistanceMeters>2306.0</DistanceMeters>
          <HeartRateBpm>
            <Value>147</Value>
          </HeartRateBpm>
          <Cadence><Value>86</Value></Cadence>
          <SensorState>Absent</SensorState>
        </Trackpoint>
        <Trackpoint>
          <Time>2026-03-11T12:20:12Z</Time>
          <DistanceMeters>2306.0</DistanceMeters>
          <HeartRateBpm>
            <Value>146</Value>
          </HeartRateBpm>
          <Cadence><Value>86</Value></Cadence>
          <SensorState>Absent</SensorState>
        </Trackpoint>
        <Trackpoint>
          <Time>2026-03-11T12:20:17Z</Time>
          <DistanceMeters>2306.0</DistanceMeters>
          <HeartRateBpm>
            <Value>145</Value>
          </HeartRateBpm>
          <Cadence><Value>86</Value></Cadence>
          <SensorState>Absent</SensorState>
        </Trackpoint>
        <Trackpoint>
          <Time>2026-03-11T12:20:19Z</Time>
          <DistanceMeters>2306.0</DistanceMeters>
          <HeartRateBpm>
            <Value>144</Value>
          </HeartRateBpm>
          <Cadence><Value>86</Value></Cadence>
          <SensorState>Absent</SensorState>
        </Trackpoint>
        <Trackpoint>
          <Time>2026-03-11T12:20:21Z</Time>
          <DistanceMeters>2306.0</DistanceMeters>
          <HeartRateBpm>
            <Value>143</Value>
          </HeartRateBpm>
          <Cadence><Value>86</Value></Cadence>
          <SensorState>Absent</SensorState>
        </Trackpoint>
        <Trackpoint>
          <Time>2026-03-11T12:20:21Z</Time>
          <DistanceMeters>2306.0</DistanceMeters>
          <HeartRateBpm>
            <Value>143</Value>
          </HeartRateBpm>
          <Cadence><Value>86</Value></Cadence>
          <SensorState>Absent</SensorState>
        </Trackpoint>
        <Trackpoint>
          <Time>2026-03-11T12:20:22Z</Time>
          <DistanceMeters>2306.0</DistanceMeters>
          <HeartRateBpm>
            <Value>141</Value>
          </HeartRateBpm>
          <Cadence><Value>86</Value></Cadence>
          <SensorState>Absent</SensorState>
        </Trackpoint>
        <Trackpoint>
          <Time>2026-03-11T12:20:23Z</Time>
          <DistanceMeters>2306.0</DistanceMeters>
          <HeartRateBpm>
            <Value>142</Value>
          </HeartRateBpm>
          <Cadence><Value>86</Value></Cadence>
          <SensorState>Absent</SensorState>
        </Trackpoint>
        <Trackpoint>
          <Time>2026-03-11T12:20:26Z</Time>
          <DistanceMeters>2306.0</DistanceMeters>
          <HeartRateBpm>
            <Value>143</Value>
          </HeartRateBpm>
          <Cadence><Value>86</Value></Cadence>
          <SensorState>Absent</SensorState>
        </Trackpoint>
        <Trackpoint>
          <Time>2026-03-11T12:20:27Z</Time>
          <DistanceMeters>2306.0</DistanceMeters>
          <HeartRateBpm>
            <Value>144</Value>
          </HeartRateBpm>
          <Cadence><Value>86</Value></Cadence>
          <SensorState>Absent</SensorState>
        </Trackpoint>
        <Trackpoint>
          <Time>2026-03-11T12:20:28Z</Time>
          <DistanceMeters>2306.0</DistanceMeters>
          <HeartRateBpm>
            <Value>146</Value>
          </HeartRateBpm>
          <Cadence><Value>86</Value></Cadence>
          <SensorState>Absent</SensorState>
        </Trackpoint>
        <Trackpoint>
          <Time>2026-03-11T12:20:30Z</Time>
          <DistanceMeters>2342.0</DistanceMeters>
          <HeartRateBpm>
            <Value>145</Value>
          </HeartRateBpm>
          <Cadence><Value>86</Value></Cadence>
          <SensorState>Absent</SensorState>
        </Trackpoint>
        <Trackpoint>
          <Time>2026-03-11T12:20:32Z</Time>
          <DistanceMeters>2342.0</DistanceMeters>
          <HeartRateBpm>
            <Value>146</Value>
          </HeartRateBpm>
          <Cadence><Value>86</Value></Cadence>
          <SensorState>Absent</SensorState>
        </Trackpoint>
        <Trackpoint>
          <Time>2026-03-11T12:20:37Z</Time>
          <DistanceMeters>2342.0</DistanceMeters>
          <HeartRateBpm>
            <Value>145</Value>
          </HeartRateBpm>
          <Cadence><Value>86</Value></Cadence>
          <SensorState>Absent</SensorState>
        </Trackpoint>
        <Trackpoint>
          <Time>2026-03-11T12:20:39Z</Time>
          <DistanceMeters>2342.0</DistanceMeters>
          <HeartRateBpm>
            <Value>146</Value>
          </HeartRateBpm>
          <Cadence><Value>86</Value></Cadence>
          <SensorState>Absent</SensorState>
        </Trackpoint>
        <Trackpoint>
          <Time>2026-03-11T12:20:44Z</Time>
          <DistanceMeters>2342.0</DistanceMeters>
          <HeartRateBpm>
            <Value>147</Value>
          </HeartRateBpm>
          <Cadence><Value>86</Value></Cadence>
          <SensorState>Absent</SensorState>
        </Trackpoint>
        <Trackpoint>
          <Time>2026-03-11T12:20:47Z</Time>
          <DistanceMeters>2342.0</DistanceMeters>
          <HeartRateBpm>
            <Value>148</Value>
          </HeartRateBpm>
          <Cadence><Value>86</Value></Cadence>
          <SensorState>Absent</SensorState>
        </Trackpoint>
        <Trackpoint>
          <Time>2026-03-11T12:20:49Z</Time>
          <DistanceMeters>2342.0</DistanceMeters>
          <HeartRateBpm>
            <Value>150</Value>
          </HeartRateBpm>
          <Cadence><Value>86</Value></Cadence>
          <SensorState>Absent</SensorState>
        </Trackpoint>
        <Trackpoint>
          <Time>2026-03-11T12:20:50Z</Time>
          <DistanceMeters>2342.0</DistanceMeters>
          <HeartRateBpm>
            <Value>150</Value>
          </HeartRateBpm>
          <Cadence><Value>86</Value></Cadence>
          <SensorState>Absent</SensorState>
        </Trackpoint>
        <Trackpoint>
          <Time>2026-03-11T12:20:51Z</Time>
          <DistanceMeters>2342.0</DistanceMeters>
          <HeartRateBpm>
            <Value>152</Value>
          </HeartRateBpm>
          <Cadence><Value>86</Value></Cadence>
          <SensorState>Absent</SensorState>
        </Trackpoint>
        <Trackpoint>
          <Time>2026-03-11T12:20:52Z</Time>
          <DistanceMeters>2342.0</DistanceMeters>
          <HeartRateBpm>
            <Value>153</Value>
          </HeartRateBpm>
          <Cadence><Value>86</Value></Cadence>
          <SensorState>Absent</SensorState>
        </Trackpoint>
        <Trackpoint>
          <Time>2026-03-11T12:20:53Z</Time>
          <DistanceMeters>2342.0</DistanceMeters>
          <HeartRateBpm>
            <Value>154</Value>
          </HeartRateBpm>
          <Cadence><Value>86</Value></Cadence>
          <SensorState>Absent</SensorState>
        </Trackpoint>
        <Trackpoint>
          <Time>2026-03-11T12:20:57Z</Time>
          <DistanceMeters>2342.0</DistanceMeters>
          <HeartRateBpm>
            <Value>155</Value>
          </HeartRateBpm>
          <Cadence><Value>86</Value></Cadence>
          <SensorState>Absent</SensorState>
        </Trackpoint>
        <Trackpoint>
          <Time>2026-03-11T12:21:00Z</Time>
          <DistanceMeters>2342.0</DistanceMeters>
          <HeartRateBpm>
            <Value>156</Value>
          </HeartRateBpm>
          <Cadence><Value>71</Value></Cadence>
          <SensorState>Absent</SensorState>
        </Trackpoint>
        <Trackpoint>
          <Time>2026-03-11T12:21:02Z</Time>
          <DistanceMeters>2342.0</DistanceMeters>
          <HeartRateBpm>
            <Value>155</Value>
          </HeartRateBpm>
          <Cadence><Value>71</Value></Cadence>
          <SensorState>Absent</SensorState>
        </Trackpoint>
        <Trackpoint>
          <Time>2026-03-11T12:21:05Z</Time>
          <DistanceMeters>2342.0</DistanceMeters>
          <HeartRateBpm>
            <Value>156</Value>
          </HeartRateBpm>
          <Cadence><Value>71</Value></Cadence>
          <SensorState>Absent</SensorState>
        </Trackpoint>
        <Trackpoint>
          <Time>2026-03-11T12:21:05Z</Time>
          <DistanceMeters>2342.0</DistanceMeters>
          <HeartRateBpm>
            <Value>156</Value>
          </HeartRateBpm>
          <Cadence><Value>71</Value></Cadence>
          <SensorState>Absent</SensorState>
        </Trackpoint>
        <Trackpoint>
          <Time>2026-03-11T12:21:07Z</Time>
          <DistanceMeters>2342.0</DistanceMeters>
          <HeartRateBpm>
            <Value>155</Value>
          </HeartRateBpm>
          <Cadence><Value>71</Value></Cadence>
          <SensorState>Absent</SensorState>
        </Trackpoint>
        <Trackpoint>
          <Time>2026-03-11T12:21:09Z</Time>
          <DistanceMeters>2342.0</DistanceMeters>
          <HeartRateBpm>
            <Value>157</Value>
          </HeartRateBpm>
          <Cadence><Value>71</Value></Cadence>
          <SensorState>Absent</SensorState>
        </Trackpoint>
        <Trackpoint>
          <Time>2026-03-11T12:21:10Z</Time>
          <DistanceMeters>2342.0</DistanceMeters>
          <HeartRateBpm>
            <Value>158</Value>
          </HeartRateBpm>
          <Cadence><Value>71</Value></Cadence>
          <SensorState>Absent</SensorState>
        </Trackpoint>
        <Trackpoint>
          <Time>2026-03-11T12:21:14Z</Time>
          <DistanceMeters>2342.0</DistanceMeters>
          <HeartRateBpm>
            <Value>160</Value>
          </HeartRateBpm>
          <Cadence><Value>71</Value></Cadence>
          <SensorState>Absent</SensorState>
        </Trackpoint>
        <Trackpoint>
          <Time>2026-03-11T12:21:15Z</Time>
          <DistanceMeters>2342.0</DistanceMeters>
          <HeartRateBpm>
            <Value>161</Value>
          </HeartRateBpm>
          <Cadence><Value>71</Value></Cadence>
          <SensorState>Absent</SensorState>
        </Trackpoint>
        <Trackpoint>
          <Time>2026-03-11T12:21:16Z</Time>
          <DistanceMeters>2342.0</DistanceMeters>
          <HeartRateBpm>
            <Value>164</Value>
          </HeartRateBpm>
          <Cadence><Value>71</Value></Cadence>
          <SensorState>Absent</SensorState>
        </Trackpoint>
        <Trackpoint>
          <Time>2026-03-11T12:21:16Z</Time>
          <DistanceMeters>2342.0</DistanceMeters>
          <HeartRateBpm>
            <Value>164</Value>
          </HeartRateBpm>
          <Cadence><Value>71</Value></Cadence>
          <SensorState>Absent</SensorState>
        </Trackpoint>
        <Trackpoint>
          <Time>2026-03-11T12:21:19Z</Time>
          <DistanceMeters>2342.0</DistanceMeters>
          <HeartRateBpm>
            <Value>165</Value>
          </HeartRateBpm>
          <Cadence><Value>71</Value></Cadence>
          <SensorState>Absent</SensorState>
        </Trackpoint>
        <Trackpoint>
          <Time>2026-03-11T12:21:20Z</Time>
          <DistanceMeters>2342.0</DistanceMeters>
          <HeartRateBpm>
            <Value>167</Value>
          </HeartRateBpm>
          <Cadence><Value>71</Value></Cadence>
          <SensorState>Absent</SensorState>
        </Trackpoint>
        <Trackpoint>
          <Time>2026-03-11T12:21:23Z</Time>
          <DistanceMeters>2342.0</DistanceMeters>
          <HeartRateBpm>
            <Value>166</Value>
          </HeartRateBpm>
          <Cadence><Value>71</Value></Cadence>
          <SensorState>Absent</SensorState>
        </Trackpoint>
        <Trackpoint>
          <Time>2026-03-11T12:21:24Z</Time>
          <DistanceMeters>2342.0</DistanceMeters>
          <HeartRateBpm>
            <Value>167</Value>
          </HeartRateBpm>
          <Cadence><Value>71</Value></Cadence>
          <SensorState>Absent</SensorState>
        </Trackpoint>
        <Trackpoint>
          <Time>2026-03-11T12:21:25Z</Time>
          <DistanceMeters>2342.0</DistanceMeters>
          <HeartRateBpm>
            <Value>166</Value>
          </HeartRateBpm>
          <Cadence><Value>71</Value></Cadence>
          <SensorState>Absent</SensorState>
        </Trackpoint>
        <Trackpoint>
          <Time>2026-03-11T12:21:27Z</Time>
          <DistanceMeters>2342.0</DistanceMeters>
          <HeartRateBpm>
            <Value>164</Value>
          </HeartRateBpm>
          <Cadence><Value>71</Value></Cadence>
          <SensorState>Absent</SensorState>
        </Trackpoint>
        <Trackpoint>
          <Time>2026-03-11T12:21:28Z</Time>
          <DistanceMeters>2342.0</DistanceMeters>
          <HeartRateBpm>
            <Value>163</Value>
          </HeartRateBpm>
          <Cadence><Value>71</Value></Cadence>
          <SensorState>Absent</SensorState>
        </Trackpoint>
        <Trackpoint>
          <Time>2026-03-11T12:21:29Z</Time>
          <DistanceMeters>2342.0</DistanceMeters>
          <HeartRateBpm>
            <Value>161</Value>
          </HeartRateBpm>
          <Cadence><Value>71</Value></Cadence>
          <SensorState>Absent</SensorState>
        </Trackpoint>
        <Trackpoint>
          <Time>2026-03-11T12:21:35Z</Time>
          <DistanceMeters>2378.0</DistanceMeters>
          <HeartRateBpm>
            <Value>161</Value>
          </HeartRateBpm>
          <Cadence><Value>71</Value></Cadence>
          <SensorState>Absent</SensorState>
        </Trackpoint>
        <Trackpoint>
          <Time>2026-03-11T12:21:37Z</Time>
          <DistanceMeters>2378.0</DistanceMeters>
          <HeartRateBpm>
            <Value>159</Value>
          </HeartRateBpm>
          <Cadence><Value>71</Value></Cadence>
          <SensorState>Absent</SensorState>
        </Trackpoint>
        <Trackpoint>
          <Time>2026-03-11T12:21:41Z</Time>
          <DistanceMeters>2378.0</DistanceMeters>
          <HeartRateBpm>
            <Value>160</Value>
          </HeartRateBpm>
          <Cadence><Value>71</Value></Cadence>
          <SensorState>Absent</SensorState>
        </Trackpoint>
        <Trackpoint>
          <Time>2026-03-11T12:21:42Z</Time>
          <DistanceMeters>2378.0</DistanceMeters>
          <HeartRateBpm>
            <Value>159</Value>
          </HeartRateBpm>
          <Cadence><Value>71</Value></Cadence>
          <SensorState>Absent</SensorState>
        </Trackpoint>
        <Trackpoint>
          <Time>2026-03-11T12:21:43Z</Time>
          <DistanceMeters>2378.0</DistanceMeters>
          <HeartRateBpm>
            <Value>158</Value>
          </HeartRateBpm>
          <Cadence><Value>71</Value></Cadence>
          <SensorState>Absent</SensorState>
        </Trackpoint>
        <Trackpoint>
          <Time>2026-03-11T12:21:43Z</Time>
          <DistanceMeters>2378.0</DistanceMeters>
          <HeartRateBpm>
            <Value>158</Value>
          </HeartRateBpm>
          <Cadence><Value>71</Value></Cadence>
          <SensorState>Absent</SensorState>
        </Trackpoint>
        <Trackpoint>
          <Time>2026-03-11T12:21:45Z</Time>
          <DistanceMeters>2378.0</DistanceMeters>
          <HeartRateBpm>
            <Value>157</Value>
          </HeartRateBpm>
          <Cadence><Value>71</Value></Cadence>
          <SensorState>Absent</SensorState>
        </Trackpoint>
        <Trackpoint>
          <Time>2026-03-11T12:21:46Z</Time>
          <DistanceMeters>2378.0</DistanceMeters>
          <HeartRateBpm>
            <Value>156</Value>
          </HeartRateBpm>
          <Cadence><Value>71</Value></Cadence>
          <SensorState>Absent</SensorState>
        </Trackpoint>
        <Trackpoint>
          <Time>2026-03-11T12:21:47Z</Time>
          <DistanceMeters>2378.0</DistanceMeters>
          <HeartRateBpm>
            <Value>155</Value>
          </HeartRateBpm>
          <Cadence><Value>71</Value></Cadence>
          <SensorState>Absent</SensorState>
        </Trackpoint>
        <Trackpoint>
          <Time>2026-03-11T12:21:49Z</Time>
          <DistanceMeters>2378.0</DistanceMeters>
          <HeartRateBpm>
            <Value>154</Value>
          </HeartRateBpm>
          <Cadence><Value>71</Value></Cadence>
          <SensorState>Absent</SensorState>
        </Trackpoint>
        <Trackpoint>
          <Time>2026-03-11T12:21:50Z</Time>
          <DistanceMeters>2378.0</DistanceMeters>
          <HeartRateBpm>
            <Value>153</Value>
          </HeartRateBpm>
          <Cadence><Value>71</Value></Cadence>
          <SensorState>Absent</SensorState>
        </Trackpoint>
        <Trackpoint>
          <Time>2026-03-11T12:21:51Z</Time>
          <DistanceMeters>2378.0</DistanceMeters>
          <HeartRateBpm>
            <Value>150</Value>
          </HeartRateBpm>
          <Cadence><Value>71</Value></Cadence>
          <SensorState>Absent</SensorState>
        </Trackpoint>
        <Trackpoint>
          <Time>2026-03-11T12:21:51Z</Time>
          <DistanceMeters>2378.0</DistanceMeters>
          <HeartRateBpm>
            <Value>150</Value>
          </HeartRateBpm>
          <Cadence><Value>71</Value></Cadence>
          <SensorState>Absent</SensorState>
        </Trackpoint>
        <Trackpoint>
          <Time>2026-03-11T12:21:53Z</Time>
          <DistanceMeters>2378.0</DistanceMeters>
          <HeartRateBpm>
            <Value>148</Value>
          </HeartRateBpm>
          <Cadence><Value>71</Value></Cadence>
          <SensorState>Absent</SensorState>
        </Trackpoint>
        <Trackpoint>
          <Time>2026-03-11T12:21:54Z</Time>
          <DistanceMeters>2378.0</DistanceMeters>
          <HeartRateBpm>
            <Value>147</Value>
          </HeartRateBpm>
          <Cadence><Value>71</Value></Cadence>
          <SensorState>Absent</SensorState>
        </Trackpoint>
        <Trackpoint>
          <Time>2026-03-11T12:21:57Z</Time>
          <DistanceMeters>2378.0</DistanceMeters>
          <HeartRateBpm>
            <Value>146</Value>
          </HeartRateBpm>
          <Cadence><Value>71</Value></Cadence>
          <SensorState>Absent</SensorState>
        </Trackpoint>
        <Trackpoint>
          <Time>2026-03-11T12:22:00Z</Time>
          <DistanceMeters>2378.0</DistanceMeters>
          <HeartRateBpm>
            <Value>143</Value>
          </HeartRateBpm>
          <SensorState>Absent</SensorState>
        </Trackpoint>
        <Trackpoint>
          <Time>2026-03-11T12:22:02Z</Time>
          <DistanceMeters>2378.0</DistanceMeters>
          <HeartRateBpm>
            <Value>145</Value>
          </HeartRateBpm>
          <SensorState>Absent</SensorState>
        </Trackpoint>
        <Trackpoint>
          <Time>2026-03-11T12:22:04Z</Time>
          <DistanceMeters>2378.0</DistanceMeters>
          <HeartRateBpm>
            <Value>144</Value>
          </HeartRateBpm>
          <SensorState>Absent</SensorState>
        </Trackpoint>
        <Trackpoint>
          <Time>2026-03-11T12:22:04Z</Time>
          <DistanceMeters>2378.0</DistanceMeters>
          <HeartRateBpm>
            <Value>144</Value>
          </HeartRateBpm>
          <SensorState>Absent</SensorState>
        </Trackpoint>
        <Trackpoint>
          <Time>2026-03-11T12:22:07Z</Time>
          <DistanceMeters>2378.0</DistanceMeters>
          <HeartRateBpm>
            <Value>143</Value>
          </HeartRateBpm>
          <SensorState>Absent</SensorState>
        </Trackpoint>
        <Trackpoint>
          <Time>2026-03-11T12:22:08Z</Time>
          <DistanceMeters>2378.0</DistanceMeters>
          <HeartRateBpm>
            <Value>140</Value>
          </HeartRateBpm>
          <SensorState>Absent</SensorState>
        </Trackpoint>
        <Trackpoint>
          <Time>2026-03-11T12:22:09Z</Time>
          <DistanceMeters>2378.0</DistanceMeters>
          <HeartRateBpm>
            <Value>139</Value>
          </HeartRateBpm>
          <SensorState>Absent</SensorState>
        </Trackpoint>
        <Trackpoint>
          <Time>2026-03-11T12:22:15Z</Time>
          <DistanceMeters>2378.0</DistanceMeters>
          <HeartRateBpm>
            <Value>139</Value>
          </HeartRateBpm>
          <SensorState>Absent</SensorState>
        </Trackpoint>
        <Trackpoint>
          <Time>2026-03-11T12:22:17Z</Time>
          <DistanceMeters>2378.0</DistanceMeters>
          <HeartRateBpm>
            <Value>138</Value>
          </HeartRateBpm>
          <SensorState>Absent</SensorState>
        </Trackpoint>
        <Trackpoint>
          <Time>2026-03-11T12:22:17Z</Time>
          <DistanceMeters>2378.0</DistanceMeters>
          <HeartRateBpm>
            <Value>138</Value>
          </HeartRateBpm>
          <SensorState>Absent</SensorState>
        </Trackpoint>
        <Trackpoint>
          <Time>2026-03-11T12:22:23Z</Time>
          <DistanceMeters>2378.0</DistanceMeters>
          <HeartRateBpm>
            <Value>139</Value>
          </HeartRateBpm>
          <SensorState>Absent</SensorState>
        </Trackpoint>
        <Trackpoint>
          <Time>2026-03-11T12:22:28Z</Time>
          <DistanceMeters>2378.0</DistanceMeters>
          <HeartRateBpm>
            <Value>140</Value>
          </HeartRateBpm>
          <SensorState>Absent</SensorState>
        </Trackpoint>
        <Trackpoint>
          <Time>2026-03-11T12:22:29Z</Time>
          <DistanceMeters>2378.0</DistanceMeters>
          <HeartRateBpm>
            <Value>139</Value>
          </HeartRateBpm>
          <SensorState>Absent</SensorState>
        </Trackpoint>
        <Trackpoint>
          <Time>2026-03-11T12:22:30Z</Time>
          <DistanceMeters>2414.0</DistanceMeters>
          <HeartRateBpm>
            <Value>138</Value>
          </HeartRateBpm>
          <SensorState>Absent</SensorState>
        </Trackpoint>
        <Trackpoint>
          <Time>2026-03-11T12:22:35Z</Time>
          <DistanceMeters>2414.0</DistanceMeters>
          <HeartRateBpm>
            <Value>138</Value>
          </HeartRateBpm>
          <SensorState>Absent</SensorState>
        </Trackpoint>
        <Trackpoint>
          <Time>2026-03-11T12:22:38Z</Time>
          <DistanceMeters>2414.0</DistanceMeters>
          <HeartRateBpm>
            <Value>137</Value>
          </HeartRateBpm>
          <SensorState>Absent</SensorState>
        </Trackpoint>
        <Trackpoint>
          <Time>2026-03-11T12:22:41Z</Time>
          <DistanceMeters>2414.0</DistanceMeters>
          <HeartRateBpm>
            <Value>136</Value>
          </HeartRateBpm>
          <SensorState>Absent</SensorState>
        </Trackpoint>
        <Trackpoint>
          <Time>2026-03-11T12:22:45Z</Time>
          <DistanceMeters>2414.0</DistanceMeters>
          <HeartRateBpm>
            <Value>135</Value>
          </HeartRateBpm>
          <SensorState>Absent</SensorState>
        </Trackpoint>
        <Trackpoint>
          <Time>2026-03-11T12:22:49Z</Time>
          <DistanceMeters>2414.0</DistanceMeters>
          <HeartRateBpm>
            <Value>136</Value>
          </HeartRateBpm>
          <SensorState>Absent</SensorState>
        </Trackpoint>
        <Trackpoint>
          <Time>2026-03-11T12:22:51Z</Time>
          <DistanceMeters>2414.0</DistanceMeters>
          <HeartRateBpm>
            <Value>138</Value>
          </HeartRateBpm>
          <SensorState>Absent</SensorState>
        </Trackpoint>
        <Trackpoint>
          <Time>2026-03-11T12:22:55Z</Time>
          <DistanceMeters>2414.0</DistanceMeters>
          <HeartRateBpm>
            <Value>137</Value>
          </HeartRateBpm>
          <SensorState>Absent</SensorState>
        </Trackpoint>
        <Trackpoint>
          <Time>2026-03-11T12:22:56Z</Time>
          <DistanceMeters>2414.0</DistanceMeters>
          <HeartRateBpm>
            <Value>134</Value>
          </HeartRateBpm>
          <SensorState>Absent</SensorState>
        </Trackpoint>
        <Trackpoint>
          <Time>2026-03-11T12:22:57Z</Time>
          <DistanceMeters>2414.0</DistanceMeters>
          <HeartRateBpm>
            <Value>133</Value>
          </HeartRateBpm>
          <SensorState>Absent</SensorState>
        </Trackpoint>
        <Trackpoint>
          <Time>2026-03-11T12:22:59Z</Time>
          <DistanceMeters>2414.0</DistanceMeters>
          <HeartRateBpm>
            <Value>130</Value>
          </HeartRateBpm>
          <SensorState>Absent</SensorState>
        </Trackpoint>
        <Trackpoint>
          <Time>2026-03-11T12:22:59Z</Time>
          <DistanceMeters>2414.0</DistanceMeters>
          <HeartRateBpm>
            <Value>130</Value>
          </HeartRateBpm>
          <SensorState>Absent</SensorState>
        </Trackpoint>
        <Trackpoint>
          <Time>2026-03-11T12:23:00Z</Time>
          <DistanceMeters>2414.0</DistanceMeters>
          <HeartRateBpm>
            <Value>133</Value>
          </HeartRateBpm>
          <SensorState>Absent</SensorState>
        </Trackpoint>
        <Trackpoint>
          <Time>2026-03-11T12:23:03Z</Time>
          <DistanceMeters>2414.0</DistanceMeters>
          <HeartRateBpm>
            <Value>128</Value>
          </HeartRateBpm>
          <SensorState>Absent</SensorState>
        </Trackpoint>
        <Trackpoint>
          <Time>2026-03-11T12:23:05Z</Time>
          <DistanceMeters>2414.0</DistanceMeters>
          <HeartRateBpm>
            <Value>127</Value>
          </HeartRateBpm>
          <SensorState>Absent</SensorState>
        </Trackpoint>
        <Trackpoint>
          <Time>2026-03-11T12:23:09Z</Time>
          <DistanceMeters>2414.0</DistanceMeters>
          <HeartRateBpm>
            <Value>126</Value>
          </HeartRateBpm>
          <SensorState>Absent</SensorState>
        </Trackpoint>
        <Trackpoint>
          <Time>2026-03-11T12:23:11Z</Time>
          <DistanceMeters>2414.0</DistanceMeters>
          <HeartRateBpm>
            <Value>127</Value>
          </HeartRateBpm>
          <SensorState>Absent</SensorState>
        </Trackpoint>
        <Trackpoint>
          <Time>2026-03-11T12:23:13Z</Time>
          <DistanceMeters>2414.0</DistanceMeters>
          <HeartRateBpm>
            <Value>129</Value>
          </HeartRateBpm>
          <SensorState>Absent</SensorState>
        </Trackpoint>
        <Trackpoint>
          <Time>2026-03-11T12:23:15Z</Time>
          <DistanceMeters>2414.0</DistanceMeters>
          <HeartRateBpm>
            <Value>130</Value>
          </HeartRateBpm>
          <SensorState>Absent</SensorState>
        </Trackpoint>
        <Trackpoint>
          <Time>2026-03-11T12:23:20Z</Time>
          <DistanceMeters>2414.0</DistanceMeters>
          <HeartRateBpm>
            <Value>130</Value>
          </HeartRateBpm>
          <SensorState>Absent</SensorState>
        </Trackpoint>
        <Trackpoint>
          <Time>2026-03-11T12:23:25Z</Time>
          <DistanceMeters>2414.0</DistanceMeters>
          <HeartRateBpm>
            <Value>130</Value>
          </HeartRateBpm>
          <SensorState>Absent</SensorState>
        </Trackpoint>
        <Trackpoint>
          <Time>2026-03-11T12:23:30Z</Time>
          <DistanceMeters>2450.0</DistanceMeters>
          <HeartRateBpm>
            <Value>130</Value>
          </HeartRateBpm>
          <SensorState>Absent</SensorState>
        </Trackpoint>
        <Trackpoint>
          <Time>2026-03-11T12:23:32Z</Time>
          <DistanceMeters>2450.0</DistanceMeters>
          <HeartRateBpm>
            <Value>131</Value>
          </HeartRateBpm>
          <SensorState>Absent</SensorState>
        </Trackpoint>
        <Trackpoint>
          <Time>2026-03-11T12:23:37Z</Time>
          <DistanceMeters>2450.0</DistanceMeters>
          <HeartRateBpm>
            <Value>131</Value>
          </HeartRateBpm>
          <SensorState>Absent</SensorState>
        </Trackpoint>
        <Trackpoint>
          <Time>2026-03-11T12:23:42Z</Time>
          <DistanceMeters>2450.0</DistanceMeters>
          <HeartRateBpm>
            <Value>131</Value>
          </HeartRateBpm>
          <SensorState>Absent</SensorState>
        </Trackpoint>
        <Trackpoint>
          <Time>2026-03-11T12:23:43Z</Time>
          <DistanceMeters>2450.0</DistanceMeters>
          <HeartRateBpm>
            <Value>130</Value>
          </HeartRateBpm>
          <SensorState>Absent</SensorState>
        </Trackpoint>
        <Trackpoint>
          <Time>2026-03-11T12:23:45Z</Time>
          <DistanceMeters>2450.0</DistanceMeters>
          <HeartRateBpm>
            <Value>129</Value>
          </HeartRateBpm>
          <SensorState>Absent</SensorState>
        </Trackpoint>
        <Trackpoint>
          <Time>2026-03-11T12:23:50Z</Time>
          <DistanceMeters>2450.0</DistanceMeters>
          <HeartRateBpm>
            <Value>129</Value>
          </HeartRateBpm>
          <SensorState>Absent</SensorState>
        </Trackpoint>
        <Trackpoint>
          <Time>2026-03-11T12:23:54Z</Time>
          <DistanceMeters>2450.0</DistanceMeters>
          <HeartRateBpm>
            <Value>128</Value>
          </HeartRateBpm>
          <SensorState>Absent</SensorState>
        </Trackpoint>
        <Trackpoint>
          <Time>2026-03-11T12:23:59Z</Time>
          <DistanceMeters>2450.0</DistanceMeters>
          <HeartRateBpm>
            <Value>126</Value>
          </HeartRateBpm>
          <SensorState>Absent</SensorState>
        </Trackpoint>
        <Trackpoint>
          <Time>2026-03-11T12:24:00Z</Time>
          <DistanceMeters>2450.0</DistanceMeters>
          <HeartRateBpm>
            <Value>126</Value>
          </HeartRateBpm>
          <SensorState>Absent</SensorState>
        </Trackpoint>
        <Trackpoint>
          <Time>2026-03-11T12:24:00Z</Time>
          <DistanceMeters>2450.0</DistanceMeters>
          <HeartRateBpm>
            <Value>126</Value>
          </HeartRateBpm>
          <SensorState>Absent</SensorState>
        </Trackpoint>
        <Trackpoint>
          <Time>2026-03-11T12:24:00Z</Time>
          <DistanceMeters>2450.0</DistanceMeters>
          <HeartRateBpm>
            <Value>125</Value>
          </HeartRateBpm>
          <SensorState>Absent</SensorState>
        </Trackpoint>
        <Trackpoint>
          <Time>2026-03-11T12:24:02Z</Time>
          <DistanceMeters>2450.0</DistanceMeters>
          <HeartRateBpm>
            <Value>124</Value>
          </HeartRateBpm>
          <SensorState>Absent</SensorState>
        </Trackpoint>
        <Trackpoint>
          <Time>2026-03-11T12:24:07Z</Time>
          <DistanceMeters>2450.0</DistanceMeters>
          <HeartRateBpm>
            <Value>123</Value>
          </HeartRateBpm>
          <SensorState>Absent</SensorState>
        </Trackpoint>
        <Trackpoint>
          <Time>2026-03-11T12:24:10Z</Time>
          <DistanceMeters>2450.0</DistanceMeters>
          <HeartRateBpm>
            <Value>122</Value>
          </HeartRateBpm>
          <SensorState>Absent</SensorState>
        </Trackpoint>
        <Trackpoint>
          <Time>2026-03-11T12:24:15Z</Time>
          <DistanceMeters>2450.0</DistanceMeters>
          <HeartRateBpm>
            <Value>122</Value>
          </HeartRateBpm>
          <SensorState>Absent</SensorState>
        </Trackpoint>
        <Trackpoint>
          <Time>2026-03-11T12:24:16Z</Time>
          <DistanceMeters>2450.0</DistanceMeters>
          <HeartRateBpm>
            <Value>123</Value>
          </HeartRateBpm>
          <SensorState>Absent</SensorState>
        </Trackpoint>
        <Trackpoint>
          <Time>2026-03-11T12:24:21Z</Time>
          <DistanceMeters>2450.0</DistanceMeters>
          <HeartRateBpm>
            <Value>124</Value>
          </HeartRateBpm>
          <SensorState>Absent</SensorState>
        </Trackpoint>
        <Trackpoint>
          <Time>2026-03-11T12:24:25Z</Time>
          <DistanceMeters>2450.0</DistanceMeters>
          <HeartRateBpm>
            <Value>126</Value>
          </HeartRateBpm>
          <SensorState>Absent</SensorState>
        </Trackpoint>
        <Trackpoint>
          <Time>2026-03-11T12:24:26Z</Time>
          <DistanceMeters>2450.0</DistanceMeters>
          <HeartRateBpm>
            <Value>125</Value>
          </HeartRateBpm>
          <SensorState>Absent</SensorState>
        </Trackpoint>
        <Trackpoint>
          <Time>2026-03-11T12:24:31Z</Time>
          <DistanceMeters>2486.0</DistanceMeters>
          <HeartRateBpm>
            <Value>125</Value>
          </HeartRateBpm>
          <SensorState>Absent</SensorState>
        </Trackpoint>
        <Trackpoint>
          <Time>2026-03-11T12:24:33Z</Time>
          <DistanceMeters>2486.0</DistanceMeters>
          <HeartRateBpm>
            <Value>124</Value>
          </HeartRateBpm>
          <SensorState>Absent</SensorState>
        </Trackpoint>
        <Trackpoint>
          <Time>2026-03-11T12:24:39Z</Time>
          <DistanceMeters>2486.0</DistanceMeters>
          <HeartRateBpm>
            <Value>125</Value>
          </HeartRateBpm>
          <SensorState>Absent</SensorState>
        </Trackpoint>
        <Trackpoint>
          <Time>2026-03-11T12:24:42Z</Time>
          <DistanceMeters>2486.0</DistanceMeters>
          <HeartRateBpm>
            <Value>126</Value>
          </HeartRateBpm>
          <SensorState>Absent</SensorState>
        </Trackpoint>
        <Trackpoint>
          <Time>2026-03-11T12:24:45Z</Time>
          <DistanceMeters>2486.0</DistanceMeters>
          <HeartRateBpm>
            <Value>125</Value>
          </HeartRateBpm>
          <SensorState>Absent</SensorState>
        </Trackpoint>
        <Trackpoint>
          <Time>2026-03-11T12:24:50Z</Time>
          <DistanceMeters>2486.0</DistanceMeters>
          <HeartRateBpm>
            <Value>124</Value>
          </HeartRateBpm>
          <SensorState>Absent</SensorState>
        </Trackpoint>
        <Trackpoint>
          <Time>2026-03-11T12:24:51Z</Time>
          <DistanceMeters>2486.0</DistanceMeters>
          <HeartRateBpm>
            <Value>123</Value>
          </HeartRateBpm>
          <SensorState>Absent</SensorState>
        </Trackpoint>
        <Trackpoint>
          <Time>2026-03-11T12:24:57Z</Time>
          <DistanceMeters>2486.0</DistanceMeters>
          <HeartRateBpm>
            <Value>123</Value>
          </HeartRateBpm>
          <SensorState>Absent</SensorState>
        </Trackpoint>
        <Trackpoint>
          <Time>2026-03-11T12:24:59Z</Time>
          <DistanceMeters>2486.0</DistanceMeters>
          <HeartRateBpm>
            <Value>122</Value>
          </HeartRateBpm>
          <SensorState>Absent</SensorState>
        </Trackpoint>
        <Trackpoint>
          <Time>2026-03-11T12:25:00Z</Time>
          <DistanceMeters>2486.0</DistanceMeters>
          <HeartRateBpm>
            <Value>124</Value>
          </HeartRateBpm>
          <SensorState>Absent</SensorState>
        </Trackpoint>
        <Trackpoint>
          <Time>2026-03-11T12:25:04Z</Time>
          <DistanceMeters>2486.0</DistanceMeters>
          <HeartRateBpm>
            <Value>122</Value>
          </HeartRateBpm>
          <SensorState>Absent</SensorState>
        </Trackpoint>
        <Trackpoint>
          <Time>2026-03-11T12:25:04Z</Time>
          <DistanceMeters>2486.0</DistanceMeters>
          <HeartRateBpm>
            <Value>122</Value>
          </HeartRateBpm>
          <SensorState>Absent</SensorState>
        </Trackpoint>
        <Trackpoint>
          <Time>2026-03-11T12:25:09Z</Time>
          <DistanceMeters>2486.0</DistanceMeters>
          <HeartRateBpm>
            <Value>122</Value>
          </HeartRateBpm>
          <SensorState>Absent</SensorState>
        </Trackpoint>
        <Trackpoint>
          <Time>2026-03-11T12:25:15Z</Time>
          <DistanceMeters>2486.0</DistanceMeters>
          <HeartRateBpm>
            <Value>121</Value>
          </HeartRateBpm>
          <SensorState>Absent</SensorState>
        </Trackpoint>
        <Trackpoint>
          <Time>2026-03-11T12:25:20Z</Time>
          <DistanceMeters>2486.0</DistanceMeters>
          <HeartRateBpm>
            <Value>121</Value>
          </HeartRateBpm>
          <SensorState>Absent</SensorState>
        </Trackpoint>
        <Trackpoint>
          <Time>2026-03-11T12:25:21Z</Time>
          <DistanceMeters>2486.0</DistanceMeters>
          <HeartRateBpm>
            <Value>120</Value>
          </HeartRateBpm>
          <SensorState>Absent</SensorState>
        </Trackpoint>
        <Trackpoint>
          <Time>2026-03-11T12:25:25Z</Time>
          <DistanceMeters>2486.0</DistanceMeters>
          <HeartRateBpm>
            <Value>121</Value>
          </HeartRateBpm>
          <SensorState>Absent</SensorState>
        </Trackpoint>
        <Trackpoint>
          <Time>2026-03-11T12:25:30Z</Time>
          <DistanceMeters>2522.0</DistanceMeters>
          <HeartRateBpm>
            <Value>121</Value>
          </HeartRateBpm>
          <SensorState>Absent</SensorState>
        </Trackpoint>
        <Trackpoint>
          <Time>2026-03-11T12:25:32Z</Time>
          <DistanceMeters>2522.0</DistanceMeters>
          <HeartRateBpm>
            <Value>122</Value>
          </HeartRateBpm>
          <SensorState>Absent</SensorState>
        </Trackpoint>
        <Trackpoint>
          <Time>2026-03-11T12:25:34Z</Time>
          <DistanceMeters>2522.0</DistanceMeters>
          <HeartRateBpm>
            <Value>123</Value>
          </HeartRateBpm>
          <SensorState>Absent</SensorState>
        </Trackpoint>
        <Trackpoint>
          <Time>2026-03-11T12:25:35Z</Time>
          <DistanceMeters>2522.0</DistanceMeters>
          <HeartRateBpm>
            <Value>124</Value>
          </HeartRateBpm>
          <SensorState>Absent</SensorState>
        </Trackpoint>
        <Trackpoint>
          <Time>2026-03-11T12:25:37Z</Time>
          <DistanceMeters>2522.0</DistanceMeters>
          <HeartRateBpm>
            <Value>125</Value>
          </HeartRateBpm>
          <SensorState>Absent</SensorState>
        </Trackpoint>
        <Trackpoint>
          <Time>2026-03-11T12:25:38Z</Time>
          <DistanceMeters>2522.0</DistanceMeters>
          <HeartRateBpm>
            <Value>126</Value>
          </HeartRateBpm>
          <SensorState>Absent</SensorState>
        </Trackpoint>
        <Trackpoint>
          <Time>2026-03-11T12:25:41Z</Time>
          <DistanceMeters>2522.0</DistanceMeters>
          <HeartRateBpm>
            <Value>127</Value>
          </HeartRateBpm>
          <SensorState>Absent</SensorState>
        </Trackpoint>
        <Trackpoint>
          <Time>2026-03-11T12:25:43Z</Time>
          <DistanceMeters>2522.0</DistanceMeters>
          <HeartRateBpm>
            <Value>128</Value>
          </HeartRateBpm>
          <SensorState>Absent</SensorState>
        </Trackpoint>
        <Trackpoint>
          <Time>2026-03-11T12:25:43Z</Time>
          <DistanceMeters>2522.0</DistanceMeters>
          <HeartRateBpm>
            <Value>128</Value>
          </HeartRateBpm>
          <SensorState>Absent</SensorState>
        </Trackpoint>
        <Trackpoint>
          <Time>2026-03-11T12:25:49Z</Time>
          <DistanceMeters>2522.0</DistanceMeters>
          <HeartRateBpm>
            <Value>128</Value>
          </HeartRateBpm>
          <SensorState>Absent</SensorState>
        </Trackpoint>
        <Trackpoint>
          <Time>2026-03-11T12:25:51Z</Time>
          <DistanceMeters>2522.0</DistanceMeters>
          <HeartRateBpm>
            <Value>127</Value>
          </HeartRateBpm>
          <SensorState>Absent</SensorState>
        </Trackpoint>
        <Trackpoint>
          <Time>2026-03-11T12:25:54Z</Time>
          <DistanceMeters>2522.0</DistanceMeters>
          <HeartRateBpm>
            <Value>126</Value>
          </HeartRateBpm>
          <SensorState>Absent</SensorState>
        </Trackpoint>
        <Trackpoint>
          <Time>2026-03-11T12:25:59Z</Time>
          <DistanceMeters>2522.0</DistanceMeters>
          <HeartRateBpm>
            <Value>125</Value>
          </HeartRateBpm>
          <SensorState>Absent</SensorState>
        </Trackpoint>
        <Trackpoint>
          <Time>2026-03-11T12:26:00Z</Time>
          <DistanceMeters>2522.0</DistanceMeters>
          <HeartRateBpm>
            <Value>122</Value>
          </HeartRateBpm>
          <Cadence><Value>73</Value></Cadence>
          <SensorState>Absent</SensorState>
        </Trackpoint>
        <Trackpoint>
          <Time>2026-03-11T12:26:04Z</Time>
          <DistanceMeters>2522.0</DistanceMeters>
          <HeartRateBpm>
            <Value>125</Value>
          </HeartRateBpm>
          <Cadence><Value>73</Value></Cadence>
          <SensorState>Absent</SensorState>
        </Trackpoint>
        <Trackpoint>
          <Time>2026-03-11T12:26:05Z</Time>
          <DistanceMeters>2522.0</DistanceMeters>
          <HeartRateBpm>
            <Value>122</Value>
          </HeartRateBpm>
          <Cadence><Value>73</Value></Cadence>
          <SensorState>Absent</SensorState>
        </Trackpoint>
        <Trackpoint>
          <Time>2026-03-11T12:26:05Z</Time>
          <DistanceMeters>2522.0</DistanceMeters>
          <HeartRateBpm>
            <Value>122</Value>
          </HeartRateBpm>
          <Cadence><Value>73</Value></Cadence>
          <SensorState>Absent</SensorState>
        </Trackpoint>
        <Trackpoint>
          <Time>2026-03-11T12:26:08Z</Time>
          <DistanceMeters>2522.0</DistanceMeters>
          <HeartRateBpm>
            <Value>123</Value>
          </HeartRateBpm>
          <Cadence><Value>73</Value></Cadence>
          <SensorState>Absent</SensorState>
        </Trackpoint>
        <Trackpoint>
          <Time>2026-03-11T12:26:09Z</Time>
          <DistanceMeters>2522.0</DistanceMeters>
          <HeartRateBpm>
            <Value>124</Value>
          </HeartRateBpm>
          <Cadence><Value>73</Value></Cadence>
          <SensorState>Absent</SensorState>
        </Trackpoint>
        <Trackpoint>
          <Time>2026-03-11T12:26:13Z</Time>
          <DistanceMeters>2522.0</DistanceMeters>
          <HeartRateBpm>
            <Value>122</Value>
          </HeartRateBpm>
          <Cadence><Value>73</Value></Cadence>
          <SensorState>Absent</SensorState>
        </Trackpoint>
        <Trackpoint>
          <Time>2026-03-11T12:26:15Z</Time>
          <DistanceMeters>2522.0</DistanceMeters>
          <HeartRateBpm>
            <Value>121</Value>
          </HeartRateBpm>
          <Cadence><Value>73</Value></Cadence>
          <SensorState>Absent</SensorState>
        </Trackpoint>
        <Trackpoint>
          <Time>2026-03-11T12:26:16Z</Time>
          <DistanceMeters>2522.0</DistanceMeters>
          <HeartRateBpm>
            <Value>120</Value>
          </HeartRateBpm>
          <Cadence><Value>73</Value></Cadence>
          <SensorState>Absent</SensorState>
        </Trackpoint>
        <Trackpoint>
          <Time>2026-03-11T12:26:21Z</Time>
          <DistanceMeters>2522.0</DistanceMeters>
          <HeartRateBpm>
            <Value>120</Value>
          </HeartRateBpm>
          <Cadence><Value>73</Value></Cadence>
          <SensorState>Absent</SensorState>
        </Trackpoint>
        <Trackpoint>
          <Time>2026-03-11T12:26:22Z</Time>
          <DistanceMeters>2522.0</DistanceMeters>
          <HeartRateBpm>
            <Value>121</Value>
          </HeartRateBpm>
          <Cadence><Value>73</Value></Cadence>
          <SensorState>Absent</SensorState>
        </Trackpoint>
        <Trackpoint>
          <Time>2026-03-11T12:26:26Z</Time>
          <DistanceMeters>2522.0</DistanceMeters>
          <HeartRateBpm>
            <Value>122</Value>
          </HeartRateBpm>
          <Cadence><Value>73</Value></Cadence>
          <SensorState>Absent</SensorState>
        </Trackpoint>
        <Trackpoint>
          <Time>2026-03-11T12:26:27Z</Time>
          <DistanceMeters>2522.0</DistanceMeters>
          <HeartRateBpm>
            <Value>123</Value>
          </HeartRateBpm>
          <Cadence><Value>73</Value></Cadence>
          <SensorState>Absent</SensorState>
        </Trackpoint>
        <Trackpoint>
          <Time>2026-03-11T12:26:30Z</Time>
          <DistanceMeters>2558.0</DistanceMeters>
          <HeartRateBpm>
            <Value>122</Value>
          </HeartRateBpm>
          <Cadence><Value>73</Value></Cadence>
          <SensorState>Absent</SensorState>
        </Trackpoint>
        <Trackpoint>
          <Time>2026-03-11T12:26:35Z</Time>
          <DistanceMeters>2558.0</DistanceMeters>
          <HeartRateBpm>
            <Value>122</Value>
          </HeartRateBpm>
          <Cadence><Value>73</Value></Cadence>
          <SensorState>Absent</SensorState>
        </Trackpoint>
        <Trackpoint>
          <Time>2026-03-11T12:26:40Z</Time>
          <DistanceMeters>2558.0</DistanceMeters>
          <HeartRateBpm>
            <Value>121</Value>
          </HeartRateBpm>
          <Cadence><Value>73</Value></Cadence>
          <SensorState>Absent</SensorState>
        </Trackpoint>
        <Trackpoint>
          <Time>2026-03-11T12:26:43Z</Time>
          <DistanceMeters>2558.0</DistanceMeters>
          <HeartRateBpm>
            <Value>122</Value>
          </HeartRateBpm>
          <Cadence><Value>73</Value></Cadence>
          <SensorState>Absent</SensorState>
        </Trackpoint>
        <Trackpoint>
          <Time>2026-03-11T12:26:44Z</Time>
          <DistanceMeters>2558.0</DistanceMeters>
          <HeartRateBpm>
            <Value>123</Value>
          </HeartRateBpm>
          <Cadence><Value>73</Value></Cadence>
          <SensorState>Absent</SensorState>
        </Trackpoint>
        <Trackpoint>
          <Time>2026-03-11T12:26:48Z</Time>
          <DistanceMeters>2558.0</DistanceMeters>
          <HeartRateBpm>
            <Value>122</Value>
          </HeartRateBpm>
          <Cadence><Value>73</Value></Cadence>
          <SensorState>Absent</SensorState>
        </Trackpoint>
        <Trackpoint>
          <Time>2026-03-11T12:26:52Z</Time>
          <DistanceMeters>2558.0</DistanceMeters>
          <HeartRateBpm>
            <Value>121</Value>
          </HeartRateBpm>
          <Cadence><Value>73</Value></Cadence>
          <SensorState>Absent</SensorState>
        </Trackpoint>
        <Trackpoint>
          <Time>2026-03-11T12:26:56Z</Time>
          <DistanceMeters>2558.0</DistanceMeters>
          <HeartRateBpm>
            <Value>120</Value>
          </HeartRateBpm>
          <Cadence><Value>73</Value></Cadence>
          <SensorState>Absent</SensorState>
        </Trackpoint>
        <Trackpoint>
          <Time>2026-03-11T12:27:00Z</Time>
          <DistanceMeters>2558.0</DistanceMeters>
          <HeartRateBpm>
            <Value>119</Value>
          </HeartRateBpm>
          <SensorState>Absent</SensorState>
        </Trackpoint>
        <Trackpoint>
          <Time>2026-03-11T12:27:01Z</Time>
          <DistanceMeters>2558.0</DistanceMeters>
          <HeartRateBpm>
            <Value>120</Value>
          </HeartRateBpm>
          <SensorState>Absent</SensorState>
        </Trackpoint>
        <Trackpoint>
          <Time>2026-03-11T12:27:03Z</Time>
          <DistanceMeters>2558.0</DistanceMeters>
          <HeartRateBpm>
            <Value>119</Value>
          </HeartRateBpm>
          <SensorState>Absent</SensorState>
        </Trackpoint>
        <Trackpoint>
          <Time>2026-03-11T12:27:05Z</Time>
          <DistanceMeters>2558.0</DistanceMeters>
          <HeartRateBpm>
            <Value>118</Value>
          </HeartRateBpm>
          <SensorState>Absent</SensorState>
        </Trackpoint>
        <Trackpoint>
          <Time>2026-03-11T12:27:05Z</Time>
          <DistanceMeters>2558.0</DistanceMeters>
          <HeartRateBpm>
            <Value>118</Value>
          </HeartRateBpm>
          <SensorState>Absent</SensorState>
        </Trackpoint>
        <Trackpoint>
          <Time>2026-03-11T12:27:10Z</Time>
          <DistanceMeters>2558.0</DistanceMeters>
          <HeartRateBpm>
            <Value>119</Value>
          </HeartRateBpm>
          <SensorState>Absent</SensorState>
        </Trackpoint>
        <Trackpoint>
          <Time>2026-03-11T12:27:13Z</Time>
          <DistanceMeters>2558.0</DistanceMeters>
          <HeartRateBpm>
            <Value>118</Value>
          </HeartRateBpm>
          <SensorState>Absent</SensorState>
        </Trackpoint>
        <Trackpoint>
          <Time>2026-03-11T12:27:14Z</Time>
          <DistanceMeters>2558.0</DistanceMeters>
          <HeartRateBpm>
            <Value>116</Value>
          </HeartRateBpm>
          <SensorState>Absent</SensorState>
        </Trackpoint>
        <Trackpoint>
          <Time>2026-03-11T12:27:19Z</Time>
          <DistanceMeters>2558.0</DistanceMeters>
          <HeartRateBpm>
            <Value>116</Value>
          </HeartRateBpm>
          <SensorState>Absent</SensorState>
        </Trackpoint>
        <Trackpoint>
          <Time>2026-03-11T12:27:25Z</Time>
          <DistanceMeters>2558.0</DistanceMeters>
          <HeartRateBpm>
            <Value>117</Value>
          </HeartRateBpm>
          <SensorState>Absent</SensorState>
        </Trackpoint>
        <Trackpoint>
          <Time>2026-03-11T12:27:26Z</Time>
          <DistanceMeters>2558.0</DistanceMeters>
          <HeartRateBpm>
            <Value>118</Value>
          </HeartRateBpm>
          <SensorState>Absent</SensorState>
        </Trackpoint>
        <Trackpoint>
          <Time>2026-03-11T12:27:31Z</Time>
          <DistanceMeters>2594.0</DistanceMeters>
          <HeartRateBpm>
            <Value>119</Value>
          </HeartRateBpm>
          <SensorState>Absent</SensorState>
        </Trackpoint>
        <Trackpoint>
          <Time>2026-03-11T12:27:36Z</Time>
          <DistanceMeters>2594.0</DistanceMeters>
          <HeartRateBpm>
            <Value>119</Value>
          </HeartRateBpm>
          <SensorState>Absent</SensorState>
        </Trackpoint>
        <Trackpoint>
          <Time>2026-03-11T12:27:37Z</Time>
          <DistanceMeters>2594.0</DistanceMeters>
          <HeartRateBpm>
            <Value>120</Value>
          </HeartRateBpm>
          <SensorState>Absent</SensorState>
        </Trackpoint>
        <Trackpoint>
          <Time>2026-03-11T12:27:40Z</Time>
          <DistanceMeters>2594.0</DistanceMeters>
          <HeartRateBpm>
            <Value>119</Value>
          </HeartRateBpm>
          <SensorState>Absent</SensorState>
        </Trackpoint>
        <Trackpoint>
          <Time>2026-03-11T12:27:41Z</Time>
          <DistanceMeters>2594.0</DistanceMeters>
          <HeartRateBpm>
            <Value>118</Value>
          </HeartRateBpm>
          <SensorState>Absent</SensorState>
        </Trackpoint>
        <Trackpoint>
          <Time>2026-03-11T12:27:47Z</Time>
          <DistanceMeters>2594.0</DistanceMeters>
          <HeartRateBpm>
            <Value>118</Value>
          </HeartRateBpm>
          <SensorState>Absent</SensorState>
        </Trackpoint>
        <Trackpoint>
          <Time>2026-03-11T12:27:51Z</Time>
          <DistanceMeters>2594.0</DistanceMeters>
          <HeartRateBpm>
            <Value>119</Value>
          </HeartRateBpm>
          <SensorState>Absent</SensorState>
        </Trackpoint>
        <Trackpoint>
          <Time>2026-03-11T12:27:56Z</Time>
          <DistanceMeters>2594.0</DistanceMeters>
          <HeartRateBpm>
            <Value>118</Value>
          </HeartRateBpm>
          <SensorState>Absent</SensorState>
        </Trackpoint>
        <Trackpoint>
          <Time>2026-03-11T12:27:57Z</Time>
          <DistanceMeters>2594.0</DistanceMeters>
          <HeartRateBpm>
            <Value>116</Value>
          </HeartRateBpm>
          <SensorState>Absent</SensorState>
        </Trackpoint>
        <Trackpoint>
          <Time>2026-03-11T12:27:58Z</Time>
          <DistanceMeters>2594.0</DistanceMeters>
          <HeartRateBpm>
            <Value>117</Value>
          </HeartRateBpm>
          <SensorState>Absent</SensorState>
        </Trackpoint>
        <Trackpoint>
          <Time>2026-03-11T12:28:00Z</Time>
          <DistanceMeters>2594.0</DistanceMeters>
          <HeartRateBpm>
            <Value>119</Value>
          </HeartRateBpm>
          <Cadence><Value>63</Value></Cadence>
          <SensorState>Absent</SensorState>
        </Trackpoint>
        <Trackpoint>
          <Time>2026-03-11T12:28:02Z</Time>
          <DistanceMeters>2594.0</DistanceMeters>
          <HeartRateBpm>
            <Value>118</Value>
          </HeartRateBpm>
          <Cadence><Value>63</Value></Cadence>
          <SensorState>Absent</SensorState>
        </Trackpoint>
        <Trackpoint>
          <Time>2026-03-11T12:28:04Z</Time>
          <DistanceMeters>2594.0</DistanceMeters>
          <HeartRateBpm>
            <Value>119</Value>
          </HeartRateBpm>
          <Cadence><Value>63</Value></Cadence>
          <SensorState>Absent</SensorState>
        </Trackpoint>
        <Trackpoint>
          <Time>2026-03-11T12:28:05Z</Time>
          <DistanceMeters>2594.0</DistanceMeters>
          <HeartRateBpm>
            <Value>120</Value>
          </HeartRateBpm>
          <Cadence><Value>63</Value></Cadence>
          <SensorState>Absent</SensorState>
        </Trackpoint>
        <Trackpoint>
          <Time>2026-03-11T12:28:06Z</Time>
          <DistanceMeters>2594.0</DistanceMeters>
          <HeartRateBpm>
            <Value>120</Value>
          </HeartRateBpm>
          <Cadence><Value>63</Value></Cadence>
          <SensorState>Absent</SensorState>
        </Trackpoint>
        <Trackpoint>
          <Time>2026-03-11T12:28:09Z</Time>
          <DistanceMeters>2594.0</DistanceMeters>
          <HeartRateBpm>
            <Value>121</Value>
          </HeartRateBpm>
          <Cadence><Value>63</Value></Cadence>
          <SensorState>Absent</SensorState>
        </Trackpoint>
        <Trackpoint>
          <Time>2026-03-11T12:28:10Z</Time>
          <DistanceMeters>2594.0</DistanceMeters>
          <HeartRateBpm>
            <Value>122</Value>
          </HeartRateBpm>
          <Cadence><Value>63</Value></Cadence>
          <SensorState>Absent</SensorState>
        </Trackpoint>
        <Trackpoint>
          <Time>2026-03-11T12:28:13Z</Time>
          <DistanceMeters>2594.0</DistanceMeters>
          <HeartRateBpm>
            <Value>121</Value>
          </HeartRateBpm>
          <Cadence><Value>63</Value></Cadence>
          <SensorState>Absent</SensorState>
        </Trackpoint>
        <Trackpoint>
          <Time>2026-03-11T12:28:16Z</Time>
          <DistanceMeters>2594.0</DistanceMeters>
          <HeartRateBpm>
            <Value>120</Value>
          </HeartRateBpm>
          <Cadence><Value>63</Value></Cadence>
          <SensorState>Absent</SensorState>
        </Trackpoint>
        <Trackpoint>
          <Time>2026-03-11T12:28:17Z</Time>
          <DistanceMeters>2594.0</DistanceMeters>
          <HeartRateBpm>
            <Value>119</Value>
          </HeartRateBpm>
          <Cadence><Value>63</Value></Cadence>
          <SensorState>Absent</SensorState>
        </Trackpoint>
        <Trackpoint>
          <Time>2026-03-11T12:28:22Z</Time>
          <DistanceMeters>2594.0</DistanceMeters>
          <HeartRateBpm>
            <Value>119</Value>
          </HeartRateBpm>
          <Cadence><Value>63</Value></Cadence>
          <SensorState>Absent</SensorState>
        </Trackpoint>
        <Trackpoint>
          <Time>2026-03-11T12:28:27Z</Time>
          <DistanceMeters>2594.0</DistanceMeters>
          <HeartRateBpm>
            <Value>118</Value>
          </HeartRateBpm>
          <Cadence><Value>63</Value></Cadence>
          <SensorState>Absent</SensorState>
        </Trackpoint>
        <Trackpoint>
          <Time>2026-03-11T12:28:32Z</Time>
          <DistanceMeters>2630.0</DistanceMeters>
          <HeartRateBpm>
            <Value>118</Value>
          </HeartRateBpm>
          <Cadence><Value>63</Value></Cadence>
          <SensorState>Absent</SensorState>
        </Trackpoint>
        <Trackpoint>
          <Time>2026-03-11T12:28:38Z</Time>
          <DistanceMeters>2630.0</DistanceMeters>
          <HeartRateBpm>
            <Value>119</Value>
          </HeartRateBpm>
          <Cadence><Value>63</Value></Cadence>
          <SensorState>Absent</SensorState>
        </Trackpoint>
        <Trackpoint>
          <Time>2026-03-11T12:28:39Z</Time>
          <DistanceMeters>2630.0</DistanceMeters>
          <HeartRateBpm>
            <Value>120</Value>
          </HeartRateBpm>
          <Cadence><Value>63</Value></Cadence>
          <SensorState>Absent</SensorState>
        </Trackpoint>
        <Trackpoint>
          <Time>2026-03-11T12:28:44Z</Time>
          <DistanceMeters>2630.0</DistanceMeters>
          <HeartRateBpm>
            <Value>120</Value>
          </HeartRateBpm>
          <Cadence><Value>63</Value></Cadence>
          <SensorState>Absent</SensorState>
        </Trackpoint>
        <Trackpoint>
          <Time>2026-03-11T12:28:45Z</Time>
          <DistanceMeters>2630.0</DistanceMeters>
          <HeartRateBpm>
            <Value>119</Value>
          </HeartRateBpm>
          <Cadence><Value>63</Value></Cadence>
          <SensorState>Absent</SensorState>
        </Trackpoint>
        <Trackpoint>
          <Time>2026-03-11T12:28:49Z</Time>
          <DistanceMeters>2630.0</DistanceMeters>
          <HeartRateBpm>
            <Value>120</Value>
          </HeartRateBpm>
          <Cadence><Value>63</Value></Cadence>
          <SensorState>Absent</SensorState>
        </Trackpoint>
        <Trackpoint>
          <Time>2026-03-11T12:28:53Z</Time>
          <DistanceMeters>2630.0</DistanceMeters>
          <HeartRateBpm>
            <Value>119</Value>
          </HeartRateBpm>
          <Cadence><Value>63</Value></Cadence>
          <SensorState>Absent</SensorState>
        </Trackpoint>
        <Trackpoint>
          <Time>2026-03-11T12:28:57Z</Time>
          <DistanceMeters>2630.0</DistanceMeters>
          <HeartRateBpm>
            <Value>118</Value>
          </HeartRateBpm>
          <Cadence><Value>63</Value></Cadence>
          <SensorState>Absent</SensorState>
        </Trackpoint>
        <Trackpoint>
          <Time>2026-03-11T12:28:59Z</Time>
          <DistanceMeters>2630.0</DistanceMeters>
          <HeartRateBpm>
            <Value>119</Value>
          </HeartRateBpm>
          <Cadence><Value>63</Value></Cadence>
          <SensorState>Absent</SensorState>
        </Trackpoint>
        <Trackpoint>
          <Time>2026-03-11T12:29:00Z</Time>
          <DistanceMeters>2630.0</DistanceMeters>
          <HeartRateBpm>
            <Value>115</Value>
          </HeartRateBpm>
          <SensorState>Absent</SensorState>
        </Trackpoint>
        <Trackpoint>
          <Time>2026-03-11T12:29:01Z</Time>
          <DistanceMeters>2630.0</DistanceMeters>
          <HeartRateBpm>
            <Value>118</Value>
          </HeartRateBpm>
          <SensorState>Absent</SensorState>
        </Trackpoint>
        <Trackpoint>
          <Time>2026-03-11T12:29:03Z</Time>
          <DistanceMeters>2630.0</DistanceMeters>
          <HeartRateBpm>
            <Value>116</Value>
          </HeartRateBpm>
          <SensorState>Absent</SensorState>
        </Trackpoint>
        <Trackpoint>
          <Time>2026-03-11T12:29:08Z</Time>
          <DistanceMeters>2630.0</DistanceMeters>
          <HeartRateBpm>
            <Value>116</Value>
          </HeartRateBpm>
          <SensorState>Absent</SensorState>
        </Trackpoint>
        <Trackpoint>
          <Time>2026-03-11T12:29:08Z</Time>
          <DistanceMeters>2630.0</DistanceMeters>
          <HeartRateBpm>
            <Value>116</Value>
          </HeartRateBpm>
          <SensorState>Absent</SensorState>
        </Trackpoint>
        <Trackpoint>
          <Time>2026-03-11T12:29:13Z</Time>
          <DistanceMeters>2630.0</DistanceMeters>
          <HeartRateBpm>
            <Value>116</Value>
          </HeartRateBpm>
          <SensorState>Absent</SensorState>
        </Trackpoint>
        <Trackpoint>
          <Time>2026-03-11T12:29:16Z</Time>
          <DistanceMeters>2630.0</DistanceMeters>
          <HeartRateBpm>
            <Value>115</Value>
          </HeartRateBpm>
          <SensorState>Absent</SensorState>
        </Trackpoint>
        <Trackpoint>
          <Time>2026-03-11T12:29:20Z</Time>
          <DistanceMeters>2630.0</DistanceMeters>
          <HeartRateBpm>
            <Value>114</Value>
          </HeartRateBpm>
          <SensorState>Absent</SensorState>
        </Trackpoint>
        <Trackpoint>
          <Time>2026-03-11T12:29:21Z</Time>
          <DistanceMeters>2630.0</DistanceMeters>
          <HeartRateBpm>
            <Value>113</Value>
          </HeartRateBpm>
          <SensorState>Absent</SensorState>
        </Trackpoint>
        <Trackpoint>
          <Time>2026-03-11T12:29:25Z</Time>
          <DistanceMeters>2630.0</DistanceMeters>
          <HeartRateBpm>
            <Value>111</Value>
          </HeartRateBpm>
          <SensorState>Absent</SensorState>
        </Trackpoint>
        <Trackpoint>
          <Time>2026-03-11T12:29:28Z</Time>
          <DistanceMeters>2630.0</DistanceMeters>
          <HeartRateBpm>
            <Value>110</Value>
          </HeartRateBpm>
          <SensorState>Absent</SensorState>
        </Trackpoint>
        <Trackpoint>
          <Time>2026-03-11T12:29:28Z</Time>
          <DistanceMeters>2630.0</DistanceMeters>
          <HeartRateBpm>
            <Value>110</Value>
          </HeartRateBpm>
          <SensorState>Absent</SensorState>
        </Trackpoint>
        <Trackpoint>
          <Time>2026-03-11T12:29:29Z</Time>
          <DistanceMeters>2630.0</DistanceMeters>
          <HeartRateBpm>
            <Value>109</Value>
          </HeartRateBpm>
          <SensorState>Absent</SensorState>
        </Trackpoint>
        <Trackpoint>
          <Time>2026-03-11T12:29:31Z</Time>
          <DistanceMeters>2666.0</DistanceMeters>
          <HeartRateBpm>
            <Value>110</Value>
          </HeartRateBpm>
          <SensorState>Absent</SensorState>
        </Trackpoint>
        <Trackpoint>
          <Time>2026-03-11T12:29:32Z</Time>
          <DistanceMeters>2666.0</DistanceMeters>
          <HeartRateBpm>
            <Value>112</Value>
          </HeartRateBpm>
          <SensorState>Absent</SensorState>
        </Trackpoint>
        <Trackpoint>
          <Time>2026-03-11T12:29:36Z</Time>
          <DistanceMeters>2666.0</DistanceMeters>
          <HeartRateBpm>
            <Value>113</Value>
          </HeartRateBpm>
          <SensorState>Absent</SensorState>
        </Trackpoint>
        <Trackpoint>
          <Time>2026-03-11T12:29:41Z</Time>
          <DistanceMeters>2666.0</DistanceMeters>
          <HeartRateBpm>
            <Value>113</Value>
          </HeartRateBpm>
          <SensorState>Absent</SensorState>
        </Trackpoint>
        <Trackpoint>
          <Time>2026-03-11T12:29:43Z</Time>
          <DistanceMeters>2666.0</DistanceMeters>
          <HeartRateBpm>
            <Value>112</Value>
          </HeartRateBpm>
          <SensorState>Absent</SensorState>
        </Trackpoint>
        <Trackpoint>
          <Time>2026-03-11T12:29:47Z</Time>
          <DistanceMeters>2666.0</DistanceMeters>
          <HeartRateBpm>
            <Value>114</Value>
          </HeartRateBpm>
          <SensorState>Absent</SensorState>
        </Trackpoint>
        <Trackpoint>
          <Time>2026-03-11T12:29:49Z</Time>
          <DistanceMeters>2666.0</DistanceMeters>
          <HeartRateBpm>
            <Value>115</Value>
          </HeartRateBpm>
          <SensorState>Absent</SensorState>
        </Trackpoint>
        <Trackpoint>
          <Time>2026-03-11T12:29:51Z</Time>
          <DistanceMeters>2666.0</DistanceMeters>
          <HeartRateBpm>
            <Value>116</Value>
          </HeartRateBpm>
          <SensorState>Absent</SensorState>
        </Trackpoint>
        <Trackpoint>
          <Time>2026-03-11T12:29:51Z</Time>
          <DistanceMeters>2666.0</DistanceMeters>
          <HeartRateBpm>
            <Value>116</Value>
          </HeartRateBpm>
          <SensorState>Absent</SensorState>
        </Trackpoint>
        <Trackpoint>
          <Time>2026-03-11T12:29:56Z</Time>
          <DistanceMeters>2666.0</DistanceMeters>
          <HeartRateBpm>
            <Value>117</Value>
          </HeartRateBpm>
          <SensorState>Absent</SensorState>
        </Trackpoint>
        <Trackpoint>
          <Time>2026-03-11T12:29:59Z</Time>
          <DistanceMeters>2666.0</DistanceMeters>
          <HeartRateBpm>
            <Value>118</Value>
          </HeartRateBpm>
          <SensorState>Absent</SensorState>
        </Trackpoint>
        <Trackpoint>
          <Time>2026-03-11T12:30:00Z</Time>
          <DistanceMeters>2666.0</DistanceMeters>
          <HeartRateBpm>
            <Value>116</Value>
          </HeartRateBpm>
          <SensorState>Absent</SensorState>
        </Trackpoint>
        <Trackpoint>
          <Time>2026-03-11T12:30:00Z</Time>
          <DistanceMeters>2666.0</DistanceMeters>
          <HeartRateBpm>
            <Value>116</Value>
          </HeartRateBpm>
          <SensorState>Absent</SensorState>
        </Trackpoint>
        <Trackpoint>
          <Time>2026-03-11T12:30:04Z</Time>
          <DistanceMeters>2666.0</DistanceMeters>
          <HeartRateBpm>
            <Value>115</Value>
          </HeartRateBpm>
          <SensorState>Absent</SensorState>
        </Trackpoint>
        <Trackpoint>
          <Time>2026-03-11T12:30:09Z</Time>
          <DistanceMeters>2666.0</DistanceMeters>
          <HeartRateBpm>
            <Value>115</Value>
          </HeartRateBpm>
          <SensorState>Absent</SensorState>
        </Trackpoint>
        <Trackpoint>
          <Time>2026-03-11T12:30:12Z</Time>
          <DistanceMeters>2666.0</DistanceMeters>
          <HeartRateBpm>
            <Value>116</Value>
          </HeartRateBpm>
          <SensorState>Absent</SensorState>
        </Trackpoint>
        <Trackpoint>
          <Time>2026-03-11T12:30:17Z</Time>
          <DistanceMeters>2666.0</DistanceMeters>
          <HeartRateBpm>
            <Value>116</Value>
          </HeartRateBpm>
          <SensorState>Absent</SensorState>
        </Trackpoint>
        <Trackpoint>
          <Time>2026-03-11T12:30:19Z</Time>
          <DistanceMeters>2666.0</DistanceMeters>
          <HeartRateBpm>
            <Value>117</Value>
          </HeartRateBpm>
          <SensorState>Absent</SensorState>
        </Trackpoint>
        <Trackpoint>
          <Time>2026-03-11T12:30:21Z</Time>
          <DistanceMeters>2666.0</DistanceMeters>
          <HeartRateBpm>
            <Value>118</Value>
          </HeartRateBpm>
          <SensorState>Absent</SensorState>
        </Trackpoint>
        <Trackpoint>
          <Time>2026-03-11T12:30:23Z</Time>
          <DistanceMeters>2666.0</DistanceMeters>
          <HeartRateBpm>
            <Value>117</Value>
          </HeartRateBpm>
          <SensorState>Absent</SensorState>
        </Trackpoint>
        <Trackpoint>
          <Time>2026-03-11T12:30:26Z</Time>
          <DistanceMeters>2666.0</DistanceMeters>
          <HeartRateBpm>
            <Value>118</Value>
          </HeartRateBpm>
          <SensorState>Absent</SensorState>
        </Trackpoint>
        <Trackpoint>
          <Time>2026-03-11T12:30:31Z</Time>
          <DistanceMeters>2702.0</DistanceMeters>
          <HeartRateBpm>
            <Value>117</Value>
          </HeartRateBpm>
          <SensorState>Absent</SensorState>
        </Trackpoint>
        <Trackpoint>
          <Time>2026-03-11T12:30:35Z</Time>
          <DistanceMeters>2702.0</DistanceMeters>
          <HeartRateBpm>
            <Value>116</Value>
          </HeartRateBpm>
          <SensorState>Absent</SensorState>
        </Trackpoint>
        <Trackpoint>
          <Time>2026-03-11T12:30:39Z</Time>
          <DistanceMeters>2702.0</DistanceMeters>
          <HeartRateBpm>
            <Value>117</Value>
          </HeartRateBpm>
          <SensorState>Absent</SensorState>
        </Trackpoint>
        <Trackpoint>
          <Time>2026-03-11T12:30:41Z</Time>
          <DistanceMeters>2702.0</DistanceMeters>
          <HeartRateBpm>
            <Value>118</Value>
          </HeartRateBpm>
          <SensorState>Absent</SensorState>
        </Trackpoint>
        <Trackpoint>
          <Time>2026-03-11T12:30:43Z</Time>
          <DistanceMeters>2702.0</DistanceMeters>
          <HeartRateBpm>
            <Value>117</Value>
          </HeartRateBpm>
          <SensorState>Absent</SensorState>
        </Trackpoint>
        <Trackpoint>
          <Time>2026-03-11T12:30:45Z</Time>
          <DistanceMeters>2702.0</DistanceMeters>
          <HeartRateBpm>
            <Value>116</Value>
          </HeartRateBpm>
          <SensorState>Absent</SensorState>
        </Trackpoint>
        <Trackpoint>
          <Time>2026-03-11T12:30:48Z</Time>
          <DistanceMeters>2702.0</DistanceMeters>
          <HeartRateBpm>
            <Value>117</Value>
          </HeartRateBpm>
          <SensorState>Absent</SensorState>
        </Trackpoint>
        <Trackpoint>
          <Time>2026-03-11T12:30:52Z</Time>
          <DistanceMeters>2702.0</DistanceMeters>
          <HeartRateBpm>
            <Value>118</Value>
          </HeartRateBpm>
          <SensorState>Absent</SensorState>
        </Trackpoint>
        <Trackpoint>
          <Time>2026-03-11T12:30:52Z</Time>
          <DistanceMeters>2702.0</DistanceMeters>
          <HeartRateBpm>
            <Value>118</Value>
          </HeartRateBpm>
          <SensorState>Absent</SensorState>
        </Trackpoint>
        <Trackpoint>
          <Time>2026-03-11T12:30:57Z</Time>
          <DistanceMeters>2702.0</DistanceMeters>
          <HeartRateBpm>
            <Value>118</Value>
          </HeartRateBpm>
          <SensorState>Absent</SensorState>
        </Trackpoint>
        <Trackpoint>
          <Time>2026-03-11T12:31:00Z</Time>
          <DistanceMeters>2702.0</DistanceMeters>
          <HeartRateBpm>
            <Value>125</Value>
          </HeartRateBpm>
          <SensorState>Absent</SensorState>
        </Trackpoint>
        <Trackpoint>
          <Time>2026-03-11T12:31:00Z</Time>
          <DistanceMeters>2702.0</DistanceMeters>
          <HeartRateBpm>
            <Value>117</Value>
          </HeartRateBpm>
          <SensorState>Absent</SensorState>
        </Trackpoint>
        <Trackpoint>
          <Time>2026-03-11T12:31:01Z</Time>
          <DistanceMeters>2702.0</DistanceMeters>
          <HeartRateBpm>
            <Value>116</Value>
          </HeartRateBpm>
          <SensorState>Absent</SensorState>
        </Trackpoint>
        <Trackpoint>
          <Time>2026-03-11T12:31:05Z</Time>
          <DistanceMeters>2702.0</DistanceMeters>
          <HeartRateBpm>
            <Value>117</Value>
          </HeartRateBpm>
          <SensorState>Absent</SensorState>
        </Trackpoint>
        <Trackpoint>
          <Time>2026-03-11T12:31:07Z</Time>
          <DistanceMeters>2702.0</DistanceMeters>
          <HeartRateBpm>
            <Value>118</Value>
          </HeartRateBpm>
          <SensorState>Absent</SensorState>
        </Trackpoint>
        <Trackpoint>
          <Time>2026-03-11T12:31:08Z</Time>
          <DistanceMeters>2702.0</DistanceMeters>
          <HeartRateBpm>
            <Value>119</Value>
          </HeartRateBpm>
          <SensorState>Absent</SensorState>
        </Trackpoint>
        <Trackpoint>
          <Time>2026-03-11T12:31:13Z</Time>
          <DistanceMeters>2702.0</DistanceMeters>
          <HeartRateBpm>
            <Value>120</Value>
          </HeartRateBpm>
          <SensorState>Absent</SensorState>
        </Trackpoint>
        <Trackpoint>
          <Time>2026-03-11T12:31:15Z</Time>
          <DistanceMeters>2702.0</DistanceMeters>
          <HeartRateBpm>
            <Value>119</Value>
          </HeartRateBpm>
          <SensorState>Absent</SensorState>
        </Trackpoint>
        <Trackpoint>
          <Time>2026-03-11T12:31:21Z</Time>
          <DistanceMeters>2702.0</DistanceMeters>
          <HeartRateBpm>
            <Value>120</Value>
          </HeartRateBpm>
          <SensorState>Absent</SensorState>
        </Trackpoint>
        <Trackpoint>
          <Time>2026-03-11T12:31:23Z</Time>
          <DistanceMeters>2702.0</DistanceMeters>
          <HeartRateBpm>
            <Value>119</Value>
          </HeartRateBpm>
          <SensorState>Absent</SensorState>
        </Trackpoint>
        <Trackpoint>
          <Time>2026-03-11T12:31:27Z</Time>
          <DistanceMeters>2702.0</DistanceMeters>
          <HeartRateBpm>
            <Value>122</Value>
          </HeartRateBpm>
          <SensorState>Absent</SensorState>
        </Trackpoint>
        <Trackpoint>
          <Time>2026-03-11T12:31:29Z</Time>
          <DistanceMeters>2702.0</DistanceMeters>
          <HeartRateBpm>
            <Value>125</Value>
          </HeartRateBpm>
          <SensorState>Absent</SensorState>
        </Trackpoint>
        <Trackpoint>
          <Time>2026-03-11T12:31:29Z</Time>
          <DistanceMeters>2702.0</DistanceMeters>
          <HeartRateBpm>
            <Value>125</Value>
          </HeartRateBpm>
          <SensorState>Absent</SensorState>
        </Trackpoint>
        <Trackpoint>
          <Time>2026-03-11T12:31:30Z</Time>
          <DistanceMeters>2738.0</DistanceMeters>
          <HeartRateBpm>
            <Value>131</Value>
          </HeartRateBpm>
          <SensorState>Absent</SensorState>
        </Trackpoint>
        <Trackpoint>
          <Time>2026-03-11T12:31:30Z</Time>
          <DistanceMeters>2738.0</DistanceMeters>
          <HeartRateBpm>
            <Value>131</Value>
          </HeartRateBpm>
          <SensorState>Absent</SensorState>
        </Trackpoint>
        <Trackpoint>
          <Time>2026-03-11T12:31:31Z</Time>
          <DistanceMeters>2738.0</DistanceMeters>
          <HeartRateBpm>
            <Value>140</Value>
          </HeartRateBpm>
          <SensorState>Absent</SensorState>
        </Trackpoint>
        <Trackpoint>
          <Time>2026-03-11T12:31:32Z</Time>
          <DistanceMeters>2738.0</DistanceMeters>
          <HeartRateBpm>
            <Value>140</Value>
          </HeartRateBpm>
          <SensorState>Absent</SensorState>
        </Trackpoint>
        <Trackpoint>
          <Time>2026-03-11T12:31:33Z</Time>
          <DistanceMeters>2738.0</DistanceMeters>
          <HeartRateBpm>
            <Value>142</Value>
          </HeartRateBpm>
          <SensorState>Absent</SensorState>
        </Trackpoint>
        <Trackpoint>
          <Time>2026-03-11T12:31:34Z</Time>
          <DistanceMeters>2738.0</DistanceMeters>
          <HeartRateBpm>
            <Value>143</Value>
          </HeartRateBpm>
          <SensorState>Absent</SensorState>
        </Trackpoint>
        <Trackpoint>
          <Time>2026-03-11T12:31:36Z</Time>
          <DistanceMeters>2738.0</DistanceMeters>
          <HeartRateBpm>
            <Value>142</Value>
          </HeartRateBpm>
          <SensorState>Absent</SensorState>
        </Trackpoint>
        <Trackpoint>
          <Time>2026-03-11T12:31:38Z</Time>
          <DistanceMeters>2738.0</DistanceMeters>
          <HeartRateBpm>
            <Value>143</Value>
          </HeartRateBpm>
          <SensorState>Absent</SensorState>
        </Trackpoint>
        <Trackpoint>
          <Time>2026-03-11T12:31:40Z</Time>
          <DistanceMeters>2738.0</DistanceMeters>
          <HeartRateBpm>
            <Value>142</Value>
          </HeartRateBpm>
          <SensorState>Absent</SensorState>
        </Trackpoint>
        <Trackpoint>
          <Time>2026-03-11T12:31:42Z</Time>
          <DistanceMeters>2738.0</DistanceMeters>
          <HeartRateBpm>
            <Value>141</Value>
          </HeartRateBpm>
          <SensorState>Absent</SensorState>
        </Trackpoint>
        <Trackpoint>
          <Time>2026-03-11T12:31:44Z</Time>
          <DistanceMeters>2738.0</DistanceMeters>
          <HeartRateBpm>
            <Value>140</Value>
          </HeartRateBpm>
          <SensorState>Absent</SensorState>
        </Trackpoint>
        <Trackpoint>
          <Time>2026-03-11T12:31:45Z</Time>
          <DistanceMeters>2738.0</DistanceMeters>
          <HeartRateBpm>
            <Value>139</Value>
          </HeartRateBpm>
          <SensorState>Absent</SensorState>
        </Trackpoint>
        <Trackpoint>
          <Time>2026-03-11T12:31:49Z</Time>
          <DistanceMeters>2738.0</DistanceMeters>
          <HeartRateBpm>
            <Value>136</Value>
          </HeartRateBpm>
          <SensorState>Absent</SensorState>
        </Trackpoint>
        <Trackpoint>
          <Time>2026-03-11T12:31:51Z</Time>
          <DistanceMeters>2738.0</DistanceMeters>
          <HeartRateBpm>
            <Value>135</Value>
          </HeartRateBpm>
          <SensorState>Absent</SensorState>
        </Trackpoint>
        <Trackpoint>
          <Time>2026-03-11T12:31:53Z</Time>
          <DistanceMeters>2738.0</DistanceMeters>
          <HeartRateBpm>
            <Value>133</Value>
          </HeartRateBpm>
          <SensorState>Absent</SensorState>
        </Trackpoint>
        <Trackpoint>
          <Time>2026-03-11T12:31:53Z</Time>
          <DistanceMeters>2738.0</DistanceMeters>
          <HeartRateBpm>
            <Value>133</Value>
          </HeartRateBpm>
          <SensorState>Absent</SensorState>
        </Trackpoint>
        <Trackpoint>
          <Time>2026-03-11T12:31:55Z</Time>
          <DistanceMeters>2738.0</DistanceMeters>
          <HeartRateBpm>
            <Value>132</Value>
          </HeartRateBpm>
          <SensorState>Absent</SensorState>
        </Trackpoint>
        <Trackpoint>
          <Time>2026-03-11T12:31:58Z</Time>
          <DistanceMeters>2738.0</DistanceMeters>
          <HeartRateBpm>
            <Value>130</Value>
          </HeartRateBpm>
          <SensorState>Absent</SensorState>
        </Trackpoint>
        <Trackpoint>
          <Time>2026-03-11T12:32:00Z</Time>
          <DistanceMeters>2738.0</DistanceMeters>
          <HeartRateBpm>
            <Value>134</Value>
          </HeartRateBpm>
          <SensorState>Absent</SensorState>
        </Trackpoint>
        <Trackpoint>
          <Time>2026-03-11T12:32:01Z</Time>
          <DistanceMeters>2738.0</DistanceMeters>
          <HeartRateBpm>
            <Value>131</Value>
          </HeartRateBpm>
          <SensorState>Absent</SensorState>
        </Trackpoint>
        <Trackpoint>
          <Time>2026-03-11T12:32:02Z</Time>
          <DistanceMeters>2738.0</DistanceMeters>
          <HeartRateBpm>
            <Value>133</Value>
          </HeartRateBpm>
          <SensorState>Absent</SensorState>
        </Trackpoint>
        <Trackpoint>
          <Time>2026-03-11T12:32:03Z</Time>
          <DistanceMeters>2738.0</DistanceMeters>
          <HeartRateBpm>
            <Value>134</Value>
          </HeartRateBpm>
          <SensorState>Absent</SensorState>
        </Trackpoint>
        <Trackpoint>
          <Time>2026-03-11T12:32:05Z</Time>
          <DistanceMeters>2738.0</DistanceMeters>
          <HeartRateBpm>
            <Value>135</Value>
          </HeartRateBpm>
          <SensorState>Absent</SensorState>
        </Trackpoint>
        <Trackpoint>
          <Time>2026-03-11T12:32:06Z</Time>
          <DistanceMeters>2738.0</DistanceMeters>
          <HeartRateBpm>
            <Value>137</Value>
          </HeartRateBpm>
          <SensorState>Absent</SensorState>
        </Trackpoint>
        <Trackpoint>
          <Time>2026-03-11T12:32:07Z</Time>
          <DistanceMeters>2738.0</DistanceMeters>
          <HeartRateBpm>
            <Value>139</Value>
          </HeartRateBpm>
          <SensorState>Absent</SensorState>
        </Trackpoint>
        <Trackpoint>
          <Time>2026-03-11T12:32:08Z</Time>
          <DistanceMeters>2738.0</DistanceMeters>
          <HeartRateBpm>
            <Value>139</Value>
          </HeartRateBpm>
          <SensorState>Absent</SensorState>
        </Trackpoint>
        <Trackpoint>
          <Time>2026-03-11T12:32:09Z</Time>
          <DistanceMeters>2738.0</DistanceMeters>
          <HeartRateBpm>
            <Value>140</Value>
          </HeartRateBpm>
          <SensorState>Absent</SensorState>
        </Trackpoint>
        <Trackpoint>
          <Time>2026-03-11T12:32:13Z</Time>
          <DistanceMeters>2738.0</DistanceMeters>
          <HeartRateBpm>
            <Value>139</Value>
          </HeartRateBpm>
          <SensorState>Absent</SensorState>
        </Trackpoint>
        <Trackpoint>
          <Time>2026-03-11T12:32:15Z</Time>
          <DistanceMeters>2738.0</DistanceMeters>
          <HeartRateBpm>
            <Value>140</Value>
          </HeartRateBpm>
          <SensorState>Absent</SensorState>
        </Trackpoint>
        <Trackpoint>
          <Time>2026-03-11T12:32:17Z</Time>
          <DistanceMeters>2738.0</DistanceMeters>
          <HeartRateBpm>
            <Value>137</Value>
          </HeartRateBpm>
          <SensorState>Absent</SensorState>
        </Trackpoint>
        <Trackpoint>
          <Time>2026-03-11T12:32:22Z</Time>
          <DistanceMeters>2738.0</DistanceMeters>
          <HeartRateBpm>
            <Value>137</Value>
          </HeartRateBpm>
          <SensorState>Absent</SensorState>
        </Trackpoint>
        <Trackpoint>
          <Time>2026-03-11T12:32:23Z</Time>
          <DistanceMeters>2738.0</DistanceMeters>
          <HeartRateBpm>
            <Value>136</Value>
          </HeartRateBpm>
          <SensorState>Absent</SensorState>
        </Trackpoint>
        <Trackpoint>
          <Time>2026-03-11T12:32:26Z</Time>
          <DistanceMeters>2738.0</DistanceMeters>
          <HeartRateBpm>
            <Value>137</Value>
          </HeartRateBpm>
          <SensorState>Absent</SensorState>
        </Trackpoint>
        <Trackpoint>
          <Time>2026-03-11T12:32:31Z</Time>
          <DistanceMeters>2774.0</DistanceMeters>
          <HeartRateBpm>
            <Value>137</Value>
          </HeartRateBpm>
          <SensorState>Absent</SensorState>
        </Trackpoint>
        <Trackpoint>
          <Time>2026-03-11T12:32:34Z</Time>
          <DistanceMeters>2774.0</DistanceMeters>
          <HeartRateBpm>
            <Value>136</Value>
          </HeartRateBpm>
          <SensorState>Absent</SensorState>
        </Trackpoint>
        <Trackpoint>
          <Time>2026-03-11T12:32:39Z</Time>
          <DistanceMeters>2774.0</DistanceMeters>
          <HeartRateBpm>
            <Value>135</Value>
          </HeartRateBpm>
          <SensorState>Absent</SensorState>
        </Trackpoint>
        <Trackpoint>
          <Time>2026-03-11T12:32:40Z</Time>
          <DistanceMeters>2774.0</DistanceMeters>
          <HeartRateBpm>
            <Value>137</Value>
          </HeartRateBpm>
          <SensorState>Absent</SensorState>
        </Trackpoint>
        <Trackpoint>
          <Time>2026-03-11T12:32:42Z</Time>
          <DistanceMeters>2774.0</DistanceMeters>
          <HeartRateBpm>
            <Value>136</Value>
          </HeartRateBpm>
          <SensorState>Absent</SensorState>
        </Trackpoint>
        <Trackpoint>
          <Time>2026-03-11T12:32:43Z</Time>
          <DistanceMeters>2774.0</DistanceMeters>
          <HeartRateBpm>
            <Value>135</Value>
          </HeartRateBpm>
          <SensorState>Absent</SensorState>
        </Trackpoint>
        <Trackpoint>
          <Time>2026-03-11T12:32:45Z</Time>
          <DistanceMeters>2774.0</DistanceMeters>
          <HeartRateBpm>
            <Value>137</Value>
          </HeartRateBpm>
          <SensorState>Absent</SensorState>
        </Trackpoint>
        <Trackpoint>
          <Time>2026-03-11T12:32:47Z</Time>
          <DistanceMeters>2774.0</DistanceMeters>
          <HeartRateBpm>
            <Value>139</Value>
          </HeartRateBpm>
          <SensorState>Absent</SensorState>
        </Trackpoint>
        <Trackpoint>
          <Time>2026-03-11T12:32:49Z</Time>
          <DistanceMeters>2774.0</DistanceMeters>
          <HeartRateBpm>
            <Value>140</Value>
          </HeartRateBpm>
          <SensorState>Absent</SensorState>
        </Trackpoint>
        <Trackpoint>
          <Time>2026-03-11T12:32:50Z</Time>
          <DistanceMeters>2774.0</DistanceMeters>
          <HeartRateBpm>
            <Value>141</Value>
          </HeartRateBpm>
          <SensorState>Absent</SensorState>
        </Trackpoint>
        <Trackpoint>
          <Time>2026-03-11T12:32:53Z</Time>
          <DistanceMeters>2774.0</DistanceMeters>
          <HeartRateBpm>
            <Value>140</Value>
          </HeartRateBpm>
          <SensorState>Absent</SensorState>
        </Trackpoint>
        <Trackpoint>
          <Time>2026-03-11T12:32:54Z</Time>
          <DistanceMeters>2774.0</DistanceMeters>
          <HeartRateBpm>
            <Value>139</Value>
          </HeartRateBpm>
          <SensorState>Absent</SensorState>
        </Trackpoint>
        <Trackpoint>
          <Time>2026-03-11T12:32:56Z</Time>
          <DistanceMeters>2774.0</DistanceMeters>
          <HeartRateBpm>
            <Value>138</Value>
          </HeartRateBpm>
          <SensorState>Absent</SensorState>
        </Trackpoint>
        <Trackpoint>
          <Time>2026-03-11T12:32:57Z</Time>
          <DistanceMeters>2774.0</DistanceMeters>
          <HeartRateBpm>
            <Value>137</Value>
          </HeartRateBpm>
          <SensorState>Absent</SensorState>
        </Trackpoint>
        <Trackpoint>
          <Time>2026-03-11T12:33:00Z</Time>
          <DistanceMeters>2774.0</DistanceMeters>
          <HeartRateBpm>
            <Value>142</Value>
          </HeartRateBpm>
          <Cadence><Value>69</Value></Cadence>
          <SensorState>Absent</SensorState>
        </Trackpoint>
        <Trackpoint>
          <Time>2026-03-11T12:33:01Z</Time>
          <DistanceMeters>2774.0</DistanceMeters>
          <HeartRateBpm>
            <Value>138</Value>
          </HeartRateBpm>
          <Cadence><Value>69</Value></Cadence>
          <SensorState>Absent</SensorState>
        </Trackpoint>
        <Trackpoint>
          <Time>2026-03-11T12:33:02Z</Time>
          <DistanceMeters>2774.0</DistanceMeters>
          <HeartRateBpm>
            <Value>140</Value>
          </HeartRateBpm>
          <Cadence><Value>69</Value></Cadence>
          <SensorState>Absent</SensorState>
        </Trackpoint>
        <Trackpoint>
          <Time>2026-03-11T12:33:06Z</Time>
          <DistanceMeters>2774.0</DistanceMeters>
          <HeartRateBpm>
            <Value>139</Value>
          </HeartRateBpm>
          <Cadence><Value>69</Value></Cadence>
          <SensorState>Absent</SensorState>
        </Trackpoint>
        <Trackpoint>
          <Time>2026-03-11T12:33:08Z</Time>
          <DistanceMeters>2774.0</DistanceMeters>
          <HeartRateBpm>
            <Value>138</Value>
          </HeartRateBpm>
          <Cadence><Value>69</Value></Cadence>
          <SensorState>Absent</SensorState>
        </Trackpoint>
        <Trackpoint>
          <Time>2026-03-11T12:33:09Z</Time>
          <DistanceMeters>2774.0</DistanceMeters>
          <HeartRateBpm>
            <Value>138</Value>
          </HeartRateBpm>
          <Cadence><Value>69</Value></Cadence>
          <SensorState>Absent</SensorState>
        </Trackpoint>
        <Trackpoint>
          <Time>2026-03-11T12:33:12Z</Time>
          <DistanceMeters>2774.0</DistanceMeters>
          <HeartRateBpm>
            <Value>140</Value>
          </HeartRateBpm>
          <Cadence><Value>69</Value></Cadence>
          <SensorState>Absent</SensorState>
        </Trackpoint>
        <Trackpoint>
          <Time>2026-03-11T12:33:14Z</Time>
          <DistanceMeters>2774.0</DistanceMeters>
          <HeartRateBpm>
            <Value>141</Value>
          </HeartRateBpm>
          <Cadence><Value>69</Value></Cadence>
          <SensorState>Absent</SensorState>
        </Trackpoint>
        <Trackpoint>
          <Time>2026-03-11T12:33:16Z</Time>
          <DistanceMeters>2774.0</DistanceMeters>
          <HeartRateBpm>
            <Value>144</Value>
          </HeartRateBpm>
          <Cadence><Value>69</Value></Cadence>
          <SensorState>Absent</SensorState>
        </Trackpoint>
        <Trackpoint>
          <Time>2026-03-11T12:33:16Z</Time>
          <DistanceMeters>2774.0</DistanceMeters>
          <HeartRateBpm>
            <Value>144</Value>
          </HeartRateBpm>
          <Cadence><Value>69</Value></Cadence>
          <SensorState>Absent</SensorState>
        </Trackpoint>
        <Trackpoint>
          <Time>2026-03-11T12:33:17Z</Time>
          <DistanceMeters>2774.0</DistanceMeters>
          <HeartRateBpm>
            <Value>146</Value>
          </HeartRateBpm>
          <Cadence><Value>69</Value></Cadence>
          <SensorState>Absent</SensorState>
        </Trackpoint>
        <Trackpoint>
          <Time>2026-03-11T12:33:19Z</Time>
          <DistanceMeters>2774.0</DistanceMeters>
          <HeartRateBpm>
            <Value>147</Value>
          </HeartRateBpm>
          <Cadence><Value>69</Value></Cadence>
          <SensorState>Absent</SensorState>
        </Trackpoint>
        <Trackpoint>
          <Time>2026-03-11T12:33:21Z</Time>
          <DistanceMeters>2774.0</DistanceMeters>
          <HeartRateBpm>
            <Value>148</Value>
          </HeartRateBpm>
          <Cadence><Value>69</Value></Cadence>
          <SensorState>Absent</SensorState>
        </Trackpoint>
        <Trackpoint>
          <Time>2026-03-11T12:33:27Z</Time>
          <DistanceMeters>2774.0</DistanceMeters>
          <HeartRateBpm>
            <Value>147</Value>
          </HeartRateBpm>
          <Cadence><Value>69</Value></Cadence>
          <SensorState>Absent</SensorState>
        </Trackpoint>
        <Trackpoint>
          <Time>2026-03-11T12:33:28Z</Time>
          <DistanceMeters>2774.0</DistanceMeters>
          <HeartRateBpm>
            <Value>146</Value>
          </HeartRateBpm>
          <Cadence><Value>69</Value></Cadence>
          <SensorState>Absent</SensorState>
        </Trackpoint>
        <Trackpoint>
          <Time>2026-03-11T12:33:29Z</Time>
          <DistanceMeters>2774.0</DistanceMeters>
          <HeartRateBpm>
            <Value>144</Value>
          </HeartRateBpm>
          <Cadence><Value>69</Value></Cadence>
          <SensorState>Absent</SensorState>
        </Trackpoint>
        <Trackpoint>
          <Time>2026-03-11T12:33:31Z</Time>
          <DistanceMeters>2810.0</DistanceMeters>
          <HeartRateBpm>
            <Value>143</Value>
          </HeartRateBpm>
          <Cadence><Value>69</Value></Cadence>
          <SensorState>Absent</SensorState>
        </Trackpoint>
        <Trackpoint>
          <Time>2026-03-11T12:33:33Z</Time>
          <DistanceMeters>2810.0</DistanceMeters>
          <HeartRateBpm>
            <Value>142</Value>
          </HeartRateBpm>
          <Cadence><Value>69</Value></Cadence>
          <SensorState>Absent</SensorState>
        </Trackpoint>
        <Trackpoint>
          <Time>2026-03-11T12:33:36Z</Time>
          <DistanceMeters>2810.0</DistanceMeters>
          <HeartRateBpm>
            <Value>141</Value>
          </HeartRateBpm>
          <Cadence><Value>69</Value></Cadence>
          <SensorState>Absent</SensorState>
        </Trackpoint>
        <Trackpoint>
          <Time>2026-03-11T12:33:38Z</Time>
          <DistanceMeters>2810.0</DistanceMeters>
          <HeartRateBpm>
            <Value>144</Value>
          </HeartRateBpm>
          <Cadence><Value>69</Value></Cadence>
          <SensorState>Absent</SensorState>
        </Trackpoint>
        <Trackpoint>
          <Time>2026-03-11T12:33:39Z</Time>
          <DistanceMeters>2810.0</DistanceMeters>
          <HeartRateBpm>
            <Value>147</Value>
          </HeartRateBpm>
          <Cadence><Value>69</Value></Cadence>
          <SensorState>Absent</SensorState>
        </Trackpoint>
        <Trackpoint>
          <Time>2026-03-11T12:33:41Z</Time>
          <DistanceMeters>2810.0</DistanceMeters>
          <HeartRateBpm>
            <Value>149</Value>
          </HeartRateBpm>
          <Cadence><Value>69</Value></Cadence>
          <SensorState>Absent</SensorState>
        </Trackpoint>
        <Trackpoint>
          <Time>2026-03-11T12:33:42Z</Time>
          <DistanceMeters>2810.0</DistanceMeters>
          <HeartRateBpm>
            <Value>151</Value>
          </HeartRateBpm>
          <Cadence><Value>69</Value></Cadence>
          <SensorState>Absent</SensorState>
        </Trackpoint>
        <Trackpoint>
          <Time>2026-03-11T12:33:42Z</Time>
          <DistanceMeters>2810.0</DistanceMeters>
          <HeartRateBpm>
            <Value>151</Value>
          </HeartRateBpm>
          <Cadence><Value>69</Value></Cadence>
          <SensorState>Absent</SensorState>
        </Trackpoint>
        <Trackpoint>
          <Time>2026-03-11T12:33:43Z</Time>
          <DistanceMeters>2810.0</DistanceMeters>
          <HeartRateBpm>
            <Value>152</Value>
          </HeartRateBpm>
          <Cadence><Value>69</Value></Cadence>
          <SensorState>Absent</SensorState>
        </Trackpoint>
        <Trackpoint>
          <Time>2026-03-11T12:33:45Z</Time>
          <DistanceMeters>2810.0</DistanceMeters>
          <HeartRateBpm>
            <Value>153</Value>
          </HeartRateBpm>
          <Cadence><Value>69</Value></Cadence>
          <SensorState>Absent</SensorState>
        </Trackpoint>
        <Trackpoint>
          <Time>2026-03-11T12:33:46Z</Time>
          <DistanceMeters>2810.0</DistanceMeters>
          <HeartRateBpm>
            <Value>152</Value>
          </HeartRateBpm>
          <Cadence><Value>69</Value></Cadence>
          <SensorState>Absent</SensorState>
        </Trackpoint>
        <Trackpoint>
          <Time>2026-03-11T12:33:51Z</Time>
          <DistanceMeters>2810.0</DistanceMeters>
          <HeartRateBpm>
            <Value>151</Value>
          </HeartRateBpm>
          <Cadence><Value>69</Value></Cadence>
          <SensorState>Absent</SensorState>
        </Trackpoint>
        <Trackpoint>
          <Time>2026-03-11T12:33:53Z</Time>
          <DistanceMeters>2810.0</DistanceMeters>
          <HeartRateBpm>
            <Value>150</Value>
          </HeartRateBpm>
          <Cadence><Value>69</Value></Cadence>
          <SensorState>Absent</SensorState>
        </Trackpoint>
        <Trackpoint>
          <Time>2026-03-11T12:33:58Z</Time>
          <DistanceMeters>2810.0</DistanceMeters>
          <HeartRateBpm>
            <Value>150</Value>
          </HeartRateBpm>
          <Cadence><Value>69</Value></Cadence>
          <SensorState>Absent</SensorState>
        </Trackpoint>
        <Trackpoint>
          <Time>2026-03-11T12:33:59Z</Time>
          <DistanceMeters>2810.0</DistanceMeters>
          <HeartRateBpm>
            <Value>148</Value>
          </HeartRateBpm>
          <Cadence><Value>69</Value></Cadence>
          <SensorState>Absent</SensorState>
        </Trackpoint>
        <Trackpoint>
          <Time>2026-03-11T12:34:00Z</Time>
          <DistanceMeters>2810.0</DistanceMeters>
          <HeartRateBpm>
            <Value>138</Value>
          </HeartRateBpm>
          <Cadence><Value>90</Value></Cadence>
          <SensorState>Absent</SensorState>
        </Trackpoint>
        <Trackpoint>
          <Time>2026-03-11T12:34:00Z</Time>
          <DistanceMeters>2810.0</DistanceMeters>
          <HeartRateBpm>
            <Value>144</Value>
          </HeartRateBpm>
          <Cadence><Value>90</Value></Cadence>
          <SensorState>Absent</SensorState>
        </Trackpoint>
        <Trackpoint>
          <Time>2026-03-11T12:34:01Z</Time>
          <DistanceMeters>2810.0</DistanceMeters>
          <HeartRateBpm>
            <Value>143</Value>
          </HeartRateBpm>
          <Cadence><Value>90</Value></Cadence>
          <SensorState>Absent</SensorState>
        </Trackpoint>
        <Trackpoint>
          <Time>2026-03-11T12:34:01Z</Time>
          <DistanceMeters>2810.0</DistanceMeters>
          <HeartRateBpm>
            <Value>144</Value>
          </HeartRateBpm>
          <Cadence><Value>90</Value></Cadence>
          <SensorState>Absent</SensorState>
        </Trackpoint>
        <Trackpoint>
          <Time>2026-03-11T12:34:03Z</Time>
          <DistanceMeters>2810.0</DistanceMeters>
          <HeartRateBpm>
            <Value>142</Value>
          </HeartRateBpm>
          <Cadence><Value>90</Value></Cadence>
          <SensorState>Absent</SensorState>
        </Trackpoint>
        <Trackpoint>
          <Time>2026-03-11T12:34:04Z</Time>
          <DistanceMeters>2810.0</DistanceMeters>
          <HeartRateBpm>
            <Value>140</Value>
          </HeartRateBpm>
          <Cadence><Value>90</Value></Cadence>
          <SensorState>Absent</SensorState>
        </Trackpoint>
        <Trackpoint>
          <Time>2026-03-11T12:34:07Z</Time>
          <DistanceMeters>2810.0</DistanceMeters>
          <HeartRateBpm>
            <Value>139</Value>
          </HeartRateBpm>
          <Cadence><Value>90</Value></Cadence>
          <SensorState>Absent</SensorState>
        </Trackpoint>
        <Trackpoint>
          <Time>2026-03-11T12:34:09Z</Time>
          <DistanceMeters>2810.0</DistanceMeters>
          <HeartRateBpm>
            <Value>137</Value>
          </HeartRateBpm>
          <Cadence><Value>90</Value></Cadence>
          <SensorState>Absent</SensorState>
        </Trackpoint>
        <Trackpoint>
          <Time>2026-03-11T12:34:10Z</Time>
          <DistanceMeters>2810.0</DistanceMeters>
          <HeartRateBpm>
            <Value>133</Value>
          </HeartRateBpm>
          <Cadence><Value>90</Value></Cadence>
          <SensorState>Absent</SensorState>
        </Trackpoint>
        <Trackpoint>
          <Time>2026-03-11T12:34:10Z</Time>
          <DistanceMeters>2810.0</DistanceMeters>
          <HeartRateBpm>
            <Value>137</Value>
          </HeartRateBpm>
          <Cadence><Value>90</Value></Cadence>
          <SensorState>Absent</SensorState>
        </Trackpoint>
        <Trackpoint>
          <Time>2026-03-11T12:34:11Z</Time>
          <DistanceMeters>2810.0</DistanceMeters>
          <HeartRateBpm>
            <Value>128</Value>
          </HeartRateBpm>
          <Cadence><Value>90</Value></Cadence>
          <SensorState>Absent</SensorState>
        </Trackpoint>
        <Trackpoint>
          <Time>2026-03-11T12:34:11Z</Time>
          <DistanceMeters>2810.0</DistanceMeters>
          <HeartRateBpm>
            <Value>128</Value>
          </HeartRateBpm>
          <Cadence><Value>90</Value></Cadence>
          <SensorState>Absent</SensorState>
        </Trackpoint>
        <Trackpoint>
          <Time>2026-03-11T12:34:13Z</Time>
          <DistanceMeters>2810.0</DistanceMeters>
          <HeartRateBpm>
            <Value>127</Value>
          </HeartRateBpm>
          <Cadence><Value>90</Value></Cadence>
          <SensorState>Absent</SensorState>
        </Trackpoint>
        <Trackpoint>
          <Time>2026-03-11T12:34:17Z</Time>
          <DistanceMeters>2810.0</DistanceMeters>
          <HeartRateBpm>
            <Value>125</Value>
          </HeartRateBpm>
          <Cadence><Value>90</Value></Cadence>
          <SensorState>Absent</SensorState>
        </Trackpoint>
        <Trackpoint>
          <Time>2026-03-11T12:34:19Z</Time>
          <DistanceMeters>2810.0</DistanceMeters>
          <HeartRateBpm>
            <Value>126</Value>
          </HeartRateBpm>
          <Cadence><Value>90</Value></Cadence>
          <SensorState>Absent</SensorState>
        </Trackpoint>
        <Trackpoint>
          <Time>2026-03-11T12:34:20Z</Time>
          <DistanceMeters>2810.0</DistanceMeters>
          <HeartRateBpm>
            <Value>134</Value>
          </HeartRateBpm>
          <Cadence><Value>90</Value></Cadence>
          <SensorState>Absent</SensorState>
        </Trackpoint>
        <Trackpoint>
          <Time>2026-03-11T12:34:20Z</Time>
          <DistanceMeters>2810.0</DistanceMeters>
          <HeartRateBpm>
            <Value>134</Value>
          </HeartRateBpm>
          <Cadence><Value>90</Value></Cadence>
          <SensorState>Absent</SensorState>
        </Trackpoint>
        <Trackpoint>
          <Time>2026-03-11T12:34:22Z</Time>
          <DistanceMeters>2810.0</DistanceMeters>
          <HeartRateBpm>
            <Value>135</Value>
          </HeartRateBpm>
          <Cadence><Value>90</Value></Cadence>
          <SensorState>Absent</SensorState>
        </Trackpoint>
        <Trackpoint>
          <Time>2026-03-11T12:34:23Z</Time>
          <DistanceMeters>2810.0</DistanceMeters>
          <HeartRateBpm>
            <Value>136</Value>
          </HeartRateBpm>
          <Cadence><Value>90</Value></Cadence>
          <SensorState>Absent</SensorState>
        </Trackpoint>
        <Trackpoint>
          <Time>2026-03-11T12:34:24Z</Time>
          <DistanceMeters>2810.0</DistanceMeters>
          <HeartRateBpm>
            <Value>135</Value>
          </HeartRateBpm>
          <Cadence><Value>90</Value></Cadence>
          <SensorState>Absent</SensorState>
        </Trackpoint>
        <Trackpoint>
          <Time>2026-03-11T12:34:27Z</Time>
          <DistanceMeters>2810.0</DistanceMeters>
          <HeartRateBpm>
            <Value>134</Value>
          </HeartRateBpm>
          <Cadence><Value>90</Value></Cadence>
          <SensorState>Absent</SensorState>
        </Trackpoint>
        <Trackpoint>
          <Time>2026-03-11T12:34:32Z</Time>
          <DistanceMeters>2846.0</DistanceMeters>
          <HeartRateBpm>
            <Value>133</Value>
          </HeartRateBpm>
          <Cadence><Value>90</Value></Cadence>
          <SensorState>Absent</SensorState>
        </Trackpoint>
        <Trackpoint>
          <Time>2026-03-11T12:34:35Z</Time>
          <DistanceMeters>2846.0</DistanceMeters>
          <HeartRateBpm>
            <Value>134</Value>
          </HeartRateBpm>
          <Cadence><Value>90</Value></Cadence>
          <SensorState>Absent</SensorState>
        </Trackpoint>
        <Trackpoint>
          <Time>2026-03-11T12:34:36Z</Time>
          <DistanceMeters>2846.0</DistanceMeters>
          <HeartRateBpm>
            <Value>135</Value>
          </HeartRateBpm>
          <Cadence><Value>90</Value></Cadence>
          <SensorState>Absent</SensorState>
        </Trackpoint>
        <Trackpoint>
          <Time>2026-03-11T12:34:37Z</Time>
          <DistanceMeters>2846.0</DistanceMeters>
          <HeartRateBpm>
            <Value>137</Value>
          </HeartRateBpm>
          <Cadence><Value>90</Value></Cadence>
          <SensorState>Absent</SensorState>
        </Trackpoint>
        <Trackpoint>
          <Time>2026-03-11T12:34:40Z</Time>
          <DistanceMeters>2846.0</DistanceMeters>
          <HeartRateBpm>
            <Value>138</Value>
          </HeartRateBpm>
          <Cadence><Value>90</Value></Cadence>
          <SensorState>Absent</SensorState>
        </Trackpoint>
        <Trackpoint>
          <Time>2026-03-11T12:34:41Z</Time>
          <DistanceMeters>2846.0</DistanceMeters>
          <HeartRateBpm>
            <Value>140</Value>
          </HeartRateBpm>
          <Cadence><Value>90</Value></Cadence>
          <SensorState>Absent</SensorState>
        </Trackpoint>
        <Trackpoint>
          <Time>2026-03-11T12:34:42Z</Time>
          <DistanceMeters>2846.0</DistanceMeters>
          <HeartRateBpm>
            <Value>140</Value>
          </HeartRateBpm>
          <Cadence><Value>90</Value></Cadence>
          <SensorState>Absent</SensorState>
        </Trackpoint>
        <Trackpoint>
          <Time>2026-03-11T12:34:46Z</Time>
          <DistanceMeters>2846.0</DistanceMeters>
          <HeartRateBpm>
            <Value>140</Value>
          </HeartRateBpm>
          <Cadence><Value>90</Value></Cadence>
          <SensorState>Absent</SensorState>
        </Trackpoint>
        <Trackpoint>
          <Time>2026-03-11T12:34:48Z</Time>
          <DistanceMeters>2846.0</DistanceMeters>
          <HeartRateBpm>
            <Value>139</Value>
          </HeartRateBpm>
          <Cadence><Value>90</Value></Cadence>
          <SensorState>Absent</SensorState>
        </Trackpoint>
        <Trackpoint>
          <Time>2026-03-11T12:34:51Z</Time>
          <DistanceMeters>2846.0</DistanceMeters>
          <HeartRateBpm>
            <Value>141</Value>
          </HeartRateBpm>
          <Cadence><Value>90</Value></Cadence>
          <SensorState>Absent</SensorState>
        </Trackpoint>
        <Trackpoint>
          <Time>2026-03-11T12:34:53Z</Time>
          <DistanceMeters>2846.0</DistanceMeters>
          <HeartRateBpm>
            <Value>142</Value>
          </HeartRateBpm>
          <Cadence><Value>90</Value></Cadence>
          <SensorState>Absent</SensorState>
        </Trackpoint>
        <Trackpoint>
          <Time>2026-03-11T12:34:54Z</Time>
          <DistanceMeters>2846.0</DistanceMeters>
          <HeartRateBpm>
            <Value>144</Value>
          </HeartRateBpm>
          <Cadence><Value>90</Value></Cadence>
          <SensorState>Absent</SensorState>
        </Trackpoint>
        <Trackpoint>
          <Time>2026-03-11T12:34:55Z</Time>
          <DistanceMeters>2846.0</DistanceMeters>
          <HeartRateBpm>
            <Value>146</Value>
          </HeartRateBpm>
          <Cadence><Value>90</Value></Cadence>
          <SensorState>Absent</SensorState>
        </Trackpoint>
        <Trackpoint>
          <Time>2026-03-11T12:34:55Z</Time>
          <DistanceMeters>2846.0</DistanceMeters>
          <HeartRateBpm>
            <Value>146</Value>
          </HeartRateBpm>
          <Cadence><Value>90</Value></Cadence>
          <SensorState>Absent</SensorState>
        </Trackpoint>
        <Trackpoint>
          <Time>2026-03-11T12:34:59Z</Time>
          <DistanceMeters>2846.0</DistanceMeters>
          <HeartRateBpm>
            <Value>145</Value>
          </HeartRateBpm>
          <Cadence><Value>90</Value></Cadence>
          <SensorState>Absent</SensorState>
        </Trackpoint>
        <Trackpoint>
          <Time>2026-03-11T12:35:00Z</Time>
          <DistanceMeters>2846.0</DistanceMeters>
          <HeartRateBpm>
            <Value>146</Value>
          </HeartRateBpm>
          <Cadence><Value>110</Value></Cadence>
          <SensorState>Absent</SensorState>
        </Trackpoint>
        <Trackpoint>
          <Time>2026-03-11T12:35:02Z</Time>
          <DistanceMeters>2846.0</DistanceMeters>
          <HeartRateBpm>
            <Value>146</Value>
          </HeartRateBpm>
          <Cadence><Value>110</Value></Cadence>
          <SensorState>Absent</SensorState>
        </Trackpoint>
        <Trackpoint>
          <Time>2026-03-11T12:35:03Z</Time>
          <DistanceMeters>2846.0</DistanceMeters>
          <HeartRateBpm>
            <Value>147</Value>
          </HeartRateBpm>
          <Cadence><Value>110</Value></Cadence>
          <SensorState>Absent</SensorState>
        </Trackpoint>
        <Trackpoint>
          <Time>2026-03-11T12:35:05Z</Time>
          <DistanceMeters>2846.0</DistanceMeters>
          <HeartRateBpm>
            <Value>146</Value>
          </HeartRateBpm>
          <Cadence><Value>110</Value></Cadence>
          <SensorState>Absent</SensorState>
        </Trackpoint>
        <Trackpoint>
          <Time>2026-03-11T12:35:10Z</Time>
          <DistanceMeters>2846.0</DistanceMeters>
          <HeartRateBpm>
            <Value>144</Value>
          </HeartRateBpm>
          <Cadence><Value>110</Value></Cadence>
          <SensorState>Absent</SensorState>
        </Trackpoint>
        <Trackpoint>
          <Time>2026-03-11T12:35:11Z</Time>
          <DistanceMeters>2846.0</DistanceMeters>
          <HeartRateBpm>
            <Value>143</Value>
          </HeartRateBpm>
          <Cadence><Value>110</Value></Cadence>
          <SensorState>Absent</SensorState>
        </Trackpoint>
        <Trackpoint>
          <Time>2026-03-11T12:35:14Z</Time>
          <DistanceMeters>2846.0</DistanceMeters>
          <HeartRateBpm>
            <Value>144</Value>
          </HeartRateBpm>
          <Cadence><Value>110</Value></Cadence>
          <SensorState>Absent</SensorState>
        </Trackpoint>
        <Trackpoint>
          <Time>2026-03-11T12:35:15Z</Time>
          <DistanceMeters>2846.0</DistanceMeters>
          <HeartRateBpm>
            <Value>147</Value>
          </HeartRateBpm>
          <Cadence><Value>110</Value></Cadence>
          <SensorState>Absent</SensorState>
        </Trackpoint>
        <Trackpoint>
          <Time>2026-03-11T12:35:16Z</Time>
          <DistanceMeters>2846.0</DistanceMeters>
          <HeartRateBpm>
            <Value>151</Value>
          </HeartRateBpm>
          <Cadence><Value>110</Value></Cadence>
          <SensorState>Absent</SensorState>
        </Trackpoint>
        <Trackpoint>
          <Time>2026-03-11T12:35:18Z</Time>
          <DistanceMeters>2846.0</DistanceMeters>
          <HeartRateBpm>
            <Value>152</Value>
          </HeartRateBpm>
          <Cadence><Value>110</Value></Cadence>
          <SensorState>Absent</SensorState>
        </Trackpoint>
        <Trackpoint>
          <Time>2026-03-11T12:35:18Z</Time>
          <DistanceMeters>2846.0</DistanceMeters>
          <HeartRateBpm>
            <Value>152</Value>
          </HeartRateBpm>
          <Cadence><Value>110</Value></Cadence>
          <SensorState>Absent</SensorState>
        </Trackpoint>
        <Trackpoint>
          <Time>2026-03-11T12:35:22Z</Time>
          <DistanceMeters>2846.0</DistanceMeters>
          <HeartRateBpm>
            <Value>152</Value>
          </HeartRateBpm>
          <Cadence><Value>110</Value></Cadence>
          <SensorState>Absent</SensorState>
        </Trackpoint>
        <Trackpoint>
          <Time>2026-03-11T12:35:23Z</Time>
          <DistanceMeters>2846.0</DistanceMeters>
          <HeartRateBpm>
            <Value>151</Value>
          </HeartRateBpm>
          <Cadence><Value>110</Value></Cadence>
          <SensorState>Absent</SensorState>
        </Trackpoint>
        <Trackpoint>
          <Time>2026-03-11T12:35:24Z</Time>
          <DistanceMeters>2846.0</DistanceMeters>
          <HeartRateBpm>
            <Value>148</Value>
          </HeartRateBpm>
          <Cadence><Value>110</Value></Cadence>
          <SensorState>Absent</SensorState>
        </Trackpoint>
        <Trackpoint>
          <Time>2026-03-11T12:35:29Z</Time>
          <DistanceMeters>2846.0</DistanceMeters>
          <HeartRateBpm>
            <Value>148</Value>
          </HeartRateBpm>
          <Cadence><Value>110</Value></Cadence>
          <SensorState>Absent</SensorState>
        </Trackpoint>
        <Trackpoint>
          <Time>2026-03-11T12:35:32Z</Time>
          <DistanceMeters>2882.0</DistanceMeters>
          <HeartRateBpm>
            <Value>150</Value>
          </HeartRateBpm>
          <Cadence><Value>110</Value></Cadence>
          <SensorState>Absent</SensorState>
        </Trackpoint>
        <Trackpoint>
          <Time>2026-03-11T12:35:33Z</Time>
          <DistanceMeters>2882.0</DistanceMeters>
          <HeartRateBpm>
            <Value>153</Value>
          </HeartRateBpm>
          <Cadence><Value>110</Value></Cadence>
          <SensorState>Absent</SensorState>
        </Trackpoint>
        <Trackpoint>
          <Time>2026-03-11T12:35:36Z</Time>
          <DistanceMeters>2882.0</DistanceMeters>
          <HeartRateBpm>
            <Value>152</Value>
          </HeartRateBpm>
          <Cadence><Value>110</Value></Cadence>
          <SensorState>Absent</SensorState>
        </Trackpoint>
        <Trackpoint>
          <Time>2026-03-11T12:35:37Z</Time>
          <DistanceMeters>2882.0</DistanceMeters>
          <HeartRateBpm>
            <Value>153</Value>
          </HeartRateBpm>
          <Cadence><Value>110</Value></Cadence>
          <SensorState>Absent</SensorState>
        </Trackpoint>
        <Trackpoint>
          <Time>2026-03-11T12:35:39Z</Time>
          <DistanceMeters>2882.0</DistanceMeters>
          <HeartRateBpm>
            <Value>152</Value>
          </HeartRateBpm>
          <Cadence><Value>110</Value></Cadence>
          <SensorState>Absent</SensorState>
        </Trackpoint>
        <Trackpoint>
          <Time>2026-03-11T12:35:40Z</Time>
          <DistanceMeters>2882.0</DistanceMeters>
          <HeartRateBpm>
            <Value>151</Value>
          </HeartRateBpm>
          <Cadence><Value>110</Value></Cadence>
          <SensorState>Absent</SensorState>
        </Trackpoint>
        <Trackpoint>
          <Time>2026-03-11T12:35:41Z</Time>
          <DistanceMeters>2882.0</DistanceMeters>
          <HeartRateBpm>
            <Value>150</Value>
          </HeartRateBpm>
          <Cadence><Value>110</Value></Cadence>
          <SensorState>Absent</SensorState>
        </Trackpoint>
        <Trackpoint>
          <Time>2026-03-11T12:35:42Z</Time>
          <DistanceMeters>2882.0</DistanceMeters>
          <HeartRateBpm>
            <Value>152</Value>
          </HeartRateBpm>
          <Cadence><Value>110</Value></Cadence>
          <SensorState>Absent</SensorState>
        </Trackpoint>
        <Trackpoint>
          <Time>2026-03-11T12:35:47Z</Time>
          <DistanceMeters>2882.0</DistanceMeters>
          <HeartRateBpm>
            <Value>152</Value>
          </HeartRateBpm>
          <Cadence><Value>110</Value></Cadence>
          <SensorState>Absent</SensorState>
        </Trackpoint>
        <Trackpoint>
          <Time>2026-03-11T12:35:50Z</Time>
          <DistanceMeters>2882.0</DistanceMeters>
          <HeartRateBpm>
            <Value>150</Value>
          </HeartRateBpm>
          <Cadence><Value>110</Value></Cadence>
          <SensorState>Absent</SensorState>
        </Trackpoint>
        <Trackpoint>
          <Time>2026-03-11T12:35:55Z</Time>
          <DistanceMeters>2882.0</DistanceMeters>
          <HeartRateBpm>
            <Value>152</Value>
          </HeartRateBpm>
          <Cadence><Value>110</Value></Cadence>
          <SensorState>Absent</SensorState>
        </Trackpoint>
        <Trackpoint>
          <Time>2026-03-11T12:35:58Z</Time>
          <DistanceMeters>2882.0</DistanceMeters>
          <HeartRateBpm>
            <Value>153</Value>
          </HeartRateBpm>
          <Cadence><Value>110</Value></Cadence>
          <SensorState>Absent</SensorState>
        </Trackpoint>
        <Trackpoint>
          <Time>2026-03-11T12:35:59Z</Time>
          <DistanceMeters>2882.0</DistanceMeters>
          <HeartRateBpm>
            <Value>160</Value>
          </HeartRateBpm>
          <Cadence><Value>110</Value></Cadence>
          <SensorState>Absent</SensorState>
        </Trackpoint>
        <Trackpoint>
          <Time>2026-03-11T12:35:59Z</Time>
          <DistanceMeters>2882.0</DistanceMeters>
          <HeartRateBpm>
            <Value>160</Value>
          </HeartRateBpm>
          <Cadence><Value>110</Value></Cadence>
          <SensorState>Absent</SensorState>
        </Trackpoint>
        <Trackpoint>
          <Time>2026-03-11T12:36:00Z</Time>
          <DistanceMeters>2882.0</DistanceMeters>
          <HeartRateBpm>
            <Value>158</Value>
          </HeartRateBpm>
          <Cadence><Value>80</Value></Cadence>
          <SensorState>Absent</SensorState>
        </Trackpoint>
        <Trackpoint>
          <Time>2026-03-11T12:36:01Z</Time>
          <DistanceMeters>2882.0</DistanceMeters>
          <HeartRateBpm>
            <Value>163</Value>
          </HeartRateBpm>
          <Cadence><Value>80</Value></Cadence>
          <SensorState>Absent</SensorState>
        </Trackpoint>
        <Trackpoint>
          <Time>2026-03-11T12:36:03Z</Time>
          <DistanceMeters>2882.0</DistanceMeters>
          <HeartRateBpm>
            <Value>162</Value>
          </HeartRateBpm>
          <Cadence><Value>80</Value></Cadence>
          <SensorState>Absent</SensorState>
        </Trackpoint>
        <Trackpoint>
          <Time>2026-03-11T12:36:07Z</Time>
          <DistanceMeters>2882.0</DistanceMeters>
          <HeartRateBpm>
            <Value>163</Value>
          </HeartRateBpm>
          <Cadence><Value>80</Value></Cadence>
          <SensorState>Absent</SensorState>
        </Trackpoint>
        <Trackpoint>
          <Time>2026-03-11T12:36:12Z</Time>
          <DistanceMeters>2882.0</DistanceMeters>
          <HeartRateBpm>
            <Value>164</Value>
          </HeartRateBpm>
          <Cadence><Value>80</Value></Cadence>
          <SensorState>Absent</SensorState>
        </Trackpoint>
        <Trackpoint>
          <Time>2026-03-11T12:36:15Z</Time>
          <DistanceMeters>2882.0</DistanceMeters>
          <HeartRateBpm>
            <Value>165</Value>
          </HeartRateBpm>
          <Cadence><Value>80</Value></Cadence>
          <SensorState>Absent</SensorState>
        </Trackpoint>
        <Trackpoint>
          <Time>2026-03-11T12:36:17Z</Time>
          <DistanceMeters>2882.0</DistanceMeters>
          <HeartRateBpm>
            <Value>163</Value>
          </HeartRateBpm>
          <Cadence><Value>80</Value></Cadence>
          <SensorState>Absent</SensorState>
        </Trackpoint>
        <Trackpoint>
          <Time>2026-03-11T12:36:19Z</Time>
          <DistanceMeters>2882.0</DistanceMeters>
          <HeartRateBpm>
            <Value>162</Value>
          </HeartRateBpm>
          <Cadence><Value>80</Value></Cadence>
          <SensorState>Absent</SensorState>
        </Trackpoint>
        <Trackpoint>
          <Time>2026-03-11T12:36:20Z</Time>
          <DistanceMeters>2882.0</DistanceMeters>
          <HeartRateBpm>
            <Value>164</Value>
          </HeartRateBpm>
          <Cadence><Value>80</Value></Cadence>
          <SensorState>Absent</SensorState>
        </Trackpoint>
        <Trackpoint>
          <Time>2026-03-11T12:36:21Z</Time>
          <DistanceMeters>2882.0</DistanceMeters>
          <HeartRateBpm>
            <Value>167</Value>
          </HeartRateBpm>
          <Cadence><Value>80</Value></Cadence>
          <SensorState>Absent</SensorState>
        </Trackpoint>
        <Trackpoint>
          <Time>2026-03-11T12:36:21Z</Time>
          <DistanceMeters>2882.0</DistanceMeters>
          <HeartRateBpm>
            <Value>167</Value>
          </HeartRateBpm>
          <Cadence><Value>80</Value></Cadence>
          <SensorState>Absent</SensorState>
        </Trackpoint>
        <Trackpoint>
          <Time>2026-03-11T12:36:24Z</Time>
          <DistanceMeters>2882.0</DistanceMeters>
          <HeartRateBpm>
            <Value>165</Value>
          </HeartRateBpm>
          <Cadence><Value>80</Value></Cadence>
          <SensorState>Absent</SensorState>
        </Trackpoint>
        <Trackpoint>
          <Time>2026-03-11T12:36:25Z</Time>
          <DistanceMeters>2882.0</DistanceMeters>
          <HeartRateBpm>
            <Value>163</Value>
          </HeartRateBpm>
          <Cadence><Value>80</Value></Cadence>
          <SensorState>Absent</SensorState>
        </Trackpoint>
        <Trackpoint>
          <Time>2026-03-11T12:36:27Z</Time>
          <DistanceMeters>2882.0</DistanceMeters>
          <HeartRateBpm>
            <Value>164</Value>
          </HeartRateBpm>
          <Cadence><Value>80</Value></Cadence>
          <SensorState>Absent</SensorState>
        </Trackpoint>
        <Trackpoint>
          <Time>2026-03-11T12:36:29Z</Time>
          <DistanceMeters>2882.0</DistanceMeters>
          <HeartRateBpm>
            <Value>163</Value>
          </HeartRateBpm>
          <Cadence><Value>80</Value></Cadence>
          <SensorState>Absent</SensorState>
        </Trackpoint>
        <Trackpoint>
          <Time>2026-03-11T12:36:30Z</Time>
          <DistanceMeters>2918.0</DistanceMeters>
          <HeartRateBpm>
            <Value>161</Value>
          </HeartRateBpm>
          <Cadence><Value>80</Value></Cadence>
          <SensorState>Absent</SensorState>
        </Trackpoint>
        <Trackpoint>
          <Time>2026-03-11T12:36:30Z</Time>
          <DistanceMeters>2918.0</DistanceMeters>
          <HeartRateBpm>
            <Value>161</Value>
          </HeartRateBpm>
          <Cadence><Value>80</Value></Cadence>
          <SensorState>Absent</SensorState>
        </Trackpoint>
        <Trackpoint>
          <Time>2026-03-11T12:36:34Z</Time>
          <DistanceMeters>2918.0</DistanceMeters>
          <HeartRateBpm>
            <Value>161</Value>
          </HeartRateBpm>
          <Cadence><Value>80</Value></Cadence>
          <SensorState>Absent</SensorState>
        </Trackpoint>
        <Trackpoint>
          <Time>2026-03-11T12:36:38Z</Time>
          <DistanceMeters>2918.0</DistanceMeters>
          <HeartRateBpm>
            <Value>162</Value>
          </HeartRateBpm>
          <Cadence><Value>80</Value></Cadence>
          <SensorState>Absent</SensorState>
        </Trackpoint>
        <Trackpoint>
          <Time>2026-03-11T12:36:40Z</Time>
          <DistanceMeters>2918.0</DistanceMeters>
          <HeartRateBpm>
            <Value>161</Value>
          </HeartRateBpm>
          <Cadence><Value>80</Value></Cadence>
          <SensorState>Absent</SensorState>
        </Trackpoint>
        <Trackpoint>
          <Time>2026-03-11T12:36:42Z</Time>
          <DistanceMeters>2918.0</DistanceMeters>
          <HeartRateBpm>
            <Value>162</Value>
          </HeartRateBpm>
          <Cadence><Value>80</Value></Cadence>
          <SensorState>Absent</SensorState>
        </Trackpoint>
        <Trackpoint>
          <Time>2026-03-11T12:36:46Z</Time>
          <DistanceMeters>2918.0</DistanceMeters>
          <HeartRateBpm>
            <Value>161</Value>
          </HeartRateBpm>
          <Cadence><Value>80</Value></Cadence>
          <SensorState>Absent</SensorState>
        </Trackpoint>
        <Trackpoint>
          <Time>2026-03-11T12:36:48Z</Time>
          <DistanceMeters>2918.0</DistanceMeters>
          <HeartRateBpm>
            <Value>160</Value>
          </HeartRateBpm>
          <Cadence><Value>80</Value></Cadence>
          <SensorState>Absent</SensorState>
        </Trackpoint>
        <Trackpoint>
          <Time>2026-03-11T12:36:50Z</Time>
          <DistanceMeters>2918.0</DistanceMeters>
          <HeartRateBpm>
            <Value>161</Value>
          </HeartRateBpm>
          <Cadence><Value>80</Value></Cadence>
          <SensorState>Absent</SensorState>
        </Trackpoint>
        <Trackpoint>
          <Time>2026-03-11T12:36:52Z</Time>
          <DistanceMeters>2918.0</DistanceMeters>
          <HeartRateBpm>
            <Value>162</Value>
          </HeartRateBpm>
          <Cadence><Value>80</Value></Cadence>
          <SensorState>Absent</SensorState>
        </Trackpoint>
        <Trackpoint>
          <Time>2026-03-11T12:36:53Z</Time>
          <DistanceMeters>2918.0</DistanceMeters>
          <HeartRateBpm>
            <Value>161</Value>
          </HeartRateBpm>
          <Cadence><Value>80</Value></Cadence>
          <SensorState>Absent</SensorState>
        </Trackpoint>
        <Trackpoint>
          <Time>2026-03-11T12:36:54Z</Time>
          <DistanceMeters>2918.0</DistanceMeters>
          <HeartRateBpm>
            <Value>160</Value>
          </HeartRateBpm>
          <Cadence><Value>80</Value></Cadence>
          <SensorState>Absent</SensorState>
        </Trackpoint>
        <Trackpoint>
          <Time>2026-03-11T12:36:57Z</Time>
          <DistanceMeters>2918.0</DistanceMeters>
          <HeartRateBpm>
            <Value>163</Value>
          </HeartRateBpm>
          <Cadence><Value>80</Value></Cadence>
          <SensorState>Absent</SensorState>
        </Trackpoint>
        <Trackpoint>
          <Time>2026-03-11T12:36:58Z</Time>
          <DistanceMeters>2918.0</DistanceMeters>
          <HeartRateBpm>
            <Value>165</Value>
          </HeartRateBpm>
          <Cadence><Value>80</Value></Cadence>
          <SensorState>Absent</SensorState>
        </Trackpoint>
        <Trackpoint>
          <Time>2026-03-11T12:36:59Z</Time>
          <DistanceMeters>2918.0</DistanceMeters>
          <HeartRateBpm>
            <Value>166</Value>
          </HeartRateBpm>
          <Cadence><Value>80</Value></Cadence>
          <SensorState>Absent</SensorState>
        </Trackpoint>
        <Trackpoint>
          <Time>2026-03-11T12:37:00Z</Time>
          <DistanceMeters>2918.0</DistanceMeters>
          <HeartRateBpm>
            <Value>163</Value>
          </HeartRateBpm>
          <Cadence><Value>45</Value></Cadence>
          <SensorState>Absent</SensorState>
        </Trackpoint>
        <Trackpoint>
          <Time>2026-03-11T12:37:00Z</Time>
          <DistanceMeters>2918.0</DistanceMeters>
          <HeartRateBpm>
            <Value>167</Value>
          </HeartRateBpm>
          <Cadence><Value>45</Value></Cadence>
          <SensorState>Absent</SensorState>
        </Trackpoint>
        <Trackpoint>
          <Time>2026-03-11T12:37:01Z</Time>
          <DistanceMeters>2918.0</DistanceMeters>
          <HeartRateBpm>
            <Value>167</Value>
          </HeartRateBpm>
          <Cadence><Value>45</Value></Cadence>
          <SensorState>Absent</SensorState>
        </Trackpoint>
        <Trackpoint>
          <Time>2026-03-11T12:37:06Z</Time>
          <DistanceMeters>2918.0</DistanceMeters>
          <HeartRateBpm>
            <Value>167</Value>
          </HeartRateBpm>
          <Cadence><Value>45</Value></Cadence>
          <SensorState>Absent</SensorState>
        </Trackpoint>
        <Trackpoint>
          <Time>2026-03-11T12:37:07Z</Time>
          <DistanceMeters>2918.0</DistanceMeters>
          <HeartRateBpm>
            <Value>166</Value>
          </HeartRateBpm>
          <Cadence><Value>45</Value></Cadence>
          <SensorState>Absent</SensorState>
        </Trackpoint>
        <Trackpoint>
          <Time>2026-03-11T12:37:08Z</Time>
          <DistanceMeters>2918.0</DistanceMeters>
          <HeartRateBpm>
            <Value>165</Value>
          </HeartRateBpm>
          <Cadence><Value>45</Value></Cadence>
          <SensorState>Absent</SensorState>
        </Trackpoint>
        <Trackpoint>
          <Time>2026-03-11T12:37:10Z</Time>
          <DistanceMeters>2918.0</DistanceMeters>
          <HeartRateBpm>
            <Value>164</Value>
          </HeartRateBpm>
          <Cadence><Value>45</Value></Cadence>
          <SensorState>Absent</SensorState>
        </Trackpoint>
        <Trackpoint>
          <Time>2026-03-11T12:37:14Z</Time>
          <DistanceMeters>2918.0</DistanceMeters>
          <HeartRateBpm>
            <Value>163</Value>
          </HeartRateBpm>
          <Cadence><Value>45</Value></Cadence>
          <SensorState>Absent</SensorState>
        </Trackpoint>
        <Trackpoint>
          <Time>2026-03-11T12:37:15Z</Time>
          <DistanceMeters>2918.0</DistanceMeters>
          <HeartRateBpm>
            <Value>164</Value>
          </HeartRateBpm>
          <Cadence><Value>45</Value></Cadence>
          <SensorState>Absent</SensorState>
        </Trackpoint>
        <Trackpoint>
          <Time>2026-03-11T12:37:20Z</Time>
          <DistanceMeters>2918.0</DistanceMeters>
          <HeartRateBpm>
            <Value>164</Value>
          </HeartRateBpm>
          <Cadence><Value>45</Value></Cadence>
          <SensorState>Absent</SensorState>
        </Trackpoint>
        <Trackpoint>
          <Time>2026-03-11T12:37:21Z</Time>
          <DistanceMeters>2918.0</DistanceMeters>
          <HeartRateBpm>
            <Value>165</Value>
          </HeartRateBpm>
          <Cadence><Value>45</Value></Cadence>
          <SensorState>Absent</SensorState>
        </Trackpoint>
        <Trackpoint>
          <Time>2026-03-11T12:37:24Z</Time>
          <DistanceMeters>2918.0</DistanceMeters>
          <HeartRateBpm>
            <Value>164</Value>
          </HeartRateBpm>
          <Cadence><Value>45</Value></Cadence>
          <SensorState>Absent</SensorState>
        </Trackpoint>
        <Trackpoint>
          <Time>2026-03-11T12:37:25Z</Time>
          <DistanceMeters>2918.0</DistanceMeters>
          <HeartRateBpm>
            <Value>162</Value>
          </HeartRateBpm>
          <Cadence><Value>45</Value></Cadence>
          <SensorState>Absent</SensorState>
        </Trackpoint>
        <Trackpoint>
          <Time>2026-03-11T12:37:31Z</Time>
          <DistanceMeters>2954.0</DistanceMeters>
          <HeartRateBpm>
            <Value>162</Value>
          </HeartRateBpm>
          <Cadence><Value>45</Value></Cadence>
          <SensorState>Absent</SensorState>
        </Trackpoint>
        <Trackpoint>
          <Time>2026-03-11T12:37:34Z</Time>
          <DistanceMeters>2954.0</DistanceMeters>
          <HeartRateBpm>
            <Value>163</Value>
          </HeartRateBpm>
          <Cadence><Value>45</Value></Cadence>
          <SensorState>Absent</SensorState>
        </Trackpoint>
        <Trackpoint>
          <Time>2026-03-11T12:37:35Z</Time>
          <DistanceMeters>2954.0</DistanceMeters>
          <HeartRateBpm>
            <Value>161</Value>
          </HeartRateBpm>
          <Cadence><Value>45</Value></Cadence>
          <SensorState>Absent</SensorState>
        </Trackpoint>
        <Trackpoint>
          <Time>2026-03-11T12:37:35Z</Time>
          <DistanceMeters>2954.0</DistanceMeters>
          <HeartRateBpm>
            <Value>161</Value>
          </HeartRateBpm>
          <Cadence><Value>45</Value></Cadence>
          <SensorState>Absent</SensorState>
        </Trackpoint>
        <Trackpoint>
          <Time>2026-03-11T12:37:38Z</Time>
          <DistanceMeters>2954.0</DistanceMeters>
          <HeartRateBpm>
            <Value>160</Value>
          </HeartRateBpm>
          <Cadence><Value>45</Value></Cadence>
          <SensorState>Absent</SensorState>
        </Trackpoint>
        <Trackpoint>
          <Time>2026-03-11T12:37:39Z</Time>
          <DistanceMeters>2954.0</DistanceMeters>
          <HeartRateBpm>
            <Value>159</Value>
          </HeartRateBpm>
          <Cadence><Value>45</Value></Cadence>
          <SensorState>Absent</SensorState>
        </Trackpoint>
        <Trackpoint>
          <Time>2026-03-11T12:37:42Z</Time>
          <DistanceMeters>2954.0</DistanceMeters>
          <HeartRateBpm>
            <Value>160</Value>
          </HeartRateBpm>
          <Cadence><Value>45</Value></Cadence>
          <SensorState>Absent</SensorState>
        </Trackpoint>
        <Trackpoint>
          <Time>2026-03-11T12:37:43Z</Time>
          <DistanceMeters>2954.0</DistanceMeters>
          <HeartRateBpm>
            <Value>164</Value>
          </HeartRateBpm>
          <Cadence><Value>45</Value></Cadence>
          <SensorState>Absent</SensorState>
        </Trackpoint>
        <Trackpoint>
          <Time>2026-03-11T12:37:44Z</Time>
          <DistanceMeters>2954.0</DistanceMeters>
          <HeartRateBpm>
            <Value>171</Value>
          </HeartRateBpm>
          <Cadence><Value>45</Value></Cadence>
          <SensorState>Absent</SensorState>
        </Trackpoint>
        <Trackpoint>
          <Time>2026-03-11T12:37:44Z</Time>
          <DistanceMeters>2954.0</DistanceMeters>
          <HeartRateBpm>
            <Value>171</Value>
          </HeartRateBpm>
          <Cadence><Value>45</Value></Cadence>
          <SensorState>Absent</SensorState>
        </Trackpoint>
        <Trackpoint>
          <Time>2026-03-11T12:37:46Z</Time>
          <DistanceMeters>2954.0</DistanceMeters>
          <HeartRateBpm>
            <Value>173</Value>
          </HeartRateBpm>
          <Cadence><Value>45</Value></Cadence>
          <SensorState>Absent</SensorState>
        </Trackpoint>
        <Trackpoint>
          <Time>2026-03-11T12:37:47Z</Time>
          <DistanceMeters>2954.0</DistanceMeters>
          <HeartRateBpm>
            <Value>174</Value>
          </HeartRateBpm>
          <Cadence><Value>45</Value></Cadence>
          <SensorState>Absent</SensorState>
        </Trackpoint>
        <Trackpoint>
          <Time>2026-03-11T12:37:48Z</Time>
          <DistanceMeters>2954.0</DistanceMeters>
          <HeartRateBpm>
            <Value>173</Value>
          </HeartRateBpm>
          <Cadence><Value>45</Value></Cadence>
          <SensorState>Absent</SensorState>
        </Trackpoint>
        <Trackpoint>
          <Time>2026-03-11T12:37:51Z</Time>
          <DistanceMeters>2954.0</DistanceMeters>
          <HeartRateBpm>
            <Value>172</Value>
          </HeartRateBpm>
          <Cadence><Value>45</Value></Cadence>
          <SensorState>Absent</SensorState>
        </Trackpoint>
        <Trackpoint>
          <Time>2026-03-11T12:37:52Z</Time>
          <DistanceMeters>2954.0</DistanceMeters>
          <HeartRateBpm>
            <Value>169</Value>
          </HeartRateBpm>
          <Cadence><Value>45</Value></Cadence>
          <SensorState>Absent</SensorState>
        </Trackpoint>
        <Trackpoint>
          <Time>2026-03-11T12:37:53Z</Time>
          <DistanceMeters>2954.0</DistanceMeters>
          <HeartRateBpm>
            <Value>168</Value>
          </HeartRateBpm>
          <Cadence><Value>45</Value></Cadence>
          <SensorState>Absent</SensorState>
        </Trackpoint>
        <Trackpoint>
          <Time>2026-03-11T12:37:59Z</Time>
          <DistanceMeters>2954.0</DistanceMeters>
          <HeartRateBpm>
            <Value>168</Value>
          </HeartRateBpm>
          <Cadence><Value>45</Value></Cadence>
          <SensorState>Absent</SensorState>
        </Trackpoint>
        <Trackpoint>
          <Time>2026-03-11T12:38:00Z</Time>
          <DistanceMeters>2954.0</DistanceMeters>
          <HeartRateBpm>
            <Value>162</Value>
          </HeartRateBpm>
          <Cadence><Value>116</Value></Cadence>
          <SensorState>Absent</SensorState>
        </Trackpoint>
        <Trackpoint>
          <Time>2026-03-11T12:38:04Z</Time>
          <DistanceMeters>2954.0</DistanceMeters>
          <HeartRateBpm>
            <Value>168</Value>
          </HeartRateBpm>
          <Cadence><Value>116</Value></Cadence>
          <SensorState>Absent</SensorState>
        </Trackpoint>
        <Trackpoint>
          <Time>2026-03-11T12:38:05Z</Time>
          <DistanceMeters>2954.0</DistanceMeters>
          <HeartRateBpm>
            <Value>169</Value>
          </HeartRateBpm>
          <Cadence><Value>116</Value></Cadence>
          <SensorState>Absent</SensorState>
        </Trackpoint>
        <Trackpoint>
          <Time>2026-03-11T12:38:06Z</Time>
          <DistanceMeters>2954.0</DistanceMeters>
          <HeartRateBpm>
            <Value>168</Value>
          </HeartRateBpm>
          <Cadence><Value>116</Value></Cadence>
          <SensorState>Absent</SensorState>
        </Trackpoint>
        <Trackpoint>
          <Time>2026-03-11T12:38:09Z</Time>
          <DistanceMeters>2954.0</DistanceMeters>
          <HeartRateBpm>
            <Value>167</Value>
          </HeartRateBpm>
          <Cadence><Value>116</Value></Cadence>
          <SensorState>Absent</SensorState>
        </Trackpoint>
        <Trackpoint>
          <Time>2026-03-11T12:38:10Z</Time>
          <DistanceMeters>2954.0</DistanceMeters>
          <HeartRateBpm>
            <Value>166</Value>
          </HeartRateBpm>
          <Cadence><Value>116</Value></Cadence>
          <SensorState>Absent</SensorState>
        </Trackpoint>
        <Trackpoint>
          <Time>2026-03-11T12:38:11Z</Time>
          <DistanceMeters>2954.0</DistanceMeters>
          <HeartRateBpm>
            <Value>164</Value>
          </HeartRateBpm>
          <Cadence><Value>116</Value></Cadence>
          <SensorState>Absent</SensorState>
        </Trackpoint>
        <Trackpoint>
          <Time>2026-03-11T12:38:11Z</Time>
          <DistanceMeters>2954.0</DistanceMeters>
          <HeartRateBpm>
            <Value>164</Value>
          </HeartRateBpm>
          <Cadence><Value>116</Value></Cadence>
          <SensorState>Absent</SensorState>
        </Trackpoint>
        <Trackpoint>
          <Time>2026-03-11T12:38:14Z</Time>
          <DistanceMeters>2954.0</DistanceMeters>
          <HeartRateBpm>
            <Value>165</Value>
          </HeartRateBpm>
          <Cadence><Value>116</Value></Cadence>
          <SensorState>Absent</SensorState>
        </Trackpoint>
        <Trackpoint>
          <Time>2026-03-11T12:38:19Z</Time>
          <DistanceMeters>2954.0</DistanceMeters>
          <HeartRateBpm>
            <Value>166</Value>
          </HeartRateBpm>
          <Cadence><Value>116</Value></Cadence>
          <SensorState>Absent</SensorState>
        </Trackpoint>
        <Trackpoint>
          <Time>2026-03-11T12:38:22Z</Time>
          <DistanceMeters>2954.0</DistanceMeters>
          <HeartRateBpm>
            <Value>165</Value>
          </HeartRateBpm>
          <Cadence><Value>116</Value></Cadence>
          <SensorState>Absent</SensorState>
        </Trackpoint>
        <Trackpoint>
          <Time>2026-03-11T12:38:23Z</Time>
          <DistanceMeters>2954.0</DistanceMeters>
          <HeartRateBpm>
            <Value>163</Value>
          </HeartRateBpm>
          <Cadence><Value>116</Value></Cadence>
          <SensorState>Absent</SensorState>
        </Trackpoint>
        <Trackpoint>
          <Time>2026-03-11T12:38:25Z</Time>
          <DistanceMeters>2954.0</DistanceMeters>
          <HeartRateBpm>
            <Value>162</Value>
          </HeartRateBpm>
          <Cadence><Value>116</Value></Cadence>
          <SensorState>Absent</SensorState>
        </Trackpoint>
        <Trackpoint>
          <Time>2026-03-11T12:38:26Z</Time>
          <DistanceMeters>2954.0</DistanceMeters>
          <HeartRateBpm>
            <Value>161</Value>
          </HeartRateBpm>
          <Cadence><Value>116</Value></Cadence>
          <SensorState>Absent</SensorState>
        </Trackpoint>
        <Trackpoint>
          <Time>2026-03-11T12:38:29Z</Time>
          <DistanceMeters>2954.0</DistanceMeters>
          <HeartRateBpm>
            <Value>163</Value>
          </HeartRateBpm>
          <Cadence><Value>116</Value></Cadence>
          <SensorState>Absent</SensorState>
        </Trackpoint>
        <Trackpoint>
          <Time>2026-03-11T12:38:30Z</Time>
          <DistanceMeters>2990.0</DistanceMeters>
          <HeartRateBpm>
            <Value>164</Value>
          </HeartRateBpm>
          <Cadence><Value>116</Value></Cadence>
          <SensorState>Absent</SensorState>
        </Trackpoint>
        <Trackpoint>
          <Time>2026-03-11T12:38:32Z</Time>
          <DistanceMeters>2990.0</DistanceMeters>
          <HeartRateBpm>
            <Value>162</Value>
          </HeartRateBpm>
          <Cadence><Value>116</Value></Cadence>
          <SensorState>Absent</SensorState>
        </Trackpoint>
        <Trackpoint>
          <Time>2026-03-11T12:38:34Z</Time>
          <DistanceMeters>2990.0</DistanceMeters>
          <HeartRateBpm>
            <Value>161</Value>
          </HeartRateBpm>
          <Cadence><Value>116</Value></Cadence>
          <SensorState>Absent</SensorState>
        </Trackpoint>
        <Trackpoint>
          <Time>2026-03-11T12:38:36Z</Time>
          <DistanceMeters>2990.0</DistanceMeters>
          <HeartRateBpm>
            <Value>160</Value>
          </HeartRateBpm>
          <Cadence><Value>116</Value></Cadence>
          <SensorState>Absent</SensorState>
        </Trackpoint>
        <Trackpoint>
          <Time>2026-03-11T12:38:37Z</Time>
          <DistanceMeters>2990.0</DistanceMeters>
          <HeartRateBpm>
            <Value>159</Value>
          </HeartRateBpm>
          <Cadence><Value>116</Value></Cadence>
          <SensorState>Absent</SensorState>
        </Trackpoint>
        <Trackpoint>
          <Time>2026-03-11T12:38:39Z</Time>
          <DistanceMeters>2990.0</DistanceMeters>
          <HeartRateBpm>
            <Value>157</Value>
          </HeartRateBpm>
          <Cadence><Value>116</Value></Cadence>
          <SensorState>Absent</SensorState>
        </Trackpoint>
        <Trackpoint>
          <Time>2026-03-11T12:38:39Z</Time>
          <DistanceMeters>2990.0</DistanceMeters>
          <HeartRateBpm>
            <Value>157</Value>
          </HeartRateBpm>
          <Cadence><Value>116</Value></Cadence>
          <SensorState>Absent</SensorState>
        </Trackpoint>
        <Trackpoint>
          <Time>2026-03-11T12:38:40Z</Time>
          <DistanceMeters>2990.0</DistanceMeters>
          <HeartRateBpm>
            <Value>156</Value>
          </HeartRateBpm>
          <Cadence><Value>116</Value></Cadence>
          <SensorState>Absent</SensorState>
        </Trackpoint>
        <Trackpoint>
          <Time>2026-03-11T12:38:43Z</Time>
          <DistanceMeters>2990.0</DistanceMeters>
          <HeartRateBpm>
            <Value>157</Value>
          </HeartRateBpm>
          <Cadence><Value>116</Value></Cadence>
          <SensorState>Absent</SensorState>
        </Trackpoint>
        <Trackpoint>
          <Time>2026-03-11T12:38:45Z</Time>
          <DistanceMeters>2990.0</DistanceMeters>
          <HeartRateBpm>
            <Value>158</Value>
          </HeartRateBpm>
          <Cadence><Value>116</Value></Cadence>
          <SensorState>Absent</SensorState>
        </Trackpoint>
        <Trackpoint>
          <Time>2026-03-11T12:38:49Z</Time>
          <DistanceMeters>2990.0</DistanceMeters>
          <HeartRateBpm>
            <Value>157</Value>
          </HeartRateBpm>
          <Cadence><Value>116</Value></Cadence>
          <SensorState>Absent</SensorState>
        </Trackpoint>
        <Trackpoint>
          <Time>2026-03-11T12:38:51Z</Time>
          <DistanceMeters>2990.0</DistanceMeters>
          <HeartRateBpm>
            <Value>156</Value>
          </HeartRateBpm>
          <Cadence><Value>116</Value></Cadence>
          <SensorState>Absent</SensorState>
        </Trackpoint>
        <Trackpoint>
          <Time>2026-03-11T12:38:52Z</Time>
          <DistanceMeters>2990.0</DistanceMeters>
          <HeartRateBpm>
            <Value>155</Value>
          </HeartRateBpm>
          <Cadence><Value>116</Value></Cadence>
          <SensorState>Absent</SensorState>
        </Trackpoint>
        <Trackpoint>
          <Time>2026-03-11T12:38:54Z</Time>
          <DistanceMeters>2990.0</DistanceMeters>
          <HeartRateBpm>
            <Value>156</Value>
          </HeartRateBpm>
          <Cadence><Value>116</Value></Cadence>
          <SensorState>Absent</SensorState>
        </Trackpoint>
        <Trackpoint>
          <Time>2026-03-11T12:38:57Z</Time>
          <DistanceMeters>2990.0</DistanceMeters>
          <HeartRateBpm>
            <Value>158</Value>
          </HeartRateBpm>
          <Cadence><Value>116</Value></Cadence>
          <SensorState>Absent</SensorState>
        </Trackpoint>
        <Trackpoint>
          <Time>2026-03-11T12:39:00Z</Time>
          <DistanceMeters>2990.0</DistanceMeters>
          <HeartRateBpm>
            <Value>155</Value>
          </HeartRateBpm>
          <Cadence><Value>108</Value></Cadence>
          <SensorState>Absent</SensorState>
        </Trackpoint>
        <Trackpoint>
          <Time>2026-03-11T12:39:00Z</Time>
          <DistanceMeters>2990.0</DistanceMeters>
          <HeartRateBpm>
            <Value>159</Value>
          </HeartRateBpm>
          <Cadence><Value>108</Value></Cadence>
          <SensorState>Absent</SensorState>
        </Trackpoint>
        <Trackpoint>
          <Time>2026-03-11T12:39:01Z</Time>
          <DistanceMeters>2990.0</DistanceMeters>
          <HeartRateBpm>
            <Value>160</Value>
          </HeartRateBpm>
          <Cadence><Value>108</Value></Cadence>
          <SensorState>Absent</SensorState>
        </Trackpoint>
        <Trackpoint>
          <Time>2026-03-11T12:39:03Z</Time>
          <DistanceMeters>2990.0</DistanceMeters>
          <HeartRateBpm>
            <Value>159</Value>
          </HeartRateBpm>
          <Cadence><Value>108</Value></Cadence>
          <SensorState>Absent</SensorState>
        </Trackpoint>
        <Trackpoint>
          <Time>2026-03-11T12:39:07Z</Time>
          <DistanceMeters>2990.0</DistanceMeters>
          <HeartRateBpm>
            <Value>158</Value>
          </HeartRateBpm>
          <Cadence><Value>108</Value></Cadence>
          <SensorState>Absent</SensorState>
        </Trackpoint>
        <Trackpoint>
          <Time>2026-03-11T12:39:09Z</Time>
          <DistanceMeters>2990.0</DistanceMeters>
          <HeartRateBpm>
            <Value>156</Value>
          </HeartRateBpm>
          <Cadence><Value>108</Value></Cadence>
          <SensorState>Absent</SensorState>
        </Trackpoint>
        <Trackpoint>
          <Time>2026-03-11T12:39:10Z</Time>
          <DistanceMeters>2990.0</DistanceMeters>
          <HeartRateBpm>
            <Value>154</Value>
          </HeartRateBpm>
          <Cadence><Value>108</Value></Cadence>
          <SensorState>Absent</SensorState>
        </Trackpoint>
        <Trackpoint>
          <Time>2026-03-11T12:39:11Z</Time>
          <DistanceMeters>2990.0</DistanceMeters>
          <HeartRateBpm>
            <Value>151</Value>
          </HeartRateBpm>
          <Cadence><Value>108</Value></Cadence>
          <SensorState>Absent</SensorState>
        </Trackpoint>
        <Trackpoint>
          <Time>2026-03-11T12:39:12Z</Time>
          <DistanceMeters>2990.0</DistanceMeters>
          <HeartRateBpm>
            <Value>151</Value>
          </HeartRateBpm>
          <Cadence><Value>108</Value></Cadence>
          <SensorState>Absent</SensorState>
        </Trackpoint>
        <Trackpoint>
          <Time>2026-03-11T12:39:13Z</Time>
          <DistanceMeters>2990.0</DistanceMeters>
          <HeartRateBpm>
            <Value>150</Value>
          </HeartRateBpm>
          <Cadence><Value>108</Value></Cadence>
          <SensorState>Absent</SensorState>
        </Trackpoint>
        <Trackpoint>
          <Time>2026-03-11T12:39:18Z</Time>
          <DistanceMeters>2990.0</DistanceMeters>
          <HeartRateBpm>
            <Value>150</Value>
          </HeartRateBpm>
          <Cadence><Value>108</Value></Cadence>
          <SensorState>Absent</SensorState>
        </Trackpoint>
        <Trackpoint>
          <Time>2026-03-11T12:39:20Z</Time>
          <DistanceMeters>2990.0</DistanceMeters>
          <HeartRateBpm>
            <Value>149</Value>
          </HeartRateBpm>
          <Cadence><Value>108</Value></Cadence>
          <SensorState>Absent</SensorState>
        </Trackpoint>
        <Trackpoint>
          <Time>2026-03-11T12:39:24Z</Time>
          <DistanceMeters>2990.0</DistanceMeters>
          <HeartRateBpm>
            <Value>148</Value>
          </HeartRateBpm>
          <Cadence><Value>108</Value></Cadence>
          <SensorState>Absent</SensorState>
        </Trackpoint>
        <Trackpoint>
          <Time>2026-03-11T12:39:25Z</Time>
          <DistanceMeters>2990.0</DistanceMeters>
          <HeartRateBpm>
            <Value>149</Value>
          </HeartRateBpm>
          <Cadence><Value>108</Value></Cadence>
          <SensorState>Absent</SensorState>
        </Trackpoint>
        <Trackpoint>
          <Time>2026-03-11T12:39:28Z</Time>
          <DistanceMeters>2990.0</DistanceMeters>
          <HeartRateBpm>
            <Value>151</Value>
          </HeartRateBpm>
          <Cadence><Value>108</Value></Cadence>
          <SensorState>Absent</SensorState>
        </Trackpoint>
        <Trackpoint>
          <Time>2026-03-11T12:39:32Z</Time>
          <DistanceMeters>3026.0</DistanceMeters>
          <HeartRateBpm>
            <Value>152</Value>
          </HeartRateBpm>
          <Cadence><Value>108</Value></Cadence>
          <SensorState>Absent</SensorState>
        </Trackpoint>
        <Trackpoint>
          <Time>2026-03-11T12:39:35Z</Time>
          <DistanceMeters>3026.0</DistanceMeters>
          <HeartRateBpm>
            <Value>151</Value>
          </HeartRateBpm>
          <Cadence><Value>108</Value></Cadence>
          <SensorState>Absent</SensorState>
        </Trackpoint>
        <Trackpoint>
          <Time>2026-03-11T12:39:37Z</Time>
          <DistanceMeters>3026.0</DistanceMeters>
          <HeartRateBpm>
            <Value>149</Value>
          </HeartRateBpm>
          <Cadence><Value>108</Value></Cadence>
          <SensorState>Absent</SensorState>
        </Trackpoint>
        <Trackpoint>
          <Time>2026-03-11T12:39:41Z</Time>
          <DistanceMeters>3026.0</DistanceMeters>
          <HeartRateBpm>
            <Value>148</Value>
          </HeartRateBpm>
          <Cadence><Value>108</Value></Cadence>
          <SensorState>Absent</SensorState>
        </Trackpoint>
        <Trackpoint>
          <Time>2026-03-11T12:39:43Z</Time>
          <DistanceMeters>3026.0</DistanceMeters>
          <HeartRateBpm>
            <Value>149</Value>
          </HeartRateBpm>
          <Cadence><Value>108</Value></Cadence>
          <SensorState>Absent</SensorState>
        </Trackpoint>
        <Trackpoint>
          <Time>2026-03-11T12:39:44Z</Time>
          <DistanceMeters>3026.0</DistanceMeters>
          <HeartRateBpm>
            <Value>150</Value>
          </HeartRateBpm>
          <Cadence><Value>108</Value></Cadence>
          <SensorState>Absent</SensorState>
        </Trackpoint>
        <Trackpoint>
          <Time>2026-03-11T12:39:47Z</Time>
          <DistanceMeters>3026.0</DistanceMeters>
          <HeartRateBpm>
            <Value>152</Value>
          </HeartRateBpm>
          <Cadence><Value>108</Value></Cadence>
          <SensorState>Absent</SensorState>
        </Trackpoint>
        <Trackpoint>
          <Time>2026-03-11T12:39:49Z</Time>
          <DistanceMeters>3026.0</DistanceMeters>
          <HeartRateBpm>
            <Value>153</Value>
          </HeartRateBpm>
          <Cadence><Value>108</Value></Cadence>
          <SensorState>Absent</SensorState>
        </Trackpoint>
        <Trackpoint>
          <Time>2026-03-11T12:39:50Z</Time>
          <DistanceMeters>3026.0</DistanceMeters>
          <HeartRateBpm>
            <Value>154</Value>
          </HeartRateBpm>
          <Cadence><Value>108</Value></Cadence>
          <SensorState>Absent</SensorState>
        </Trackpoint>
        <Trackpoint>
          <Time>2026-03-11T12:39:53Z</Time>
          <DistanceMeters>3026.0</DistanceMeters>
          <HeartRateBpm>
            <Value>155</Value>
          </HeartRateBpm>
          <Cadence><Value>108</Value></Cadence>
          <SensorState>Absent</SensorState>
        </Trackpoint>
        <Trackpoint>
          <Time>2026-03-11T12:39:57Z</Time>
          <DistanceMeters>3026.0</DistanceMeters>
          <HeartRateBpm>
            <Value>156</Value>
          </HeartRateBpm>
          <Cadence><Value>108</Value></Cadence>
          <SensorState>Absent</SensorState>
        </Trackpoint>
        <Trackpoint>
          <Time>2026-03-11T12:39:58Z</Time>
          <DistanceMeters>3026.0</DistanceMeters>
          <HeartRateBpm>
            <Value>158</Value>
          </HeartRateBpm>
          <Cadence><Value>108</Value></Cadence>
          <SensorState>Absent</SensorState>
        </Trackpoint>
        <Trackpoint>
          <Time>2026-03-11T12:39:59Z</Time>
          <DistanceMeters>3026.0</DistanceMeters>
          <HeartRateBpm>
            <Value>158</Value>
          </HeartRateBpm>
          <Cadence><Value>108</Value></Cadence>
          <SensorState>Absent</SensorState>
        </Trackpoint>
        <Trackpoint>
          <Time>2026-03-11T12:39:59Z</Time>
          <DistanceMeters>3026.0</DistanceMeters>
          <HeartRateBpm>
            <Value>160</Value>
          </HeartRateBpm>
          <Cadence><Value>108</Value></Cadence>
          <SensorState>Absent</SensorState>
        </Trackpoint>
        <Trackpoint>
          <Time>2026-03-11T12:40:00Z</Time>
          <DistanceMeters>3026.0</DistanceMeters>
          <HeartRateBpm>
            <Value>160</Value>
          </HeartRateBpm>
          <Cadence><Value>51</Value></Cadence>
          <SensorState>Absent</SensorState>
        </Trackpoint>
        <Trackpoint>
          <Time>2026-03-11T12:40:02Z</Time>
          <DistanceMeters>3026.0</DistanceMeters>
          <HeartRateBpm>
            <Value>161</Value>
          </HeartRateBpm>
          <Cadence><Value>51</Value></Cadence>
          <SensorState>Absent</SensorState>
        </Trackpoint>
        <Trackpoint>
          <Time>2026-03-11T12:40:03Z</Time>
          <DistanceMeters>3026.0</DistanceMeters>
          <HeartRateBpm>
            <Value>164</Value>
          </HeartRateBpm>
          <Cadence><Value>51</Value></Cadence>
          <SensorState>Absent</SensorState>
        </Trackpoint>
        <Trackpoint>
          <Time>2026-03-11T12:40:03Z</Time>
          <DistanceMeters>3026.0</DistanceMeters>
          <HeartRateBpm>
            <Value>164</Value>
          </HeartRateBpm>
          <Cadence><Value>51</Value></Cadence>
          <SensorState>Absent</SensorState>
        </Trackpoint>
        <Trackpoint>
          <Time>2026-03-11T12:40:05Z</Time>
          <DistanceMeters>3026.0</DistanceMeters>
          <HeartRateBpm>
            <Value>163</Value>
          </HeartRateBpm>
          <Cadence><Value>51</Value></Cadence>
          <SensorState>Absent</SensorState>
        </Trackpoint>
        <Trackpoint>
          <Time>2026-03-11T12:40:06Z</Time>
          <DistanceMeters>3026.0</DistanceMeters>
          <HeartRateBpm>
            <Value>162</Value>
          </HeartRateBpm>
          <Cadence><Value>51</Value></Cadence>
          <SensorState>Absent</SensorState>
        </Trackpoint>
        <Trackpoint>
          <Time>2026-03-11T12:40:11Z</Time>
          <DistanceMeters>3026.0</DistanceMeters>
          <HeartRateBpm>
            <Value>160</Value>
          </HeartRateBpm>
          <Cadence><Value>51</Value></Cadence>
          <SensorState>Absent</SensorState>
        </Trackpoint>
        <Trackpoint>
          <Time>2026-03-11T12:40:12Z</Time>
          <DistanceMeters>3026.0</DistanceMeters>
          <HeartRateBpm>
            <Value>159</Value>
          </HeartRateBpm>
          <Cadence><Value>51</Value></Cadence>
          <SensorState>Absent</SensorState>
        </Trackpoint>
        <Trackpoint>
          <Time>2026-03-11T12:40:17Z</Time>
          <DistanceMeters>3026.0</DistanceMeters>
          <HeartRateBpm>
            <Value>159</Value>
          </HeartRateBpm>
          <Cadence><Value>51</Value></Cadence>
          <SensorState>Absent</SensorState>
        </Trackpoint>
        <Trackpoint>
          <Time>2026-03-11T12:40:19Z</Time>
          <DistanceMeters>3026.0</DistanceMeters>
          <HeartRateBpm>
            <Value>161</Value>
          </HeartRateBpm>
          <Cadence><Value>51</Value></Cadence>
          <SensorState>Absent</SensorState>
        </Trackpoint>
        <Trackpoint>
          <Time>2026-03-11T12:40:20Z</Time>
          <DistanceMeters>3026.0</DistanceMeters>
          <HeartRateBpm>
            <Value>162</Value>
          </HeartRateBpm>
          <Cadence><Value>51</Value></Cadence>
          <SensorState>Absent</SensorState>
        </Trackpoint>
        <Trackpoint>
          <Time>2026-03-11T12:40:21Z</Time>
          <DistanceMeters>3026.0</DistanceMeters>
          <HeartRateBpm>
            <Value>163</Value>
          </HeartRateBpm>
          <Cadence><Value>51</Value></Cadence>
          <SensorState>Absent</SensorState>
        </Trackpoint>
        <Trackpoint>
          <Time>2026-03-11T12:40:23Z</Time>
          <DistanceMeters>3026.0</DistanceMeters>
          <HeartRateBpm>
            <Value>164</Value>
          </HeartRateBpm>
          <Cadence><Value>51</Value></Cadence>
          <SensorState>Absent</SensorState>
        </Trackpoint>
        <Trackpoint>
          <Time>2026-03-11T12:40:28Z</Time>
          <DistanceMeters>3026.0</DistanceMeters>
          <HeartRateBpm>
            <Value>164</Value>
          </HeartRateBpm>
          <Cadence><Value>51</Value></Cadence>
          <SensorState>Absent</SensorState>
        </Trackpoint>
        <Trackpoint>
          <Time>2026-03-11T12:40:29Z</Time>
          <DistanceMeters>3026.0</DistanceMeters>
          <HeartRateBpm>
            <Value>163</Value>
          </HeartRateBpm>
          <Cadence><Value>51</Value></Cadence>
          <SensorState>Absent</SensorState>
        </Trackpoint>
        <Trackpoint>
          <Time>2026-03-11T12:40:32Z</Time>
          <DistanceMeters>3063.0</DistanceMeters>
          <HeartRateBpm>
            <Value>162</Value>
          </HeartRateBpm>
          <Cadence><Value>51</Value></Cadence>
          <SensorState>Absent</SensorState>
        </Trackpoint>
        <Trackpoint>
          <Time>2026-03-11T12:40:34Z</Time>
          <DistanceMeters>3063.0</DistanceMeters>
          <HeartRateBpm>
            <Value>163</Value>
          </HeartRateBpm>
          <Cadence><Value>51</Value></Cadence>
          <SensorState>Absent</SensorState>
        </Trackpoint>
        <Trackpoint>
          <Time>2026-03-11T12:40:37Z</Time>
          <DistanceMeters>3063.0</DistanceMeters>
          <HeartRateBpm>
            <Value>164</Value>
          </HeartRateBpm>
          <Cadence><Value>51</Value></Cadence>
          <SensorState>Absent</SensorState>
        </Trackpoint>
        <Trackpoint>
          <Time>2026-03-11T12:40:41Z</Time>
          <DistanceMeters>3063.0</DistanceMeters>
          <HeartRateBpm>
            <Value>163</Value>
          </HeartRateBpm>
          <Cadence><Value>51</Value></Cadence>
          <SensorState>Absent</SensorState>
        </Trackpoint>
        <Trackpoint>
          <Time>2026-03-11T12:40:42Z</Time>
          <DistanceMeters>3063.0</DistanceMeters>
          <HeartRateBpm>
            <Value>160</Value>
          </HeartRateBpm>
          <Cadence><Value>51</Value></Cadence>
          <SensorState>Absent</SensorState>
        </Trackpoint>
        <Trackpoint>
          <Time>2026-03-11T12:40:47Z</Time>
          <DistanceMeters>3063.0</DistanceMeters>
          <HeartRateBpm>
            <Value>161</Value>
          </HeartRateBpm>
          <Cadence><Value>51</Value></Cadence>
          <SensorState>Absent</SensorState>
        </Trackpoint>
        <Trackpoint>
          <Time>2026-03-11T12:40:49Z</Time>
          <DistanceMeters>3063.0</DistanceMeters>
          <HeartRateBpm>
            <Value>162</Value>
          </HeartRateBpm>
          <Cadence><Value>51</Value></Cadence>
          <SensorState>Absent</SensorState>
        </Trackpoint>
        <Trackpoint>
          <Time>2026-03-11T12:40:50Z</Time>
          <DistanceMeters>3063.0</DistanceMeters>
          <HeartRateBpm>
            <Value>164</Value>
          </HeartRateBpm>
          <Cadence><Value>51</Value></Cadence>
          <SensorState>Absent</SensorState>
        </Trackpoint>
        <Trackpoint>
          <Time>2026-03-11T12:40:55Z</Time>
          <DistanceMeters>3063.0</DistanceMeters>
          <HeartRateBpm>
            <Value>165</Value>
          </HeartRateBpm>
          <Cadence><Value>51</Value></Cadence>
          <SensorState>Absent</SensorState>
        </Trackpoint>
        <Trackpoint>
          <Time>2026-03-11T12:40:57Z</Time>
          <DistanceMeters>3063.0</DistanceMeters>
          <HeartRateBpm>
            <Value>166</Value>
          </HeartRateBpm>
          <Cadence><Value>51</Value></Cadence>
          <SensorState>Absent</SensorState>
        </Trackpoint>
        <Trackpoint>
          <Time>2026-03-11T12:40:58Z</Time>
          <DistanceMeters>3063.0</DistanceMeters>
          <HeartRateBpm>
            <Value>167</Value>
          </HeartRateBpm>
          <Cadence><Value>51</Value></Cadence>
          <SensorState>Absent</SensorState>
        </Trackpoint>
        <Trackpoint>
          <Time>2026-03-11T12:40:59Z</Time>
          <DistanceMeters>3063.0</DistanceMeters>
          <HeartRateBpm>
            <Value>168</Value>
          </HeartRateBpm>
          <Cadence><Value>51</Value></Cadence>
          <SensorState>Absent</SensorState>
        </Trackpoint>
        <Trackpoint>
          <Time>2026-03-11T12:41:00Z</Time>
          <DistanceMeters>3063.0</DistanceMeters>
          <HeartRateBpm>
            <Value>162</Value>
          </HeartRateBpm>
          <Cadence><Value>56</Value></Cadence>
          <SensorState>Absent</SensorState>
        </Trackpoint>
        <Trackpoint>
          <Time>2026-03-11T12:41:04Z</Time>
          <DistanceMeters>3063.0</DistanceMeters>
          <HeartRateBpm>
            <Value>166</Value>
          </HeartRateBpm>
          <Cadence><Value>56</Value></Cadence>
          <SensorState>Absent</SensorState>
        </Trackpoint>
        <Trackpoint>
          <Time>2026-03-11T12:41:05Z</Time>
          <DistanceMeters>3063.0</DistanceMeters>
          <HeartRateBpm>
            <Value>166</Value>
          </HeartRateBpm>
          <Cadence><Value>56</Value></Cadence>
          <SensorState>Absent</SensorState>
        </Trackpoint>
        <Trackpoint>
          <Time>2026-03-11T12:41:06Z</Time>
          <DistanceMeters>3063.0</DistanceMeters>
          <HeartRateBpm>
            <Value>163</Value>
          </HeartRateBpm>
          <Cadence><Value>56</Value></Cadence>
          <SensorState>Absent</SensorState>
        </Trackpoint>
        <Trackpoint>
          <Time>2026-03-11T12:41:11Z</Time>
          <DistanceMeters>3063.0</DistanceMeters>
          <HeartRateBpm>
            <Value>162</Value>
          </HeartRateBpm>
          <Cadence><Value>56</Value></Cadence>
          <SensorState>Absent</SensorState>
        </Trackpoint>
        <Trackpoint>
          <Time>2026-03-11T12:41:12Z</Time>
          <DistanceMeters>3063.0</DistanceMeters>
          <HeartRateBpm>
            <Value>163</Value>
          </HeartRateBpm>
          <Cadence><Value>56</Value></Cadence>
          <SensorState>Absent</SensorState>
        </Trackpoint>
        <Trackpoint>
          <Time>2026-03-11T12:41:16Z</Time>
          <DistanceMeters>3063.0</DistanceMeters>
          <HeartRateBpm>
            <Value>164</Value>
          </HeartRateBpm>
          <Cadence><Value>56</Value></Cadence>
          <SensorState>Absent</SensorState>
        </Trackpoint>
        <Trackpoint>
          <Time>2026-03-11T12:41:21Z</Time>
          <DistanceMeters>3063.0</DistanceMeters>
          <HeartRateBpm>
            <Value>166</Value>
          </HeartRateBpm>
          <Cadence><Value>56</Value></Cadence>
          <SensorState>Absent</SensorState>
        </Trackpoint>
        <Trackpoint>
          <Time>2026-03-11T12:41:25Z</Time>
          <DistanceMeters>3063.0</DistanceMeters>
          <HeartRateBpm>
            <Value>167</Value>
          </HeartRateBpm>
          <Cadence><Value>56</Value></Cadence>
          <SensorState>Absent</SensorState>
        </Trackpoint>
        <Trackpoint>
          <Time>2026-03-11T12:41:26Z</Time>
          <DistanceMeters>3063.0</DistanceMeters>
          <HeartRateBpm>
            <Value>169</Value>
          </HeartRateBpm>
          <Cadence><Value>56</Value></Cadence>
          <SensorState>Absent</SensorState>
        </Trackpoint>
        <Trackpoint>
          <Time>2026-03-11T12:41:28Z</Time>
          <DistanceMeters>3063.0</DistanceMeters>
          <HeartRateBpm>
            <Value>171</Value>
          </HeartRateBpm>
          <Cadence><Value>56</Value></Cadence>
          <SensorState>Absent</SensorState>
        </Trackpoint>
        <Trackpoint>
          <Time>2026-03-11T12:41:29Z</Time>
          <DistanceMeters>3063.0</DistanceMeters>
          <HeartRateBpm>
            <Value>173</Value>
          </HeartRateBpm>
          <Cadence><Value>56</Value></Cadence>
          <SensorState>Absent</SensorState>
        </Trackpoint>
        <Trackpoint>
          <Time>2026-03-11T12:41:30Z</Time>
          <DistanceMeters>3098.0</DistanceMeters>
          <HeartRateBpm>
            <Value>174</Value>
          </HeartRateBpm>
          <Cadence><Value>56</Value></Cadence>
          <SensorState>Absent</SensorState>
        </Trackpoint>
        <Trackpoint>
          <Time>2026-03-11T12:41:31Z</Time>
          <DistanceMeters>3098.0</DistanceMeters>
          <HeartRateBpm>
            <Value>173</Value>
          </HeartRateBpm>
          <Cadence><Value>56</Value></Cadence>
          <SensorState>Absent</SensorState>
        </Trackpoint>
        <Trackpoint>
          <Time>2026-03-11T12:41:32Z</Time>
          <DistanceMeters>3098.0</DistanceMeters>
          <HeartRateBpm>
            <Value>175</Value>
          </HeartRateBpm>
          <Cadence><Value>56</Value></Cadence>
          <SensorState>Absent</SensorState>
        </Trackpoint>
        <Trackpoint>
          <Time>2026-03-11T12:41:33Z</Time>
          <DistanceMeters>3098.0</DistanceMeters>
          <HeartRateBpm>
            <Value>174</Value>
          </HeartRateBpm>
          <Cadence><Value>56</Value></Cadence>
          <SensorState>Absent</SensorState>
        </Trackpoint>
        <Trackpoint>
          <Time>2026-03-11T12:41:34Z</Time>
          <DistanceMeters>3098.0</DistanceMeters>
          <HeartRateBpm>
            <Value>167</Value>
          </HeartRateBpm>
          <Cadence><Value>56</Value></Cadence>
          <SensorState>Absent</SensorState>
        </Trackpoint>
        <Trackpoint>
          <Time>2026-03-11T12:41:35Z</Time>
          <DistanceMeters>3098.0</DistanceMeters>
          <HeartRateBpm>
            <Value>167</Value>
          </HeartRateBpm>
          <Cadence><Value>56</Value></Cadence>
          <SensorState>Absent</SensorState>
        </Trackpoint>
        <Trackpoint>
          <Time>2026-03-11T12:41:36Z</Time>
          <DistanceMeters>3098.0</DistanceMeters>
          <HeartRateBpm>
            <Value>164</Value>
          </HeartRateBpm>
          <Cadence><Value>56</Value></Cadence>
          <SensorState>Absent</SensorState>
        </Trackpoint>
        <Trackpoint>
          <Time>2026-03-11T12:41:41Z</Time>
          <DistanceMeters>3098.0</DistanceMeters>
          <HeartRateBpm>
            <Value>163</Value>
          </HeartRateBpm>
          <Cadence><Value>56</Value></Cadence>
          <SensorState>Absent</SensorState>
        </Trackpoint>
        <Trackpoint>
          <Time>2026-03-11T12:41:42Z</Time>
          <DistanceMeters>3098.0</DistanceMeters>
          <HeartRateBpm>
            <Value>162</Value>
          </HeartRateBpm>
          <Cadence><Value>56</Value></Cadence>
          <SensorState>Absent</SensorState>
        </Trackpoint>
        <Trackpoint>
          <Time>2026-03-11T12:41:43Z</Time>
          <DistanceMeters>3098.0</DistanceMeters>
          <HeartRateBpm>
            <Value>160</Value>
          </HeartRateBpm>
          <Cadence><Value>56</Value></Cadence>
          <SensorState>Absent</SensorState>
        </Trackpoint>
        <Trackpoint>
          <Time>2026-03-11T12:41:44Z</Time>
          <DistanceMeters>3098.0</DistanceMeters>
          <HeartRateBpm>
            <Value>160</Value>
          </HeartRateBpm>
          <Cadence><Value>56</Value></Cadence>
          <SensorState>Absent</SensorState>
        </Trackpoint>
        <Trackpoint>
          <Time>2026-03-11T12:41:45Z</Time>
          <DistanceMeters>3098.0</DistanceMeters>
          <HeartRateBpm>
            <Value>159</Value>
          </HeartRateBpm>
          <Cadence><Value>56</Value></Cadence>
          <SensorState>Absent</SensorState>
        </Trackpoint>
        <Trackpoint>
          <Time>2026-03-11T12:41:46Z</Time>
          <DistanceMeters>3098.0</DistanceMeters>
          <HeartRateBpm>
            <Value>158</Value>
          </HeartRateBpm>
          <Cadence><Value>56</Value></Cadence>
          <SensorState>Absent</SensorState>
        </Trackpoint>
        <Trackpoint>
          <Time>2026-03-11T12:41:47Z</Time>
          <DistanceMeters>3098.0</DistanceMeters>
          <HeartRateBpm>
            <Value>155</Value>
          </HeartRateBpm>
          <Cadence><Value>56</Value></Cadence>
          <SensorState>Absent</SensorState>
        </Trackpoint>
        <Trackpoint>
          <Time>2026-03-11T12:41:49Z</Time>
          <DistanceMeters>3098.0</DistanceMeters>
          <HeartRateBpm>
            <Value>154</Value>
          </HeartRateBpm>
          <Cadence><Value>56</Value></Cadence>
          <SensorState>Absent</SensorState>
        </Trackpoint>
        <Trackpoint>
          <Time>2026-03-11T12:41:49Z</Time>
          <DistanceMeters>3098.0</DistanceMeters>
          <HeartRateBpm>
            <Value>154</Value>
          </HeartRateBpm>
          <Cadence><Value>56</Value></Cadence>
          <SensorState>Absent</SensorState>
        </Trackpoint>
        <Trackpoint>
          <Time>2026-03-11T12:41:55Z</Time>
          <DistanceMeters>3098.0</DistanceMeters>
          <HeartRateBpm>
            <Value>154</Value>
          </HeartRateBpm>
          <Cadence><Value>56</Value></Cadence>
          <SensorState>Absent</SensorState>
        </Trackpoint>
        <Trackpoint>
          <Time>2026-03-11T12:42:00Z</Time>
          <DistanceMeters>3098.0</DistanceMeters>
          <HeartRateBpm>
            <Value>152</Value>
          </HeartRateBpm>
          <Cadence><Value>58</Value></Cadence>
          <SensorState>Absent</SensorState>
        </Trackpoint>
        <Trackpoint>
          <Time>2026-03-11T12:42:00Z</Time>
          <DistanceMeters>3098.0</DistanceMeters>
          <HeartRateBpm>
            <Value>154</Value>
          </HeartRateBpm>
          <Cadence><Value>58</Value></Cadence>
          <SensorState>Absent</SensorState>
        </Trackpoint>
        <Trackpoint>
          <Time>2026-03-11T12:42:04Z</Time>
          <DistanceMeters>3098.0</DistanceMeters>
          <HeartRateBpm>
            <Value>153</Value>
          </HeartRateBpm>
          <Cadence><Value>58</Value></Cadence>
          <SensorState>Absent</SensorState>
        </Trackpoint>
        <Trackpoint>
          <Time>2026-03-11T12:42:05Z</Time>
          <DistanceMeters>3098.0</DistanceMeters>
          <HeartRateBpm>
            <Value>152</Value>
          </HeartRateBpm>
          <Cadence><Value>58</Value></Cadence>
          <SensorState>Absent</SensorState>
        </Trackpoint>
        <Trackpoint>
          <Time>2026-03-11T12:42:10Z</Time>
          <DistanceMeters>3098.0</DistanceMeters>
          <HeartRateBpm>
            <Value>153</Value>
          </HeartRateBpm>
          <Cadence><Value>58</Value></Cadence>
          <SensorState>Absent</SensorState>
        </Trackpoint>
        <Trackpoint>
          <Time>2026-03-11T12:42:13Z</Time>
          <DistanceMeters>3098.0</DistanceMeters>
          <HeartRateBpm>
            <Value>154</Value>
          </HeartRateBpm>
          <Cadence><Value>58</Value></Cadence>
          <SensorState>Absent</SensorState>
        </Trackpoint>
        <Trackpoint>
          <Time>2026-03-11T12:42:14Z</Time>
          <DistanceMeters>3098.0</DistanceMeters>
          <HeartRateBpm>
            <Value>153</Value>
          </HeartRateBpm>
          <Cadence><Value>58</Value></Cadence>
          <SensorState>Absent</SensorState>
        </Trackpoint>
        <Trackpoint>
          <Time>2026-03-11T12:42:18Z</Time>
          <DistanceMeters>3098.0</DistanceMeters>
          <HeartRateBpm>
            <Value>155</Value>
          </HeartRateBpm>
          <Cadence><Value>58</Value></Cadence>
          <SensorState>Absent</SensorState>
        </Trackpoint>
        <Trackpoint>
          <Time>2026-03-11T12:42:19Z</Time>
          <DistanceMeters>3098.0</DistanceMeters>
          <HeartRateBpm>
            <Value>157</Value>
          </HeartRateBpm>
          <Cadence><Value>58</Value></Cadence>
          <SensorState>Absent</SensorState>
        </Trackpoint>
        <Trackpoint>
          <Time>2026-03-11T12:42:22Z</Time>
          <DistanceMeters>3098.0</DistanceMeters>
          <HeartRateBpm>
            <Value>155</Value>
          </HeartRateBpm>
          <Cadence><Value>58</Value></Cadence>
          <SensorState>Absent</SensorState>
        </Trackpoint>
        <Trackpoint>
          <Time>2026-03-11T12:42:23Z</Time>
          <DistanceMeters>3098.0</DistanceMeters>
          <HeartRateBpm>
            <Value>148</Value>
          </HeartRateBpm>
          <Cadence><Value>58</Value></Cadence>
          <SensorState>Absent</SensorState>
        </Trackpoint>
        <Trackpoint>
          <Time>2026-03-11T12:42:23Z</Time>
          <DistanceMeters>3098.0</DistanceMeters>
          <HeartRateBpm>
            <Value>148</Value>
          </HeartRateBpm>
          <Cadence><Value>58</Value></Cadence>
          <SensorState>Absent</SensorState>
        </Trackpoint>
        <Trackpoint>
          <Time>2026-03-11T12:42:25Z</Time>
          <DistanceMeters>3098.0</DistanceMeters>
          <HeartRateBpm>
            <Value>146</Value>
          </HeartRateBpm>
          <Cadence><Value>58</Value></Cadence>
          <SensorState>Absent</SensorState>
        </Trackpoint>
        <Trackpoint>
          <Time>2026-03-11T12:42:26Z</Time>
          <DistanceMeters>3098.0</DistanceMeters>
          <HeartRateBpm>
            <Value>145</Value>
          </HeartRateBpm>
          <Cadence><Value>58</Value></Cadence>
          <SensorState>Absent</SensorState>
        </Trackpoint>
        <Trackpoint>
          <Time>2026-03-11T12:42:27Z</Time>
          <DistanceMeters>3098.0</DistanceMeters>
          <HeartRateBpm>
            <Value>144</Value>
          </HeartRateBpm>
          <Cadence><Value>58</Value></Cadence>
          <SensorState>Absent</SensorState>
        </Trackpoint>
        <Trackpoint>
          <Time>2026-03-11T12:42:32Z</Time>
          <DistanceMeters>3135.0</DistanceMeters>
          <HeartRateBpm>
            <Value>144</Value>
          </HeartRateBpm>
          <Cadence><Value>58</Value></Cadence>
          <SensorState>Absent</SensorState>
        </Trackpoint>
        <Trackpoint>
          <Time>2026-03-11T12:42:37Z</Time>
          <DistanceMeters>3135.0</DistanceMeters>
          <HeartRateBpm>
            <Value>144</Value>
          </HeartRateBpm>
          <Cadence><Value>58</Value></Cadence>
          <SensorState>Absent</SensorState>
        </Trackpoint>
        <Trackpoint>
          <Time>2026-03-11T12:42:40Z</Time>
          <DistanceMeters>3135.0</DistanceMeters>
          <HeartRateBpm>
            <Value>145</Value>
          </HeartRateBpm>
          <Cadence><Value>58</Value></Cadence>
          <SensorState>Absent</SensorState>
        </Trackpoint>
        <Trackpoint>
          <Time>2026-03-11T12:42:41Z</Time>
          <DistanceMeters>3135.0</DistanceMeters>
          <HeartRateBpm>
            <Value>147</Value>
          </HeartRateBpm>
          <Cadence><Value>58</Value></Cadence>
          <SensorState>Absent</SensorState>
        </Trackpoint>
        <Trackpoint>
          <Time>2026-03-11T12:42:43Z</Time>
          <DistanceMeters>3135.0</DistanceMeters>
          <HeartRateBpm>
            <Value>148</Value>
          </HeartRateBpm>
          <Cadence><Value>58</Value></Cadence>
          <SensorState>Absent</SensorState>
        </Trackpoint>
        <Trackpoint>
          <Time>2026-03-11T12:42:44Z</Time>
          <DistanceMeters>3135.0</DistanceMeters>
          <HeartRateBpm>
            <Value>147</Value>
          </HeartRateBpm>
          <Cadence><Value>58</Value></Cadence>
          <SensorState>Absent</SensorState>
        </Trackpoint>
        <Trackpoint>
          <Time>2026-03-11T12:42:45Z</Time>
          <DistanceMeters>3135.0</DistanceMeters>
          <HeartRateBpm>
            <Value>146</Value>
          </HeartRateBpm>
          <Cadence><Value>58</Value></Cadence>
          <SensorState>Absent</SensorState>
        </Trackpoint>
        <Trackpoint>
          <Time>2026-03-11T12:42:49Z</Time>
          <DistanceMeters>3135.0</DistanceMeters>
          <HeartRateBpm>
            <Value>145</Value>
          </HeartRateBpm>
          <Cadence><Value>58</Value></Cadence>
          <SensorState>Absent</SensorState>
        </Trackpoint>
        <Trackpoint>
          <Time>2026-03-11T12:42:51Z</Time>
          <DistanceMeters>3135.0</DistanceMeters>
          <HeartRateBpm>
            <Value>146</Value>
          </HeartRateBpm>
          <Cadence><Value>58</Value></Cadence>
          <SensorState>Absent</SensorState>
        </Trackpoint>
        <Trackpoint>
          <Time>2026-03-11T12:42:52Z</Time>
          <DistanceMeters>3135.0</DistanceMeters>
          <HeartRateBpm>
            <Value>147</Value>
          </HeartRateBpm>
          <Cadence><Value>58</Value></Cadence>
          <SensorState>Absent</SensorState>
        </Trackpoint>
        <Trackpoint>
          <Time>2026-03-11T12:42:55Z</Time>
          <DistanceMeters>3135.0</DistanceMeters>
          <HeartRateBpm>
            <Value>149</Value>
          </HeartRateBpm>
          <Cadence><Value>58</Value></Cadence>
          <SensorState>Absent</SensorState>
        </Trackpoint>
        <Trackpoint>
          <Time>2026-03-11T12:42:56Z</Time>
          <DistanceMeters>3135.0</DistanceMeters>
          <HeartRateBpm>
            <Value>151</Value>
          </HeartRateBpm>
          <Cadence><Value>58</Value></Cadence>
          <SensorState>Absent</SensorState>
        </Trackpoint>
        <Trackpoint>
          <Time>2026-03-11T12:42:57Z</Time>
          <DistanceMeters>3135.0</DistanceMeters>
          <HeartRateBpm>
            <Value>152</Value>
          </HeartRateBpm>
          <Cadence><Value>58</Value></Cadence>
          <SensorState>Absent</SensorState>
        </Trackpoint>
        <Trackpoint>
          <Time>2026-03-11T12:42:58Z</Time>
          <DistanceMeters>3135.0</DistanceMeters>
          <HeartRateBpm>
            <Value>150</Value>
          </HeartRateBpm>
          <Cadence><Value>58</Value></Cadence>
          <SensorState>Absent</SensorState>
        </Trackpoint>
        <Trackpoint>
          <Time>2026-03-11T12:43:00Z</Time>
          <DistanceMeters>3135.0</DistanceMeters>
          <HeartRateBpm>
            <Value>159</Value>
          </HeartRateBpm>
          <Cadence><Value>108</Value></Cadence>
          <SensorState>Absent</SensorState>
        </Trackpoint>
        <Trackpoint>
          <Time>2026-03-11T12:43:01Z</Time>
          <DistanceMeters>3135.0</DistanceMeters>
          <HeartRateBpm>
            <Value>151</Value>
          </HeartRateBpm>
          <Cadence><Value>108</Value></Cadence>
          <SensorState>Absent</SensorState>
        </Trackpoint>
        <Trackpoint>
          <Time>2026-03-11T12:43:02Z</Time>
          <DistanceMeters>3135.0</DistanceMeters>
          <HeartRateBpm>
            <Value>154</Value>
          </HeartRateBpm>
          <Cadence><Value>108</Value></Cadence>
          <SensorState>Absent</SensorState>
        </Trackpoint>
        <Trackpoint>
          <Time>2026-03-11T12:43:02Z</Time>
          <DistanceMeters>3135.0</DistanceMeters>
          <HeartRateBpm>
            <Value>154</Value>
          </HeartRateBpm>
          <Cadence><Value>108</Value></Cadence>
          <SensorState>Absent</SensorState>
        </Trackpoint>
        <Trackpoint>
          <Time>2026-03-11T12:43:03Z</Time>
          <DistanceMeters>3135.0</DistanceMeters>
          <HeartRateBpm>
            <Value>155</Value>
          </HeartRateBpm>
          <Cadence><Value>108</Value></Cadence>
          <SensorState>Absent</SensorState>
        </Trackpoint>
        <Trackpoint>
          <Time>2026-03-11T12:43:05Z</Time>
          <DistanceMeters>3135.0</DistanceMeters>
          <HeartRateBpm>
            <Value>156</Value>
          </HeartRateBpm>
          <Cadence><Value>108</Value></Cadence>
          <SensorState>Absent</SensorState>
        </Trackpoint>
        <Trackpoint>
          <Time>2026-03-11T12:43:06Z</Time>
          <DistanceMeters>3135.0</DistanceMeters>
          <HeartRateBpm>
            <Value>159</Value>
          </HeartRateBpm>
          <Cadence><Value>108</Value></Cadence>
          <SensorState>Absent</SensorState>
        </Trackpoint>
        <Trackpoint>
          <Time>2026-03-11T12:43:07Z</Time>
          <DistanceMeters>3135.0</DistanceMeters>
          <HeartRateBpm>
            <Value>158</Value>
          </HeartRateBpm>
          <Cadence><Value>108</Value></Cadence>
          <SensorState>Absent</SensorState>
        </Trackpoint>
        <Trackpoint>
          <Time>2026-03-11T12:43:09Z</Time>
          <DistanceMeters>3135.0</DistanceMeters>
          <HeartRateBpm>
            <Value>156</Value>
          </HeartRateBpm>
          <Cadence><Value>108</Value></Cadence>
          <SensorState>Absent</SensorState>
        </Trackpoint>
        <Trackpoint>
          <Time>2026-03-11T12:43:11Z</Time>
          <DistanceMeters>3135.0</DistanceMeters>
          <HeartRateBpm>
            <Value>155</Value>
          </HeartRateBpm>
          <Cadence><Value>108</Value></Cadence>
          <SensorState>Absent</SensorState>
        </Trackpoint>
        <Trackpoint>
          <Time>2026-03-11T12:43:13Z</Time>
          <DistanceMeters>3135.0</DistanceMeters>
          <HeartRateBpm>
            <Value>154</Value>
          </HeartRateBpm>
          <Cadence><Value>108</Value></Cadence>
          <SensorState>Absent</SensorState>
        </Trackpoint>
        <Trackpoint>
          <Time>2026-03-11T12:43:15Z</Time>
          <DistanceMeters>3135.0</DistanceMeters>
          <HeartRateBpm>
            <Value>156</Value>
          </HeartRateBpm>
          <Cadence><Value>108</Value></Cadence>
          <SensorState>Absent</SensorState>
        </Trackpoint>
        <Trackpoint>
          <Time>2026-03-11T12:43:17Z</Time>
          <DistanceMeters>3135.0</DistanceMeters>
          <HeartRateBpm>
            <Value>158</Value>
          </HeartRateBpm>
          <Cadence><Value>108</Value></Cadence>
          <SensorState>Absent</SensorState>
        </Trackpoint>
        <Trackpoint>
          <Time>2026-03-11T12:43:18Z</Time>
          <DistanceMeters>3135.0</DistanceMeters>
          <HeartRateBpm>
            <Value>159</Value>
          </HeartRateBpm>
          <Cadence><Value>108</Value></Cadence>
          <SensorState>Absent</SensorState>
        </Trackpoint>
        <Trackpoint>
          <Time>2026-03-11T12:43:19Z</Time>
          <DistanceMeters>3135.0</DistanceMeters>
          <HeartRateBpm>
            <Value>160</Value>
          </HeartRateBpm>
          <Cadence><Value>108</Value></Cadence>
          <SensorState>Absent</SensorState>
        </Trackpoint>
        <Trackpoint>
          <Time>2026-03-11T12:43:19Z</Time>
          <DistanceMeters>3135.0</DistanceMeters>
          <HeartRateBpm>
            <Value>160</Value>
          </HeartRateBpm>
          <Cadence><Value>108</Value></Cadence>
          <SensorState>Absent</SensorState>
        </Trackpoint>
        <Trackpoint>
          <Time>2026-03-11T12:43:24Z</Time>
          <DistanceMeters>3135.0</DistanceMeters>
          <HeartRateBpm>
            <Value>161</Value>
          </HeartRateBpm>
          <Cadence><Value>108</Value></Cadence>
          <SensorState>Absent</SensorState>
        </Trackpoint>
        <Trackpoint>
          <Time>2026-03-11T12:43:26Z</Time>
          <DistanceMeters>3135.0</DistanceMeters>
          <HeartRateBpm>
            <Value>162</Value>
          </HeartRateBpm>
          <Cadence><Value>108</Value></Cadence>
          <SensorState>Absent</SensorState>
        </Trackpoint>
        <Trackpoint>
          <Time>2026-03-11T12:43:27Z</Time>
          <DistanceMeters>3135.0</DistanceMeters>
          <HeartRateBpm>
            <Value>163</Value>
          </HeartRateBpm>
          <Cadence><Value>108</Value></Cadence>
          <SensorState>Absent</SensorState>
        </Trackpoint>
        <Trackpoint>
          <Time>2026-03-11T12:43:28Z</Time>
          <DistanceMeters>3135.0</DistanceMeters>
          <HeartRateBpm>
            <Value>165</Value>
          </HeartRateBpm>
          <Cadence><Value>108</Value></Cadence>
          <SensorState>Absent</SensorState>
        </Trackpoint>
        <Trackpoint>
          <Time>2026-03-11T12:43:31Z</Time>
          <DistanceMeters>3170.0</DistanceMeters>
          <HeartRateBpm>
            <Value>166</Value>
          </HeartRateBpm>
          <Cadence><Value>108</Value></Cadence>
          <SensorState>Absent</SensorState>
        </Trackpoint>
        <Trackpoint>
          <Time>2026-03-11T12:43:31Z</Time>
          <DistanceMeters>3170.0</DistanceMeters>
          <HeartRateBpm>
            <Value>166</Value>
          </HeartRateBpm>
          <Cadence><Value>108</Value></Cadence>
          <SensorState>Absent</SensorState>
        </Trackpoint>
        <Trackpoint>
          <Time>2026-03-11T12:43:32Z</Time>
          <DistanceMeters>3170.0</DistanceMeters>
          <HeartRateBpm>
            <Value>167</Value>
          </HeartRateBpm>
          <Cadence><Value>108</Value></Cadence>
          <SensorState>Absent</SensorState>
        </Trackpoint>
        <Trackpoint>
          <Time>2026-03-11T12:43:33Z</Time>
          <DistanceMeters>3170.0</DistanceMeters>
          <HeartRateBpm>
            <Value>168</Value>
          </HeartRateBpm>
          <Cadence><Value>108</Value></Cadence>
          <SensorState>Absent</SensorState>
        </Trackpoint>
        <Trackpoint>
          <Time>2026-03-11T12:43:36Z</Time>
          <DistanceMeters>3170.0</DistanceMeters>
          <HeartRateBpm>
            <Value>167</Value>
          </HeartRateBpm>
          <Cadence><Value>108</Value></Cadence>
          <SensorState>Absent</SensorState>
        </Trackpoint>
        <Trackpoint>
          <Time>2026-03-11T12:43:41Z</Time>
          <DistanceMeters>3170.0</DistanceMeters>
          <HeartRateBpm>
            <Value>167</Value>
          </HeartRateBpm>
          <Cadence><Value>108</Value></Cadence>
          <SensorState>Absent</SensorState>
        </Trackpoint>
        <Trackpoint>
          <Time>2026-03-11T12:43:45Z</Time>
          <DistanceMeters>3170.0</DistanceMeters>
          <HeartRateBpm>
            <Value>166</Value>
          </HeartRateBpm>
          <Cadence><Value>108</Value></Cadence>
          <SensorState>Absent</SensorState>
        </Trackpoint>
        <Trackpoint>
          <Time>2026-03-11T12:43:46Z</Time>
          <DistanceMeters>3170.0</DistanceMeters>
          <HeartRateBpm>
            <Value>165</Value>
          </HeartRateBpm>
          <Cadence><Value>108</Value></Cadence>
          <SensorState>Absent</SensorState>
        </Trackpoint>
        <Trackpoint>
          <Time>2026-03-11T12:43:48Z</Time>
          <DistanceMeters>3170.0</DistanceMeters>
          <HeartRateBpm>
            <Value>164</Value>
          </HeartRateBpm>
          <Cadence><Value>108</Value></Cadence>
          <SensorState>Absent</SensorState>
        </Trackpoint>
        <Trackpoint>
          <Time>2026-03-11T12:43:50Z</Time>
          <DistanceMeters>3170.0</DistanceMeters>
          <HeartRateBpm>
            <Value>165</Value>
          </HeartRateBpm>
          <Cadence><Value>108</Value></Cadence>
          <SensorState>Absent</SensorState>
        </Trackpoint>
        <Trackpoint>
          <Time>2026-03-11T12:43:51Z</Time>
          <DistanceMeters>3170.0</DistanceMeters>
          <HeartRateBpm>
            <Value>166</Value>
          </HeartRateBpm>
          <Cadence><Value>108</Value></Cadence>
          <SensorState>Absent</SensorState>
        </Trackpoint>
        <Trackpoint>
          <Time>2026-03-11T12:43:54Z</Time>
          <DistanceMeters>3170.0</DistanceMeters>
          <HeartRateBpm>
            <Value>164</Value>
          </HeartRateBpm>
          <Cadence><Value>108</Value></Cadence>
          <SensorState>Absent</SensorState>
        </Trackpoint>
        <Trackpoint>
          <Time>2026-03-11T12:43:55Z</Time>
          <DistanceMeters>3170.0</DistanceMeters>
          <HeartRateBpm>
            <Value>163</Value>
          </HeartRateBpm>
          <Cadence><Value>108</Value></Cadence>
          <SensorState>Absent</SensorState>
        </Trackpoint>
        <Trackpoint>
          <Time>2026-03-11T12:43:57Z</Time>
          <DistanceMeters>3170.0</DistanceMeters>
          <HeartRateBpm>
            <Value>161</Value>
          </HeartRateBpm>
          <Cadence><Value>108</Value></Cadence>
          <SensorState>Absent</SensorState>
        </Trackpoint>
        <Trackpoint>
          <Time>2026-03-11T12:43:59Z</Time>
          <DistanceMeters>3170.0</DistanceMeters>
          <HeartRateBpm>
            <Value>162</Value>
          </HeartRateBpm>
          <Cadence><Value>108</Value></Cadence>
          <SensorState>Absent</SensorState>
        </Trackpoint>
        <Trackpoint>
          <Time>2026-03-11T12:44:00Z</Time>
          <DistanceMeters>3170.0</DistanceMeters>
          <HeartRateBpm>
            <Value>160</Value>
          </HeartRateBpm>
          <Cadence><Value>49</Value></Cadence>
          <SensorState>Absent</SensorState>
        </Trackpoint>
        <Trackpoint>
          <Time>2026-03-11T12:44:01Z</Time>
          <DistanceMeters>3170.0</DistanceMeters>
          <HeartRateBpm>
            <Value>163</Value>
          </HeartRateBpm>
          <Cadence><Value>49</Value></Cadence>
          <SensorState>Absent</SensorState>
        </Trackpoint>
        <Trackpoint>
          <Time>2026-03-11T12:44:02Z</Time>
          <DistanceMeters>3170.0</DistanceMeters>
          <HeartRateBpm>
            <Value>165</Value>
          </HeartRateBpm>
          <Cadence><Value>49</Value></Cadence>
          <SensorState>Absent</SensorState>
        </Trackpoint>
        <Trackpoint>
          <Time>2026-03-11T12:44:03Z</Time>
          <DistanceMeters>3170.0</DistanceMeters>
          <HeartRateBpm>
            <Value>168</Value>
          </HeartRateBpm>
          <Cadence><Value>49</Value></Cadence>
          <SensorState>Absent</SensorState>
        </Trackpoint>
        <Trackpoint>
          <Time>2026-03-11T12:44:06Z</Time>
          <DistanceMeters>3170.0</DistanceMeters>
          <HeartRateBpm>
            <Value>169</Value>
          </HeartRateBpm>
          <Cadence><Value>49</Value></Cadence>
          <SensorState>Absent</SensorState>
        </Trackpoint>
        <Trackpoint>
          <Time>2026-03-11T12:44:07Z</Time>
          <DistanceMeters>3170.0</DistanceMeters>
          <HeartRateBpm>
            <Value>167</Value>
          </HeartRateBpm>
          <Cadence><Value>49</Value></Cadence>
          <SensorState>Absent</SensorState>
        </Trackpoint>
        <Trackpoint>
          <Time>2026-03-11T12:44:10Z</Time>
          <DistanceMeters>3170.0</DistanceMeters>
          <HeartRateBpm>
            <Value>169</Value>
          </HeartRateBpm>
          <Cadence><Value>49</Value></Cadence>
          <SensorState>Absent</SensorState>
        </Trackpoint>
        <Trackpoint>
          <Time>2026-03-11T12:44:11Z</Time>
          <DistanceMeters>3170.0</DistanceMeters>
          <HeartRateBpm>
            <Value>170</Value>
          </HeartRateBpm>
          <Cadence><Value>49</Value></Cadence>
          <SensorState>Absent</SensorState>
        </Trackpoint>
        <Trackpoint>
          <Time>2026-03-11T12:44:14Z</Time>
          <DistanceMeters>3170.0</DistanceMeters>
          <HeartRateBpm>
            <Value>169</Value>
          </HeartRateBpm>
          <Cadence><Value>49</Value></Cadence>
          <SensorState>Absent</SensorState>
        </Trackpoint>
        <Trackpoint>
          <Time>2026-03-11T12:44:15Z</Time>
          <DistanceMeters>3170.0</DistanceMeters>
          <HeartRateBpm>
            <Value>168</Value>
          </HeartRateBpm>
          <Cadence><Value>49</Value></Cadence>
          <SensorState>Absent</SensorState>
        </Trackpoint>
        <Trackpoint>
          <Time>2026-03-11T12:44:17Z</Time>
          <DistanceMeters>3170.0</DistanceMeters>
          <HeartRateBpm>
            <Value>167</Value>
          </HeartRateBpm>
          <Cadence><Value>49</Value></Cadence>
          <SensorState>Absent</SensorState>
        </Trackpoint>
        <Trackpoint>
          <Time>2026-03-11T12:44:19Z</Time>
          <DistanceMeters>3170.0</DistanceMeters>
          <HeartRateBpm>
            <Value>166</Value>
          </HeartRateBpm>
          <Cadence><Value>49</Value></Cadence>
          <SensorState>Absent</SensorState>
        </Trackpoint>
        <Trackpoint>
          <Time>2026-03-11T12:44:20Z</Time>
          <DistanceMeters>3170.0</DistanceMeters>
          <HeartRateBpm>
            <Value>162</Value>
          </HeartRateBpm>
          <Cadence><Value>49</Value></Cadence>
          <SensorState>Absent</SensorState>
        </Trackpoint>
        <Trackpoint>
          <Time>2026-03-11T12:44:21Z</Time>
          <DistanceMeters>3170.0</DistanceMeters>
          <HeartRateBpm>
            <Value>161</Value>
          </HeartRateBpm>
          <Cadence><Value>49</Value></Cadence>
          <SensorState>Absent</SensorState>
        </Trackpoint>
        <Trackpoint>
          <Time>2026-03-11T12:44:24Z</Time>
          <DistanceMeters>3170.0</DistanceMeters>
          <HeartRateBpm>
            <Value>160</Value>
          </HeartRateBpm>
          <Cadence><Value>49</Value></Cadence>
          <SensorState>Absent</SensorState>
        </Trackpoint>
        <Trackpoint>
          <Time>2026-03-11T12:44:24Z</Time>
          <DistanceMeters>3170.0</DistanceMeters>
          <HeartRateBpm>
            <Value>160</Value>
          </HeartRateBpm>
          <Cadence><Value>49</Value></Cadence>
          <SensorState>Absent</SensorState>
        </Trackpoint>
        <Trackpoint>
          <Time>2026-03-11T12:44:25Z</Time>
          <DistanceMeters>3170.0</DistanceMeters>
          <HeartRateBpm>
            <Value>159</Value>
          </HeartRateBpm>
          <Cadence><Value>49</Value></Cadence>
          <SensorState>Absent</SensorState>
        </Trackpoint>
        <Trackpoint>
          <Time>2026-03-11T12:44:28Z</Time>
          <DistanceMeters>3170.0</DistanceMeters>
          <HeartRateBpm>
            <Value>158</Value>
          </HeartRateBpm>
          <Cadence><Value>49</Value></Cadence>
          <SensorState>Absent</SensorState>
        </Trackpoint>
        <Trackpoint>
          <Time>2026-03-11T12:44:29Z</Time>
          <DistanceMeters>3170.0</DistanceMeters>
          <HeartRateBpm>
            <Value>157</Value>
          </HeartRateBpm>
          <Cadence><Value>49</Value></Cadence>
          <SensorState>Absent</SensorState>
        </Trackpoint>
        <Trackpoint>
          <Time>2026-03-11T12:44:31Z</Time>
          <DistanceMeters>3207.0</DistanceMeters>
          <HeartRateBpm>
            <Value>156</Value>
          </HeartRateBpm>
          <Cadence><Value>49</Value></Cadence>
          <SensorState>Absent</SensorState>
        </Trackpoint>
        <Trackpoint>
          <Time>2026-03-11T12:44:36Z</Time>
          <DistanceMeters>3207.0</DistanceMeters>
          <HeartRateBpm>
            <Value>156</Value>
          </HeartRateBpm>
          <Cadence><Value>49</Value></Cadence>
          <SensorState>Absent</SensorState>
        </Trackpoint>
        <Trackpoint>
          <Time>2026-03-11T12:44:38Z</Time>
          <DistanceMeters>3207.0</DistanceMeters>
          <HeartRateBpm>
            <Value>157</Value>
          </HeartRateBpm>
          <Cadence><Value>49</Value></Cadence>
          <SensorState>Absent</SensorState>
        </Trackpoint>
        <Trackpoint>
          <Time>2026-03-11T12:44:39Z</Time>
          <DistanceMeters>3207.0</DistanceMeters>
          <HeartRateBpm>
            <Value>158</Value>
          </HeartRateBpm>
          <Cadence><Value>49</Value></Cadence>
          <SensorState>Absent</SensorState>
        </Trackpoint>
        <Trackpoint>
          <Time>2026-03-11T12:44:41Z</Time>
          <DistanceMeters>3207.0</DistanceMeters>
          <HeartRateBpm>
            <Value>159</Value>
          </HeartRateBpm>
          <Cadence><Value>49</Value></Cadence>
          <SensorState>Absent</SensorState>
        </Trackpoint>
        <Trackpoint>
          <Time>2026-03-11T12:44:43Z</Time>
          <DistanceMeters>3207.0</DistanceMeters>
          <HeartRateBpm>
            <Value>160</Value>
          </HeartRateBpm>
          <Cadence><Value>49</Value></Cadence>
          <SensorState>Absent</SensorState>
        </Trackpoint>
        <Trackpoint>
          <Time>2026-03-11T12:44:46Z</Time>
          <DistanceMeters>3207.0</DistanceMeters>
          <HeartRateBpm>
            <Value>161</Value>
          </HeartRateBpm>
          <Cadence><Value>49</Value></Cadence>
          <SensorState>Absent</SensorState>
        </Trackpoint>
        <Trackpoint>
          <Time>2026-03-11T12:44:49Z</Time>
          <DistanceMeters>3207.0</DistanceMeters>
          <HeartRateBpm>
            <Value>160</Value>
          </HeartRateBpm>
          <Cadence><Value>49</Value></Cadence>
          <SensorState>Absent</SensorState>
        </Trackpoint>
        <Trackpoint>
          <Time>2026-03-11T12:44:50Z</Time>
          <DistanceMeters>3207.0</DistanceMeters>
          <HeartRateBpm>
            <Value>161</Value>
          </HeartRateBpm>
          <Cadence><Value>49</Value></Cadence>
          <SensorState>Absent</SensorState>
        </Trackpoint>
        <Trackpoint>
          <Time>2026-03-11T12:44:55Z</Time>
          <DistanceMeters>3207.0</DistanceMeters>
          <HeartRateBpm>
            <Value>160</Value>
          </HeartRateBpm>
          <Cadence><Value>49</Value></Cadence>
          <SensorState>Absent</SensorState>
        </Trackpoint>
        <Trackpoint>
          <Time>2026-03-11T12:44:57Z</Time>
          <DistanceMeters>3207.0</DistanceMeters>
          <HeartRateBpm>
            <Value>161</Value>
          </HeartRateBpm>
          <Cadence><Value>49</Value></Cadence>
          <SensorState>Absent</SensorState>
        </Trackpoint>
        <Trackpoint>
          <Time>2026-03-11T12:44:58Z</Time>
          <DistanceMeters>3207.0</DistanceMeters>
          <HeartRateBpm>
            <Value>160</Value>
          </HeartRateBpm>
          <Cadence><Value>49</Value></Cadence>
          <SensorState>Absent</SensorState>
        </Trackpoint>
        <Trackpoint>
          <Time>2026-03-11T12:45:00Z</Time>
          <DistanceMeters>3207.0</DistanceMeters>
          <HeartRateBpm>
            <Value>157</Value>
          </HeartRateBpm>
          <Cadence><Value>121</Value></Cadence>
          <SensorState>Absent</SensorState>
        </Trackpoint>
        <Trackpoint>
          <Time>2026-03-11T12:45:00Z</Time>
          <DistanceMeters>3207.0</DistanceMeters>
          <HeartRateBpm>
            <Value>159</Value>
          </HeartRateBpm>
          <Cadence><Value>121</Value></Cadence>
          <SensorState>Absent</SensorState>
        </Trackpoint>
        <Trackpoint>
          <Time>2026-03-11T12:45:04Z</Time>
          <DistanceMeters>3207.0</DistanceMeters>
          <HeartRateBpm>
            <Value>160</Value>
          </HeartRateBpm>
          <Cadence><Value>121</Value></Cadence>
          <SensorState>Absent</SensorState>
        </Trackpoint>
        <Trackpoint>
          <Time>2026-03-11T12:45:05Z</Time>
          <DistanceMeters>3207.0</DistanceMeters>
          <HeartRateBpm>
            <Value>159</Value>
          </HeartRateBpm>
          <Cadence><Value>121</Value></Cadence>
          <SensorState>Absent</SensorState>
        </Trackpoint>
        <Trackpoint>
          <Time>2026-03-11T12:45:06Z</Time>
          <DistanceMeters>3207.0</DistanceMeters>
          <HeartRateBpm>
            <Value>158</Value>
          </HeartRateBpm>
          <Cadence><Value>121</Value></Cadence>
          <SensorState>Absent</SensorState>
        </Trackpoint>
        <Trackpoint>
          <Time>2026-03-11T12:45:07Z</Time>
          <DistanceMeters>3207.0</DistanceMeters>
          <HeartRateBpm>
            <Value>157</Value>
          </HeartRateBpm>
          <Cadence><Value>121</Value></Cadence>
          <SensorState>Absent</SensorState>
        </Trackpoint>
        <Trackpoint>
          <Time>2026-03-11T12:45:08Z</Time>
          <DistanceMeters>3207.0</DistanceMeters>
          <HeartRateBpm>
            <Value>158</Value>
          </HeartRateBpm>
          <Cadence><Value>121</Value></Cadence>
          <SensorState>Absent</SensorState>
        </Trackpoint>
        <Trackpoint>
          <Time>2026-03-11T12:45:14Z</Time>
          <DistanceMeters>3207.0</DistanceMeters>
          <HeartRateBpm>
            <Value>158</Value>
          </HeartRateBpm>
          <Cadence><Value>121</Value></Cadence>
          <SensorState>Absent</SensorState>
        </Trackpoint>
        <Trackpoint>
          <Time>2026-03-11T12:45:15Z</Time>
          <DistanceMeters>3207.0</DistanceMeters>
          <HeartRateBpm>
            <Value>157</Value>
          </HeartRateBpm>
          <Cadence><Value>121</Value></Cadence>
          <SensorState>Absent</SensorState>
        </Trackpoint>
        <Trackpoint>
          <Time>2026-03-11T12:45:16Z</Time>
          <DistanceMeters>3207.0</DistanceMeters>
          <HeartRateBpm>
            <Value>156</Value>
          </HeartRateBpm>
          <Cadence><Value>121</Value></Cadence>
          <SensorState>Absent</SensorState>
        </Trackpoint>
        <Trackpoint>
          <Time>2026-03-11T12:45:18Z</Time>
          <DistanceMeters>3207.0</DistanceMeters>
          <HeartRateBpm>
            <Value>157</Value>
          </HeartRateBpm>
          <Cadence><Value>121</Value></Cadence>
          <SensorState>Absent</SensorState>
        </Trackpoint>
        <Trackpoint>
          <Time>2026-03-11T12:45:19Z</Time>
          <DistanceMeters>3207.0</DistanceMeters>
          <HeartRateBpm>
            <Value>158</Value>
          </HeartRateBpm>
          <Cadence><Value>121</Value></Cadence>
          <SensorState>Absent</SensorState>
        </Trackpoint>
        <Trackpoint>
          <Time>2026-03-11T12:45:20Z</Time>
          <DistanceMeters>3207.0</DistanceMeters>
          <HeartRateBpm>
            <Value>157</Value>
          </HeartRateBpm>
          <Cadence><Value>121</Value></Cadence>
          <SensorState>Absent</SensorState>
        </Trackpoint>
        <Trackpoint>
          <Time>2026-03-11T12:45:21Z</Time>
          <DistanceMeters>3207.0</DistanceMeters>
          <HeartRateBpm>
            <Value>155</Value>
          </HeartRateBpm>
          <Cadence><Value>121</Value></Cadence>
          <SensorState>Absent</SensorState>
        </Trackpoint>
        <Trackpoint>
          <Time>2026-03-11T12:45:26Z</Time>
          <DistanceMeters>3207.0</DistanceMeters>
          <HeartRateBpm>
            <Value>155</Value>
          </HeartRateBpm>
          <Cadence><Value>121</Value></Cadence>
          <SensorState>Absent</SensorState>
        </Trackpoint>
        <Trackpoint>
          <Time>2026-03-11T12:45:27Z</Time>
          <DistanceMeters>3207.0</DistanceMeters>
          <HeartRateBpm>
            <Value>155</Value>
          </HeartRateBpm>
          <Cadence><Value>121</Value></Cadence>
          <SensorState>Absent</SensorState>
        </Trackpoint>
        <Trackpoint>
          <Time>2026-03-11T12:45:28Z</Time>
          <DistanceMeters>3207.0</DistanceMeters>
          <HeartRateBpm>
            <Value>154</Value>
          </HeartRateBpm>
          <Cadence><Value>121</Value></Cadence>
          <SensorState>Absent</SensorState>
        </Trackpoint>
        <Trackpoint>
          <Time>2026-03-11T12:45:32Z</Time>
          <DistanceMeters>3242.0</DistanceMeters>
          <HeartRateBpm>
            <Value>153</Value>
          </HeartRateBpm>
          <Cadence><Value>121</Value></Cadence>
          <SensorState>Absent</SensorState>
        </Trackpoint>
        <Trackpoint>
          <Time>2026-03-11T12:45:34Z</Time>
          <DistanceMeters>3242.0</DistanceMeters>
          <HeartRateBpm>
            <Value>151</Value>
          </HeartRateBpm>
          <Cadence><Value>121</Value></Cadence>
          <SensorState>Absent</SensorState>
        </Trackpoint>
        <Trackpoint>
          <Time>2026-03-11T12:45:36Z</Time>
          <DistanceMeters>3242.0</DistanceMeters>
          <HeartRateBpm>
            <Value>152</Value>
          </HeartRateBpm>
          <Cadence><Value>121</Value></Cadence>
          <SensorState>Absent</SensorState>
        </Trackpoint>
        <Trackpoint>
          <Time>2026-03-11T12:45:37Z</Time>
          <DistanceMeters>3242.0</DistanceMeters>
          <HeartRateBpm>
            <Value>154</Value>
          </HeartRateBpm>
          <Cadence><Value>121</Value></Cadence>
          <SensorState>Absent</SensorState>
        </Trackpoint>
        <Trackpoint>
          <Time>2026-03-11T12:45:38Z</Time>
          <DistanceMeters>3242.0</DistanceMeters>
          <HeartRateBpm>
            <Value>153</Value>
          </HeartRateBpm>
          <Cadence><Value>121</Value></Cadence>
          <SensorState>Absent</SensorState>
        </Trackpoint>
        <Trackpoint>
          <Time>2026-03-11T12:45:40Z</Time>
          <DistanceMeters>3242.0</DistanceMeters>
          <HeartRateBpm>
            <Value>155</Value>
          </HeartRateBpm>
          <Cadence><Value>121</Value></Cadence>
          <SensorState>Absent</SensorState>
        </Trackpoint>
        <Trackpoint>
          <Time>2026-03-11T12:45:41Z</Time>
          <DistanceMeters>3242.0</DistanceMeters>
          <HeartRateBpm>
            <Value>156</Value>
          </HeartRateBpm>
          <Cadence><Value>121</Value></Cadence>
          <SensorState>Absent</SensorState>
        </Trackpoint>
        <Trackpoint>
          <Time>2026-03-11T12:45:42Z</Time>
          <DistanceMeters>3242.0</DistanceMeters>
          <HeartRateBpm>
            <Value>157</Value>
          </HeartRateBpm>
          <Cadence><Value>121</Value></Cadence>
          <SensorState>Absent</SensorState>
        </Trackpoint>
        <Trackpoint>
          <Time>2026-03-11T12:45:44Z</Time>
          <DistanceMeters>3242.0</DistanceMeters>
          <HeartRateBpm>
            <Value>158</Value>
          </HeartRateBpm>
          <Cadence><Value>121</Value></Cadence>
          <SensorState>Absent</SensorState>
        </Trackpoint>
        <Trackpoint>
          <Time>2026-03-11T12:45:49Z</Time>
          <DistanceMeters>3242.0</DistanceMeters>
          <HeartRateBpm>
            <Value>158</Value>
          </HeartRateBpm>
          <Cadence><Value>121</Value></Cadence>
          <SensorState>Absent</SensorState>
        </Trackpoint>
        <Trackpoint>
          <Time>2026-03-11T12:45:50Z</Time>
          <DistanceMeters>3242.0</DistanceMeters>
          <HeartRateBpm>
            <Value>157</Value>
          </HeartRateBpm>
          <Cadence><Value>121</Value></Cadence>
          <SensorState>Absent</SensorState>
        </Trackpoint>
        <Trackpoint>
          <Time>2026-03-11T12:45:51Z</Time>
          <DistanceMeters>3242.0</DistanceMeters>
          <HeartRateBpm>
            <Value>155</Value>
          </HeartRateBpm>
          <Cadence><Value>121</Value></Cadence>
          <SensorState>Absent</SensorState>
        </Trackpoint>
        <Trackpoint>
          <Time>2026-03-11T12:45:52Z</Time>
          <DistanceMeters>3242.0</DistanceMeters>
          <HeartRateBpm>
            <Value>154</Value>
          </HeartRateBpm>
          <Cadence><Value>121</Value></Cadence>
          <SensorState>Absent</SensorState>
        </Trackpoint>
        <Trackpoint>
          <Time>2026-03-11T12:45:56Z</Time>
          <DistanceMeters>3242.0</DistanceMeters>
          <HeartRateBpm>
            <Value>153</Value>
          </HeartRateBpm>
          <Cadence><Value>121</Value></Cadence>
          <SensorState>Absent</SensorState>
        </Trackpoint>
        <Trackpoint>
          <Time>2026-03-11T12:45:58Z</Time>
          <DistanceMeters>3242.0</DistanceMeters>
          <HeartRateBpm>
            <Value>151</Value>
          </HeartRateBpm>
          <Cadence><Value>121</Value></Cadence>
          <SensorState>Absent</SensorState>
        </Trackpoint>
        <Trackpoint>
          <Time>2026-03-11T12:45:59Z</Time>
          <DistanceMeters>3242.0</DistanceMeters>
          <HeartRateBpm>
            <Value>150</Value>
          </HeartRateBpm>
          <Cadence><Value>121</Value></Cadence>
          <SensorState>Absent</SensorState>
        </Trackpoint>
        <Trackpoint>
          <Time>2026-03-11T12:46:00Z</Time>
          <DistanceMeters>3242.0</DistanceMeters>
          <HeartRateBpm>
            <Value>158</Value>
          </HeartRateBpm>
          <Cadence><Value>119</Value></Cadence>
          <SensorState>Absent</SensorState>
        </Trackpoint>
        <Trackpoint>
          <Time>2026-03-11T12:46:00Z</Time>
          <DistanceMeters>3242.0</DistanceMeters>
          <HeartRateBpm>
            <Value>151</Value>
          </HeartRateBpm>
          <Cadence><Value>119</Value></Cadence>
          <SensorState>Absent</SensorState>
        </Trackpoint>
        <Trackpoint>
          <Time>2026-03-11T12:46:02Z</Time>
          <DistanceMeters>3242.0</DistanceMeters>
          <HeartRateBpm>
            <Value>152</Value>
          </HeartRateBpm>
          <Cadence><Value>119</Value></Cadence>
          <SensorState>Absent</SensorState>
        </Trackpoint>
        <Trackpoint>
          <Time>2026-03-11T12:46:04Z</Time>
          <DistanceMeters>3242.0</DistanceMeters>
          <HeartRateBpm>
            <Value>151</Value>
          </HeartRateBpm>
          <Cadence><Value>119</Value></Cadence>
          <SensorState>Absent</SensorState>
        </Trackpoint>
        <Trackpoint>
          <Time>2026-03-11T12:46:10Z</Time>
          <DistanceMeters>3242.0</DistanceMeters>
          <HeartRateBpm>
            <Value>150</Value>
          </HeartRateBpm>
          <Cadence><Value>119</Value></Cadence>
          <SensorState>Absent</SensorState>
        </Trackpoint>
        <Trackpoint>
          <Time>2026-03-11T12:46:14Z</Time>
          <DistanceMeters>3242.0</DistanceMeters>
          <HeartRateBpm>
            <Value>151</Value>
          </HeartRateBpm>
          <Cadence><Value>119</Value></Cadence>
          <SensorState>Absent</SensorState>
        </Trackpoint>
        <Trackpoint>
          <Time>2026-03-11T12:46:15Z</Time>
          <DistanceMeters>3242.0</DistanceMeters>
          <HeartRateBpm>
            <Value>152</Value>
          </HeartRateBpm>
          <Cadence><Value>119</Value></Cadence>
          <SensorState>Absent</SensorState>
        </Trackpoint>
        <Trackpoint>
          <Time>2026-03-11T12:46:18Z</Time>
          <DistanceMeters>3242.0</DistanceMeters>
          <HeartRateBpm>
            <Value>151</Value>
          </HeartRateBpm>
          <Cadence><Value>119</Value></Cadence>
          <SensorState>Absent</SensorState>
        </Trackpoint>
        <Trackpoint>
          <Time>2026-03-11T12:46:23Z</Time>
          <DistanceMeters>3242.0</DistanceMeters>
          <HeartRateBpm>
            <Value>154</Value>
          </HeartRateBpm>
          <Cadence><Value>119</Value></Cadence>
          <SensorState>Absent</SensorState>
        </Trackpoint>
        <Trackpoint>
          <Time>2026-03-11T12:46:25Z</Time>
          <DistanceMeters>3242.0</DistanceMeters>
          <HeartRateBpm>
            <Value>157</Value>
          </HeartRateBpm>
          <Cadence><Value>119</Value></Cadence>
          <SensorState>Absent</SensorState>
        </Trackpoint>
        <Trackpoint>
          <Time>2026-03-11T12:46:26Z</Time>
          <DistanceMeters>3242.0</DistanceMeters>
          <HeartRateBpm>
            <Value>159</Value>
          </HeartRateBpm>
          <Cadence><Value>119</Value></Cadence>
          <SensorState>Absent</SensorState>
        </Trackpoint>
        <Trackpoint>
          <Time>2026-03-11T12:46:27Z</Time>
          <DistanceMeters>3242.0</DistanceMeters>
          <HeartRateBpm>
            <Value>161</Value>
          </HeartRateBpm>
          <Cadence><Value>119</Value></Cadence>
          <SensorState>Absent</SensorState>
        </Trackpoint>
        <Trackpoint>
          <Time>2026-03-11T12:46:27Z</Time>
          <DistanceMeters>3242.0</DistanceMeters>
          <HeartRateBpm>
            <Value>161</Value>
          </HeartRateBpm>
          <Cadence><Value>119</Value></Cadence>
          <SensorState>Absent</SensorState>
        </Trackpoint>
        <Trackpoint>
          <Time>2026-03-11T12:46:29Z</Time>
          <DistanceMeters>3242.0</DistanceMeters>
          <HeartRateBpm>
            <Value>164</Value>
          </HeartRateBpm>
          <Cadence><Value>119</Value></Cadence>
          <SensorState>Absent</SensorState>
        </Trackpoint>
        <Trackpoint>
          <Time>2026-03-11T12:46:30Z</Time>
          <DistanceMeters>3279.0</DistanceMeters>
          <HeartRateBpm>
            <Value>165</Value>
          </HeartRateBpm>
          <Cadence><Value>119</Value></Cadence>
          <SensorState>Absent</SensorState>
        </Trackpoint>
        <Trackpoint>
          <Time>2026-03-11T12:46:31Z</Time>
          <DistanceMeters>3279.0</DistanceMeters>
          <HeartRateBpm>
            <Value>166</Value>
          </HeartRateBpm>
          <Cadence><Value>119</Value></Cadence>
          <SensorState>Absent</SensorState>
        </Trackpoint>
        <Trackpoint>
          <Time>2026-03-11T12:46:33Z</Time>
          <DistanceMeters>3279.0</DistanceMeters>
          <HeartRateBpm>
            <Value>165</Value>
          </HeartRateBpm>
          <Cadence><Value>119</Value></Cadence>
          <SensorState>Absent</SensorState>
        </Trackpoint>
        <Trackpoint>
          <Time>2026-03-11T12:46:38Z</Time>
          <DistanceMeters>3279.0</DistanceMeters>
          <HeartRateBpm>
            <Value>166</Value>
          </HeartRateBpm>
          <Cadence><Value>119</Value></Cadence>
          <SensorState>Absent</SensorState>
        </Trackpoint>
        <Trackpoint>
          <Time>2026-03-11T12:46:40Z</Time>
          <DistanceMeters>3279.0</DistanceMeters>
          <HeartRateBpm>
            <Value>165</Value>
          </HeartRateBpm>
          <Cadence><Value>119</Value></Cadence>
          <SensorState>Absent</SensorState>
        </Trackpoint>
        <Trackpoint>
          <Time>2026-03-11T12:46:41Z</Time>
          <DistanceMeters>3279.0</DistanceMeters>
          <HeartRateBpm>
            <Value>163</Value>
          </HeartRateBpm>
          <Cadence><Value>119</Value></Cadence>
          <SensorState>Absent</SensorState>
        </Trackpoint>
        <Trackpoint>
          <Time>2026-03-11T12:46:45Z</Time>
          <DistanceMeters>3279.0</DistanceMeters>
          <HeartRateBpm>
            <Value>162</Value>
          </HeartRateBpm>
          <Cadence><Value>119</Value></Cadence>
          <SensorState>Absent</SensorState>
        </Trackpoint>
        <Trackpoint>
          <Time>2026-03-11T12:46:48Z</Time>
          <DistanceMeters>3279.0</DistanceMeters>
          <HeartRateBpm>
            <Value>161</Value>
          </HeartRateBpm>
          <Cadence><Value>119</Value></Cadence>
          <SensorState>Absent</SensorState>
        </Trackpoint>
        <Trackpoint>
          <Time>2026-03-11T12:46:51Z</Time>
          <DistanceMeters>3279.0</DistanceMeters>
          <HeartRateBpm>
            <Value>162</Value>
          </HeartRateBpm>
          <Cadence><Value>119</Value></Cadence>
          <SensorState>Absent</SensorState>
        </Trackpoint>
        <Trackpoint>
          <Time>2026-03-11T12:46:56Z</Time>
          <DistanceMeters>3279.0</DistanceMeters>
          <HeartRateBpm>
            <Value>163</Value>
          </HeartRateBpm>
          <Cadence><Value>119</Value></Cadence>
          <SensorState>Absent</SensorState>
        </Trackpoint>
        <Trackpoint>
          <Time>2026-03-11T12:46:57Z</Time>
          <DistanceMeters>3279.0</DistanceMeters>
          <HeartRateBpm>
            <Value>164</Value>
          </HeartRateBpm>
          <Cadence><Value>119</Value></Cadence>
          <SensorState>Absent</SensorState>
        </Trackpoint>
        <Trackpoint>
          <Time>2026-03-11T12:46:58Z</Time>
          <DistanceMeters>3279.0</DistanceMeters>
          <HeartRateBpm>
            <Value>165</Value>
          </HeartRateBpm>
          <Cadence><Value>119</Value></Cadence>
          <SensorState>Absent</SensorState>
        </Trackpoint>
        <Trackpoint>
          <Time>2026-03-11T12:47:00Z</Time>
          <DistanceMeters>3279.0</DistanceMeters>
          <HeartRateBpm>
            <Value>166</Value>
          </HeartRateBpm>
          <Cadence><Value>98</Value></Cadence>
          <SensorState>Absent</SensorState>
        </Trackpoint>
        <Trackpoint>
          <Time>2026-03-11T12:47:01Z</Time>
          <DistanceMeters>3279.0</DistanceMeters>
          <HeartRateBpm>
            <Value>168</Value>
          </HeartRateBpm>
          <Cadence><Value>98</Value></Cadence>
          <SensorState>Absent</SensorState>
        </Trackpoint>
        <Trackpoint>
          <Time>2026-03-11T12:47:01Z</Time>
          <DistanceMeters>3279.0</DistanceMeters>
          <HeartRateBpm>
            <Value>168</Value>
          </HeartRateBpm>
          <Cadence><Value>98</Value></Cadence>
          <SensorState>Absent</SensorState>
        </Trackpoint>
        <Trackpoint>
          <Time>2026-03-11T12:47:02Z</Time>
          <DistanceMeters>3279.0</DistanceMeters>
          <HeartRateBpm>
            <Value>173</Value>
          </HeartRateBpm>
          <Cadence><Value>98</Value></Cadence>
          <SensorState>Absent</SensorState>
        </Trackpoint>
        <Trackpoint>
          <Time>2026-03-11T12:47:05Z</Time>
          <DistanceMeters>3279.0</DistanceMeters>
          <HeartRateBpm>
            <Value>172</Value>
          </HeartRateBpm>
          <Cadence><Value>98</Value></Cadence>
          <SensorState>Absent</SensorState>
        </Trackpoint>
        <Trackpoint>
          <Time>2026-03-11T12:47:10Z</Time>
          <DistanceMeters>3279.0</DistanceMeters>
          <HeartRateBpm>
            <Value>171</Value>
          </HeartRateBpm>
          <Cadence><Value>98</Value></Cadence>
          <SensorState>Absent</SensorState>
        </Trackpoint>
        <Trackpoint>
          <Time>2026-03-11T12:47:11Z</Time>
          <DistanceMeters>3279.0</DistanceMeters>
          <HeartRateBpm>
            <Value>170</Value>
          </HeartRateBpm>
          <Cadence><Value>98</Value></Cadence>
          <SensorState>Absent</SensorState>
        </Trackpoint>
        <Trackpoint>
          <Time>2026-03-11T12:47:15Z</Time>
          <DistanceMeters>3279.0</DistanceMeters>
          <HeartRateBpm>
            <Value>169</Value>
          </HeartRateBpm>
          <Cadence><Value>98</Value></Cadence>
          <SensorState>Absent</SensorState>
        </Trackpoint>
        <Trackpoint>
          <Time>2026-03-11T12:47:18Z</Time>
          <DistanceMeters>3279.0</DistanceMeters>
          <HeartRateBpm>
            <Value>170</Value>
          </HeartRateBpm>
          <Cadence><Value>98</Value></Cadence>
          <SensorState>Absent</SensorState>
        </Trackpoint>
        <Trackpoint>
          <Time>2026-03-11T12:47:21Z</Time>
          <DistanceMeters>3279.0</DistanceMeters>
          <HeartRateBpm>
            <Value>171</Value>
          </HeartRateBpm>
          <Cadence><Value>98</Value></Cadence>
          <SensorState>Absent</SensorState>
        </Trackpoint>
        <Trackpoint>
          <Time>2026-03-11T12:47:22Z</Time>
          <DistanceMeters>3279.0</DistanceMeters>
          <HeartRateBpm>
            <Value>174</Value>
          </HeartRateBpm>
          <Cadence><Value>98</Value></Cadence>
          <SensorState>Absent</SensorState>
        </Trackpoint>
        <Trackpoint>
          <Time>2026-03-11T12:47:22Z</Time>
          <DistanceMeters>3279.0</DistanceMeters>
          <HeartRateBpm>
            <Value>174</Value>
          </HeartRateBpm>
          <Cadence><Value>98</Value></Cadence>
          <SensorState>Absent</SensorState>
        </Trackpoint>
        <Trackpoint>
          <Time>2026-03-11T12:47:25Z</Time>
          <DistanceMeters>3279.0</DistanceMeters>
          <HeartRateBpm>
            <Value>173</Value>
          </HeartRateBpm>
          <Cadence><Value>98</Value></Cadence>
          <SensorState>Absent</SensorState>
        </Trackpoint>
        <Trackpoint>
          <Time>2026-03-11T12:47:26Z</Time>
          <DistanceMeters>3279.0</DistanceMeters>
          <HeartRateBpm>
            <Value>172</Value>
          </HeartRateBpm>
          <Cadence><Value>98</Value></Cadence>
          <SensorState>Absent</SensorState>
        </Trackpoint>
        <Trackpoint>
          <Time>2026-03-11T12:47:30Z</Time>
          <DistanceMeters>3314.0</DistanceMeters>
          <HeartRateBpm>
            <Value>173</Value>
          </HeartRateBpm>
          <Cadence><Value>98</Value></Cadence>
          <SensorState>Absent</SensorState>
        </Trackpoint>
        <Trackpoint>
          <Time>2026-03-11T12:47:33Z</Time>
          <DistanceMeters>3314.0</DistanceMeters>
          <HeartRateBpm>
            <Value>175</Value>
          </HeartRateBpm>
          <Cadence><Value>98</Value></Cadence>
          <SensorState>Absent</SensorState>
        </Trackpoint>
        <Trackpoint>
          <Time>2026-03-11T12:47:34Z</Time>
          <DistanceMeters>3314.0</DistanceMeters>
          <HeartRateBpm>
            <Value>176</Value>
          </HeartRateBpm>
          <Cadence><Value>98</Value></Cadence>
          <SensorState>Absent</SensorState>
        </Trackpoint>
        <Trackpoint>
          <Time>2026-03-11T12:47:35Z</Time>
          <DistanceMeters>3314.0</DistanceMeters>
          <HeartRateBpm>
            <Value>174</Value>
          </HeartRateBpm>
          <Cadence><Value>98</Value></Cadence>
          <SensorState>Absent</SensorState>
        </Trackpoint>
        <Trackpoint>
          <Time>2026-03-11T12:47:37Z</Time>
          <DistanceMeters>3314.0</DistanceMeters>
          <HeartRateBpm>
            <Value>173</Value>
          </HeartRateBpm>
          <Cadence><Value>98</Value></Cadence>
          <SensorState>Absent</SensorState>
        </Trackpoint>
        <Trackpoint>
          <Time>2026-03-11T12:47:38Z</Time>
          <DistanceMeters>3314.0</DistanceMeters>
          <HeartRateBpm>
            <Value>172</Value>
          </HeartRateBpm>
          <Cadence><Value>98</Value></Cadence>
          <SensorState>Absent</SensorState>
        </Trackpoint>
        <Trackpoint>
          <Time>2026-03-11T12:47:39Z</Time>
          <DistanceMeters>3314.0</DistanceMeters>
          <HeartRateBpm>
            <Value>169</Value>
          </HeartRateBpm>
          <Cadence><Value>98</Value></Cadence>
          <SensorState>Absent</SensorState>
        </Trackpoint>
        <Trackpoint>
          <Time>2026-03-11T12:47:41Z</Time>
          <DistanceMeters>3314.0</DistanceMeters>
          <HeartRateBpm>
            <Value>168</Value>
          </HeartRateBpm>
          <Cadence><Value>98</Value></Cadence>
          <SensorState>Absent</SensorState>
        </Trackpoint>
        <Trackpoint>
          <Time>2026-03-11T12:47:41Z</Time>
          <DistanceMeters>3314.0</DistanceMeters>
          <HeartRateBpm>
            <Value>168</Value>
          </HeartRateBpm>
          <Cadence><Value>98</Value></Cadence>
          <SensorState>Absent</SensorState>
        </Trackpoint>
        <Trackpoint>
          <Time>2026-03-11T12:47:44Z</Time>
          <DistanceMeters>3314.0</DistanceMeters>
          <HeartRateBpm>
            <Value>166</Value>
          </HeartRateBpm>
          <Cadence><Value>98</Value></Cadence>
          <SensorState>Absent</SensorState>
        </Trackpoint>
        <Trackpoint>
          <Time>2026-03-11T12:47:48Z</Time>
          <DistanceMeters>3314.0</DistanceMeters>
          <HeartRateBpm>
            <Value>165</Value>
          </HeartRateBpm>
          <Cadence><Value>98</Value></Cadence>
          <SensorState>Absent</SensorState>
        </Trackpoint>
        <Trackpoint>
          <Time>2026-03-11T12:47:52Z</Time>
          <DistanceMeters>3314.0</DistanceMeters>
          <HeartRateBpm>
            <Value>163</Value>
          </HeartRateBpm>
          <Cadence><Value>98</Value></Cadence>
          <SensorState>Absent</SensorState>
        </Trackpoint>
        <Trackpoint>
          <Time>2026-03-11T12:47:53Z</Time>
          <DistanceMeters>3314.0</DistanceMeters>
          <HeartRateBpm>
            <Value>161</Value>
          </HeartRateBpm>
          <Cadence><Value>98</Value></Cadence>
          <SensorState>Absent</SensorState>
        </Trackpoint>
        <Trackpoint>
          <Time>2026-03-11T12:47:54Z</Time>
          <DistanceMeters>3314.0</DistanceMeters>
          <HeartRateBpm>
            <Value>161</Value>
          </HeartRateBpm>
          <Cadence><Value>98</Value></Cadence>
          <SensorState>Absent</SensorState>
        </Trackpoint>
        <Trackpoint>
          <Time>2026-03-11T12:47:55Z</Time>
          <DistanceMeters>3314.0</DistanceMeters>
          <HeartRateBpm>
            <Value>159</Value>
          </HeartRateBpm>
          <Cadence><Value>98</Value></Cadence>
          <SensorState>Absent</SensorState>
        </Trackpoint>
        <Trackpoint>
          <Time>2026-03-11T12:47:59Z</Time>
          <DistanceMeters>3314.0</DistanceMeters>
          <HeartRateBpm>
            <Value>160</Value>
          </HeartRateBpm>
          <Cadence><Value>98</Value></Cadence>
          <SensorState>Absent</SensorState>
        </Trackpoint>
        <Trackpoint>
          <Time>2026-03-11T12:48:00Z</Time>
          <DistanceMeters>3314.0</DistanceMeters>
          <HeartRateBpm>
            <Value>160</Value>
          </HeartRateBpm>
          <Cadence><Value>97</Value></Cadence>
          <SensorState>Absent</SensorState>
        </Trackpoint>
        <Trackpoint>
          <Time>2026-03-11T12:48:04Z</Time>
          <DistanceMeters>3314.0</DistanceMeters>
          <HeartRateBpm>
            <Value>160</Value>
          </HeartRateBpm>
          <Cadence><Value>97</Value></Cadence>
          <SensorState>Absent</SensorState>
        </Trackpoint>
        <Trackpoint>
          <Time>2026-03-11T12:48:05Z</Time>
          <DistanceMeters>3314.0</DistanceMeters>
          <HeartRateBpm>
            <Value>161</Value>
          </HeartRateBpm>
          <Cadence><Value>97</Value></Cadence>
          <SensorState>Absent</SensorState>
        </Trackpoint>
        <Trackpoint>
          <Time>2026-03-11T12:48:09Z</Time>
          <DistanceMeters>3314.0</DistanceMeters>
          <HeartRateBpm>
            <Value>160</Value>
          </HeartRateBpm>
          <Cadence><Value>97</Value></Cadence>
          <SensorState>Absent</SensorState>
        </Trackpoint>
        <Trackpoint>
          <Time>2026-03-11T12:48:10Z</Time>
          <DistanceMeters>3314.0</DistanceMeters>
          <HeartRateBpm>
            <Value>159</Value>
          </HeartRateBpm>
          <Cadence><Value>97</Value></Cadence>
          <SensorState>Absent</SensorState>
        </Trackpoint>
        <Trackpoint>
          <Time>2026-03-11T12:48:12Z</Time>
          <DistanceMeters>3314.0</DistanceMeters>
          <HeartRateBpm>
            <Value>157</Value>
          </HeartRateBpm>
          <Cadence><Value>97</Value></Cadence>
          <SensorState>Absent</SensorState>
        </Trackpoint>
        <Trackpoint>
          <Time>2026-03-11T12:48:13Z</Time>
          <DistanceMeters>3314.0</DistanceMeters>
          <HeartRateBpm>
            <Value>156</Value>
          </HeartRateBpm>
          <Cadence><Value>97</Value></Cadence>
          <SensorState>Absent</SensorState>
        </Trackpoint>
        <Trackpoint>
          <Time>2026-03-11T12:48:14Z</Time>
          <DistanceMeters>3314.0</DistanceMeters>
          <HeartRateBpm>
            <Value>155</Value>
          </HeartRateBpm>
          <Cadence><Value>97</Value></Cadence>
          <SensorState>Absent</SensorState>
        </Trackpoint>
        <Trackpoint>
          <Time>2026-03-11T12:48:14Z</Time>
          <DistanceMeters>3314.0</DistanceMeters>
          <HeartRateBpm>
            <Value>155</Value>
          </HeartRateBpm>
          <Cadence><Value>97</Value></Cadence>
          <SensorState>Absent</SensorState>
        </Trackpoint>
        <Trackpoint>
          <Time>2026-03-11T12:48:17Z</Time>
          <DistanceMeters>3314.0</DistanceMeters>
          <HeartRateBpm>
            <Value>153</Value>
          </HeartRateBpm>
          <Cadence><Value>97</Value></Cadence>
          <SensorState>Absent</SensorState>
        </Trackpoint>
        <Trackpoint>
          <Time>2026-03-11T12:48:18Z</Time>
          <DistanceMeters>3314.0</DistanceMeters>
          <HeartRateBpm>
            <Value>152</Value>
          </HeartRateBpm>
          <Cadence><Value>97</Value></Cadence>
          <SensorState>Absent</SensorState>
        </Trackpoint>
        <Trackpoint>
          <Time>2026-03-11T12:48:19Z</Time>
          <DistanceMeters>3314.0</DistanceMeters>
          <HeartRateBpm>
            <Value>151</Value>
          </HeartRateBpm>
          <Cadence><Value>97</Value></Cadence>
          <SensorState>Absent</SensorState>
        </Trackpoint>
        <Trackpoint>
          <Time>2026-03-11T12:48:25Z</Time>
          <DistanceMeters>3314.0</DistanceMeters>
          <HeartRateBpm>
            <Value>152</Value>
          </HeartRateBpm>
          <Cadence><Value>97</Value></Cadence>
          <SensorState>Absent</SensorState>
        </Trackpoint>
        <Trackpoint>
          <Time>2026-03-11T12:48:26Z</Time>
          <DistanceMeters>3314.0</DistanceMeters>
          <HeartRateBpm>
            <Value>153</Value>
          </HeartRateBpm>
          <Cadence><Value>97</Value></Cadence>
          <SensorState>Absent</SensorState>
        </Trackpoint>
        <Trackpoint>
          <Time>2026-03-11T12:48:31Z</Time>
          <DistanceMeters>3351.0</DistanceMeters>
          <HeartRateBpm>
            <Value>152</Value>
          </HeartRateBpm>
          <Cadence><Value>97</Value></Cadence>
          <SensorState>Absent</SensorState>
        </Trackpoint>
        <Trackpoint>
          <Time>2026-03-11T12:48:33Z</Time>
          <DistanceMeters>3351.0</DistanceMeters>
          <HeartRateBpm>
            <Value>154</Value>
          </HeartRateBpm>
          <Cadence><Value>97</Value></Cadence>
          <SensorState>Absent</SensorState>
        </Trackpoint>
        <Trackpoint>
          <Time>2026-03-11T12:48:35Z</Time>
          <DistanceMeters>3351.0</DistanceMeters>
          <HeartRateBpm>
            <Value>156</Value>
          </HeartRateBpm>
          <Cadence><Value>97</Value></Cadence>
          <SensorState>Absent</SensorState>
        </Trackpoint>
        <Trackpoint>
          <Time>2026-03-11T12:48:36Z</Time>
          <DistanceMeters>3351.0</DistanceMeters>
          <HeartRateBpm>
            <Value>157</Value>
          </HeartRateBpm>
          <Cadence><Value>97</Value></Cadence>
          <SensorState>Absent</SensorState>
        </Trackpoint>
        <Trackpoint>
          <Time>2026-03-11T12:48:37Z</Time>
          <DistanceMeters>3351.0</DistanceMeters>
          <HeartRateBpm>
            <Value>160</Value>
          </HeartRateBpm>
          <Cadence><Value>97</Value></Cadence>
          <SensorState>Absent</SensorState>
        </Trackpoint>
        <Trackpoint>
          <Time>2026-03-11T12:48:40Z</Time>
          <DistanceMeters>3351.0</DistanceMeters>
          <HeartRateBpm>
            <Value>159</Value>
          </HeartRateBpm>
          <Cadence><Value>97</Value></Cadence>
          <SensorState>Absent</SensorState>
        </Trackpoint>
        <Trackpoint>
          <Time>2026-03-11T12:48:42Z</Time>
          <DistanceMeters>3351.0</DistanceMeters>
          <HeartRateBpm>
            <Value>161</Value>
          </HeartRateBpm>
          <Cadence><Value>97</Value></Cadence>
          <SensorState>Absent</SensorState>
        </Trackpoint>
        <Trackpoint>
          <Time>2026-03-11T12:48:42Z</Time>
          <DistanceMeters>3351.0</DistanceMeters>
          <HeartRateBpm>
            <Value>161</Value>
          </HeartRateBpm>
          <Cadence><Value>97</Value></Cadence>
          <SensorState>Absent</SensorState>
        </Trackpoint>
        <Trackpoint>
          <Time>2026-03-11T12:48:44Z</Time>
          <DistanceMeters>3351.0</DistanceMeters>
          <HeartRateBpm>
            <Value>163</Value>
          </HeartRateBpm>
          <Cadence><Value>97</Value></Cadence>
          <SensorState>Absent</SensorState>
        </Trackpoint>
        <Trackpoint>
          <Time>2026-03-11T12:48:45Z</Time>
          <DistanceMeters>3351.0</DistanceMeters>
          <HeartRateBpm>
            <Value>167</Value>
          </HeartRateBpm>
          <Cadence><Value>97</Value></Cadence>
          <SensorState>Absent</SensorState>
        </Trackpoint>
        <Trackpoint>
          <Time>2026-03-11T12:48:45Z</Time>
          <DistanceMeters>3351.0</DistanceMeters>
          <HeartRateBpm>
            <Value>167</Value>
          </HeartRateBpm>
          <Cadence><Value>97</Value></Cadence>
          <SensorState>Absent</SensorState>
        </Trackpoint>
        <Trackpoint>
          <Time>2026-03-11T12:48:46Z</Time>
          <DistanceMeters>3351.0</DistanceMeters>
          <HeartRateBpm>
            <Value>166</Value>
          </HeartRateBpm>
          <Cadence><Value>97</Value></Cadence>
          <SensorState>Absent</SensorState>
        </Trackpoint>
        <Trackpoint>
          <Time>2026-03-11T12:48:47Z</Time>
          <DistanceMeters>3351.0</DistanceMeters>
          <HeartRateBpm>
            <Value>165</Value>
          </HeartRateBpm>
          <Cadence><Value>97</Value></Cadence>
          <SensorState>Absent</SensorState>
        </Trackpoint>
        <Trackpoint>
          <Time>2026-03-11T12:48:50Z</Time>
          <DistanceMeters>3351.0</DistanceMeters>
          <HeartRateBpm>
            <Value>166</Value>
          </HeartRateBpm>
          <Cadence><Value>97</Value></Cadence>
          <SensorState>Absent</SensorState>
        </Trackpoint>
        <Trackpoint>
          <Time>2026-03-11T12:48:54Z</Time>
          <DistanceMeters>3351.0</DistanceMeters>
          <HeartRateBpm>
            <Value>165</Value>
          </HeartRateBpm>
          <Cadence><Value>97</Value></Cadence>
          <SensorState>Absent</SensorState>
        </Trackpoint>
        <Trackpoint>
          <Time>2026-03-11T12:48:55Z</Time>
          <DistanceMeters>3351.0</DistanceMeters>
          <HeartRateBpm>
            <Value>166</Value>
          </HeartRateBpm>
          <Cadence><Value>97</Value></Cadence>
          <SensorState>Absent</SensorState>
        </Trackpoint>
        <Trackpoint>
          <Time>2026-03-11T12:48:57Z</Time>
          <DistanceMeters>3351.0</DistanceMeters>
          <HeartRateBpm>
            <Value>167</Value>
          </HeartRateBpm>
          <Cadence><Value>97</Value></Cadence>
          <SensorState>Absent</SensorState>
        </Trackpoint>
        <Trackpoint>
          <Time>2026-03-11T12:48:58Z</Time>
          <DistanceMeters>3351.0</DistanceMeters>
          <HeartRateBpm>
            <Value>168</Value>
          </HeartRateBpm>
          <Cadence><Value>97</Value></Cadence>
          <SensorState>Absent</SensorState>
        </Trackpoint>
        <Trackpoint>
          <Time>2026-03-11T12:48:59Z</Time>
          <DistanceMeters>3351.0</DistanceMeters>
          <HeartRateBpm>
            <Value>170</Value>
          </HeartRateBpm>
          <Cadence><Value>97</Value></Cadence>
          <SensorState>Absent</SensorState>
        </Trackpoint>
        <Trackpoint>
          <Time>2026-03-11T12:49:00Z</Time>
          <DistanceMeters>3351.0</DistanceMeters>
          <HeartRateBpm>
            <Value>167</Value>
          </HeartRateBpm>
          <Cadence><Value>71</Value></Cadence>
          <SensorState>Absent</SensorState>
        </Trackpoint>
        <Trackpoint>
          <Time>2026-03-11T12:49:01Z</Time>
          <DistanceMeters>3351.0</DistanceMeters>
          <HeartRateBpm>
            <Value>172</Value>
          </HeartRateBpm>
          <Cadence><Value>71</Value></Cadence>
          <SensorState>Absent</SensorState>
        </Trackpoint>
        <Trackpoint>
          <Time>2026-03-11T12:49:02Z</Time>
          <DistanceMeters>3351.0</DistanceMeters>
          <HeartRateBpm>
            <Value>173</Value>
          </HeartRateBpm>
          <Cadence><Value>71</Value></Cadence>
          <SensorState>Absent</SensorState>
        </Trackpoint>
        <Trackpoint>
          <Time>2026-03-11T12:49:02Z</Time>
          <DistanceMeters>3351.0</DistanceMeters>
          <HeartRateBpm>
            <Value>173</Value>
          </HeartRateBpm>
          <Cadence><Value>71</Value></Cadence>
          <SensorState>Absent</SensorState>
        </Trackpoint>
        <Trackpoint>
          <Time>2026-03-11T12:49:03Z</Time>
          <DistanceMeters>3351.0</DistanceMeters>
          <HeartRateBpm>
            <Value>174</Value>
          </HeartRateBpm>
          <Cadence><Value>71</Value></Cadence>
          <SensorState>Absent</SensorState>
        </Trackpoint>
        <Trackpoint>
          <Time>2026-03-11T12:49:06Z</Time>
          <DistanceMeters>3351.0</DistanceMeters>
          <HeartRateBpm>
            <Value>173</Value>
          </HeartRateBpm>
          <Cadence><Value>71</Value></Cadence>
          <SensorState>Absent</SensorState>
        </Trackpoint>
        <Trackpoint>
          <Time>2026-03-11T12:49:07Z</Time>
          <DistanceMeters>3351.0</DistanceMeters>
          <HeartRateBpm>
            <Value>172</Value>
          </HeartRateBpm>
          <Cadence><Value>71</Value></Cadence>
          <SensorState>Absent</SensorState>
        </Trackpoint>
        <Trackpoint>
          <Time>2026-03-11T12:49:08Z</Time>
          <DistanceMeters>3351.0</DistanceMeters>
          <HeartRateBpm>
            <Value>169</Value>
          </HeartRateBpm>
          <Cadence><Value>71</Value></Cadence>
          <SensorState>Absent</SensorState>
        </Trackpoint>
        <Trackpoint>
          <Time>2026-03-11T12:49:10Z</Time>
          <DistanceMeters>3351.0</DistanceMeters>
          <HeartRateBpm>
            <Value>167</Value>
          </HeartRateBpm>
          <Cadence><Value>71</Value></Cadence>
          <SensorState>Absent</SensorState>
        </Trackpoint>
        <Trackpoint>
          <Time>2026-03-11T12:49:10Z</Time>
          <DistanceMeters>3351.0</DistanceMeters>
          <HeartRateBpm>
            <Value>167</Value>
          </HeartRateBpm>
          <Cadence><Value>71</Value></Cadence>
          <SensorState>Absent</SensorState>
        </Trackpoint>
        <Trackpoint>
          <Time>2026-03-11T12:49:12Z</Time>
          <DistanceMeters>3351.0</DistanceMeters>
          <HeartRateBpm>
            <Value>168</Value>
          </HeartRateBpm>
          <Cadence><Value>71</Value></Cadence>
          <SensorState>Absent</SensorState>
        </Trackpoint>
        <Trackpoint>
          <Time>2026-03-11T12:49:13Z</Time>
          <DistanceMeters>3351.0</DistanceMeters>
          <HeartRateBpm>
            <Value>170</Value>
          </HeartRateBpm>
          <Cadence><Value>71</Value></Cadence>
          <SensorState>Absent</SensorState>
        </Trackpoint>
        <Trackpoint>
          <Time>2026-03-11T12:49:16Z</Time>
          <DistanceMeters>3351.0</DistanceMeters>
          <HeartRateBpm>
            <Value>169</Value>
          </HeartRateBpm>
          <Cadence><Value>71</Value></Cadence>
          <SensorState>Absent</SensorState>
        </Trackpoint>
        <Trackpoint>
          <Time>2026-03-11T12:49:17Z</Time>
          <DistanceMeters>3351.0</DistanceMeters>
          <HeartRateBpm>
            <Value>168</Value>
          </HeartRateBpm>
          <Cadence><Value>71</Value></Cadence>
          <SensorState>Absent</SensorState>
        </Trackpoint>
        <Trackpoint>
          <Time>2026-03-11T12:49:20Z</Time>
          <DistanceMeters>3351.0</DistanceMeters>
          <HeartRateBpm>
            <Value>169</Value>
          </HeartRateBpm>
          <Cadence><Value>71</Value></Cadence>
          <SensorState>Absent</SensorState>
        </Trackpoint>
        <Trackpoint>
          <Time>2026-03-11T12:49:23Z</Time>
          <DistanceMeters>3351.0</DistanceMeters>
          <HeartRateBpm>
            <Value>168</Value>
          </HeartRateBpm>
          <Cadence><Value>71</Value></Cadence>
          <SensorState>Absent</SensorState>
        </Trackpoint>
        <Trackpoint>
          <Time>2026-03-11T12:49:24Z</Time>
          <DistanceMeters>3351.0</DistanceMeters>
          <HeartRateBpm>
            <Value>165</Value>
          </HeartRateBpm>
          <Cadence><Value>71</Value></Cadence>
          <SensorState>Absent</SensorState>
        </Trackpoint>
        <Trackpoint>
          <Time>2026-03-11T12:49:27Z</Time>
          <DistanceMeters>3351.0</DistanceMeters>
          <HeartRateBpm>
            <Value>166</Value>
          </HeartRateBpm>
          <Cadence><Value>71</Value></Cadence>
          <SensorState>Absent</SensorState>
        </Trackpoint>
        <Trackpoint>
          <Time>2026-03-11T12:49:28Z</Time>
          <DistanceMeters>3351.0</DistanceMeters>
          <HeartRateBpm>
            <Value>167</Value>
          </HeartRateBpm>
          <Cadence><Value>71</Value></Cadence>
          <SensorState>Absent</SensorState>
        </Trackpoint>
        <Trackpoint>
          <Time>2026-03-11T12:49:33Z</Time>
          <DistanceMeters>3386.0</DistanceMeters>
          <HeartRateBpm>
            <Value>167</Value>
          </HeartRateBpm>
          <Cadence><Value>71</Value></Cadence>
          <SensorState>Absent</SensorState>
        </Trackpoint>
        <Trackpoint>
          <Time>2026-03-11T12:49:34Z</Time>
          <DistanceMeters>3386.0</DistanceMeters>
          <HeartRateBpm>
            <Value>168</Value>
          </HeartRateBpm>
          <Cadence><Value>71</Value></Cadence>
          <SensorState>Absent</SensorState>
        </Trackpoint>
        <Trackpoint>
          <Time>2026-03-11T12:49:36Z</Time>
          <DistanceMeters>3386.0</DistanceMeters>
          <HeartRateBpm>
            <Value>169</Value>
          </HeartRateBpm>
          <Cadence><Value>71</Value></Cadence>
          <SensorState>Absent</SensorState>
        </Trackpoint>
        <Trackpoint>
          <Time>2026-03-11T12:49:41Z</Time>
          <DistanceMeters>3386.0</DistanceMeters>
          <HeartRateBpm>
            <Value>168</Value>
          </HeartRateBpm>
          <Cadence><Value>71</Value></Cadence>
          <SensorState>Absent</SensorState>
        </Trackpoint>
        <Trackpoint>
          <Time>2026-03-11T12:49:42Z</Time>
          <DistanceMeters>3386.0</DistanceMeters>
          <HeartRateBpm>
            <Value>169</Value>
          </HeartRateBpm>
          <Cadence><Value>71</Value></Cadence>
          <SensorState>Absent</SensorState>
        </Trackpoint>
        <Trackpoint>
          <Time>2026-03-11T12:49:45Z</Time>
          <DistanceMeters>3386.0</DistanceMeters>
          <HeartRateBpm>
            <Value>170</Value>
          </HeartRateBpm>
          <Cadence><Value>71</Value></Cadence>
          <SensorState>Absent</SensorState>
        </Trackpoint>
        <Trackpoint>
          <Time>2026-03-11T12:49:46Z</Time>
          <DistanceMeters>3386.0</DistanceMeters>
          <HeartRateBpm>
            <Value>171</Value>
          </HeartRateBpm>
          <Cadence><Value>71</Value></Cadence>
          <SensorState>Absent</SensorState>
        </Trackpoint>
        <Trackpoint>
          <Time>2026-03-11T12:49:52Z</Time>
          <DistanceMeters>3386.0</DistanceMeters>
          <HeartRateBpm>
            <Value>171</Value>
          </HeartRateBpm>
          <Cadence><Value>71</Value></Cadence>
          <SensorState>Absent</SensorState>
        </Trackpoint>
        <Trackpoint>
          <Time>2026-03-11T12:49:57Z</Time>
          <DistanceMeters>3386.0</DistanceMeters>
          <HeartRateBpm>
            <Value>171</Value>
          </HeartRateBpm>
          <Cadence><Value>71</Value></Cadence>
          <SensorState>Absent</SensorState>
        </Trackpoint>
        <Trackpoint>
          <Time>2026-03-11T12:49:58Z</Time>
          <DistanceMeters>3386.0</DistanceMeters>
          <HeartRateBpm>
            <Value>172</Value>
          </HeartRateBpm>
          <Cadence><Value>71</Value></Cadence>
          <SensorState>Absent</SensorState>
        </Trackpoint>
        <Trackpoint>
          <Time>2026-03-11T12:50:00Z</Time>
          <DistanceMeters>3386.0</DistanceMeters>
          <HeartRateBpm>
            <Value>169</Value>
          </HeartRateBpm>
          <Cadence><Value>119</Value></Cadence>
          <SensorState>Absent</SensorState>
        </Trackpoint>
        <Trackpoint>
          <Time>2026-03-11T12:50:00Z</Time>
          <DistanceMeters>3386.0</DistanceMeters>
          <HeartRateBpm>
            <Value>173</Value>
          </HeartRateBpm>
          <Cadence><Value>119</Value></Cadence>
          <SensorState>Absent</SensorState>
        </Trackpoint>
        <Trackpoint>
          <Time>2026-03-11T12:50:02Z</Time>
          <DistanceMeters>3386.0</DistanceMeters>
          <HeartRateBpm>
            <Value>173</Value>
          </HeartRateBpm>
          <Cadence><Value>119</Value></Cadence>
          <SensorState>Absent</SensorState>
        </Trackpoint>
        <Trackpoint>
          <Time>2026-03-11T12:50:04Z</Time>
          <DistanceMeters>3386.0</DistanceMeters>
          <HeartRateBpm>
            <Value>175</Value>
          </HeartRateBpm>
          <Cadence><Value>119</Value></Cadence>
          <SensorState>Absent</SensorState>
        </Trackpoint>
        <Trackpoint>
          <Time>2026-03-11T12:50:06Z</Time>
          <DistanceMeters>3386.0</DistanceMeters>
          <HeartRateBpm>
            <Value>176</Value>
          </HeartRateBpm>
          <Cadence><Value>119</Value></Cadence>
          <SensorState>Absent</SensorState>
        </Trackpoint>
        <Trackpoint>
          <Time>2026-03-11T12:50:08Z</Time>
          <DistanceMeters>3386.0</DistanceMeters>
          <HeartRateBpm>
            <Value>174</Value>
          </HeartRateBpm>
          <Cadence><Value>119</Value></Cadence>
          <SensorState>Absent</SensorState>
        </Trackpoint>
        <Trackpoint>
          <Time>2026-03-11T12:50:10Z</Time>
          <DistanceMeters>3386.0</DistanceMeters>
          <HeartRateBpm>
            <Value>173</Value>
          </HeartRateBpm>
          <Cadence><Value>119</Value></Cadence>
          <SensorState>Absent</SensorState>
        </Trackpoint>
        <Trackpoint>
          <Time>2026-03-11T12:50:11Z</Time>
          <DistanceMeters>3386.0</DistanceMeters>
          <HeartRateBpm>
            <Value>171</Value>
          </HeartRateBpm>
          <Cadence><Value>119</Value></Cadence>
          <SensorState>Absent</SensorState>
        </Trackpoint>
        <Trackpoint>
          <Time>2026-03-11T12:50:12Z</Time>
          <DistanceMeters>3386.0</DistanceMeters>
          <HeartRateBpm>
            <Value>168</Value>
          </HeartRateBpm>
          <Cadence><Value>119</Value></Cadence>
          <SensorState>Absent</SensorState>
        </Trackpoint>
        <Trackpoint>
          <Time>2026-03-11T12:50:14Z</Time>
          <DistanceMeters>3386.0</DistanceMeters>
          <HeartRateBpm>
            <Value>167</Value>
          </HeartRateBpm>
          <Cadence><Value>119</Value></Cadence>
          <SensorState>Absent</SensorState>
        </Trackpoint>
        <Trackpoint>
          <Time>2026-03-11T12:50:16Z</Time>
          <DistanceMeters>3386.0</DistanceMeters>
          <HeartRateBpm>
            <Value>167</Value>
          </HeartRateBpm>
          <Cadence><Value>119</Value></Cadence>
          <SensorState>Absent</SensorState>
        </Trackpoint>
        <Trackpoint>
          <Time>2026-03-11T12:50:16Z</Time>
          <DistanceMeters>3386.0</DistanceMeters>
          <HeartRateBpm>
            <Value>168</Value>
          </HeartRateBpm>
          <Cadence><Value>119</Value></Cadence>
          <SensorState>Absent</SensorState>
        </Trackpoint>
        <Trackpoint>
          <Time>2026-03-11T12:50:17Z</Time>
          <DistanceMeters>3386.0</DistanceMeters>
          <HeartRateBpm>
            <Value>169</Value>
          </HeartRateBpm>
          <Cadence><Value>119</Value></Cadence>
          <SensorState>Absent</SensorState>
        </Trackpoint>
        <Trackpoint>
          <Time>2026-03-11T12:50:21Z</Time>
          <DistanceMeters>3386.0</DistanceMeters>
          <HeartRateBpm>
            <Value>167</Value>
          </HeartRateBpm>
          <Cadence><Value>119</Value></Cadence>
          <SensorState>Absent</SensorState>
        </Trackpoint>
        <Trackpoint>
          <Time>2026-03-11T12:50:25Z</Time>
          <DistanceMeters>3386.0</DistanceMeters>
          <HeartRateBpm>
            <Value>168</Value>
          </HeartRateBpm>
          <Cadence><Value>119</Value></Cadence>
          <SensorState>Absent</SensorState>
        </Trackpoint>
        <Trackpoint>
          <Time>2026-03-11T12:50:27Z</Time>
          <DistanceMeters>3386.0</DistanceMeters>
          <HeartRateBpm>
            <Value>167</Value>
          </HeartRateBpm>
          <Cadence><Value>119</Value></Cadence>
          <SensorState>Absent</SensorState>
        </Trackpoint>
        <Trackpoint>
          <Time>2026-03-11T12:50:30Z</Time>
          <DistanceMeters>3423.0</DistanceMeters>
          <HeartRateBpm>
            <Value>168</Value>
          </HeartRateBpm>
          <Cadence><Value>119</Value></Cadence>
          <SensorState>Absent</SensorState>
        </Trackpoint>
        <Trackpoint>
          <Time>2026-03-11T12:50:31Z</Time>
          <DistanceMeters>3423.0</DistanceMeters>
          <HeartRateBpm>
            <Value>167</Value>
          </HeartRateBpm>
          <Cadence><Value>119</Value></Cadence>
          <SensorState>Absent</SensorState>
        </Trackpoint>
        <Trackpoint>
          <Time>2026-03-11T12:50:37Z</Time>
          <DistanceMeters>3423.0</DistanceMeters>
          <HeartRateBpm>
            <Value>167</Value>
          </HeartRateBpm>
          <Cadence><Value>119</Value></Cadence>
          <SensorState>Absent</SensorState>
        </Trackpoint>
        <Trackpoint>
          <Time>2026-03-11T12:50:39Z</Time>
          <DistanceMeters>3423.0</DistanceMeters>
          <HeartRateBpm>
            <Value>166</Value>
          </HeartRateBpm>
          <Cadence><Value>119</Value></Cadence>
          <SensorState>Absent</SensorState>
        </Trackpoint>
        <Trackpoint>
          <Time>2026-03-11T12:50:41Z</Time>
          <DistanceMeters>3423.0</DistanceMeters>
          <HeartRateBpm>
            <Value>168</Value>
          </HeartRateBpm>
          <Cadence><Value>119</Value></Cadence>
          <SensorState>Absent</SensorState>
        </Trackpoint>
        <Trackpoint>
          <Time>2026-03-11T12:50:42Z</Time>
          <DistanceMeters>3423.0</DistanceMeters>
          <HeartRateBpm>
            <Value>171</Value>
          </HeartRateBpm>
          <Cadence><Value>119</Value></Cadence>
          <SensorState>Absent</SensorState>
        </Trackpoint>
        <Trackpoint>
          <Time>2026-03-11T12:50:43Z</Time>
          <DistanceMeters>3423.0</DistanceMeters>
          <HeartRateBpm>
            <Value>172</Value>
          </HeartRateBpm>
          <Cadence><Value>119</Value></Cadence>
          <SensorState>Absent</SensorState>
        </Trackpoint>
        <Trackpoint>
          <Time>2026-03-11T12:50:44Z</Time>
          <DistanceMeters>3423.0</DistanceMeters>
          <HeartRateBpm>
            <Value>174</Value>
          </HeartRateBpm>
          <Cadence><Value>119</Value></Cadence>
          <SensorState>Absent</SensorState>
        </Trackpoint>
        <Trackpoint>
          <Time>2026-03-11T12:50:44Z</Time>
          <DistanceMeters>3423.0</DistanceMeters>
          <HeartRateBpm>
            <Value>174</Value>
          </HeartRateBpm>
          <Cadence><Value>119</Value></Cadence>
          <SensorState>Absent</SensorState>
        </Trackpoint>
        <Trackpoint>
          <Time>2026-03-11T12:50:46Z</Time>
          <DistanceMeters>3423.0</DistanceMeters>
          <HeartRateBpm>
            <Value>175</Value>
          </HeartRateBpm>
          <Cadence><Value>119</Value></Cadence>
          <SensorState>Absent</SensorState>
        </Trackpoint>
        <Trackpoint>
          <Time>2026-03-11T12:50:47Z</Time>
          <DistanceMeters>3423.0</DistanceMeters>
          <HeartRateBpm>
            <Value>174</Value>
          </HeartRateBpm>
          <Cadence><Value>119</Value></Cadence>
          <SensorState>Absent</SensorState>
        </Trackpoint>
        <Trackpoint>
          <Time>2026-03-11T12:50:48Z</Time>
          <DistanceMeters>3423.0</DistanceMeters>
          <HeartRateBpm>
            <Value>172</Value>
          </HeartRateBpm>
          <Cadence><Value>119</Value></Cadence>
          <SensorState>Absent</SensorState>
        </Trackpoint>
        <Trackpoint>
          <Time>2026-03-11T12:50:53Z</Time>
          <DistanceMeters>3423.0</DistanceMeters>
          <HeartRateBpm>
            <Value>171</Value>
          </HeartRateBpm>
          <Cadence><Value>119</Value></Cadence>
          <SensorState>Absent</SensorState>
        </Trackpoint>
        <Trackpoint>
          <Time>2026-03-11T12:50:55Z</Time>
          <DistanceMeters>3423.0</DistanceMeters>
          <HeartRateBpm>
            <Value>172</Value>
          </HeartRateBpm>
          <Cadence><Value>119</Value></Cadence>
          <SensorState>Absent</SensorState>
        </Trackpoint>
        <Trackpoint>
          <Time>2026-03-11T12:51:00Z</Time>
          <DistanceMeters>3423.0</DistanceMeters>
          <HeartRateBpm>
            <Value>172</Value>
          </HeartRateBpm>
          <Cadence><Value>115</Value></Cadence>
          <SensorState>Absent</SensorState>
        </Trackpoint>
        <Trackpoint>
          <Time>2026-03-11T12:51:00Z</Time>
          <DistanceMeters>3423.0</DistanceMeters>
          <HeartRateBpm>
            <Value>172</Value>
          </HeartRateBpm>
          <Cadence><Value>115</Value></Cadence>
          <SensorState>Absent</SensorState>
        </Trackpoint>
        <Trackpoint>
          <Time>2026-03-11T12:51:01Z</Time>
          <DistanceMeters>3423.0</DistanceMeters>
          <HeartRateBpm>
            <Value>173</Value>
          </HeartRateBpm>
          <Cadence><Value>115</Value></Cadence>
          <SensorState>Absent</SensorState>
        </Trackpoint>
        <Trackpoint>
          <Time>2026-03-11T12:51:03Z</Time>
          <DistanceMeters>3423.0</DistanceMeters>
          <HeartRateBpm>
            <Value>174</Value>
          </HeartRateBpm>
          <Cadence><Value>115</Value></Cadence>
          <SensorState>Absent</SensorState>
        </Trackpoint>
        <Trackpoint>
          <Time>2026-03-11T12:51:04Z</Time>
          <DistanceMeters>3423.0</DistanceMeters>
          <HeartRateBpm>
            <Value>176</Value>
          </HeartRateBpm>
          <Cadence><Value>115</Value></Cadence>
          <SensorState>Absent</SensorState>
        </Trackpoint>
        <Trackpoint>
          <Time>2026-03-11T12:51:05Z</Time>
          <DistanceMeters>3423.0</DistanceMeters>
          <HeartRateBpm>
            <Value>178</Value>
          </HeartRateBpm>
          <Cadence><Value>115</Value></Cadence>
          <SensorState>Absent</SensorState>
        </Trackpoint>
        <Trackpoint>
          <Time>2026-03-11T12:51:06Z</Time>
          <DistanceMeters>3423.0</DistanceMeters>
          <HeartRateBpm>
            <Value>180</Value>
          </HeartRateBpm>
          <Cadence><Value>115</Value></Cadence>
          <SensorState>Absent</SensorState>
        </Trackpoint>
        <Trackpoint>
          <Time>2026-03-11T12:51:07Z</Time>
          <DistanceMeters>3423.0</DistanceMeters>
          <HeartRateBpm>
            <Value>180</Value>
          </HeartRateBpm>
          <Cadence><Value>115</Value></Cadence>
          <SensorState>Absent</SensorState>
        </Trackpoint>
        <Trackpoint>
          <Time>2026-03-11T12:51:10Z</Time>
          <DistanceMeters>3423.0</DistanceMeters>
          <HeartRateBpm>
            <Value>179</Value>
          </HeartRateBpm>
          <Cadence><Value>115</Value></Cadence>
          <SensorState>Absent</SensorState>
        </Trackpoint>
        <Trackpoint>
          <Time>2026-03-11T12:51:14Z</Time>
          <DistanceMeters>3423.0</DistanceMeters>
          <HeartRateBpm>
            <Value>180</Value>
          </HeartRateBpm>
          <Cadence><Value>115</Value></Cadence>
          <SensorState>Absent</SensorState>
        </Trackpoint>
        <Trackpoint>
          <Time>2026-03-11T12:51:17Z</Time>
          <DistanceMeters>3423.0</DistanceMeters>
          <HeartRateBpm>
            <Value>181</Value>
          </HeartRateBpm>
          <Cadence><Value>115</Value></Cadence>
          <SensorState>Absent</SensorState>
        </Trackpoint>
        <Trackpoint>
          <Time>2026-03-11T12:51:18Z</Time>
          <DistanceMeters>3423.0</DistanceMeters>
          <HeartRateBpm>
            <Value>182</Value>
          </HeartRateBpm>
          <Cadence><Value>115</Value></Cadence>
          <SensorState>Absent</SensorState>
        </Trackpoint>
        <Trackpoint>
          <Time>2026-03-11T12:51:19Z</Time>
          <DistanceMeters>3423.0</DistanceMeters>
          <HeartRateBpm>
            <Value>183</Value>
          </HeartRateBpm>
          <Cadence><Value>115</Value></Cadence>
          <SensorState>Absent</SensorState>
        </Trackpoint>
        <Trackpoint>
          <Time>2026-03-11T12:51:21Z</Time>
          <DistanceMeters>3423.0</DistanceMeters>
          <HeartRateBpm>
            <Value>182</Value>
          </HeartRateBpm>
          <Cadence><Value>115</Value></Cadence>
          <SensorState>Absent</SensorState>
        </Trackpoint>
        <Trackpoint>
          <Time>2026-03-11T12:51:23Z</Time>
          <DistanceMeters>3423.0</DistanceMeters>
          <HeartRateBpm>
            <Value>180</Value>
          </HeartRateBpm>
          <Cadence><Value>115</Value></Cadence>
          <SensorState>Absent</SensorState>
        </Trackpoint>
        <Trackpoint>
          <Time>2026-03-11T12:51:25Z</Time>
          <DistanceMeters>3423.0</DistanceMeters>
          <HeartRateBpm>
            <Value>178</Value>
          </HeartRateBpm>
          <Cadence><Value>115</Value></Cadence>
          <SensorState>Absent</SensorState>
        </Trackpoint>
        <Trackpoint>
          <Time>2026-03-11T12:51:26Z</Time>
          <DistanceMeters>3423.0</DistanceMeters>
          <HeartRateBpm>
            <Value>174</Value>
          </HeartRateBpm>
          <Cadence><Value>115</Value></Cadence>
          <SensorState>Absent</SensorState>
        </Trackpoint>
        <Trackpoint>
          <Time>2026-03-11T12:51:26Z</Time>
          <DistanceMeters>3423.0</DistanceMeters>
          <HeartRateBpm>
            <Value>174</Value>
          </HeartRateBpm>
          <Cadence><Value>115</Value></Cadence>
          <SensorState>Absent</SensorState>
        </Trackpoint>
        <Trackpoint>
          <Time>2026-03-11T12:51:27Z</Time>
          <DistanceMeters>3423.0</DistanceMeters>
          <HeartRateBpm>
            <Value>170</Value>
          </HeartRateBpm>
          <Cadence><Value>115</Value></Cadence>
          <SensorState>Absent</SensorState>
        </Trackpoint>
        <Trackpoint>
          <Time>2026-03-11T12:51:30Z</Time>
          <DistanceMeters>3458.0</DistanceMeters>
          <HeartRateBpm>
            <Value>168</Value>
          </HeartRateBpm>
          <Cadence><Value>115</Value></Cadence>
          <SensorState>Absent</SensorState>
        </Trackpoint>
        <Trackpoint>
          <Time>2026-03-11T12:51:30Z</Time>
          <DistanceMeters>3458.0</DistanceMeters>
          <HeartRateBpm>
            <Value>168</Value>
          </HeartRateBpm>
          <Cadence><Value>115</Value></Cadence>
          <SensorState>Absent</SensorState>
        </Trackpoint>
        <Trackpoint>
          <Time>2026-03-11T12:51:31Z</Time>
          <DistanceMeters>3458.0</DistanceMeters>
          <HeartRateBpm>
            <Value>167</Value>
          </HeartRateBpm>
          <Cadence><Value>115</Value></Cadence>
          <SensorState>Absent</SensorState>
        </Trackpoint>
        <Trackpoint>
          <Time>2026-03-11T12:51:35Z</Time>
          <DistanceMeters>3458.0</DistanceMeters>
          <HeartRateBpm>
            <Value>168</Value>
          </HeartRateBpm>
          <Cadence><Value>115</Value></Cadence>
          <SensorState>Absent</SensorState>
        </Trackpoint>
        <Trackpoint>
          <Time>2026-03-11T12:51:39Z</Time>
          <DistanceMeters>3458.0</DistanceMeters>
          <HeartRateBpm>
            <Value>167</Value>
          </HeartRateBpm>
          <Cadence><Value>115</Value></Cadence>
          <SensorState>Absent</SensorState>
        </Trackpoint>
        <Trackpoint>
          <Time>2026-03-11T12:51:41Z</Time>
          <DistanceMeters>3458.0</DistanceMeters>
          <HeartRateBpm>
            <Value>168</Value>
          </HeartRateBpm>
          <Cadence><Value>115</Value></Cadence>
          <SensorState>Absent</SensorState>
        </Trackpoint>
        <Trackpoint>
          <Time>2026-03-11T12:51:45Z</Time>
          <DistanceMeters>3458.0</DistanceMeters>
          <HeartRateBpm>
            <Value>169</Value>
          </HeartRateBpm>
          <Cadence><Value>115</Value></Cadence>
          <SensorState>Absent</SensorState>
        </Trackpoint>
        <Trackpoint>
          <Time>2026-03-11T12:51:47Z</Time>
          <DistanceMeters>3458.0</DistanceMeters>
          <HeartRateBpm>
            <Value>171</Value>
          </HeartRateBpm>
          <Cadence><Value>115</Value></Cadence>
          <SensorState>Absent</SensorState>
        </Trackpoint>
        <Trackpoint>
          <Time>2026-03-11T12:51:48Z</Time>
          <DistanceMeters>3458.0</DistanceMeters>
          <HeartRateBpm>
            <Value>172</Value>
          </HeartRateBpm>
          <Cadence><Value>115</Value></Cadence>
          <SensorState>Absent</SensorState>
        </Trackpoint>
        <Trackpoint>
          <Time>2026-03-11T12:51:49Z</Time>
          <DistanceMeters>3458.0</DistanceMeters>
          <HeartRateBpm>
            <Value>173</Value>
          </HeartRateBpm>
          <Cadence><Value>115</Value></Cadence>
          <SensorState>Absent</SensorState>
        </Trackpoint>
        <Trackpoint>
          <Time>2026-03-11T12:51:51Z</Time>
          <DistanceMeters>3458.0</DistanceMeters>
          <HeartRateBpm>
            <Value>172</Value>
          </HeartRateBpm>
          <Cadence><Value>115</Value></Cadence>
          <SensorState>Absent</SensorState>
        </Trackpoint>
        <Trackpoint>
          <Time>2026-03-11T12:51:54Z</Time>
          <DistanceMeters>3458.0</DistanceMeters>
          <HeartRateBpm>
            <Value>169</Value>
          </HeartRateBpm>
          <Cadence><Value>115</Value></Cadence>
          <SensorState>Absent</SensorState>
        </Trackpoint>
        <Trackpoint>
          <Time>2026-03-11T12:51:58Z</Time>
          <DistanceMeters>3458.0</DistanceMeters>
          <HeartRateBpm>
            <Value>167</Value>
          </HeartRateBpm>
          <Cadence><Value>115</Value></Cadence>
          <SensorState>Absent</SensorState>
        </Trackpoint>
        <Trackpoint>
          <Time>2026-03-11T12:51:59Z</Time>
          <DistanceMeters>3458.0</DistanceMeters>
          <HeartRateBpm>
            <Value>166</Value>
          </HeartRateBpm>
          <Cadence><Value>115</Value></Cadence>
          <SensorState>Absent</SensorState>
        </Trackpoint>
        <Trackpoint>
          <Time>2026-03-11T12:52:00Z</Time>
          <DistanceMeters>3458.0</DistanceMeters>
          <HeartRateBpm>
            <Value>169</Value>
          </HeartRateBpm>
          <Cadence><Value>116</Value></Cadence>
          <SensorState>Absent</SensorState>
        </Trackpoint>
        <Trackpoint>
          <Time>2026-03-11T12:52:01Z</Time>
          <DistanceMeters>3458.0</DistanceMeters>
          <HeartRateBpm>
            <Value>165</Value>
          </HeartRateBpm>
          <Cadence><Value>116</Value></Cadence>
          <SensorState>Absent</SensorState>
        </Trackpoint>
        <Trackpoint>
          <Time>2026-03-11T12:52:03Z</Time>
          <DistanceMeters>3458.0</DistanceMeters>
          <HeartRateBpm>
            <Value>166</Value>
          </HeartRateBpm>
          <Cadence><Value>116</Value></Cadence>
          <SensorState>Absent</SensorState>
        </Trackpoint>
        <Trackpoint>
          <Time>2026-03-11T12:52:07Z</Time>
          <DistanceMeters>3458.0</DistanceMeters>
          <HeartRateBpm>
            <Value>167</Value>
          </HeartRateBpm>
          <Cadence><Value>116</Value></Cadence>
          <SensorState>Absent</SensorState>
        </Trackpoint>
        <Trackpoint>
          <Time>2026-03-11T12:52:09Z</Time>
          <DistanceMeters>3458.0</DistanceMeters>
          <HeartRateBpm>
            <Value>170</Value>
          </HeartRateBpm>
          <Cadence><Value>116</Value></Cadence>
          <SensorState>Absent</SensorState>
        </Trackpoint>
        <Trackpoint>
          <Time>2026-03-11T12:52:12Z</Time>
          <DistanceMeters>3458.0</DistanceMeters>
          <HeartRateBpm>
            <Value>171</Value>
          </HeartRateBpm>
          <Cadence><Value>116</Value></Cadence>
          <SensorState>Absent</SensorState>
        </Trackpoint>
        <Trackpoint>
          <Time>2026-03-11T12:52:13Z</Time>
          <DistanceMeters>3458.0</DistanceMeters>
          <HeartRateBpm>
            <Value>170</Value>
          </HeartRateBpm>
          <Cadence><Value>116</Value></Cadence>
          <SensorState>Absent</SensorState>
        </Trackpoint>
        <Trackpoint>
          <Time>2026-03-11T12:52:15Z</Time>
          <DistanceMeters>3458.0</DistanceMeters>
          <HeartRateBpm>
            <Value>169</Value>
          </HeartRateBpm>
          <Cadence><Value>116</Value></Cadence>
          <SensorState>Absent</SensorState>
        </Trackpoint>
        <Trackpoint>
          <Time>2026-03-11T12:52:16Z</Time>
          <DistanceMeters>3458.0</DistanceMeters>
          <HeartRateBpm>
            <Value>167</Value>
          </HeartRateBpm>
          <Cadence><Value>116</Value></Cadence>
          <SensorState>Absent</SensorState>
        </Trackpoint>
        <Trackpoint>
          <Time>2026-03-11T12:52:17Z</Time>
          <DistanceMeters>3458.0</DistanceMeters>
          <HeartRateBpm>
            <Value>166</Value>
          </HeartRateBpm>
          <Cadence><Value>116</Value></Cadence>
          <SensorState>Absent</SensorState>
        </Trackpoint>
        <Trackpoint>
          <Time>2026-03-11T12:52:18Z</Time>
          <DistanceMeters>3458.0</DistanceMeters>
          <HeartRateBpm>
            <Value>167</Value>
          </HeartRateBpm>
          <Cadence><Value>116</Value></Cadence>
          <SensorState>Absent</SensorState>
        </Trackpoint>
        <Trackpoint>
          <Time>2026-03-11T12:52:20Z</Time>
          <DistanceMeters>3458.0</DistanceMeters>
          <HeartRateBpm>
            <Value>169</Value>
          </HeartRateBpm>
          <Cadence><Value>116</Value></Cadence>
          <SensorState>Absent</SensorState>
        </Trackpoint>
        <Trackpoint>
          <Time>2026-03-11T12:52:21Z</Time>
          <DistanceMeters>3458.0</DistanceMeters>
          <HeartRateBpm>
            <Value>170</Value>
          </HeartRateBpm>
          <Cadence><Value>116</Value></Cadence>
          <SensorState>Absent</SensorState>
        </Trackpoint>
        <Trackpoint>
          <Time>2026-03-11T12:52:22Z</Time>
          <DistanceMeters>3458.0</DistanceMeters>
          <HeartRateBpm>
            <Value>169</Value>
          </HeartRateBpm>
          <Cadence><Value>116</Value></Cadence>
          <SensorState>Absent</SensorState>
        </Trackpoint>
        <Trackpoint>
          <Time>2026-03-11T12:52:23Z</Time>
          <DistanceMeters>3458.0</DistanceMeters>
          <HeartRateBpm>
            <Value>168</Value>
          </HeartRateBpm>
          <Cadence><Value>116</Value></Cadence>
          <SensorState>Absent</SensorState>
        </Trackpoint>
        <Trackpoint>
          <Time>2026-03-11T12:52:25Z</Time>
          <DistanceMeters>3458.0</DistanceMeters>
          <HeartRateBpm>
            <Value>167</Value>
          </HeartRateBpm>
          <Cadence><Value>116</Value></Cadence>
          <SensorState>Absent</SensorState>
        </Trackpoint>
        <Trackpoint>
          <Time>2026-03-11T12:52:26Z</Time>
          <DistanceMeters>3458.0</DistanceMeters>
          <HeartRateBpm>
            <Value>168</Value>
          </HeartRateBpm>
          <Cadence><Value>116</Value></Cadence>
          <SensorState>Absent</SensorState>
        </Trackpoint>
        <Trackpoint>
          <Time>2026-03-11T12:52:27Z</Time>
          <DistanceMeters>3458.0</DistanceMeters>
          <HeartRateBpm>
            <Value>169</Value>
          </HeartRateBpm>
          <Cadence><Value>116</Value></Cadence>
          <SensorState>Absent</SensorState>
        </Trackpoint>
        <Trackpoint>
          <Time>2026-03-11T12:52:29Z</Time>
          <DistanceMeters>3458.0</DistanceMeters>
          <HeartRateBpm>
            <Value>166</Value>
          </HeartRateBpm>
          <Cadence><Value>116</Value></Cadence>
          <SensorState>Absent</SensorState>
        </Trackpoint>
        <Trackpoint>
          <Time>2026-03-11T12:52:30Z</Time>
          <DistanceMeters>3495.0</DistanceMeters>
          <HeartRateBpm>
            <Value>164</Value>
          </HeartRateBpm>
          <Cadence><Value>116</Value></Cadence>
          <SensorState>Absent</SensorState>
        </Trackpoint>
        <Trackpoint>
          <Time>2026-03-11T12:52:31Z</Time>
          <DistanceMeters>3495.0</DistanceMeters>
          <HeartRateBpm>
            <Value>163</Value>
          </HeartRateBpm>
          <Cadence><Value>116</Value></Cadence>
          <SensorState>Absent</SensorState>
        </Trackpoint>
        <Trackpoint>
          <Time>2026-03-11T12:52:31Z</Time>
          <DistanceMeters>3495.0</DistanceMeters>
          <HeartRateBpm>
            <Value>163</Value>
          </HeartRateBpm>
          <Cadence><Value>116</Value></Cadence>
          <SensorState>Absent</SensorState>
        </Trackpoint>
        <Trackpoint>
          <Time>2026-03-11T12:52:35Z</Time>
          <DistanceMeters>3495.0</DistanceMeters>
          <HeartRateBpm>
            <Value>165</Value>
          </HeartRateBpm>
          <Cadence><Value>116</Value></Cadence>
          <SensorState>Absent</SensorState>
        </Trackpoint>
        <Trackpoint>
          <Time>2026-03-11T12:52:37Z</Time>
          <DistanceMeters>3495.0</DistanceMeters>
          <HeartRateBpm>
            <Value>167</Value>
          </HeartRateBpm>
          <Cadence><Value>116</Value></Cadence>
          <SensorState>Absent</SensorState>
        </Trackpoint>
        <Trackpoint>
          <Time>2026-03-11T12:52:39Z</Time>
          <DistanceMeters>3495.0</DistanceMeters>
          <HeartRateBpm>
            <Value>171</Value>
          </HeartRateBpm>
          <Cadence><Value>116</Value></Cadence>
          <SensorState>Absent</SensorState>
        </Trackpoint>
        <Trackpoint>
          <Time>2026-03-11T12:52:40Z</Time>
          <DistanceMeters>3495.0</DistanceMeters>
          <HeartRateBpm>
            <Value>171</Value>
          </HeartRateBpm>
          <Cadence><Value>116</Value></Cadence>
          <SensorState>Absent</SensorState>
        </Trackpoint>
        <Trackpoint>
          <Time>2026-03-11T12:52:44Z</Time>
          <DistanceMeters>3495.0</DistanceMeters>
          <HeartRateBpm>
            <Value>170</Value>
          </HeartRateBpm>
          <Cadence><Value>116</Value></Cadence>
          <SensorState>Absent</SensorState>
        </Trackpoint>
        <Trackpoint>
          <Time>2026-03-11T12:52:48Z</Time>
          <DistanceMeters>3495.0</DistanceMeters>
          <HeartRateBpm>
            <Value>168</Value>
          </HeartRateBpm>
          <Cadence><Value>116</Value></Cadence>
          <SensorState>Absent</SensorState>
        </Trackpoint>
        <Trackpoint>
          <Time>2026-03-11T12:52:53Z</Time>
          <DistanceMeters>3495.0</DistanceMeters>
          <HeartRateBpm>
            <Value>170</Value>
          </HeartRateBpm>
          <Cadence><Value>116</Value></Cadence>
          <SensorState>Absent</SensorState>
        </Trackpoint>
        <Trackpoint>
          <Time>2026-03-11T12:52:55Z</Time>
          <DistanceMeters>3495.0</DistanceMeters>
          <HeartRateBpm>
            <Value>171</Value>
          </HeartRateBpm>
          <Cadence><Value>116</Value></Cadence>
          <SensorState>Absent</SensorState>
        </Trackpoint>
        <Trackpoint>
          <Time>2026-03-11T12:52:56Z</Time>
          <DistanceMeters>3495.0</DistanceMeters>
          <HeartRateBpm>
            <Value>172</Value>
          </HeartRateBpm>
          <Cadence><Value>116</Value></Cadence>
          <SensorState>Absent</SensorState>
        </Trackpoint>
        <Trackpoint>
          <Time>2026-03-11T12:52:57Z</Time>
          <DistanceMeters>3495.0</DistanceMeters>
          <HeartRateBpm>
            <Value>174</Value>
          </HeartRateBpm>
          <Cadence><Value>116</Value></Cadence>
          <SensorState>Absent</SensorState>
        </Trackpoint>
        <Trackpoint>
          <Time>2026-03-11T12:53:00Z</Time>
          <DistanceMeters>3495.0</DistanceMeters>
          <HeartRateBpm>
            <Value>161</Value>
          </HeartRateBpm>
          <SensorState>Absent</SensorState>
        </Trackpoint>
        <Trackpoint>
          <Time>2026-03-11T12:53:01Z</Time>
          <DistanceMeters>3495.0</DistanceMeters>
          <HeartRateBpm>
            <Value>172</Value>
          </HeartRateBpm>
          <SensorState>Absent</SensorState>
        </Trackpoint>
        <Trackpoint>
          <Time>2026-03-11T12:53:06Z</Time>
          <DistanceMeters>3495.0</DistanceMeters>
          <HeartRateBpm>
            <Value>172</Value>
          </HeartRateBpm>
          <SensorState>Absent</SensorState>
        </Trackpoint>
        <Trackpoint>
          <Time>2026-03-11T12:53:08Z</Time>
          <DistanceMeters>3495.0</DistanceMeters>
          <HeartRateBpm>
            <Value>170</Value>
          </HeartRateBpm>
          <SensorState>Absent</SensorState>
        </Trackpoint>
        <Trackpoint>
          <Time>2026-03-11T12:53:09Z</Time>
          <DistanceMeters>3495.0</DistanceMeters>
          <HeartRateBpm>
            <Value>168</Value>
          </HeartRateBpm>
          <SensorState>Absent</SensorState>
        </Trackpoint>
        <Trackpoint>
          <Time>2026-03-11T12:53:10Z</Time>
          <DistanceMeters>3495.0</DistanceMeters>
          <HeartRateBpm>
            <Value>166</Value>
          </HeartRateBpm>
          <SensorState>Absent</SensorState>
        </Trackpoint>
        <Trackpoint>
          <Time>2026-03-11T12:53:14Z</Time>
          <DistanceMeters>3495.0</DistanceMeters>
          <HeartRateBpm>
            <Value>165</Value>
          </HeartRateBpm>
          <SensorState>Absent</SensorState>
        </Trackpoint>
        <Trackpoint>
          <Time>2026-03-11T12:53:14Z</Time>
          <DistanceMeters>3495.0</DistanceMeters>
          <HeartRateBpm>
            <Value>165</Value>
          </HeartRateBpm>
          <SensorState>Absent</SensorState>
        </Trackpoint>
        <Trackpoint>
          <Time>2026-03-11T12:53:19Z</Time>
          <DistanceMeters>3495.0</DistanceMeters>
          <HeartRateBpm>
            <Value>163</Value>
          </HeartRateBpm>
          <SensorState>Absent</SensorState>
        </Trackpoint>
        <Trackpoint>
          <Time>2026-03-11T12:53:21Z</Time>
          <DistanceMeters>3495.0</DistanceMeters>
          <HeartRateBpm>
            <Value>162</Value>
          </HeartRateBpm>
          <SensorState>Absent</SensorState>
        </Trackpoint>
        <Trackpoint>
          <Time>2026-03-11T12:53:22Z</Time>
          <DistanceMeters>3495.0</DistanceMeters>
          <HeartRateBpm>
            <Value>160</Value>
          </HeartRateBpm>
          <SensorState>Absent</SensorState>
        </Trackpoint>
        <Trackpoint>
          <Time>2026-03-11T12:53:23Z</Time>
          <DistanceMeters>3495.0</DistanceMeters>
          <HeartRateBpm>
            <Value>158</Value>
          </HeartRateBpm>
          <SensorState>Absent</SensorState>
        </Trackpoint>
        <Trackpoint>
          <Time>2026-03-11T12:53:24Z</Time>
          <DistanceMeters>3495.0</DistanceMeters>
          <HeartRateBpm>
            <Value>158</Value>
          </HeartRateBpm>
          <SensorState>Absent</SensorState>
        </Trackpoint>
        <Trackpoint>
          <Time>2026-03-11T12:53:28Z</Time>
          <DistanceMeters>3495.0</DistanceMeters>
          <HeartRateBpm>
            <Value>157</Value>
          </HeartRateBpm>
          <SensorState>Absent</SensorState>
        </Trackpoint>
        <Trackpoint>
          <Time>2026-03-11T12:53:30Z</Time>
          <DistanceMeters>3531.0</DistanceMeters>
          <HeartRateBpm>
            <Value>156</Value>
          </HeartRateBpm>
          <SensorState>Absent</SensorState>
        </Trackpoint>
        <Trackpoint>
          <Time>2026-03-11T12:53:31Z</Time>
          <DistanceMeters>3531.0</DistanceMeters>
          <HeartRateBpm>
            <Value>155</Value>
          </HeartRateBpm>
          <SensorState>Absent</SensorState>
        </Trackpoint>
        <Trackpoint>
          <Time>2026-03-11T12:53:33Z</Time>
          <DistanceMeters>3531.0</DistanceMeters>
          <HeartRateBpm>
            <Value>154</Value>
          </HeartRateBpm>
          <SensorState>Absent</SensorState>
        </Trackpoint>
        <Trackpoint>
          <Time>2026-03-11T12:53:35Z</Time>
          <DistanceMeters>3531.0</DistanceMeters>
          <HeartRateBpm>
            <Value>153</Value>
          </HeartRateBpm>
          <SensorState>Absent</SensorState>
        </Trackpoint>
        <Trackpoint>
          <Time>2026-03-11T12:53:36Z</Time>
          <DistanceMeters>3531.0</DistanceMeters>
          <HeartRateBpm>
            <Value>150</Value>
          </HeartRateBpm>
          <SensorState>Absent</SensorState>
        </Trackpoint>
        <Trackpoint>
          <Time>2026-03-11T12:53:37Z</Time>
          <DistanceMeters>3531.0</DistanceMeters>
          <HeartRateBpm>
            <Value>150</Value>
          </HeartRateBpm>
          <SensorState>Absent</SensorState>
        </Trackpoint>
        <Trackpoint>
          <Time>2026-03-11T12:53:40Z</Time>
          <DistanceMeters>3531.0</DistanceMeters>
          <HeartRateBpm>
            <Value>149</Value>
          </HeartRateBpm>
          <SensorState>Absent</SensorState>
        </Trackpoint>
        <Trackpoint>
          <Time>2026-03-11T12:53:46Z</Time>
          <DistanceMeters>3531.0</DistanceMeters>
          <HeartRateBpm>
            <Value>149</Value>
          </HeartRateBpm>
          <SensorState>Absent</SensorState>
        </Trackpoint>
        <Trackpoint>
          <Time>2026-03-11T12:53:51Z</Time>
          <DistanceMeters>3531.0</DistanceMeters>
          <HeartRateBpm>
            <Value>150</Value>
          </HeartRateBpm>
          <SensorState>Absent</SensorState>
        </Trackpoint>
        <Trackpoint>
          <Time>2026-03-11T12:53:53Z</Time>
          <DistanceMeters>3531.0</DistanceMeters>
          <HeartRateBpm>
            <Value>149</Value>
          </HeartRateBpm>
          <SensorState>Absent</SensorState>
        </Trackpoint>
        <Trackpoint>
          <Time>2026-03-11T12:53:55Z</Time>
          <DistanceMeters>3531.0</DistanceMeters>
          <HeartRateBpm>
            <Value>147</Value>
          </HeartRateBpm>
          <SensorState>Absent</SensorState>
        </Trackpoint>
        <Trackpoint>
          <Time>2026-03-11T12:53:56Z</Time>
          <DistanceMeters>3531.0</DistanceMeters>
          <HeartRateBpm>
            <Value>146</Value>
          </HeartRateBpm>
          <SensorState>Absent</SensorState>
        </Trackpoint>
        <Trackpoint>
          <Time>2026-03-11T12:53:57Z</Time>
          <DistanceMeters>3531.0</DistanceMeters>
          <HeartRateBpm>
            <Value>143</Value>
          </HeartRateBpm>
          <SensorState>Absent</SensorState>
        </Trackpoint>
        <Trackpoint>
          <Time>2026-03-11T12:53:58Z</Time>
          <DistanceMeters>3531.0</DistanceMeters>
          <HeartRateBpm>
            <Value>143</Value>
          </HeartRateBpm>
          <SensorState>Absent</SensorState>
        </Trackpoint>
        <Trackpoint>
          <Time>2026-03-11T12:54:00Z</Time>
          <DistanceMeters>3531.0</DistanceMeters>
          <HeartRateBpm>
            <Value>143</Value>
          </HeartRateBpm>
          <SensorState>Absent</SensorState>
        </Trackpoint>
        <Trackpoint>
          <Time>2026-03-11T12:54:02Z</Time>
          <DistanceMeters>3531.0</DistanceMeters>
          <HeartRateBpm>
            <Value>143</Value>
          </HeartRateBpm>
          <SensorState>Absent</SensorState>
        </Trackpoint>
        <Trackpoint>
          <Time>2026-03-11T12:54:04Z</Time>
          <DistanceMeters>3531.0</DistanceMeters>
          <HeartRateBpm>
            <Value>145</Value>
          </HeartRateBpm>
          <SensorState>Absent</SensorState>
        </Trackpoint>
        <Trackpoint>
          <Time>2026-03-11T12:54:09Z</Time>
          <DistanceMeters>3531.0</DistanceMeters>
          <HeartRateBpm>
            <Value>144</Value>
          </HeartRateBpm>
          <SensorState>Absent</SensorState>
        </Trackpoint>
        <Trackpoint>
          <Time>2026-03-11T12:54:10Z</Time>
          <DistanceMeters>3531.0</DistanceMeters>
          <HeartRateBpm>
            <Value>143</Value>
          </HeartRateBpm>
          <SensorState>Absent</SensorState>
        </Trackpoint>
        <Trackpoint>
          <Time>2026-03-11T12:54:12Z</Time>
          <DistanceMeters>3531.0</DistanceMeters>
          <HeartRateBpm>
            <Value>142</Value>
          </HeartRateBpm>
          <SensorState>Absent</SensorState>
        </Trackpoint>
        <Trackpoint>
          <Time>2026-03-11T12:54:14Z</Time>
          <DistanceMeters>3531.0</DistanceMeters>
          <HeartRateBpm>
            <Value>140</Value>
          </HeartRateBpm>
          <SensorState>Absent</SensorState>
        </Trackpoint>
        <Trackpoint>
          <Time>2026-03-11T12:54:16Z</Time>
          <DistanceMeters>3531.0</DistanceMeters>
          <HeartRateBpm>
            <Value>139</Value>
          </HeartRateBpm>
          <SensorState>Absent</SensorState>
        </Trackpoint>
        <Trackpoint>
          <Time>2026-03-11T12:54:21Z</Time>
          <DistanceMeters>3531.0</DistanceMeters>
          <HeartRateBpm>
            <Value>138</Value>
          </HeartRateBpm>
          <SensorState>Absent</SensorState>
        </Trackpoint>
        <Trackpoint>
          <Time>2026-03-11T12:54:22Z</Time>
          <DistanceMeters>3531.0</DistanceMeters>
          <HeartRateBpm>
            <Value>137</Value>
          </HeartRateBpm>
          <SensorState>Absent</SensorState>
        </Trackpoint>
        <Trackpoint>
          <Time>2026-03-11T12:54:24Z</Time>
          <DistanceMeters>3531.0</DistanceMeters>
          <HeartRateBpm>
            <Value>137</Value>
          </HeartRateBpm>
          <SensorState>Absent</SensorState>
        </Trackpoint>
        <Trackpoint>
          <Time>2026-03-11T12:54:24Z</Time>
          <DistanceMeters>3531.0</DistanceMeters>
          <HeartRateBpm>
            <Value>136</Value>
          </HeartRateBpm>
          <SensorState>Absent</SensorState>
        </Trackpoint>
        <Trackpoint>
          <Time>2026-03-11T12:54:27Z</Time>
          <DistanceMeters>3531.0</DistanceMeters>
          <HeartRateBpm>
            <Value>135</Value>
          </HeartRateBpm>
          <SensorState>Absent</SensorState>
        </Trackpoint>
        <Trackpoint>
          <Time>2026-03-11T12:54:32Z</Time>
          <DistanceMeters>3567.0</DistanceMeters>
          <HeartRateBpm>
            <Value>135</Value>
          </HeartRateBpm>
          <SensorState>Absent</SensorState>
        </Trackpoint>
        <Trackpoint>
          <Time>2026-03-11T12:54:38Z</Time>
          <DistanceMeters>3567.0</DistanceMeters>
          <HeartRateBpm>
            <Value>134</Value>
          </HeartRateBpm>
          <SensorState>Absent</SensorState>
        </Trackpoint>
        <Trackpoint>
          <Time>2026-03-11T12:54:43Z</Time>
          <DistanceMeters>3567.0</DistanceMeters>
          <HeartRateBpm>
            <Value>134</Value>
          </HeartRateBpm>
          <SensorState>Absent</SensorState>
        </Trackpoint>
        <Trackpoint>
          <Time>2026-03-11T12:54:49Z</Time>
          <DistanceMeters>3567.0</DistanceMeters>
          <HeartRateBpm>
            <Value>134</Value>
          </HeartRateBpm>
          <SensorState>Absent</SensorState>
        </Trackpoint>
        <Trackpoint>
          <Time>2026-03-11T12:54:54Z</Time>
          <DistanceMeters>3567.0</DistanceMeters>
          <HeartRateBpm>
            <Value>134</Value>
          </HeartRateBpm>
          <SensorState>Absent</SensorState>
        </Trackpoint>
        <Trackpoint>
          <Time>2026-03-11T12:54:59Z</Time>
          <DistanceMeters>3567.0</DistanceMeters>
          <HeartRateBpm>
            <Value>133</Value>
          </HeartRateBpm>
          <SensorState>Absent</SensorState>
        </Trackpoint>
        <Trackpoint>
          <Time>2026-03-11T12:55:00Z</Time>
          <DistanceMeters>3567.0</DistanceMeters>
          <HeartRateBpm>
            <Value>136</Value>
          </HeartRateBpm>
          <SensorState>Absent</SensorState>
        </Trackpoint>
        <Trackpoint>
          <Time>2026-03-11T12:55:02Z</Time>
          <DistanceMeters>3567.0</DistanceMeters>
          <HeartRateBpm>
            <Value>132</Value>
          </HeartRateBpm>
          <SensorState>Absent</SensorState>
        </Trackpoint>
        <Trackpoint>
          <Time>2026-03-11T12:55:03Z</Time>
          <DistanceMeters>3567.0</DistanceMeters>
          <HeartRateBpm>
            <Value>131</Value>
          </HeartRateBpm>
          <SensorState>Absent</SensorState>
        </Trackpoint>
        <Trackpoint>
          <Time>2026-03-11T12:55:03Z</Time>
          <DistanceMeters>3567.0</DistanceMeters>
          <HeartRateBpm>
            <Value>131</Value>
          </HeartRateBpm>
          <SensorState>Absent</SensorState>
        </Trackpoint>
        <Trackpoint>
          <Time>2026-03-11T12:55:08Z</Time>
          <DistanceMeters>3567.0</DistanceMeters>
          <HeartRateBpm>
            <Value>132</Value>
          </HeartRateBpm>
          <SensorState>Absent</SensorState>
        </Trackpoint>
        <Trackpoint>
          <Time>2026-03-11T12:55:10Z</Time>
          <DistanceMeters>3567.0</DistanceMeters>
          <HeartRateBpm>
            <Value>134</Value>
          </HeartRateBpm>
          <SensorState>Absent</SensorState>
        </Trackpoint>
        <Trackpoint>
          <Time>2026-03-11T12:55:11Z</Time>
          <DistanceMeters>3567.0</DistanceMeters>
          <HeartRateBpm>
            <Value>137</Value>
          </HeartRateBpm>
          <SensorState>Absent</SensorState>
        </Trackpoint>
        <Trackpoint>
          <Time>2026-03-11T12:55:11Z</Time>
          <DistanceMeters>3567.0</DistanceMeters>
          <HeartRateBpm>
            <Value>137</Value>
          </HeartRateBpm>
          <SensorState>Absent</SensorState>
        </Trackpoint>
        <Trackpoint>
          <Time>2026-03-11T12:55:12Z</Time>
          <DistanceMeters>3567.0</DistanceMeters>
          <HeartRateBpm>
            <Value>139</Value>
          </HeartRateBpm>
          <SensorState>Absent</SensorState>
        </Trackpoint>
        <Trackpoint>
          <Time>2026-03-11T12:55:13Z</Time>
          <DistanceMeters>3567.0</DistanceMeters>
          <HeartRateBpm>
            <Value>141</Value>
          </HeartRateBpm>
          <SensorState>Absent</SensorState>
        </Trackpoint>
        <Trackpoint>
          <Time>2026-03-11T12:55:16Z</Time>
          <DistanceMeters>3567.0</DistanceMeters>
          <HeartRateBpm>
            <Value>140</Value>
          </HeartRateBpm>
          <SensorState>Absent</SensorState>
        </Trackpoint>
        <Trackpoint>
          <Time>2026-03-11T12:55:17Z</Time>
          <DistanceMeters>3567.0</DistanceMeters>
          <HeartRateBpm>
            <Value>139</Value>
          </HeartRateBpm>
          <SensorState>Absent</SensorState>
        </Trackpoint>
        <Trackpoint>
          <Time>2026-03-11T12:55:20Z</Time>
          <DistanceMeters>3567.0</DistanceMeters>
          <HeartRateBpm>
            <Value>138</Value>
          </HeartRateBpm>
          <SensorState>Absent</SensorState>
        </Trackpoint>
        <Trackpoint>
          <Time>2026-03-11T12:55:24Z</Time>
          <DistanceMeters>3567.0</DistanceMeters>
          <HeartRateBpm>
            <Value>137</Value>
          </HeartRateBpm>
          <SensorState>Absent</SensorState>
        </Trackpoint>
        <Trackpoint>
          <Time>2026-03-11T12:55:25Z</Time>
          <DistanceMeters>3567.0</DistanceMeters>
          <HeartRateBpm>
            <Value>138</Value>
          </HeartRateBpm>
          <SensorState>Absent</SensorState>
        </Trackpoint>
        <Trackpoint>
          <Time>2026-03-11T12:55:27Z</Time>
          <DistanceMeters>3567.0</DistanceMeters>
          <HeartRateBpm>
            <Value>139</Value>
          </HeartRateBpm>
          <SensorState>Absent</SensorState>
        </Trackpoint>
        <Trackpoint>
          <Time>2026-03-11T12:55:30Z</Time>
          <DistanceMeters>3603.0</DistanceMeters>
          <HeartRateBpm>
            <Value>138</Value>
          </HeartRateBpm>
          <SensorState>Absent</SensorState>
        </Trackpoint>
        <Trackpoint>
          <Time>2026-03-11T12:55:33Z</Time>
          <DistanceMeters>3603.0</DistanceMeters>
          <HeartRateBpm>
            <Value>137</Value>
          </HeartRateBpm>
          <SensorState>Absent</SensorState>
        </Trackpoint>
        <Trackpoint>
          <Time>2026-03-11T12:55:34Z</Time>
          <DistanceMeters>3603.0</DistanceMeters>
          <HeartRateBpm>
            <Value>138</Value>
          </HeartRateBpm>
          <SensorState>Absent</SensorState>
        </Trackpoint>
        <Trackpoint>
          <Time>2026-03-11T12:55:37Z</Time>
          <DistanceMeters>3603.0</DistanceMeters>
          <HeartRateBpm>
            <Value>137</Value>
          </HeartRateBpm>
          <SensorState>Absent</SensorState>
        </Trackpoint>
        <Trackpoint>
          <Time>2026-03-11T12:55:38Z</Time>
          <DistanceMeters>3603.0</DistanceMeters>
          <HeartRateBpm>
            <Value>131</Value>
          </HeartRateBpm>
          <SensorState>Absent</SensorState>
        </Trackpoint>
        <Trackpoint>
          <Time>2026-03-11T12:55:38Z</Time>
          <DistanceMeters>3603.0</DistanceMeters>
          <HeartRateBpm>
            <Value>131</Value>
          </HeartRateBpm>
          <SensorState>Absent</SensorState>
        </Trackpoint>
        <Trackpoint>
          <Time>2026-03-11T12:55:39Z</Time>
          <DistanceMeters>3603.0</DistanceMeters>
          <HeartRateBpm>
            <Value>129</Value>
          </HeartRateBpm>
          <SensorState>Absent</SensorState>
        </Trackpoint>
        <Trackpoint>
          <Time>2026-03-11T12:55:41Z</Time>
          <DistanceMeters>3603.0</DistanceMeters>
          <HeartRateBpm>
            <Value>126</Value>
          </HeartRateBpm>
          <SensorState>Absent</SensorState>
        </Trackpoint>
        <Trackpoint>
          <Time>2026-03-11T12:55:46Z</Time>
          <DistanceMeters>3603.0</DistanceMeters>
          <HeartRateBpm>
            <Value>126</Value>
          </HeartRateBpm>
          <SensorState>Absent</SensorState>
        </Trackpoint>
        <Trackpoint>
          <Time>2026-03-11T12:55:47Z</Time>
          <DistanceMeters>3603.0</DistanceMeters>
          <HeartRateBpm>
            <Value>127</Value>
          </HeartRateBpm>
          <SensorState>Absent</SensorState>
        </Trackpoint>
        <Trackpoint>
          <Time>2026-03-11T12:55:53Z</Time>
          <DistanceMeters>3603.0</DistanceMeters>
          <HeartRateBpm>
            <Value>127</Value>
          </HeartRateBpm>
          <SensorState>Absent</SensorState>
        </Trackpoint>
        <Trackpoint>
          <Time>2026-03-11T12:55:55Z</Time>
          <DistanceMeters>3603.0</DistanceMeters>
          <HeartRateBpm>
            <Value>129</Value>
          </HeartRateBpm>
          <SensorState>Absent</SensorState>
        </Trackpoint>
        <Trackpoint>
          <Time>2026-03-11T12:56:00Z</Time>
          <DistanceMeters>3603.0</DistanceMeters>
          <HeartRateBpm>
            <Value>140</Value>
          </HeartRateBpm>
          <SensorState>Absent</SensorState>
        </Trackpoint>
        <Trackpoint>
          <Time>2026-03-11T12:56:00Z</Time>
          <DistanceMeters>3603.0</DistanceMeters>
          <HeartRateBpm>
            <Value>130</Value>
          </HeartRateBpm>
          <SensorState>Absent</SensorState>
        </Trackpoint>
        <Trackpoint>
          <Time>2026-03-11T12:56:01Z</Time>
          <DistanceMeters>3603.0</DistanceMeters>
          <HeartRateBpm>
            <Value>131</Value>
          </HeartRateBpm>
          <SensorState>Absent</SensorState>
        </Trackpoint>
        <Trackpoint>
          <Time>2026-03-11T12:56:04Z</Time>
          <DistanceMeters>3603.0</DistanceMeters>
          <HeartRateBpm>
            <Value>130</Value>
          </HeartRateBpm>
          <SensorState>Absent</SensorState>
        </Trackpoint>
        <Trackpoint>
          <Time>2026-03-11T12:56:05Z</Time>
          <DistanceMeters>3603.0</DistanceMeters>
          <HeartRateBpm>
            <Value>129</Value>
          </HeartRateBpm>
          <SensorState>Absent</SensorState>
        </Trackpoint>
        <Trackpoint>
          <Time>2026-03-11T12:56:07Z</Time>
          <DistanceMeters>3603.0</DistanceMeters>
          <HeartRateBpm>
            <Value>128</Value>
          </HeartRateBpm>
          <SensorState>Absent</SensorState>
        </Trackpoint>
        <Trackpoint>
          <Time>2026-03-11T12:56:09Z</Time>
          <DistanceMeters>3603.0</DistanceMeters>
          <HeartRateBpm>
            <Value>129</Value>
          </HeartRateBpm>
          <SensorState>Absent</SensorState>
        </Trackpoint>
        <Trackpoint>
          <Time>2026-03-11T12:56:11Z</Time>
          <DistanceMeters>3603.0</DistanceMeters>
          <HeartRateBpm>
            <Value>132</Value>
          </HeartRateBpm>
          <SensorState>Absent</SensorState>
        </Trackpoint>
        <Trackpoint>
          <Time>2026-03-11T12:56:12Z</Time>
          <DistanceMeters>3603.0</DistanceMeters>
          <HeartRateBpm>
            <Value>134</Value>
          </HeartRateBpm>
          <SensorState>Absent</SensorState>
        </Trackpoint>
        <Trackpoint>
          <Time>2026-03-11T12:56:13Z</Time>
          <DistanceMeters>3603.0</DistanceMeters>
          <HeartRateBpm>
            <Value>136</Value>
          </HeartRateBpm>
          <SensorState>Absent</SensorState>
        </Trackpoint>
        <Trackpoint>
          <Time>2026-03-11T12:56:18Z</Time>
          <DistanceMeters>3603.0</DistanceMeters>
          <HeartRateBpm>
            <Value>139</Value>
          </HeartRateBpm>
          <SensorState>Absent</SensorState>
        </Trackpoint>
        <Trackpoint>
          <Time>2026-03-11T12:56:18Z</Time>
          <DistanceMeters>3603.0</DistanceMeters>
          <HeartRateBpm>
            <Value>139</Value>
          </HeartRateBpm>
          <SensorState>Absent</SensorState>
        </Trackpoint>
        <Trackpoint>
          <Time>2026-03-11T12:56:20Z</Time>
          <DistanceMeters>3603.0</DistanceMeters>
          <HeartRateBpm>
            <Value>140</Value>
          </HeartRateBpm>
          <SensorState>Absent</SensorState>
        </Trackpoint>
        <Trackpoint>
          <Time>2026-03-11T12:56:21Z</Time>
          <DistanceMeters>3603.0</DistanceMeters>
          <HeartRateBpm>
            <Value>139</Value>
          </HeartRateBpm>
          <SensorState>Absent</SensorState>
        </Trackpoint>
        <Trackpoint>
          <Time>2026-03-11T12:56:25Z</Time>
          <DistanceMeters>3603.0</DistanceMeters>
          <HeartRateBpm>
            <Value>140</Value>
          </HeartRateBpm>
          <SensorState>Absent</SensorState>
        </Trackpoint>
        <Trackpoint>
          <Time>2026-03-11T12:56:26Z</Time>
          <DistanceMeters>3603.0</DistanceMeters>
          <HeartRateBpm>
            <Value>142</Value>
          </HeartRateBpm>
          <SensorState>Absent</SensorState>
        </Trackpoint>
        <Trackpoint>
          <Time>2026-03-11T12:56:29Z</Time>
          <DistanceMeters>3603.0</DistanceMeters>
          <HeartRateBpm>
            <Value>143</Value>
          </HeartRateBpm>
          <SensorState>Absent</SensorState>
        </Trackpoint>
        <Trackpoint>
          <Time>2026-03-11T12:56:31Z</Time>
          <DistanceMeters>3639.0</DistanceMeters>
          <HeartRateBpm>
            <Value>144</Value>
          </HeartRateBpm>
          <SensorState>Absent</SensorState>
        </Trackpoint>
        <Trackpoint>
          <Time>2026-03-11T12:56:33Z</Time>
          <DistanceMeters>3639.0</DistanceMeters>
          <HeartRateBpm>
            <Value>143</Value>
          </HeartRateBpm>
          <SensorState>Absent</SensorState>
        </Trackpoint>
        <Trackpoint>
          <Time>2026-03-11T12:56:34Z</Time>
          <DistanceMeters>3639.0</DistanceMeters>
          <HeartRateBpm>
            <Value>142</Value>
          </HeartRateBpm>
          <SensorState>Absent</SensorState>
        </Trackpoint>
        <Trackpoint>
          <Time>2026-03-11T12:56:35Z</Time>
          <DistanceMeters>3639.0</DistanceMeters>
          <HeartRateBpm>
            <Value>145</Value>
          </HeartRateBpm>
          <SensorState>Absent</SensorState>
        </Trackpoint>
        <Trackpoint>
          <Time>2026-03-11T12:56:35Z</Time>
          <DistanceMeters>3639.0</DistanceMeters>
          <HeartRateBpm>
            <Value>145</Value>
          </HeartRateBpm>
          <SensorState>Absent</SensorState>
        </Trackpoint>
        <Trackpoint>
          <Time>2026-03-11T12:56:37Z</Time>
          <DistanceMeters>3639.0</DistanceMeters>
          <HeartRateBpm>
            <Value>147</Value>
          </HeartRateBpm>
          <SensorState>Absent</SensorState>
        </Trackpoint>
        <Trackpoint>
          <Time>2026-03-11T12:56:38Z</Time>
          <DistanceMeters>3639.0</DistanceMeters>
          <HeartRateBpm>
            <Value>149</Value>
          </HeartRateBpm>
          <SensorState>Absent</SensorState>
        </Trackpoint>
        <Trackpoint>
          <Time>2026-03-11T12:56:39Z</Time>
          <DistanceMeters>3639.0</DistanceMeters>
          <HeartRateBpm>
            <Value>151</Value>
          </HeartRateBpm>
          <SensorState>Absent</SensorState>
        </Trackpoint>
        <Trackpoint>
          <Time>2026-03-11T12:56:39Z</Time>
          <DistanceMeters>3639.0</DistanceMeters>
          <HeartRateBpm>
            <Value>151</Value>
          </HeartRateBpm>
          <SensorState>Absent</SensorState>
        </Trackpoint>
        <Trackpoint>
          <Time>2026-03-11T12:56:41Z</Time>
          <DistanceMeters>3639.0</DistanceMeters>
          <HeartRateBpm>
            <Value>150</Value>
          </HeartRateBpm>
          <SensorState>Absent</SensorState>
        </Trackpoint>
        <Trackpoint>
          <Time>2026-03-11T12:56:44Z</Time>
          <DistanceMeters>3639.0</DistanceMeters>
          <HeartRateBpm>
            <Value>152</Value>
          </HeartRateBpm>
          <SensorState>Absent</SensorState>
        </Trackpoint>
        <Trackpoint>
          <Time>2026-03-11T12:56:47Z</Time>
          <DistanceMeters>3639.0</DistanceMeters>
          <HeartRateBpm>
            <Value>151</Value>
          </HeartRateBpm>
          <SensorState>Absent</SensorState>
        </Trackpoint>
        <Trackpoint>
          <Time>2026-03-11T12:56:48Z</Time>
          <DistanceMeters>3639.0</DistanceMeters>
          <HeartRateBpm>
            <Value>146</Value>
          </HeartRateBpm>
          <SensorState>Absent</SensorState>
        </Trackpoint>
        <Trackpoint>
          <Time>2026-03-11T12:56:49Z</Time>
          <DistanceMeters>3639.0</DistanceMeters>
          <HeartRateBpm>
            <Value>145</Value>
          </HeartRateBpm>
          <SensorState>Absent</SensorState>
        </Trackpoint>
        <Trackpoint>
          <Time>2026-03-11T12:56:49Z</Time>
          <DistanceMeters>3639.0</DistanceMeters>
          <HeartRateBpm>
            <Value>145</Value>
          </HeartRateBpm>
          <SensorState>Absent</SensorState>
        </Trackpoint>
        <Trackpoint>
          <Time>2026-03-11T12:56:51Z</Time>
          <DistanceMeters>3639.0</DistanceMeters>
          <HeartRateBpm>
            <Value>147</Value>
          </HeartRateBpm>
          <SensorState>Absent</SensorState>
        </Trackpoint>
        <Trackpoint>
          <Time>2026-03-11T12:56:52Z</Time>
          <DistanceMeters>3639.0</DistanceMeters>
          <HeartRateBpm>
            <Value>151</Value>
          </HeartRateBpm>
          <SensorState>Absent</SensorState>
        </Trackpoint>
        <Trackpoint>
          <Time>2026-03-11T12:56:52Z</Time>
          <DistanceMeters>3639.0</DistanceMeters>
          <HeartRateBpm>
            <Value>151</Value>
          </HeartRateBpm>
          <SensorState>Absent</SensorState>
        </Trackpoint>
        <Trackpoint>
          <Time>2026-03-11T12:56:53Z</Time>
          <DistanceMeters>3639.0</DistanceMeters>
          <HeartRateBpm>
            <Value>152</Value>
          </HeartRateBpm>
          <SensorState>Absent</SensorState>
        </Trackpoint>
        <Trackpoint>
          <Time>2026-03-11T12:56:56Z</Time>
          <DistanceMeters>3639.0</DistanceMeters>
          <HeartRateBpm>
            <Value>151</Value>
          </HeartRateBpm>
          <SensorState>Absent</SensorState>
        </Trackpoint>
        <Trackpoint>
          <Time>2026-03-11T12:56:59Z</Time>
          <DistanceMeters>3639.0</DistanceMeters>
          <HeartRateBpm>
            <Value>143</Value>
          </HeartRateBpm>
          <SensorState>Absent</SensorState>
        </Trackpoint>
        <Trackpoint>
          <Time>2026-03-11T12:56:59Z</Time>
          <DistanceMeters>3639.0</DistanceMeters>
          <HeartRateBpm>
            <Value>143</Value>
          </HeartRateBpm>
          <SensorState>Absent</SensorState>
        </Trackpoint>
        <Trackpoint>
          <Time>2026-03-11T12:57:00Z</Time>
          <DistanceMeters>3639.0</DistanceMeters>
          <HeartRateBpm>
            <Value>126</Value>
          </HeartRateBpm>
          <SensorState>Absent</SensorState>
        </Trackpoint>
        <Trackpoint>
          <Time>2026-03-11T12:57:01Z</Time>
          <DistanceMeters>3639.0</DistanceMeters>
          <HeartRateBpm>
            <Value>138</Value>
          </HeartRateBpm>
          <SensorState>Absent</SensorState>
        </Trackpoint>
        <Trackpoint>
          <Time>2026-03-11T12:57:02Z</Time>
          <DistanceMeters>3639.0</DistanceMeters>
          <HeartRateBpm>
            <Value>133</Value>
          </HeartRateBpm>
          <SensorState>Absent</SensorState>
        </Trackpoint>
        <Trackpoint>
          <Time>2026-03-11T12:57:02Z</Time>
          <DistanceMeters>3639.0</DistanceMeters>
          <HeartRateBpm>
            <Value>133</Value>
          </HeartRateBpm>
          <SensorState>Absent</SensorState>
        </Trackpoint>
        <Trackpoint>
          <Time>2026-03-11T12:57:03Z</Time>
          <DistanceMeters>3639.0</DistanceMeters>
          <HeartRateBpm>
            <Value>124</Value>
          </HeartRateBpm>
          <SensorState>Absent</SensorState>
        </Trackpoint>
        <Trackpoint>
          <Time>2026-03-11T12:57:03Z</Time>
          <DistanceMeters>3639.0</DistanceMeters>
          <HeartRateBpm>
            <Value>124</Value>
          </HeartRateBpm>
          <SensorState>Absent</SensorState>
        </Trackpoint>
        <Trackpoint>
          <Time>2026-03-11T12:57:05Z</Time>
          <DistanceMeters>3639.0</DistanceMeters>
          <HeartRateBpm>
            <Value>122</Value>
          </HeartRateBpm>
          <SensorState>Absent</SensorState>
        </Trackpoint>
        <Trackpoint>
          <Time>2026-03-11T12:57:06Z</Time>
          <DistanceMeters>3639.0</DistanceMeters>
          <HeartRateBpm>
            <Value>123</Value>
          </HeartRateBpm>
          <SensorState>Absent</SensorState>
        </Trackpoint>
        <Trackpoint>
          <Time>2026-03-11T12:57:08Z</Time>
          <DistanceMeters>3639.0</DistanceMeters>
          <HeartRateBpm>
            <Value>124</Value>
          </HeartRateBpm>
          <SensorState>Absent</SensorState>
        </Trackpoint>
        <Trackpoint>
          <Time>2026-03-11T12:57:11Z</Time>
          <DistanceMeters>3639.0</DistanceMeters>
          <HeartRateBpm>
            <Value>123</Value>
          </HeartRateBpm>
          <SensorState>Absent</SensorState>
        </Trackpoint>
        <Trackpoint>
          <Time>2026-03-11T12:57:12Z</Time>
          <DistanceMeters>3639.0</DistanceMeters>
          <HeartRateBpm>
            <Value>121</Value>
          </HeartRateBpm>
          <SensorState>Absent</SensorState>
        </Trackpoint>
        <Trackpoint>
          <Time>2026-03-11T12:57:13Z</Time>
          <DistanceMeters>3639.0</DistanceMeters>
          <HeartRateBpm>
            <Value>120</Value>
          </HeartRateBpm>
          <SensorState>Absent</SensorState>
        </Trackpoint>
        <Trackpoint>
          <Time>2026-03-11T12:57:16Z</Time>
          <DistanceMeters>3639.0</DistanceMeters>
          <HeartRateBpm>
            <Value>118</Value>
          </HeartRateBpm>
          <SensorState>Absent</SensorState>
        </Trackpoint>
        <Trackpoint>
          <Time>2026-03-11T12:57:16Z</Time>
          <DistanceMeters>3639.0</DistanceMeters>
          <HeartRateBpm>
            <Value>118</Value>
          </HeartRateBpm>
          <SensorState>Absent</SensorState>
        </Trackpoint>
        <Trackpoint>
          <Time>2026-03-11T12:57:17Z</Time>
          <DistanceMeters>3639.0</DistanceMeters>
          <HeartRateBpm>
            <Value>117</Value>
          </HeartRateBpm>
          <SensorState>Absent</SensorState>
        </Trackpoint>
        <Trackpoint>
          <Time>2026-03-11T12:57:21Z</Time>
          <DistanceMeters>3639.0</DistanceMeters>
          <HeartRateBpm>
            <Value>118</Value>
          </HeartRateBpm>
          <SensorState>Absent</SensorState>
        </Trackpoint>
        <Trackpoint>
          <Time>2026-03-11T12:57:24Z</Time>
          <DistanceMeters>3639.0</DistanceMeters>
          <HeartRateBpm>
            <Value>117</Value>
          </HeartRateBpm>
          <SensorState>Absent</SensorState>
        </Trackpoint>
        <Trackpoint>
          <Time>2026-03-11T12:57:29Z</Time>
          <DistanceMeters>3639.0</DistanceMeters>
          <HeartRateBpm>
            <Value>116</Value>
          </HeartRateBpm>
          <SensorState>Absent</SensorState>
        </Trackpoint>
        <Trackpoint>
          <Time>2026-03-11T12:57:31Z</Time>
          <DistanceMeters>3675.0</DistanceMeters>
          <HeartRateBpm>
            <Value>118</Value>
          </HeartRateBpm>
          <SensorState>Absent</SensorState>
        </Trackpoint>
        <Trackpoint>
          <Time>2026-03-11T12:57:32Z</Time>
          <DistanceMeters>3675.0</DistanceMeters>
          <HeartRateBpm>
            <Value>120</Value>
          </HeartRateBpm>
          <SensorState>Absent</SensorState>
        </Trackpoint>
        <Trackpoint>
          <Time>2026-03-11T12:57:33Z</Time>
          <DistanceMeters>3675.0</DistanceMeters>
          <HeartRateBpm>
            <Value>121</Value>
          </HeartRateBpm>
          <SensorState>Absent</SensorState>
        </Trackpoint>
        <Trackpoint>
          <Time>2026-03-11T12:57:34Z</Time>
          <DistanceMeters>3675.0</DistanceMeters>
          <HeartRateBpm>
            <Value>122</Value>
          </HeartRateBpm>
          <SensorState>Absent</SensorState>
        </Trackpoint>
        <Trackpoint>
          <Time>2026-03-11T12:57:39Z</Time>
          <DistanceMeters>3675.0</DistanceMeters>
          <HeartRateBpm>
            <Value>122</Value>
          </HeartRateBpm>
          <SensorState>Absent</SensorState>
        </Trackpoint>
        <Trackpoint>
          <Time>2026-03-11T12:57:42Z</Time>
          <DistanceMeters>3675.0</DistanceMeters>
          <HeartRateBpm>
            <Value>121</Value>
          </HeartRateBpm>
          <SensorState>Absent</SensorState>
        </Trackpoint>
        <Trackpoint>
          <Time>2026-03-11T12:57:47Z</Time>
          <DistanceMeters>3675.0</DistanceMeters>
          <HeartRateBpm>
            <Value>121</Value>
          </HeartRateBpm>
          <SensorState>Absent</SensorState>
        </Trackpoint>
        <Trackpoint>
          <Time>2026-03-11T12:57:49Z</Time>
          <DistanceMeters>3675.0</DistanceMeters>
          <HeartRateBpm>
            <Value>122</Value>
          </HeartRateBpm>
          <SensorState>Absent</SensorState>
        </Trackpoint>
        <Trackpoint>
          <Time>2026-03-11T12:57:53Z</Time>
          <DistanceMeters>3675.0</DistanceMeters>
          <HeartRateBpm>
            <Value>122</Value>
          </HeartRateBpm>
          <SensorState>Absent</SensorState>
        </Trackpoint>
        <Trackpoint>
          <Time>2026-03-11T12:57:57Z</Time>
          <DistanceMeters>3675.0</DistanceMeters>
          <HeartRateBpm>
            <Value>123</Value>
          </HeartRateBpm>
          <SensorState>Absent</SensorState>
        </Trackpoint>
        <Trackpoint>
          <Time>2026-03-11T12:57:59Z</Time>
          <DistanceMeters>3675.0</DistanceMeters>
          <HeartRateBpm>
            <Value>121</Value>
          </HeartRateBpm>
          <SensorState>Absent</SensorState>
        </Trackpoint>
        <Trackpoint>
          <Time>2026-03-11T12:58:00Z</Time>
          <DistanceMeters>3675.0</DistanceMeters>
          <HeartRateBpm>
            <Value>131</Value>
          </HeartRateBpm>
          <SensorState>Absent</SensorState>
        </Trackpoint>
        <Trackpoint>
          <Time>2026-03-11T12:58:00Z</Time>
          <DistanceMeters>3675.0</DistanceMeters>
          <HeartRateBpm>
            <Value>122</Value>
          </HeartRateBpm>
          <SensorState>Absent</SensorState>
        </Trackpoint>
        <Trackpoint>
          <Time>2026-03-11T12:58:02Z</Time>
          <DistanceMeters>3675.0</DistanceMeters>
          <HeartRateBpm>
            <Value>124</Value>
          </HeartRateBpm>
          <SensorState>Absent</SensorState>
        </Trackpoint>
        <Trackpoint>
          <Time>2026-03-11T12:58:03Z</Time>
          <DistanceMeters>3675.0</DistanceMeters>
          <HeartRateBpm>
            <Value>124</Value>
          </HeartRateBpm>
          <SensorState>Absent</SensorState>
        </Trackpoint>
        <Trackpoint>
          <Time>2026-03-11T12:58:04Z</Time>
          <DistanceMeters>3675.0</DistanceMeters>
          <HeartRateBpm>
            <Value>123</Value>
          </HeartRateBpm>
          <SensorState>Absent</SensorState>
        </Trackpoint>
        <Trackpoint>
          <Time>2026-03-11T12:58:07Z</Time>
          <DistanceMeters>3675.0</DistanceMeters>
          <HeartRateBpm>
            <Value>124</Value>
          </HeartRateBpm>
          <SensorState>Absent</SensorState>
        </Trackpoint>
        <Trackpoint>
          <Time>2026-03-11T12:58:08Z</Time>
          <DistanceMeters>3675.0</DistanceMeters>
          <HeartRateBpm>
            <Value>123</Value>
          </HeartRateBpm>
          <SensorState>Absent</SensorState>
        </Trackpoint>
        <Trackpoint>
          <Time>2026-03-11T12:58:10Z</Time>
          <DistanceMeters>3675.0</DistanceMeters>
          <HeartRateBpm>
            <Value>122</Value>
          </HeartRateBpm>
          <SensorState>Absent</SensorState>
        </Trackpoint>
        <Trackpoint>
          <Time>2026-03-11T12:58:11Z</Time>
          <DistanceMeters>3675.0</DistanceMeters>
          <HeartRateBpm>
            <Value>120</Value>
          </HeartRateBpm>
          <SensorState>Absent</SensorState>
        </Trackpoint>
        <Trackpoint>
          <Time>2026-03-11T12:58:12Z</Time>
          <DistanceMeters>3675.0</DistanceMeters>
          <HeartRateBpm>
            <Value>115</Value>
          </HeartRateBpm>
          <SensorState>Absent</SensorState>
        </Trackpoint>
        <Trackpoint>
          <Time>2026-03-11T12:58:13Z</Time>
          <DistanceMeters>3675.0</DistanceMeters>
          <HeartRateBpm>
            <Value>115</Value>
          </HeartRateBpm>
          <SensorState>Absent</SensorState>
        </Trackpoint>
        <Trackpoint>
          <Time>2026-03-11T12:58:14Z</Time>
          <DistanceMeters>3675.0</DistanceMeters>
          <HeartRateBpm>
            <Value>114</Value>
          </HeartRateBpm>
          <SensorState>Absent</SensorState>
        </Trackpoint>
        <Trackpoint>
          <Time>2026-03-11T12:58:16Z</Time>
          <DistanceMeters>3675.0</DistanceMeters>
          <HeartRateBpm>
            <Value>118</Value>
          </HeartRateBpm>
          <SensorState>Absent</SensorState>
        </Trackpoint>
        <Trackpoint>
          <Time>2026-03-11T12:58:19Z</Time>
          <DistanceMeters>3675.0</DistanceMeters>
          <HeartRateBpm>
            <Value>120</Value>
          </HeartRateBpm>
          <SensorState>Absent</SensorState>
        </Trackpoint>
        <Trackpoint>
          <Time>2026-03-11T12:58:20Z</Time>
          <DistanceMeters>3675.0</DistanceMeters>
          <HeartRateBpm>
            <Value>123</Value>
          </HeartRateBpm>
          <SensorState>Absent</SensorState>
        </Trackpoint>
        <Trackpoint>
          <Time>2026-03-11T12:58:21Z</Time>
          <DistanceMeters>3675.0</DistanceMeters>
          <HeartRateBpm>
            <Value>126</Value>
          </HeartRateBpm>
          <SensorState>Absent</SensorState>
        </Trackpoint>
        <Trackpoint>
          <Time>2026-03-11T12:58:21Z</Time>
          <DistanceMeters>3675.0</DistanceMeters>
          <HeartRateBpm>
            <Value>123</Value>
          </HeartRateBpm>
          <SensorState>Absent</SensorState>
        </Trackpoint>
        <Trackpoint>
          <Time>2026-03-11T12:58:24Z</Time>
          <DistanceMeters>3675.0</DistanceMeters>
          <HeartRateBpm>
            <Value>127</Value>
          </HeartRateBpm>
          <SensorState>Absent</SensorState>
        </Trackpoint>
        <Trackpoint>
          <Time>2026-03-11T12:58:25Z</Time>
          <DistanceMeters>3675.0</DistanceMeters>
          <HeartRateBpm>
            <Value>133</Value>
          </HeartRateBpm>
          <SensorState>Absent</SensorState>
        </Trackpoint>
        <Trackpoint>
          <Time>2026-03-11T12:58:26Z</Time>
          <DistanceMeters>3675.0</DistanceMeters>
          <HeartRateBpm>
            <Value>133</Value>
          </HeartRateBpm>
          <SensorState>Absent</SensorState>
        </Trackpoint>
        <Trackpoint>
          <Time>2026-03-11T12:58:26Z</Time>
          <DistanceMeters>3675.0</DistanceMeters>
          <HeartRateBpm>
            <Value>137</Value>
          </HeartRateBpm>
          <SensorState>Absent</SensorState>
        </Trackpoint>
        <Trackpoint>
          <Time>2026-03-11T12:58:28Z</Time>
          <DistanceMeters>3675.0</DistanceMeters>
          <HeartRateBpm>
            <Value>139</Value>
          </HeartRateBpm>
          <SensorState>Absent</SensorState>
        </Trackpoint>
        <Trackpoint>
          <Time>2026-03-11T12:58:29Z</Time>
          <DistanceMeters>3675.0</DistanceMeters>
          <HeartRateBpm>
            <Value>139</Value>
          </HeartRateBpm>
          <SensorState>Absent</SensorState>
        </Trackpoint>
        <Trackpoint>
          <Time>2026-03-11T12:58:30Z</Time>
          <DistanceMeters>3675.0</DistanceMeters>
          <HeartRateBpm>
            <Value>138</Value>
          </HeartRateBpm>
          <SensorState>Absent</SensorState>
        </Trackpoint>
        <Trackpoint>
          <Time>2026-03-11T12:58:34Z</Time>
          <DistanceMeters>3675.0</DistanceMeters>
          <HeartRateBpm>
            <Value>141</Value>
          </HeartRateBpm>
          <SensorState>Absent</SensorState>
        </Trackpoint>
        <Trackpoint>
          <Time>2026-03-11T12:58:36Z</Time>
          <DistanceMeters>3675.0</DistanceMeters>
          <HeartRateBpm>
            <Value>142</Value>
          </HeartRateBpm>
          <SensorState>Absent</SensorState>
        </Trackpoint>
        <Trackpoint>
          <Time>2026-03-11T12:58:37Z</Time>
          <DistanceMeters>3675.0</DistanceMeters>
          <HeartRateBpm>
            <Value>144</Value>
          </HeartRateBpm>
          <SensorState>Absent</SensorState>
        </Trackpoint>
        <Trackpoint>
          <Time>2026-03-11T12:58:38Z</Time>
          <DistanceMeters>3675.0</DistanceMeters>
          <HeartRateBpm>
            <Value>150</Value>
          </HeartRateBpm>
          <SensorState>Absent</SensorState>
        </Trackpoint>
        <Trackpoint>
          <Time>2026-03-11T12:58:39Z</Time>
          <DistanceMeters>3675.0</DistanceMeters>
          <HeartRateBpm>
            <Value>150</Value>
          </HeartRateBpm>
          <SensorState>Absent</SensorState>
        </Trackpoint>
        <Trackpoint>
          <Time>2026-03-11T12:58:40Z</Time>
          <DistanceMeters>3675.0</DistanceMeters>
          <HeartRateBpm>
            <Value>149</Value>
          </HeartRateBpm>
          <SensorState>Absent</SensorState>
        </Trackpoint>
        <Trackpoint>
          <Time>2026-03-11T12:58:41Z</Time>
          <DistanceMeters>3675.0</DistanceMeters>
          <HeartRateBpm>
            <Value>148</Value>
          </HeartRateBpm>
          <SensorState>Absent</SensorState>
        </Trackpoint>
        <Trackpoint>
          <Time>2026-03-11T12:58:42Z</Time>
          <DistanceMeters>3675.0</DistanceMeters>
          <HeartRateBpm>
            <Value>152</Value>
          </HeartRateBpm>
          <SensorState>Absent</SensorState>
        </Trackpoint>
        <Trackpoint>
          <Time>2026-03-11T12:58:44Z</Time>
          <DistanceMeters>3675.0</DistanceMeters>
          <HeartRateBpm>
            <Value>150</Value>
          </HeartRateBpm>
          <SensorState>Absent</SensorState>
        </Trackpoint>
        <Trackpoint>
          <Time>2026-03-11T12:58:45Z</Time>
          <DistanceMeters>3675.0</DistanceMeters>
          <HeartRateBpm>
            <Value>149</Value>
          </HeartRateBpm>
          <SensorState>Absent</SensorState>
        </Trackpoint>
        <Trackpoint>
          <Time>2026-03-11T12:58:46Z</Time>
          <DistanceMeters>3675.0</DistanceMeters>
          <HeartRateBpm>
            <Value>148</Value>
          </HeartRateBpm>
          <SensorState>Absent</SensorState>
        </Trackpoint>
        <Trackpoint>
          <Time>2026-03-11T12:58:47Z</Time>
          <DistanceMeters>3675.0</DistanceMeters>
          <HeartRateBpm>
            <Value>146</Value>
          </HeartRateBpm>
          <SensorState>Absent</SensorState>
        </Trackpoint>
        <Trackpoint>
          <Time>2026-03-11T12:58:48Z</Time>
          <DistanceMeters>3675.0</DistanceMeters>
          <HeartRateBpm>
            <Value>145</Value>
          </HeartRateBpm>
          <SensorState>Absent</SensorState>
        </Trackpoint>
        <Trackpoint>
          <Time>2026-03-11T12:58:51Z</Time>
          <DistanceMeters>3675.0</DistanceMeters>
          <HeartRateBpm>
            <Value>141</Value>
          </HeartRateBpm>
          <SensorState>Absent</SensorState>
        </Trackpoint>
        <Trackpoint>
          <Time>2026-03-11T12:58:52Z</Time>
          <DistanceMeters>3675.0</DistanceMeters>
          <HeartRateBpm>
            <Value>141</Value>
          </HeartRateBpm>
          <SensorState>Absent</SensorState>
        </Trackpoint>
        <Trackpoint>
          <Time>2026-03-11T12:58:54Z</Time>
          <DistanceMeters>3675.0</DistanceMeters>
          <HeartRateBpm>
            <Value>142</Value>
          </HeartRateBpm>
          <SensorState>Absent</SensorState>
        </Trackpoint>
        <Trackpoint>
          <Time>2026-03-11T12:58:58Z</Time>
          <DistanceMeters>3675.0</DistanceMeters>
          <HeartRateBpm>
            <Value>143</Value>
          </HeartRateBpm>
          <SensorState>Absent</SensorState>
        </Trackpoint>
        <Trackpoint>
          <Time>2026-03-11T12:58:59Z</Time>
          <DistanceMeters>3675.0</DistanceMeters>
          <HeartRateBpm>
            <Value>145</Value>
          </HeartRateBpm>
          <SensorState>Absent</SensorState>
        </Trackpoint>
        <Trackpoint>
          <Time>2026-03-11T12:59:00Z</Time>
          <DistanceMeters>3675.0</DistanceMeters>
          <HeartRateBpm>
            <Value>141</Value>
          </HeartRateBpm>
          <SensorState>Absent</SensorState>
        </Trackpoint>
        <Trackpoint>
          <Time>2026-03-11T12:59:02Z</Time>
          <DistanceMeters>3675.0</DistanceMeters>
          <HeartRateBpm>
            <Value>144</Value>
          </HeartRateBpm>
          <SensorState>Absent</SensorState>
        </Trackpoint>
        <Trackpoint>
          <Time>2026-03-11T12:59:04Z</Time>
          <DistanceMeters>3711.0</DistanceMeters>
           <HeartRateBpm>
            <Value>144</Value>
           </HeartRateBpm>
          <SensorState>Absent</SensorState>
        </Trackpoint>
	  </Track>
      </Lap>
      </Activity>
  </Activities>

</TrainingCenterDatabase>